exchange_name,stock_code,date,time,open,high,low,close,volume
NSE,NIFTY,2025-04-01,09:15:00,23341.1,23399.5,23341.1,23396.2,21
NSE,NIFTY,2025-04-01,09:20:00,23393.3,23450.2,23393.3,23413.75,22
NSE,NIFTY,2025-04-01,09:25:00,23415.05,23466.05,23410.25,23432.65,23
NSE,NIFTY,2025-04-01,09:30:00,23431.7,23485.55,23427.85,23483.7,24
NSE,NIFTY,2025-04-01,09:35:00,23486.4,23520.9,23470.45,23517.4,25
NSE,NIFTY,2025-04-01,09:40:00,23517.35,23546.85,23502.7,23540.6,26
NSE,NIFTY,2025-04-01,09:45:00,23541.15,23563.2,23533.5,23543.55,27
NSE,NIFTY,2025-04-01,09:50:00,23545.75,23553.3,23521.0,23542.9,28
NSE,NIFTY,2025-04-01,09:55:00,23542.3,23542.7,23500.25,23507.45,29
NSE,NIFTY,2025-04-01,10:00:00,23507.0,23523.4,23492.75,23513.95,30
NSE,NIFTY,2025-04-01,10:05:00,23515.3,23516.2,23466.1,23482.9,31
NSE,NIFTY,2025-04-01,10:10:00,23483.25,23496.7,23457.6,23458.55,32
NSE,NIFTY,2025-04-01,10:15:00,23459.6,23475.7,23448.2,23456.6,33
NSE,NIFTY,2025-04-01,10:20:00,23457.85,23483.6,23457.85,23483.45,34
NSE,NIFTY,2025-04-01,10:25:00,23481.8,23483.7,23360.15,23370.7,35
NSE,NIFTY,2025-04-01,10:30:00,23370.25,23373.5,23297.7,23313.65,36
NSE,NIFTY,2025-04-01,10:35:00,23311.5,23323.4,23277.05,23300.1,37
NSE,NIFTY,2025-04-01,10:40:00,23299.75,23324.15,23287.1,23308.3,38
NSE,NIFTY,2025-04-01,10:45:00,23308.1,23324.65,23298.65,23316.4,39
NSE,NIFTY,2025-04-01,10:50:00,23316.95,23339.35,23296.65,23299.35,40
NSE,NIFTY,2025-04-01,10:55:00,23295.95,23311.9,23293.85,23298.65,41
NSE,NIFTY,2025-04-01,11:00:00,23299.05,23300.25,23237.0,23241.5,42
NSE,NIFTY,2025-04-01,11:05:00,23241.1,23255.7,23225.2,23229.55,43
NSE,NIFTY,2025-04-01,11:10:00,23229.25,23240.75,23221.35,23224.45,44
NSE,NIFTY,2025-04-01,11:15:00,23223.75,23250.45,23221.55,23230.25,45
NSE,NIFTY,2025-04-01,11:20:00,23229.65,23258.5,23229.6,23242.75,46
NSE,NIFTY,2025-04-01,11:25:00,23241.95,23258.8,23235.35,23238.55,47
NSE,NIFTY,2025-04-01,11:30:00,23238.7,23256.3,23224.25,23247.3,48
NSE,NIFTY,2025-04-01,11:35:00,23246.35,23246.75,23217.7,23222.3,49
NSE,NIFTY,2025-04-01,11:40:00,23222.4,23223.9,23198.5,23207.75,50
NSE,NIFTY,2025-04-01,11:45:00,23207.75,23216.25,23183.75,23194.3,51
NSE,NIFTY,2025-04-01,11:50:00,23193.05,23209.9,23190.3,23206.6,52
NSE,NIFTY,2025-04-01,11:55:00,23204.95,23207.2,23185.55,23192.55,53
NSE,NIFTY,2025-04-01,12:00:00,23193.0,23201.65,23183.6,23190.65,54
NSE,NIFTY,2025-04-01,12:05:00,23191.8,23198.05,23173.4,23180.55,55
NSE,NIFTY,2025-04-01,12:10:00,23180.2,23199.75,23177.2,23194.35,56
NSE,NIFTY,2025-04-01,12:15:00,23194.2,23216.25,23193.05,23212.35,57
NSE,NIFTY,2025-04-01,12:20:00,23212.55,23246.65,23211.3,23243.1,58
NSE,NIFTY,2025-04-01,12:25:00,23242.9,23243.05,23202.0,23209.25,59
NSE,NIFTY,2025-04-01,12:30:00,23209.7,23229.9,23209.6,23216.25,60
NSE,NIFTY,2025-04-01,12:35:00,23215.5,23244.65,23215.5,23236.25,61
NSE,NIFTY,2025-04-01,12:40:00,23235.65,23246.95,23222.75,23243.8,62
NSE,NIFTY,2025-04-01,12:45:00,23243.7,23252.25,23225.15,23226.95,63
NSE,NIFTY,2025-04-01,12:50:00,23227.95,23233.2,23207.55,23218.75,64
NSE,NIFTY,2025-04-01,12:55:00,23219.1,23224.5,23195.9,23195.9,65
NSE,NIFTY,2025-04-01,13:00:00,23194.95,23199.45,23189.65,23191.45,66
NSE,NIFTY,2025-04-01,13:05:00,23191.6,23191.6,23174.3,23182.4,67
NSE,NIFTY,2025-04-01,13:10:00,23182.55,23191.3,23178.05,23184.85,68
NSE,NIFTY,2025-04-01,13:15:00,23184.3,23199.55,23177.4,23194.4,69
NSE,NIFTY,2025-04-01,13:20:00,23192.2,23193.85,23160.4,23169.05,70
NSE,NIFTY,2025-04-01,13:25:00,23169.6,23173.9,23150.65,23158.6,71
NSE,NIFTY,2025-04-01,13:30:00,23158.55,23165.25,23137.65,23137.65,72
NSE,NIFTY,2025-04-01,13:35:00,23138.1,23167.15,23136.4,23165.95,73
NSE,NIFTY,2025-04-01,13:40:00,23166.4,23171.9,23155.7,23167.05,74
NSE,NIFTY,2025-04-01,13:45:00,23166.55,23180.5,23165.45,23169.9,75
NSE,NIFTY,2025-04-01,13:50:00,23169.7,23172.1,23150.75,23167.9,76
NSE,NIFTY,2025-04-01,13:55:00,23166.6,23178.35,23161.25,23172.85,77
NSE,NIFTY,2025-04-01,14:00:00,23172.75,23176.3,23154.0,23156.55,78
NSE,NIFTY,2025-04-01,14:05:00,23156.05,23186.8,23150.45,23180.05,79
NSE,NIFTY,2025-04-01,14:10:00,23180.25,23180.7,23151.45,23153.15,80
NSE,NIFTY,2025-04-01,14:15:00,23155.2,23164.2,23150.3,23156.7,81
NSE,NIFTY,2025-04-01,14:20:00,23155.9,23159.0,23140.05,23144.95,82
NSE,NIFTY,2025-04-01,14:25:00,23144.2,23158.7,23137.45,23155.35,83
NSE,NIFTY,2025-04-01,14:30:00,23155.1,23156.85,23145.8,23150.95,84
NSE,NIFTY,2025-04-01,14:35:00,23151.15,23171.25,23150.15,23153.75,85
NSE,NIFTY,2025-04-01,14:40:00,23153.55,23162.45,23143.65,23161.35,86
NSE,NIFTY,2025-04-01,14:45:00,23162.05,23162.9,23147.4,23161.5,87
NSE,NIFTY,2025-04-01,14:50:00,23160.95,23168.9,23151.65,23167.9,88
NSE,NIFTY,2025-04-01,14:55:00,23166.85,23174.1,23152.4,23155.4,89
NSE,NIFTY,2025-04-01,15:00:00,23155.45,23170.4,23154.2,23170.1,90
NSE,NIFTY,2025-04-01,15:05:00,23170.25,23172.5,23154.75,23158.65,91
NSE,NIFTY,2025-04-01,15:10:00,23158.8,23180.35,23158.8,23173.85,92
NSE,NIFTY,2025-04-01,15:15:00,23175.45,23177.85,23169.9,23175.45,93
NSE,NIFTY,2025-04-01,15:20:00,23175.25,23175.7,23161.0,23166.3,94
NSE,NIFTY,2025-04-01,15:25:00,23166.9,23169.3,23151.8,23159.9,95
NSE,NIFTY,2025-04-01,15:30:00,23161.15,23182.3,23160.0,23179.85,96
NSE,NIFTY,2025-04-02,09:15:00,23192.6,23240.1,23190.7,23196.7,124
NSE,NIFTY,2025-04-02,09:20:00,23194.85,23224.75,23191.35,23191.85,125
NSE,NIFTY,2025-04-02,09:25:00,23189.55,23202.05,23160.4,23192.6,126
NSE,NIFTY,2025-04-02,09:30:00,23189.75,23256.9,23185.65,23256.9,127
NSE,NIFTY,2025-04-02,09:35:00,23256.05,23291.7,23249.75,23289.75,128
NSE,NIFTY,2025-04-02,09:40:00,23289.35,23292.9,23250.2,23270.3,129
NSE,NIFTY,2025-04-02,09:45:00,23271.3,23280.65,23222.15,23222.15,130
NSE,NIFTY,2025-04-02,09:50:00,23222.3,23223.4,23194.45,23202.9,131
NSE,NIFTY,2025-04-02,09:55:00,23204.2,23208.1,23183.25,23206.4,132
NSE,NIFTY,2025-04-02,10:00:00,23206.25,23250.55,23203.6,23237.0,133
NSE,NIFTY,2025-04-02,10:05:00,23235.15,23246.45,23223.15,23235.35,134
NSE,NIFTY,2025-04-02,10:10:00,23235.4,23243.7,23216.45,23243.35,135
NSE,NIFTY,2025-04-02,10:15:00,23243.85,23248.25,23234.25,23234.4,136
NSE,NIFTY,2025-04-02,10:20:00,23234.85,23255.35,23224.6,23249.55,137
NSE,NIFTY,2025-04-02,10:25:00,23250.2,23258.65,23230.95,23246.95,138
NSE,NIFTY,2025-04-02,10:30:00,23247.45,23269.1,23246.1,23266.1,139
NSE,NIFTY,2025-04-02,10:35:00,23265.1,23270.5,23252.05,23267.0,140
NSE,NIFTY,2025-04-02,10:40:00,23265.5,23271.85,23251.0,23270.65,141
NSE,NIFTY,2025-04-02,10:45:00,23270.5,23285.1,23262.4,23271.25,142
NSE,NIFTY,2025-04-02,10:50:00,23270.65,23285.8,23269.75,23282.7,143
NSE,NIFTY,2025-04-02,10:55:00,23282.9,23302.0,23279.35,23295.45,144
NSE,NIFTY,2025-04-02,11:00:00,23295.8,23302.5,23279.55,23301.45,145
NSE,NIFTY,2025-04-02,11:05:00,23302.3,23311.85,23286.55,23294.95,146
NSE,NIFTY,2025-04-02,11:10:00,23294.25,23294.7,23278.8,23294.0,147
NSE,NIFTY,2025-04-02,11:15:00,23294.15,23297.7,23287.2,23291.45,148
NSE,NIFTY,2025-04-02,11:20:00,23292.05,23292.6,23260.5,23274.8,149
NSE,NIFTY,2025-04-02,11:25:00,23274.95,23287.75,23270.5,23280.2,150
NSE,NIFTY,2025-04-02,11:30:00,23280.75,23280.95,23260.75,23262.15,151
NSE,NIFTY,2025-04-02,11:35:00,23262.35,23281.55,23261.2,23279.8,152
NSE,NIFTY,2025-04-02,11:40:00,23280.45,23295.3,23279.45,23284.15,153
NSE,NIFTY,2025-04-02,11:45:00,23284.95,23285.1,23246.15,23258.95,154
NSE,NIFTY,2025-04-02,11:50:00,23258.45,23285.95,23255.0,23281.0,155
NSE,NIFTY,2025-04-02,11:55:00,23280.05,23283.5,23260.2,23260.2,156
NSE,NIFTY,2025-04-02,12:00:00,23260.5,23271.1,23255.25,23261.8,157
NSE,NIFTY,2025-04-02,12:05:00,23261.1,23263.15,23247.5,23261.25,158
NSE,NIFTY,2025-04-02,12:10:00,23261.45,23282.95,23261.4,23274.65,159
NSE,NIFTY,2025-04-02,12:15:00,23273.5,23285.85,23269.0,23282.9,160
NSE,NIFTY,2025-04-02,12:20:00,23282.8,23292.5,23282.2,23289.55,161
NSE,NIFTY,2025-04-02,12:25:00,23290.1,23291.15,23283.5,23285.75,162
NSE,NIFTY,2025-04-02,12:30:00,23285.5,23300.0,23276.6,23279.0,163
NSE,NIFTY,2025-04-02,12:35:00,23279.4,23294.95,23278.9,23285.95,164
NSE,NIFTY,2025-04-02,12:40:00,23286.05,23286.65,23269.5,23279.35,165
NSE,NIFTY,2025-04-02,12:45:00,23279.15,23293.15,23277.35,23292.9,166
NSE,NIFTY,2025-04-02,12:50:00,23292.8,23296.9,23273.85,23274.2,167
NSE,NIFTY,2025-04-02,12:55:00,23274.7,23275.05,23247.8,23248.6,168
NSE,NIFTY,2025-04-02,13:00:00,23247.55,23252.95,23238.95,23251.55,169
NSE,NIFTY,2025-04-02,13:05:00,23250.75,23276.35,23248.0,23275.4,170
NSE,NIFTY,2025-04-02,13:10:00,23274.9,23288.7,23272.45,23286.65,171
NSE,NIFTY,2025-04-02,13:15:00,23286.95,23292.7,23282.95,23288.1,172
NSE,NIFTY,2025-04-02,13:20:00,23287.85,23296.2,23286.25,23294.65,173
NSE,NIFTY,2025-04-02,13:25:00,23296.55,23300.05,23287.2,23291.55,174
NSE,NIFTY,2025-04-02,13:30:00,23290.85,23302.9,23290.65,23301.85,175
NSE,NIFTY,2025-04-02,13:35:00,23302.05,23303.0,23293.9,23300.1,176
NSE,NIFTY,2025-04-02,13:40:00,23300.8,23307.0,23282.5,23282.6,177
NSE,NIFTY,2025-04-02,13:45:00,23282.7,23288.2,23273.25,23275.95,178
NSE,NIFTY,2025-04-02,13:50:00,23276.2,23281.9,23259.8,23262.6,179
NSE,NIFTY,2025-04-02,13:55:00,23262.05,23272.9,23254.75,23258.85,180
NSE,NIFTY,2025-04-02,14:00:00,23260.75,23290.15,23259.25,23286.6,181
NSE,NIFTY,2025-04-02,14:05:00,23286.75,23294.1,23283.2,23283.2,182
NSE,NIFTY,2025-04-02,14:10:00,23284.15,23298.9,23282.75,23291.6,183
NSE,NIFTY,2025-04-02,14:15:00,23291.55,23292.15,23273.0,23276.9,184
NSE,NIFTY,2025-04-02,14:20:00,23277.45,23296.35,23276.9,23288.65,185
NSE,NIFTY,2025-04-02,14:25:00,23289.2,23295.3,23285.2,23294.5,186
NSE,NIFTY,2025-04-02,14:30:00,23294.5,23303.55,23294.5,23302.35,187
NSE,NIFTY,2025-04-02,14:35:00,23303.55,23305.9,23296.45,23300.9,188
NSE,NIFTY,2025-04-02,14:40:00,23303.2,23312.25,23298.95,23301.1,189
NSE,NIFTY,2025-04-02,14:45:00,23301.0,23314.1,23298.05,23307.85,190
NSE,NIFTY,2025-04-02,14:50:00,23307.45,23309.95,23295.75,23300.95,191
NSE,NIFTY,2025-04-02,14:55:00,23299.85,23304.55,23286.05,23286.75,192
NSE,NIFTY,2025-04-02,15:00:00,23289.35,23311.85,23285.25,23309.6,193
NSE,NIFTY,2025-04-02,15:05:00,23310.25,23349.85,23309.55,23342.9,194
NSE,NIFTY,2025-04-02,15:10:00,23343.7,23344.05,23328.9,23334.9,195
NSE,NIFTY,2025-04-02,15:15:00,23335.85,23341.55,23335.25,23338.35,196
NSE,NIFTY,2025-04-02,15:20:00,23338.15,23338.35,23325.55,23328.05,197
NSE,NIFTY,2025-04-02,15:25:00,23328.0,23334.75,23324.6,23334.5,198
NSE,NIFTY,2025-04-02,15:30:00,23334.95,23342.0,23325.5,23330.9,199
NSE,NIFTY,2025-04-03,09:15:00,23150.3,23208.35,23150.3,23208.35,227
NSE,NIFTY,2025-04-03,09:20:00,23202.75,23226.1,23185.05,23219.75,228
NSE,NIFTY,2025-04-03,09:25:00,23219.55,23254.5,23216.65,23241.9,229
NSE,NIFTY,2025-04-03,09:30:00,23241.7,23263.0,23240.6,23256.85,230
NSE,NIFTY,2025-04-03,09:35:00,23258.0,23280.65,23213.4,23273.4,231
NSE,NIFTY,2025-04-03,09:40:00,23273.65,23278.15,23239.55,23252.4,232
NSE,NIFTY,2025-04-03,09:45:00,23252.85,23265.5,23226.55,23226.9,233
NSE,NIFTY,2025-04-03,09:50:00,23227.3,23242.85,23214.9,23227.3,234
NSE,NIFTY,2025-04-03,09:55:00,23227.5,23248.45,23227.5,23241.0,235
NSE,NIFTY,2025-04-03,10:00:00,23242.05,23252.3,23229.55,23239.25,236
NSE,NIFTY,2025-04-03,10:05:00,23237.1,23254.75,23223.75,23253.1,237
NSE,NIFTY,2025-04-03,10:10:00,23253.35,23272.45,23246.5,23265.5,238
NSE,NIFTY,2025-04-03,10:15:00,23264.5,23281.85,23262.6,23275.25,239
NSE,NIFTY,2025-04-03,10:20:00,23272.5,23273.4,23253.4,23270.8,240
NSE,NIFTY,2025-04-03,10:25:00,23271.55,23304.55,23264.9,23301.2,241
NSE,NIFTY,2025-04-03,10:30:00,23300.95,23306.25,23290.55,23291.85,242
NSE,NIFTY,2025-04-03,10:35:00,23293.15,23300.95,23281.25,23286.35,243
NSE,NIFTY,2025-04-03,10:40:00,23287.25,23293.75,23281.35,23292.85,244
NSE,NIFTY,2025-04-03,10:45:00,23293.7,23299.6,23279.45,23286.05,245
NSE,NIFTY,2025-04-03,10:50:00,23286.05,23287.4,23270.15,23275.6,246
NSE,NIFTY,2025-04-03,10:55:00,23274.95,23282.75,23270.0,23279.1,247
NSE,NIFTY,2025-04-03,11:00:00,23278.85,23292.75,23277.35,23290.25,248
NSE,NIFTY,2025-04-03,11:05:00,23289.75,23291.7,23265.05,23265.5,249
NSE,NIFTY,2025-04-03,11:10:00,23266.2,23278.15,23260.1,23275.7,250
NSE,NIFTY,2025-04-03,11:15:00,23276.4,23284.2,23270.4,23270.8,251
NSE,NIFTY,2025-04-03,11:20:00,23270.9,23271.1,23254.05,23255.9,252
NSE,NIFTY,2025-04-03,11:25:00,23255.7,23271.7,23248.9,23268.8,253
NSE,NIFTY,2025-04-03,11:30:00,23268.75,23275.7,23264.4,23270.15,254
NSE,NIFTY,2025-04-03,11:35:00,23271.65,23272.9,23265.3,23271.6,255
NSE,NIFTY,2025-04-03,11:40:00,23271.45,23279.55,23269.5,23276.3,256
NSE,NIFTY,2025-04-03,11:45:00,23276.45,23285.4,23272.2,23283.55,257
NSE,NIFTY,2025-04-03,11:50:00,23283.05,23286.7,23280.25,23283.55,258
NSE,NIFTY,2025-04-03,11:55:00,23282.6,23293.9,23280.85,23291.95,259
NSE,NIFTY,2025-04-03,12:00:00,23292.4,23294.75,23286.95,23291.55,260
NSE,NIFTY,2025-04-03,12:05:00,23291.45,23292.35,23283.1,23287.55,261
NSE,NIFTY,2025-04-03,12:10:00,23286.6,23289.35,23281.25,23283.15,262
NSE,NIFTY,2025-04-03,12:15:00,23282.85,23286.35,23272.1,23273.75,263
NSE,NIFTY,2025-04-03,12:20:00,23273.75,23279.8,23271.45,23275.65,264
NSE,NIFTY,2025-04-03,12:25:00,23276.0,23278.2,23267.25,23270.55,265
NSE,NIFTY,2025-04-03,12:30:00,23268.7,23270.0,23256.3,23266.8,266
NSE,NIFTY,2025-04-03,12:35:00,23266.55,23270.35,23260.55,23266.75,267
NSE,NIFTY,2025-04-03,12:40:00,23266.45,23275.35,23265.7,23271.1,268
NSE,NIFTY,2025-04-03,12:45:00,23272.9,23274.95,23255.65,23256.25,269
NSE,NIFTY,2025-04-03,12:50:00,23256.6,23260.8,23250.6,23257.8,270
NSE,NIFTY,2025-04-03,12:55:00,23257.6,23263.15,23255.9,23260.4,271
NSE,NIFTY,2025-04-03,13:00:00,23261.65,23272.85,23261.3,23269.05,272
NSE,NIFTY,2025-04-03,13:05:00,23269.5,23270.2,23259.0,23263.25,273
NSE,NIFTY,2025-04-03,13:10:00,23262.9,23270.6,23259.7,23261.05,274
NSE,NIFTY,2025-04-03,13:15:00,23260.95,23263.7,23254.05,23259.25,275
NSE,NIFTY,2025-04-03,13:20:00,23259.1,23266.95,23256.8,23258.7,276
NSE,NIFTY,2025-04-03,13:25:00,23259.5,23260.8,23254.95,23255.2,277
NSE,NIFTY,2025-04-03,13:30:00,23255.2,23270.35,23255.2,23264.7,278
NSE,NIFTY,2025-04-03,13:35:00,23266.4,23278.1,23265.3,23275.1,279
NSE,NIFTY,2025-04-03,13:40:00,23276.25,23278.4,23271.1,23273.45,280
NSE,NIFTY,2025-04-03,13:45:00,23275.4,23275.95,23262.15,23264.25,281
NSE,NIFTY,2025-04-03,13:50:00,23264.9,23274.85,23263.05,23273.0,282
NSE,NIFTY,2025-04-03,13:55:00,23273.0,23274.15,23262.6,23266.3,283
NSE,NIFTY,2025-04-03,14:00:00,23265.3,23267.25,23257.7,23259.15,284
NSE,NIFTY,2025-04-03,14:05:00,23260.0,23272.8,23258.55,23263.05,285
NSE,NIFTY,2025-04-03,14:10:00,23263.95,23270.8,23257.6,23260.35,286
NSE,NIFTY,2025-04-03,14:15:00,23258.25,23265.75,23253.95,23258.9,287
NSE,NIFTY,2025-04-03,14:20:00,23257.9,23269.55,23253.55,23263.75,288
NSE,NIFTY,2025-04-03,14:25:00,23264.75,23271.55,23261.0,23265.55,289
NSE,NIFTY,2025-04-03,14:30:00,23265.55,23265.55,23253.85,23259.25,290
NSE,NIFTY,2025-04-03,14:35:00,23259.35,23263.4,23244.45,23250.0,291
NSE,NIFTY,2025-04-03,14:40:00,23249.0,23257.85,23247.25,23247.45,292
NSE,NIFTY,2025-04-03,14:45:00,23248.75,23256.7,23245.9,23252.9,293
NSE,NIFTY,2025-04-03,14:50:00,23252.45,23258.55,23243.0,23252.6,294
NSE,NIFTY,2025-04-03,14:55:00,23253.6,23257.35,23244.85,23252.5,295
NSE,NIFTY,2025-04-03,15:00:00,23253.95,23259.5,23247.0,23255.25,296
NSE,NIFTY,2025-04-03,15:05:00,23255.6,23258.85,23240.8,23252.3,297
NSE,NIFTY,2025-04-03,15:10:00,23253.15,23259.4,23246.55,23246.55,298
NSE,NIFTY,2025-04-03,15:15:00,23246.95,23256.9,23246.95,23252.25,299
NSE,NIFTY,2025-04-03,15:20:00,23252.65,23252.85,23241.05,23241.7,300
NSE,NIFTY,2025-04-03,15:25:00,23240.65,23255.5,23240.4,23252.65,301
NSE,NIFTY,2025-04-03,15:30:00,23251.5,23255.75,23236.4,23242.0,302
NSE,NIFTY,2025-04-04,09:15:00,23190.4,23210.5,23139.4,23139.4,330
NSE,NIFTY,2025-04-04,09:20:00,23138.45,23139.25,23079.25,23081.25,331
NSE,NIFTY,2025-04-04,09:25:00,23080.0,23080.2,23029.8,23042.05,332
NSE,NIFTY,2025-04-04,09:30:00,23039.45,23080.0,23037.0,23066.1,333
NSE,NIFTY,2025-04-04,09:35:00,23066.75,23123.3,23048.25,23107.5,334
NSE,NIFTY,2025-04-04,09:40:00,23107.65,23136.95,23097.8,23103.7,335
NSE,NIFTY,2025-04-04,09:45:00,23103.55,23116.35,23054.05,23056.4,336
NSE,NIFTY,2025-04-04,09:50:00,23053.9,23074.25,23031.95,23033.75,337
NSE,NIFTY,2025-04-04,09:55:00,23033.0,23035.85,22983.4,22998.2,338
NSE,NIFTY,2025-04-04,10:00:00,22998.1,23009.8,22990.9,23000.25,339
NSE,NIFTY,2025-04-04,10:05:00,22999.65,23001.3,22962.5,22975.8,340
NSE,NIFTY,2025-04-04,10:10:00,22976.1,22987.15,22964.5,22964.55,341
NSE,NIFTY,2025-04-04,10:15:00,22965.35,22979.35,22936.25,22945.15,342
NSE,NIFTY,2025-04-04,10:20:00,22945.55,22979.9,22945.55,22964.25,343
NSE,NIFTY,2025-04-04,10:25:00,22964.45,22964.8,22921.95,22932.25,344
NSE,NIFTY,2025-04-04,10:30:00,22932.4,22942.75,22928.4,22942.75,345
NSE,NIFTY,2025-04-04,10:35:00,22942.95,22953.3,22924.35,22941.2,346
NSE,NIFTY,2025-04-04,10:40:00,22940.1,22965.95,22937.15,22963.5,347
NSE,NIFTY,2025-04-04,10:45:00,22962.8,22976.65,22955.35,22961.85,348
NSE,NIFTY,2025-04-04,10:50:00,22962.45,22974.4,22949.4,22967.7,349
NSE,NIFTY,2025-04-04,10:55:00,22967.55,22981.15,22961.15,22973.75,350
NSE,NIFTY,2025-04-04,11:00:00,22974.45,23003.6,22962.5,22998.2,351
NSE,NIFTY,2025-04-04,11:05:00,22995.45,23012.15,22992.85,22997.65,352
NSE,NIFTY,2025-04-04,11:10:00,22997.55,23029.9,22982.3,23024.85,353
NSE,NIFTY,2025-04-04,11:15:00,23024.95,23028.7,23004.5,23007.3,354
NSE,NIFTY,2025-04-04,11:20:00,23006.65,23009.95,22984.45,22996.25,355
NSE,NIFTY,2025-04-04,11:25:00,22996.25,23008.5,22969.9,22978.75,356
NSE,NIFTY,2025-04-04,11:30:00,22979.1,23007.95,22979.1,23004.25,357
NSE,NIFTY,2025-04-04,11:35:00,23004.0,23026.2,22998.35,22999.3,358
NSE,NIFTY,2025-04-04,11:40:00,22998.2,22998.25,22961.75,22970.7,359
NSE,NIFTY,2025-04-04,11:45:00,22973.15,22978.05,22963.55,22970.05,360
NSE,NIFTY,2025-04-04,11:50:00,22969.45,22975.65,22958.8,22966.2,361
NSE,NIFTY,2025-04-04,11:55:00,22965.85,22967.65,22951.7,22958.2,362
NSE,NIFTY,2025-04-04,12:00:00,22958.35,22979.1,22952.8,22967.2,363
NSE,NIFTY,2025-04-04,12:05:00,22966.3,22966.3,22955.6,22958.5,364
NSE,NIFTY,2025-04-04,12:10:00,22958.3,22974.9,22944.75,22961.9,365
NSE,NIFTY,2025-04-04,12:15:00,22961.75,22972.25,22960.1,22965.65,366
NSE,NIFTY,2025-04-04,12:20:00,22965.95,22983.45,22963.9,22979.9,367
NSE,NIFTY,2025-04-04,12:25:00,22979.7,22990.35,22970.45,22989.7,368
NSE,NIFTY,2025-04-04,12:30:00,22990.0,22991.6,22972.1,22978.75,369
NSE,NIFTY,2025-04-04,12:35:00,22978.3,22979.35,22959.0,22960.6,370
NSE,NIFTY,2025-04-04,12:40:00,22961.25,22961.6,22944.4,22959.65,371
NSE,NIFTY,2025-04-04,12:45:00,22960.35,22966.95,22954.8,22960.4,372
NSE,NIFTY,2025-04-04,12:50:00,22960.65,22963.85,22947.45,22952.75,373
NSE,NIFTY,2025-04-04,12:55:00,22953.3,22955.4,22942.7,22950.4,374
NSE,NIFTY,2025-04-04,13:00:00,22949.4,22968.3,22944.3,22962.85,375
NSE,NIFTY,2025-04-04,13:05:00,22963.45,22973.4,22951.95,22956.6,376
NSE,NIFTY,2025-04-04,13:10:00,22958.05,22974.05,22954.0,22970.3,377
NSE,NIFTY,2025-04-04,13:15:00,22970.75,22972.0,22936.55,22938.45,378
NSE,NIFTY,2025-04-04,13:20:00,22937.5,22959.35,22934.8,22958.1,379
NSE,NIFTY,2025-04-04,13:25:00,22958.45,22966.75,22942.75,22950.55,380
NSE,NIFTY,2025-04-04,13:30:00,22953.15,22957.7,22939.05,22955.85,381
NSE,NIFTY,2025-04-04,13:35:00,22957.55,22957.55,22939.7,22949.4,382
NSE,NIFTY,2025-04-04,13:40:00,22949.6,22950.5,22919.45,22936.5,383
NSE,NIFTY,2025-04-04,13:45:00,22935.5,22938.6,22895.7,22896.85,384
NSE,NIFTY,2025-04-04,13:50:00,22897.5,22900.05,22875.15,22894.25,385
NSE,NIFTY,2025-04-04,13:55:00,22893.75,22911.4,22893.15,22901.1,386
NSE,NIFTY,2025-04-04,14:00:00,22902.35,22908.5,22889.8,22892.4,387
NSE,NIFTY,2025-04-04,14:05:00,22893.85,22903.4,22881.2,22885.25,388
NSE,NIFTY,2025-04-04,14:10:00,22885.95,22905.0,22883.1,22894.7,389
NSE,NIFTY,2025-04-04,14:15:00,22894.55,22913.8,22893.8,22910.65,390
NSE,NIFTY,2025-04-04,14:20:00,22910.15,22918.8,22904.7,22913.2,391
NSE,NIFTY,2025-04-04,14:25:00,22913.85,22917.35,22894.65,22902.35,392
NSE,NIFTY,2025-04-04,14:30:00,22903.3,22903.3,22886.1,22892.15,393
NSE,NIFTY,2025-04-04,14:35:00,22892.1,22900.95,22883.95,22888.55,394
NSE,NIFTY,2025-04-04,14:40:00,22888.5,22892.45,22876.45,22885.7,395
NSE,NIFTY,2025-04-04,14:45:00,22885.35,22886.5,22868.45,22876.45,396
NSE,NIFTY,2025-04-04,14:50:00,22877.05,22886.9,22871.15,22880.05,397
NSE,NIFTY,2025-04-04,14:55:00,22879.45,22881.05,22866.3,22866.3,398
NSE,NIFTY,2025-04-04,15:00:00,22867.35,22878.95,22858.15,22878.95,399
NSE,NIFTY,2025-04-04,15:05:00,22877.55,22905.6,22874.2,22903.95,400
NSE,NIFTY,2025-04-04,15:10:00,22902.8,22921.55,22901.5,22910.25,401
NSE,NIFTY,2025-04-04,15:15:00,22910.05,22919.6,22902.1,22903.85,402
NSE,NIFTY,2025-04-04,15:20:00,22902.45,22907.5,22896.45,22903.1,403
NSE,NIFTY,2025-04-04,15:25:00,22904.95,22909.55,22898.2,22902.45,404
NSE,NIFTY,2025-04-04,15:30:00,22902.4,22920.6,22899.45,22915.05,405
NSE,NIFTY,2025-04-07,09:15:00,21758.4,21940.0,21758.4,21931.2,433
NSE,NIFTY,2025-04-07,09:20:00,21957.7,22097.5,21874.05,21879.0,434
NSE,NIFTY,2025-04-07,09:25:00,21883.05,22080.3,21867.35,22022.5,435
NSE,NIFTY,2025-04-07,09:30:00,22025.35,22077.7,22011.45,22063.8,436
NSE,NIFTY,2025-04-07,09:35:00,22063.75,22188.4,22053.9,22126.1,437
NSE,NIFTY,2025-04-07,09:40:00,22126.0,22128.75,22012.55,22049.6,438
NSE,NIFTY,2025-04-07,09:45:00,22045.35,22045.35,21977.05,22003.55,439
NSE,NIFTY,2025-04-07,09:50:00,22003.25,22037.05,21959.75,22028.0,440
NSE,NIFTY,2025-04-07,09:55:00,22025.9,22050.65,21996.4,22020.35,441
NSE,NIFTY,2025-04-07,10:00:00,22015.15,22030.75,21960.3,21985.25,442
NSE,NIFTY,2025-04-07,10:05:00,21985.65,22011.05,21967.6,21986.0,443
NSE,NIFTY,2025-04-07,10:10:00,21981.1,21991.9,21956.05,21982.95,444
NSE,NIFTY,2025-04-07,10:15:00,21984.9,21989.5,21911.05,21914.2,445
NSE,NIFTY,2025-04-07,10:20:00,21913.7,21954.85,21898.3,21949.85,446
NSE,NIFTY,2025-04-07,10:25:00,21946.4,21960.85,21923.35,21934.75,447
NSE,NIFTY,2025-04-07,10:30:00,21934.95,22008.9,21931.4,21983.6,448
NSE,NIFTY,2025-04-07,10:35:00,21984.1,21987.4,21940.8,21941.6,449
NSE,NIFTY,2025-04-07,10:40:00,21941.45,21969.2,21935.75,21958.3,450
NSE,NIFTY,2025-04-07,10:45:00,21958.85,22021.65,21958.85,22011.5,451
NSE,NIFTY,2025-04-07,10:50:00,22010.35,22068.8,21976.4,22065.2,452
NSE,NIFTY,2025-04-07,10:55:00,22064.45,22082.7,22014.6,22024.1,453
NSE,NIFTY,2025-04-07,11:00:00,22026.3,22032.1,21980.25,21991.55,454
NSE,NIFTY,2025-04-07,11:05:00,21988.1,22015.9,21983.15,21988.7,455
NSE,NIFTY,2025-04-07,11:10:00,21988.0,22015.7,21984.8,22008.5,456
NSE,NIFTY,2025-04-07,11:15:00,22008.5,22012.45,21978.2,21979.3,457
NSE,NIFTY,2025-04-07,11:20:00,21979.3,22006.0,21966.25,21979.85,458
NSE,NIFTY,2025-04-07,11:25:00,21980.0,21984.55,21949.3,21954.05,459
NSE,NIFTY,2025-04-07,11:30:00,21953.65,22020.05,21952.15,22018.45,460
NSE,NIFTY,2025-04-07,11:35:00,22015.7,22054.7,22004.2,22042.45,461
NSE,NIFTY,2025-04-07,11:40:00,22042.45,22069.5,22021.2,22022.05,462
NSE,NIFTY,2025-04-07,11:45:00,22022.45,22024.15,21987.05,21998.75,463
NSE,NIFTY,2025-04-07,11:50:00,21998.6,22004.85,21977.55,21991.95,464
NSE,NIFTY,2025-04-07,11:55:00,21991.85,21998.15,21979.8,21983.25,465
NSE,NIFTY,2025-04-07,12:00:00,21983.3,21984.1,21948.85,21961.3,466
NSE,NIFTY,2025-04-07,12:05:00,21961.8,21967.4,21936.45,21944.8,467
NSE,NIFTY,2025-04-07,12:10:00,21944.7,21944.7,21911.4,21927.9,468
NSE,NIFTY,2025-04-07,12:15:00,21928.2,21935.0,21879.9,21887.6,469
NSE,NIFTY,2025-04-07,12:20:00,21889.05,21896.95,21856.0,21859.9,470
NSE,NIFTY,2025-04-07,12:25:00,21860.7,21883.75,21839.4,21846.2,471
NSE,NIFTY,2025-04-07,12:30:00,21845.9,21879.7,21843.45,21856.7,472
NSE,NIFTY,2025-04-07,12:35:00,21855.75,21863.2,21796.9,21824.2,473
NSE,NIFTY,2025-04-07,12:40:00,21826.65,21872.55,21824.25,21862.9,474
NSE,NIFTY,2025-04-07,12:45:00,21863.9,21920.15,21857.0,21920.15,475
NSE,NIFTY,2025-04-07,12:50:00,21920.8,21943.25,21911.3,21911.4,476
NSE,NIFTY,2025-04-07,12:55:00,21911.9,21912.3,21879.1,21884.9,477
NSE,NIFTY,2025-04-07,13:00:00,21884.65,21894.85,21858.95,21862.55,478
NSE,NIFTY,2025-04-07,13:05:00,21862.7,21879.25,21844.75,21864.55,479
NSE,NIFTY,2025-04-07,13:10:00,21864.7,21886.85,21841.85,21872.4,480
NSE,NIFTY,2025-04-07,13:15:00,21871.0,21873.45,21841.65,21849.2,481
NSE,NIFTY,2025-04-07,13:20:00,21851.3,21851.65,21821.2,21821.2,482
NSE,NIFTY,2025-04-07,13:25:00,21822.45,21883.35,21814.35,21881.75,483
NSE,NIFTY,2025-04-07,13:30:00,21881.9,21918.85,21872.95,21901.35,484
NSE,NIFTY,2025-04-07,13:35:00,21901.3,21954.85,21885.2,21952.05,485
NSE,NIFTY,2025-04-07,13:40:00,21958.15,21963.95,21934.95,21963.45,486
NSE,NIFTY,2025-04-07,13:45:00,21963.9,21991.2,21939.35,21984.85,487
NSE,NIFTY,2025-04-07,13:50:00,21985.5,22037.8,21968.8,21977.85,488
NSE,NIFTY,2025-04-07,13:55:00,21977.3,21994.05,21967.3,21979.25,489
NSE,NIFTY,2025-04-07,14:00:00,21983.8,21999.5,21965.25,21984.35,490
NSE,NIFTY,2025-04-07,14:05:00,21985.05,22017.4,21964.85,22014.85,491
NSE,NIFTY,2025-04-07,14:10:00,22014.45,22033.3,22010.85,22018.35,492
NSE,NIFTY,2025-04-07,14:15:00,22015.55,22017.0,21981.5,22009.15,493
NSE,NIFTY,2025-04-07,14:20:00,22008.05,22018.05,21973.4,22007.6,494
NSE,NIFTY,2025-04-07,14:25:00,22009.6,22036.55,21991.7,22024.25,495
NSE,NIFTY,2025-04-07,14:30:00,22024.35,22032.8,22009.7,22019.15,496
NSE,NIFTY,2025-04-07,14:35:00,22019.25,22080.85,22006.7,22039.0,497
NSE,NIFTY,2025-04-07,14:40:00,22039.3,22048.65,22008.7,22011.15,498
NSE,NIFTY,2025-04-07,14:45:00,22010.35,22021.65,21996.5,22010.0,499
NSE,NIFTY,2025-04-07,14:50:00,22009.2,22026.4,22003.1,22020.25,500
NSE,NIFTY,2025-04-07,14:55:00,22021.0,22034.75,22008.1,22025.55,501
NSE,NIFTY,2025-04-07,15:00:00,22024.9,22070.95,22023.95,22046.6,502
NSE,NIFTY,2025-04-07,15:05:00,22045.8,22125.6,22045.1,22096.3,503
NSE,NIFTY,2025-04-07,15:10:00,22097.15,22188.5,22095.45,22177.05,504
NSE,NIFTY,2025-04-07,15:15:00,22176.35,22210.4,22142.8,22165.3,505
NSE,NIFTY,2025-04-07,15:20:00,22163.4,22175.45,22134.65,22157.25,506
NSE,NIFTY,2025-04-07,15:25:00,22157.45,22253.2,22156.15,22239.05,507
NSE,NIFTY,2025-04-07,15:30:00,22238.0,22244.5,22221.65,22242.3,508
NSE,NIFTY,2025-04-08,09:15:00,22446.75,22573.1,22446.75,22539.65,536
NSE,NIFTY,2025-04-08,09:20:00,22541.95,22555.75,22504.6,22533.2,537
NSE,NIFTY,2025-04-08,09:25:00,22529.75,22555.25,22495.0,22520.8,538
NSE,NIFTY,2025-04-08,09:30:00,22520.45,22550.0,22511.6,22545.75,539
NSE,NIFTY,2025-04-08,09:35:00,22545.45,22548.4,22499.35,22500.65,540
NSE,NIFTY,2025-04-08,09:40:00,22499.95,22521.5,22463.05,22480.4,541
NSE,NIFTY,2025-04-08,09:45:00,22478.9,22511.8,22454.0,22511.5,542
NSE,NIFTY,2025-04-08,09:50:00,22511.65,22521.4,22466.3,22474.0,543
NSE,NIFTY,2025-04-08,09:55:00,22472.95,22474.1,22434.9,22440.75,544
NSE,NIFTY,2025-04-08,10:00:00,22440.85,22445.0,22393.7,22417.85,545
NSE,NIFTY,2025-04-08,10:05:00,22417.2,22419.0,22383.8,22392.6,546
NSE,NIFTY,2025-04-08,10:10:00,22393.15,22409.6,22378.5,22393.0,547
NSE,NIFTY,2025-04-08,10:15:00,22393.05,22432.4,22382.35,22394.7,548
NSE,NIFTY,2025-04-08,10:20:00,22394.2,22398.75,22370.05,22379.0,549
NSE,NIFTY,2025-04-08,10:25:00,22378.95,22411.4,22378.95,22397.75,550
NSE,NIFTY,2025-04-08,10:30:00,22398.15,22429.35,22394.5,22425.6,551
NSE,NIFTY,2025-04-08,10:35:00,22426.0,22432.6,22340.05,22342.55,552
NSE,NIFTY,2025-04-08,10:40:00,22337.7,22342.0,22286.95,22292.35,553
NSE,NIFTY,2025-04-08,10:45:00,22295.5,22318.25,22275.85,22295.35,554
NSE,NIFTY,2025-04-08,10:50:00,22295.8,22308.05,22272.9,22301.7,555
NSE,NIFTY,2025-04-08,10:55:00,22302.0,22411.05,22294.45,22404.9,556
NSE,NIFTY,2025-04-08,11:00:00,22405.15,22411.75,22352.3,22376.5,557
NSE,NIFTY,2025-04-08,11:05:00,22379.3,22420.85,22374.85,22389.15,558
NSE,NIFTY,2025-04-08,11:10:00,22390.85,22489.95,22389.85,22484.3,559
NSE,NIFTY,2025-04-08,11:15:00,22483.5,22483.85,22435.65,22445.9,560
NSE,NIFTY,2025-04-08,11:20:00,22446.3,22455.2,22368.4,22387.4,561
NSE,NIFTY,2025-04-08,11:25:00,22391.25,22403.75,22365.75,22382.65,562
NSE,NIFTY,2025-04-08,11:30:00,22382.25,22390.45,22323.15,22352.9,563
NSE,NIFTY,2025-04-08,11:35:00,22352.35,22356.65,22319.4,22344.3,564
NSE,NIFTY,2025-04-08,11:40:00,22345.0,22405.05,22344.15,22377.25,565
NSE,NIFTY,2025-04-08,11:45:00,22376.7,22391.85,22351.15,22369.45,566
NSE,NIFTY,2025-04-08,11:50:00,22370.35,22434.5,22369.3,22418.15,567
NSE,NIFTY,2025-04-08,11:55:00,22412.3,22435.6,22380.8,22435.6,568
NSE,NIFTY,2025-04-08,12:00:00,22435.8,22437.3,22402.25,22430.8,569
NSE,NIFTY,2025-04-08,12:05:00,22430.7,22464.9,22418.85,22448.9,570
NSE,NIFTY,2025-04-08,12:10:00,22448.15,22536.95,22447.55,22524.8,571
NSE,NIFTY,2025-04-08,12:15:00,22523.1,22558.05,22516.05,22535.25,572
NSE,NIFTY,2025-04-08,12:20:00,22535.2,22537.05,22506.05,22517.6,573
NSE,NIFTY,2025-04-08,12:25:00,22516.7,22555.4,22516.7,22549.25,574
NSE,NIFTY,2025-04-08,12:30:00,22549.05,22585.15,22548.0,22566.95,575
NSE,NIFTY,2025-04-08,12:35:00,22566.85,22654.0,22566.85,22635.75,576
NSE,NIFTY,2025-04-08,12:40:00,22636.75,22665.4,22608.2,22611.95,577
NSE,NIFTY,2025-04-08,12:45:00,22612.5,22648.25,22601.6,22643.8,578
NSE,NIFTY,2025-04-08,12:50:00,22644.25,22644.9,22618.8,22635.95,579
NSE,NIFTY,2025-04-08,12:55:00,22634.0,22658.1,22634.0,22637.8,580
NSE,NIFTY,2025-04-08,13:00:00,22638.65,22670.95,22637.55,22653.55,581
NSE,NIFTY,2025-04-08,13:05:00,22654.5,22656.85,22613.25,22643.0,582
NSE,NIFTY,2025-04-08,13:10:00,22642.55,22643.3,22609.75,22639.7,583
NSE,NIFTY,2025-04-08,13:15:00,22642.8,22671.15,22636.45,22658.05,584
NSE,NIFTY,2025-04-08,13:20:00,22658.75,22671.9,22644.3,22664.15,585
NSE,NIFTY,2025-04-08,13:25:00,22663.2,22664.25,22624.55,22661.45,586
NSE,NIFTY,2025-04-08,13:30:00,22661.1,22696.65,22658.45,22687.25,587
NSE,NIFTY,2025-04-08,13:35:00,22687.95,22691.85,22653.05,22653.05,588
NSE,NIFTY,2025-04-08,13:40:00,22643.55,22653.85,22528.7,22558.75,589
NSE,NIFTY,2025-04-08,13:45:00,22561.7,22627.5,22555.6,22596.5,590
NSE,NIFTY,2025-04-08,13:50:00,22594.3,22599.25,22530.3,22540.75,591
NSE,NIFTY,2025-04-08,13:55:00,22540.7,22550.9,22461.75,22497.45,592
NSE,NIFTY,2025-04-08,14:00:00,22498.05,22559.35,22486.1,22551.65,593
NSE,NIFTY,2025-04-08,14:05:00,22554.85,22606.25,22514.2,22515.9,594
NSE,NIFTY,2025-04-08,14:10:00,22522.0,22582.3,22512.95,22569.55,595
NSE,NIFTY,2025-04-08,14:15:00,22568.3,22610.95,22566.85,22605.45,596
NSE,NIFTY,2025-04-08,14:20:00,22605.95,22642.8,22600.7,22620.45,597
NSE,NIFTY,2025-04-08,14:25:00,22620.8,22655.65,22620.8,22646.75,598
NSE,NIFTY,2025-04-08,14:30:00,22647.25,22664.9,22620.15,22650.0,599
NSE,NIFTY,2025-04-08,14:35:00,22650.3,22652.05,22574.3,22583.4,600
NSE,NIFTY,2025-04-08,14:40:00,22584.05,22593.9,22556.35,22570.05,601
NSE,NIFTY,2025-04-08,14:45:00,22569.0,22583.05,22554.7,22570.15,602
NSE,NIFTY,2025-04-08,14:50:00,22570.6,22602.75,22544.6,22555.15,603
NSE,NIFTY,2025-04-08,14:55:00,22555.5,22586.7,22530.8,22567.5,604
NSE,NIFTY,2025-04-08,15:00:00,22568.2,22584.65,22553.15,22556.0,605
NSE,NIFTY,2025-04-08,15:05:00,22556.75,22570.55,22523.85,22529.7,606
NSE,NIFTY,2025-04-08,15:10:00,22530.0,22544.75,22517.15,22535.35,607
NSE,NIFTY,2025-04-08,15:15:00,22534.35,22546.65,22525.4,22526.0,608
NSE,NIFTY,2025-04-08,15:20:00,22526.3,22531.05,22517.95,22527.45,609
NSE,NIFTY,2025-04-08,15:25:00,22527.75,22542.65,22524.85,22540.5,610
NSE,NIFTY,2025-04-08,15:30:00,22540.45,22555.75,22536.15,22547.6,611
NSE,NIFTY,2025-04-09,09:15:00,22460.3,22460.3,22362.5,22392.15,639
NSE,NIFTY,2025-04-09,09:20:00,22388.85,22456.15,22385.25,22406.3,640
NSE,NIFTY,2025-04-09,09:25:00,22414.95,22458.9,22411.05,22434.1,641
NSE,NIFTY,2025-04-09,09:30:00,22435.45,22438.4,22368.7,22372.25,642
NSE,NIFTY,2025-04-09,09:35:00,22372.6,22420.15,22362.1,22406.5,643
NSE,NIFTY,2025-04-09,09:40:00,22400.2,22416.05,22371.05,22380.9,644
NSE,NIFTY,2025-04-09,09:45:00,22381.7,22468.3,22373.85,22463.6,645
NSE,NIFTY,2025-04-09,09:50:00,22463.2,22466.75,22391.9,22396.7,646
NSE,NIFTY,2025-04-09,09:55:00,22396.95,22439.7,22391.35,22406.9,647
NSE,NIFTY,2025-04-09,10:00:00,22408.35,22420.1,22381.75,22395.55,648
NSE,NIFTY,2025-04-09,10:05:00,22395.65,22430.65,22381.3,22410.25,649
NSE,NIFTY,2025-04-09,10:10:00,22410.4,22455.45,22405.1,22405.1,650
NSE,NIFTY,2025-04-09,10:15:00,22404.8,22408.55,22357.05,22374.55,651
NSE,NIFTY,2025-04-09,10:20:00,22373.85,22424.9,22366.2,22414.45,652
NSE,NIFTY,2025-04-09,10:25:00,22415.1,22419.7,22403.5,22406.65,653
NSE,NIFTY,2025-04-09,10:30:00,22407.55,22423.0,22396.4,22398.6,654
NSE,NIFTY,2025-04-09,10:35:00,22398.7,22402.05,22377.5,22380.05,655
NSE,NIFTY,2025-04-09,10:40:00,22379.35,22387.9,22368.75,22380.8,656
NSE,NIFTY,2025-04-09,10:45:00,22381.1,22398.25,22375.05,22389.2,657
NSE,NIFTY,2025-04-09,10:50:00,22390.0,22406.3,22384.1,22398.9,658
NSE,NIFTY,2025-04-09,10:55:00,22398.9,22410.2,22392.9,22393.4,659
NSE,NIFTY,2025-04-09,11:00:00,22393.7,22405.0,22387.45,22388.1,660
NSE,NIFTY,2025-04-09,11:05:00,22389.15,22389.3,22365.75,22367.6,661
NSE,NIFTY,2025-04-09,11:10:00,22368.75,22371.0,22353.5,22362.05,662
NSE,NIFTY,2025-04-09,11:15:00,22362.65,22374.8,22357.7,22370.5,663
NSE,NIFTY,2025-04-09,11:20:00,22370.7,22390.35,22368.7,22386.15,664
NSE,NIFTY,2025-04-09,11:25:00,22385.45,22407.05,22385.45,22395.15,665
NSE,NIFTY,2025-04-09,11:30:00,22395.0,22410.35,22391.65,22407.9,666
NSE,NIFTY,2025-04-09,11:35:00,22408.85,22422.6,22406.85,22415.8,667
NSE,NIFTY,2025-04-09,11:40:00,22416.8,22426.3,22409.25,22420.8,668
NSE,NIFTY,2025-04-09,11:45:00,22420.45,22435.45,22418.25,22429.6,669
NSE,NIFTY,2025-04-09,11:50:00,22429.95,22431.35,22414.3,22417.1,670
NSE,NIFTY,2025-04-09,11:55:00,22416.05,22424.3,22411.75,22419.95,671
NSE,NIFTY,2025-04-09,12:00:00,22420.85,22421.95,22410.65,22412.9,672
NSE,NIFTY,2025-04-09,12:05:00,22413.4,22424.8,22405.6,22424.75,673
NSE,NIFTY,2025-04-09,12:10:00,22424.75,22428.45,22418.0,22423.25,674
NSE,NIFTY,2025-04-09,12:15:00,22423.15,22432.15,22417.3,22430.15,675
NSE,NIFTY,2025-04-09,12:20:00,22429.8,22434.05,22422.4,22427.35,676
NSE,NIFTY,2025-04-09,12:25:00,22427.1,22427.5,22419.4,22424.05,677
NSE,NIFTY,2025-04-09,12:30:00,22425.35,22428.2,22415.15,22421.4,678
NSE,NIFTY,2025-04-09,12:35:00,22420.35,22445.3,22417.35,22441.4,679
NSE,NIFTY,2025-04-09,12:40:00,22442.75,22448.8,22427.4,22430.35,680
NSE,NIFTY,2025-04-09,12:45:00,22430.7,22440.05,22424.75,22440.05,681
NSE,NIFTY,2025-04-09,12:50:00,22439.5,22442.55,22428.7,22435.45,682
NSE,NIFTY,2025-04-09,12:55:00,22432.85,22434.1,22424.0,22430.3,683
NSE,NIFTY,2025-04-09,13:00:00,22429.85,22431.0,22416.25,22417.3,684
NSE,NIFTY,2025-04-09,13:05:00,22418.15,22422.85,22409.7,22416.35,685
NSE,NIFTY,2025-04-09,13:10:00,22416.05,22434.7,22411.55,22434.7,686
NSE,NIFTY,2025-04-09,13:15:00,22434.25,22436.55,22420.25,22431.65,687
NSE,NIFTY,2025-04-09,13:20:00,22432.05,22432.25,22416.95,22417.6,688
NSE,NIFTY,2025-04-09,13:25:00,22418.3,22422.55,22409.75,22418.4,689
NSE,NIFTY,2025-04-09,13:30:00,22417.25,22427.9,22414.45,22418.65,690
NSE,NIFTY,2025-04-09,13:35:00,22418.65,22425.45,22402.25,22405.45,691
NSE,NIFTY,2025-04-09,13:40:00,22405.35,22406.05,22396.85,22400.3,692
NSE,NIFTY,2025-04-09,13:45:00,22400.3,22405.25,22397.35,22403.65,693
NSE,NIFTY,2025-04-09,13:50:00,22403.2,22413.25,22400.75,22408.7,694
NSE,NIFTY,2025-04-09,13:55:00,22408.45,22408.45,22397.7,22402.0,695
NSE,NIFTY,2025-04-09,14:00:00,22402.3,22406.0,22396.55,22400.1,696
NSE,NIFTY,2025-04-09,14:05:00,22400.65,22404.25,22396.35,22403.75,697
NSE,NIFTY,2025-04-09,14:10:00,22402.85,22406.5,22399.2,22405.7,698
NSE,NIFTY,2025-04-09,14:15:00,22405.4,22407.45,22399.75,22403.8,699
NSE,NIFTY,2025-04-09,14:20:00,22403.65,22409.15,22399.65,22402.75,700
NSE,NIFTY,2025-04-09,14:25:00,22403.4,22409.0,22401.2,22405.95,701
NSE,NIFTY,2025-04-09,14:30:00,22405.2,22407.55,22401.65,22403.45,702
NSE,NIFTY,2025-04-09,14:35:00,22403.45,22404.45,22398.75,22402.3,703
NSE,NIFTY,2025-04-09,14:40:00,22402.7,22405.6,22400.55,22404.1,704
NSE,NIFTY,2025-04-09,14:45:00,22403.6,22406.7,22401.0,22406.7,705
NSE,NIFTY,2025-04-09,14:50:00,22406.6,22407.5,22399.15,22400.2,706
NSE,NIFTY,2025-04-09,14:55:00,22401.0,22403.75,22396.35,22398.2,707
NSE,NIFTY,2025-04-09,15:00:00,22397.4,22405.15,22397.4,22401.05,708
NSE,NIFTY,2025-04-09,15:05:00,22400.0,22404.55,22387.35,22399.65,709
NSE,NIFTY,2025-04-09,15:10:00,22399.1,22403.9,22394.45,22400.9,710
NSE,NIFTY,2025-04-09,15:15:00,22400.0,22405.55,22396.05,22402.3,711
NSE,NIFTY,2025-04-09,15:20:00,22401.95,22406.05,22393.8,22394.85,712
NSE,NIFTY,2025-04-09,15:25:00,22394.75,22403.9,22393.45,22401.2,713
NSE,NIFTY,2025-04-09,15:30:00,22401.7,22424.75,22399.8,22420.25,714
NSE,NIFTY,2025-04-11,09:15:00,22695.4,22761.1,22695.4,22755.25,742
NSE,NIFTY,2025-04-11,09:20:00,22753.7,22780.95,22709.95,22769.75,743
NSE,NIFTY,2025-04-11,09:25:00,22766.75,22820.5,22758.35,22815.0,744
NSE,NIFTY,2025-04-11,09:30:00,22813.1,22814.5,22758.6,22784.3,745
NSE,NIFTY,2025-04-11,09:35:00,22785.2,22800.7,22766.1,22795.85,746
NSE,NIFTY,2025-04-11,09:40:00,22793.45,22847.55,22790.3,22840.55,747
NSE,NIFTY,2025-04-11,09:45:00,22838.75,22857.65,22837.55,22854.7,748
NSE,NIFTY,2025-04-11,09:50:00,22856.4,22874.25,22835.9,22858.15,749
NSE,NIFTY,2025-04-11,09:55:00,22858.0,22865.5,22847.6,22858.2,750
NSE,NIFTY,2025-04-11,10:00:00,22859.0,22867.95,22819.95,22841.75,751
NSE,NIFTY,2025-04-11,10:05:00,22841.35,22859.7,22832.35,22841.55,752
NSE,NIFTY,2025-04-11,10:10:00,22841.75,22845.25,22811.2,22817.7,753
NSE,NIFTY,2025-04-11,10:15:00,22817.15,22843.3,22807.8,22841.5,754
NSE,NIFTY,2025-04-11,10:20:00,22841.75,22843.3,22816.45,22820.35,755
NSE,NIFTY,2025-04-11,10:25:00,22820.3,22821.7,22785.8,22803.45,756
NSE,NIFTY,2025-04-11,10:30:00,22803.55,22819.6,22792.5,22819.55,757
NSE,NIFTY,2025-04-11,10:35:00,22817.75,22836.2,22799.15,22800.7,758
NSE,NIFTY,2025-04-11,10:40:00,22801.1,22801.1,22736.05,22747.95,759
NSE,NIFTY,2025-04-11,10:45:00,22748.75,22785.65,22747.7,22785.45,760
NSE,NIFTY,2025-04-11,10:50:00,22784.8,22792.5,22760.75,22783.9,761
NSE,NIFTY,2025-04-11,10:55:00,22783.45,22794.1,22778.25,22793.8,762
NSE,NIFTY,2025-04-11,11:00:00,22793.3,22810.5,22784.1,22810.5,763
NSE,NIFTY,2025-04-11,11:05:00,22811.3,22825.5,22806.7,22816.7,764
NSE,NIFTY,2025-04-11,11:10:00,22816.05,22827.9,22813.05,22818.35,765
NSE,NIFTY,2025-04-11,11:15:00,22817.85,22845.45,22808.3,22837.1,766
NSE,NIFTY,2025-04-11,11:20:00,22836.55,22845.3,22820.3,22827.55,767
NSE,NIFTY,2025-04-11,11:25:00,22828.0,22859.85,22826.0,22857.8,768
NSE,NIFTY,2025-04-11,11:30:00,22858.1,22864.65,22842.85,22862.3,769
NSE,NIFTY,2025-04-11,11:35:00,22862.0,22872.75,22856.75,22866.65,770
NSE,NIFTY,2025-04-11,11:40:00,22867.35,22895.05,22866.05,22892.6,771
NSE,NIFTY,2025-04-11,11:45:00,22892.5,22894.65,22874.0,22875.3,772
NSE,NIFTY,2025-04-11,11:50:00,22873.95,22889.0,22867.15,22881.3,773
NSE,NIFTY,2025-04-11,11:55:00,22881.6,22882.0,22860.25,22869.6,774
NSE,NIFTY,2025-04-11,12:00:00,22869.75,22881.25,22869.2,22881.25,775
NSE,NIFTY,2025-04-11,12:05:00,22881.6,22885.15,22868.0,22879.2,776
NSE,NIFTY,2025-04-11,12:10:00,22879.35,22884.35,22872.05,22877.8,777
NSE,NIFTY,2025-04-11,12:15:00,22880.5,22910.15,22879.9,22907.6,778
NSE,NIFTY,2025-04-11,12:20:00,22909.8,22923.9,22901.55,22902.35,779
NSE,NIFTY,2025-04-11,12:25:00,22902.65,22904.05,22889.55,22903.5,780
NSE,NIFTY,2025-04-11,12:30:00,22903.6,22912.25,22892.55,22898.4,781
NSE,NIFTY,2025-04-11,12:35:00,22898.8,22904.6,22881.15,22882.0,782
NSE,NIFTY,2025-04-11,12:40:00,22883.8,22893.7,22872.75,22883.1,783
NSE,NIFTY,2025-04-11,12:45:00,22884.45,22898.65,22881.1,22897.3,784
NSE,NIFTY,2025-04-11,12:50:00,22897.7,22906.95,22896.4,22899.6,785
NSE,NIFTY,2025-04-11,12:55:00,22899.7,22904.75,22891.45,22904.25,786
NSE,NIFTY,2025-04-11,13:00:00,22904.5,22904.9,22885.4,22893.95,787
NSE,NIFTY,2025-04-11,13:05:00,22895.05,22905.65,22890.85,22901.45,788
NSE,NIFTY,2025-04-11,13:10:00,22902.0,22912.0,22900.0,22904.25,789
NSE,NIFTY,2025-04-11,13:15:00,22904.5,22916.1,22901.6,22903.95,790
NSE,NIFTY,2025-04-11,13:20:00,22904.65,22906.05,22880.25,22880.6,791
NSE,NIFTY,2025-04-11,13:25:00,22881.05,22898.05,22880.3,22896.1,792
NSE,NIFTY,2025-04-11,13:30:00,22896.95,22897.2,22853.25,22853.4,793
NSE,NIFTY,2025-04-11,13:35:00,22854.2,22859.5,22846.1,22855.65,794
NSE,NIFTY,2025-04-11,13:40:00,22856.1,22879.55,22852.55,22871.1,795
NSE,NIFTY,2025-04-11,13:45:00,22871.7,22877.6,22865.45,22873.4,796
NSE,NIFTY,2025-04-11,13:50:00,22874.15,22874.55,22842.95,22842.95,797
NSE,NIFTY,2025-04-11,13:55:00,22843.75,22854.6,22824.3,22827.7,798
NSE,NIFTY,2025-04-11,14:00:00,22829.85,22837.1,22827.8,22831.25,799
NSE,NIFTY,2025-04-11,14:05:00,22832.2,22832.2,22787.5,22792.45,800
NSE,NIFTY,2025-04-11,14:10:00,22793.05,22810.7,22776.05,22792.15,801
NSE,NIFTY,2025-04-11,14:15:00,22793.25,22793.25,22770.4,22782.1,802
NSE,NIFTY,2025-04-11,14:20:00,22783.65,22796.0,22776.15,22779.25,803
NSE,NIFTY,2025-04-11,14:25:00,22780.65,22785.7,22768.75,22780.3,804
NSE,NIFTY,2025-04-11,14:30:00,22780.7,22797.1,22762.0,22778.5,805
NSE,NIFTY,2025-04-11,14:35:00,22780.15,22799.2,22779.05,22781.9,806
NSE,NIFTY,2025-04-11,14:40:00,22781.7,22790.5,22774.3,22779.15,807
NSE,NIFTY,2025-04-11,14:45:00,22780.2,22810.35,22775.25,22810.35,808
NSE,NIFTY,2025-04-11,14:50:00,22811.3,22829.95,22806.45,22820.8,809
NSE,NIFTY,2025-04-11,14:55:00,22822.15,22825.85,22816.0,22822.75,810
NSE,NIFTY,2025-04-11,15:00:00,22823.05,22836.1,22811.9,22833.1,811
NSE,NIFTY,2025-04-11,15:05:00,22834.25,22840.15,22827.0,22827.6,812
NSE,NIFTY,2025-04-11,15:10:00,22827.45,22839.25,22821.85,22835.2,813
NSE,NIFTY,2025-04-11,15:15:00,22836.8,22838.35,22826.5,22827.4,814
NSE,NIFTY,2025-04-11,15:20:00,22825.85,22827.3,22810.95,22816.2,815
NSE,NIFTY,2025-04-11,15:25:00,22815.15,22832.95,22813.0,22832.0,816
NSE,NIFTY,2025-04-11,15:30:00,22831.7,22855.55,22830.85,22842.85,817
NSE,NIFTY,2025-04-15,09:15:00,23368.35,23368.35,23211.4,23231.95,845
NSE,NIFTY,2025-04-15,09:20:00,23233.45,23287.25,23232.15,23284.2,846
NSE,NIFTY,2025-04-15,09:25:00,23283.25,23305.55,23283.1,23297.5,847
NSE,NIFTY,2025-04-15,09:30:00,23295.55,23315.45,23280.25,23300.7,848
NSE,NIFTY,2025-04-15,09:35:00,23302.25,23303.15,23264.65,23271.6,849
NSE,NIFTY,2025-04-15,09:40:00,23272.3,23307.0,23271.8,23303.95,850
NSE,NIFTY,2025-04-15,09:45:00,23304.0,23318.55,23296.1,23303.75,851
NSE,NIFTY,2025-04-15,09:50:00,23302.65,23318.6,23298.15,23318.55,852
NSE,NIFTY,2025-04-15,09:55:00,23318.2,23330.65,23314.55,23325.2,853
NSE,NIFTY,2025-04-15,10:00:00,23327.55,23328.35,23305.65,23315.1,854
NSE,NIFTY,2025-04-15,10:05:00,23316.1,23318.75,23301.3,23306.4,855
NSE,NIFTY,2025-04-15,10:10:00,23306.1,23322.95,23301.65,23309.5,856
NSE,NIFTY,2025-04-15,10:15:00,23309.35,23317.0,23303.9,23314.95,857
NSE,NIFTY,2025-04-15,10:20:00,23314.65,23319.05,23298.2,23303.75,858
NSE,NIFTY,2025-04-15,10:25:00,23304.35,23314.15,23301.3,23313.15,859
NSE,NIFTY,2025-04-15,10:30:00,23313.95,23316.55,23309.2,23312.6,860
NSE,NIFTY,2025-04-15,10:35:00,23312.45,23313.45,23307.25,23308.6,861
NSE,NIFTY,2025-04-15,10:40:00,23308.95,23309.85,23300.95,23304.75,862
NSE,NIFTY,2025-04-15,10:45:00,23304.75,23312.75,23304.45,23309.85,863
NSE,NIFTY,2025-04-15,10:50:00,23309.65,23313.55,23305.35,23309.6,864
NSE,NIFTY,2025-04-15,10:55:00,23310.05,23315.1,23300.55,23300.65,865
NSE,NIFTY,2025-04-15,11:00:00,23300.95,23312.55,23300.45,23312.05,866
NSE,NIFTY,2025-04-15,11:05:00,23312.2,23315.7,23306.1,23312.35,867
NSE,NIFTY,2025-04-15,11:10:00,23312.35,23316.0,23306.15,23307.6,868
NSE,NIFTY,2025-04-15,11:15:00,23306.8,23308.3,23292.2,23294.6,869
NSE,NIFTY,2025-04-15,11:20:00,23295.9,23305.15,23293.95,23302.8,870
NSE,NIFTY,2025-04-15,11:25:00,23303.75,23312.05,23298.4,23311.05,871
NSE,NIFTY,2025-04-15,11:30:00,23312.6,23316.35,23309.2,23309.9,872
NSE,NIFTY,2025-04-15,11:35:00,23309.45,23311.45,23302.55,23303.1,873
NSE,NIFTY,2025-04-15,11:40:00,23303.35,23310.65,23302.2,23306.3,874
NSE,NIFTY,2025-04-15,11:45:00,23306.65,23310.55,23302.65,23306.6,875
NSE,NIFTY,2025-04-15,11:50:00,23307.4,23307.8,23295.7,23298.35,876
NSE,NIFTY,2025-04-15,11:55:00,23298.2,23307.65,23291.65,23304.45,877
NSE,NIFTY,2025-04-15,12:00:00,23304.7,23316.15,23304.25,23314.0,878
NSE,NIFTY,2025-04-15,12:05:00,23313.4,23320.0,23311.25,23318.45,879
NSE,NIFTY,2025-04-15,12:10:00,23318.15,23327.05,23312.1,23324.3,880
NSE,NIFTY,2025-04-15,12:15:00,23324.25,23335.0,23324.1,23333.95,881
NSE,NIFTY,2025-04-15,12:20:00,23332.15,23340.45,23328.25,23337.45,882
NSE,NIFTY,2025-04-15,12:25:00,23337.5,23341.5,23334.1,23337.3,883
NSE,NIFTY,2025-04-15,12:30:00,23336.95,23340.35,23332.2,23337.75,884
NSE,NIFTY,2025-04-15,12:35:00,23338.05,23350.35,23337.4,23346.55,885
NSE,NIFTY,2025-04-15,12:40:00,23346.15,23348.55,23341.75,23344.45,886
NSE,NIFTY,2025-04-15,12:45:00,23343.4,23346.5,23338.05,23339.05,887
NSE,NIFTY,2025-04-15,12:50:00,23339.1,23345.0,23338.65,23344.45,888
NSE,NIFTY,2025-04-15,12:55:00,23343.9,23346.2,23334.65,23337.15,889
NSE,NIFTY,2025-04-15,13:00:00,23336.9,23341.25,23334.2,23338.7,890
NSE,NIFTY,2025-04-15,13:05:00,23339.0,23349.7,23338.35,23346.05,891
NSE,NIFTY,2025-04-15,13:10:00,23346.7,23350.65,23339.95,23343.95,892
NSE,NIFTY,2025-04-15,13:15:00,23342.4,23345.7,23336.6,23337.3,893
NSE,NIFTY,2025-04-15,13:20:00,23337.7,23340.9,23330.7,23331.7,894
NSE,NIFTY,2025-04-15,13:25:00,23331.75,23340.25,23325.85,23332.5,895
NSE,NIFTY,2025-04-15,13:30:00,23333.2,23338.6,23331.35,23335.55,896
NSE,NIFTY,2025-04-15,13:35:00,23335.0,23337.2,23325.7,23334.65,897
NSE,NIFTY,2025-04-15,13:40:00,23336.95,23337.9,23324.95,23329.55,898
NSE,NIFTY,2025-04-15,13:45:00,23328.65,23335.5,23326.35,23331.7,899
NSE,NIFTY,2025-04-15,13:50:00,23331.35,23331.9,23322.15,23326.9,900
NSE,NIFTY,2025-04-15,13:55:00,23326.65,23331.75,23324.7,23329.25,901
NSE,NIFTY,2025-04-15,14:00:00,23328.95,23332.8,23324.75,23326.7,902
NSE,NIFTY,2025-04-15,14:05:00,23326.45,23332.95,23321.7,23325.4,903
NSE,NIFTY,2025-04-15,14:10:00,23324.3,23329.4,23319.5,23321.05,904
NSE,NIFTY,2025-04-15,14:15:00,23321.05,23329.05,23315.2,23327.35,905
NSE,NIFTY,2025-04-15,14:20:00,23327.0,23332.55,23323.55,23328.4,906
NSE,NIFTY,2025-04-15,14:25:00,23328.65,23334.0,23325.9,23333.45,907
NSE,NIFTY,2025-04-15,14:30:00,23332.6,23334.9,23313.45,23313.8,908
NSE,NIFTY,2025-04-15,14:35:00,23314.0,23320.3,23312.8,23318.35,909
NSE,NIFTY,2025-04-15,14:40:00,23318.7,23320.9,23310.4,23310.4,910
NSE,NIFTY,2025-04-15,14:45:00,23311.1,23315.05,23308.35,23311.4,911
NSE,NIFTY,2025-04-15,14:50:00,23310.95,23324.5,23310.95,23323.8,912
NSE,NIFTY,2025-04-15,14:55:00,23324.05,23328.05,23319.25,23319.45,913
NSE,NIFTY,2025-04-15,15:00:00,23319.8,23321.7,23308.35,23308.9,914
NSE,NIFTY,2025-04-15,15:05:00,23309.6,23321.2,23308.5,23319.85,915
NSE,NIFTY,2025-04-15,15:10:00,23320.05,23325.95,23315.45,23315.7,916
NSE,NIFTY,2025-04-15,15:15:00,23315.35,23323.55,23314.6,23323.55,917
NSE,NIFTY,2025-04-15,15:20:00,23322.85,23334.2,23319.75,23334.2,918
NSE,NIFTY,2025-04-15,15:25:00,23333.55,23348.05,23331.85,23348.05,919
NSE,NIFTY,2025-04-15,15:30:00,23348.15,23357.1,23337.75,23344.5,920
NSE,NIFTY,2025-04-16,09:15:00,23344.1,23347.25,23283.45,23291.35,948
NSE,NIFTY,2025-04-16,09:20:00,23290.3,23302.8,23277.9,23293.35,949
NSE,NIFTY,2025-04-16,09:25:00,23294.25,23311.85,23288.85,23305.8,950
NSE,NIFTY,2025-04-16,09:30:00,23304.65,23339.85,23301.4,23334.4,951
NSE,NIFTY,2025-04-16,09:35:00,23333.75,23340.25,23327.7,23333.9,952
NSE,NIFTY,2025-04-16,09:40:00,23333.65,23357.45,23326.65,23338.65,953
NSE,NIFTY,2025-04-16,09:45:00,23339.05,23361.4,23337.25,23360.65,954
NSE,NIFTY,2025-04-16,09:50:00,23361.05,23364.45,23343.6,23344.3,955
NSE,NIFTY,2025-04-16,09:55:00,23343.3,23361.35,23343.3,23357.0,956
NSE,NIFTY,2025-04-16,10:00:00,23356.85,23372.5,23349.1,23357.55,957
NSE,NIFTY,2025-04-16,10:05:00,23357.2,23369.65,23352.0,23368.65,958
NSE,NIFTY,2025-04-16,10:10:00,23368.55,23370.35,23355.6,23358.75,959
NSE,NIFTY,2025-04-16,10:15:00,23358.65,23360.8,23349.65,23358.0,960
NSE,NIFTY,2025-04-16,10:20:00,23355.95,23356.55,23308.75,23314.15,961
NSE,NIFTY,2025-04-16,10:25:00,23314.6,23315.25,23289.05,23291.5,962
NSE,NIFTY,2025-04-16,10:30:00,23291.0,23311.1,23291.0,23300.7,963
NSE,NIFTY,2025-04-16,10:35:00,23302.65,23313.75,23280.75,23292.0,964
NSE,NIFTY,2025-04-16,10:40:00,23292.45,23297.6,23286.3,23295.8,965
NSE,NIFTY,2025-04-16,10:45:00,23295.45,23306.55,23290.9,23301.65,966
NSE,NIFTY,2025-04-16,10:50:00,23302.45,23312.8,23301.8,23308.2,967
NSE,NIFTY,2025-04-16,10:55:00,23308.75,23314.6,23291.8,23297.05,968
NSE,NIFTY,2025-04-16,11:00:00,23297.45,23308.5,23280.95,23286.55,969
NSE,NIFTY,2025-04-16,11:05:00,23286.75,23288.6,23274.0,23282.45,970
NSE,NIFTY,2025-04-16,11:10:00,23281.05,23314.85,23276.9,23307.7,971
NSE,NIFTY,2025-04-16,11:15:00,23308.0,23321.55,23307.2,23321.55,972
NSE,NIFTY,2025-04-16,11:20:00,23321.45,23335.4,23319.15,23334.05,973
NSE,NIFTY,2025-04-16,11:25:00,23334.0,23335.65,23326.55,23334.3,974
NSE,NIFTY,2025-04-16,11:30:00,23334.45,23336.35,23320.9,23326.75,975
NSE,NIFTY,2025-04-16,11:35:00,23325.1,23332.65,23322.8,23323.55,976
NSE,NIFTY,2025-04-16,11:40:00,23322.95,23335.75,23316.0,23318.9,977
NSE,NIFTY,2025-04-16,11:45:00,23318.7,23334.85,23316.8,23334.2,978
NSE,NIFTY,2025-04-16,11:50:00,23334.25,23340.05,23331.1,23334.05,979
NSE,NIFTY,2025-04-16,11:55:00,23336.55,23338.7,23328.1,23337.95,980
NSE,NIFTY,2025-04-16,12:00:00,23338.55,23341.35,23325.0,23329.7,981
NSE,NIFTY,2025-04-16,12:05:00,23331.15,23344.45,23328.05,23338.85,982
NSE,NIFTY,2025-04-16,12:10:00,23340.4,23345.4,23332.15,23343.55,983
NSE,NIFTY,2025-04-16,12:15:00,23344.95,23349.6,23336.2,23337.1,984
NSE,NIFTY,2025-04-16,12:20:00,23337.9,23348.95,23335.9,23343.05,985
NSE,NIFTY,2025-04-16,12:25:00,23343.6,23354.25,23340.6,23352.4,986
NSE,NIFTY,2025-04-16,12:30:00,23352.55,23356.0,23345.65,23346.5,987
NSE,NIFTY,2025-04-16,12:35:00,23348.35,23353.65,23341.95,23353.05,988
NSE,NIFTY,2025-04-16,12:40:00,23353.15,23358.55,23349.0,23353.3,989
NSE,NIFTY,2025-04-16,12:45:00,23354.2,23362.05,23351.8,23354.9,990
NSE,NIFTY,2025-04-16,12:50:00,23354.9,23357.2,23348.2,23349.1,991
NSE,NIFTY,2025-04-16,12:55:00,23349.55,23354.05,23346.8,23348.4,992
NSE,NIFTY,2025-04-16,13:00:00,23348.75,23354.1,23340.65,23343.4,993
NSE,NIFTY,2025-04-16,13:05:00,23345.0,23347.35,23338.95,23339.9,994
NSE,NIFTY,2025-04-16,13:10:00,23341.45,23342.8,23334.05,23334.05,995
NSE,NIFTY,2025-04-16,13:15:00,23334.7,23358.45,23332.75,23353.5,996
NSE,NIFTY,2025-04-16,13:20:00,23354.8,23356.85,23327.85,23328.1,997
NSE,NIFTY,2025-04-16,13:25:00,23328.75,23329.35,23304.45,23306.6,998
NSE,NIFTY,2025-04-16,13:30:00,23306.1,23310.8,23291.55,23295.55,999
NSE,NIFTY,2025-04-16,13:35:00,23296.8,23300.25,23286.0,23291.9,1000
NSE,NIFTY,2025-04-16,13:40:00,23293.8,23305.35,23291.95,23301.95,1001
NSE,NIFTY,2025-04-16,13:45:00,23301.85,23308.15,23300.3,23304.0,1002
NSE,NIFTY,2025-04-16,13:50:00,23305.85,23308.05,23293.9,23303.2,1003
NSE,NIFTY,2025-04-16,13:55:00,23304.15,23324.95,23297.45,23323.6,1004
NSE,NIFTY,2025-04-16,14:00:00,23324.5,23398.5,23322.45,23398.5,1005
NSE,NIFTY,2025-04-16,14:05:00,23398.35,23420.4,23395.0,23406.45,1006
NSE,NIFTY,2025-04-16,14:10:00,23406.65,23406.65,23391.55,23400.9,1007
NSE,NIFTY,2025-04-16,14:15:00,23402.2,23430.5,23401.1,23426.55,1008
NSE,NIFTY,2025-04-16,14:20:00,23427.8,23427.95,23415.7,23422.15,1009
NSE,NIFTY,2025-04-16,14:25:00,23422.8,23425.4,23405.1,23410.7,1010
NSE,NIFTY,2025-04-16,14:30:00,23411.65,23419.65,23405.85,23413.5,1011
NSE,NIFTY,2025-04-16,14:35:00,23412.6,23415.45,23397.4,23399.2,1012
NSE,NIFTY,2025-04-16,14:40:00,23402.0,23413.25,23395.7,23410.0,1013
NSE,NIFTY,2025-04-16,14:45:00,23411.7,23419.2,23408.5,23413.05,1014
NSE,NIFTY,2025-04-16,14:50:00,23414.5,23423.0,23408.7,23422.3,1015
NSE,NIFTY,2025-04-16,14:55:00,23422.4,23432.2,23421.2,23422.3,1016
NSE,NIFTY,2025-04-16,15:00:00,23422.05,23435.1,23420.7,23430.55,1017
NSE,NIFTY,2025-04-16,15:05:00,23429.8,23439.15,23425.25,23437.5,1018
NSE,NIFTY,2025-04-16,15:10:00,23437.4,23438.15,23432.6,23434.9,1019
NSE,NIFTY,2025-04-16,15:15:00,23435.15,23435.55,23420.85,23423.7,1020
NSE,NIFTY,2025-04-16,15:20:00,23422.9,23441.2,23421.8,23438.65,1021
NSE,NIFTY,2025-04-16,15:25:00,23439.2,23450.95,23437.85,23446.9,1022
NSE,NIFTY,2025-04-16,15:30:00,23447.2,23452.05,23427.5,23433.15,1023
NSE,NIFTY,2025-04-17,09:15:00,23401.85,23401.85,23357.55,23371.75,1049
NSE,NIFTY,2025-04-17,09:20:00,23367.9,23387.05,23350.85,23354.45,1050
NSE,NIFTY,2025-04-17,09:25:00,23353.25,23361.7,23308.65,23326.15,1051
NSE,NIFTY,2025-04-17,09:30:00,23326.7,23331.7,23299.15,23304.9,1052
NSE,NIFTY,2025-04-17,09:35:00,23307.8,23334.05,23306.0,23323.2,1053
NSE,NIFTY,2025-04-17,09:40:00,23323.3,23348.9,23319.6,23348.9,1054
NSE,NIFTY,2025-04-17,09:45:00,23349.35,23414.55,23349.35,23412.5,1055
NSE,NIFTY,2025-04-17,09:50:00,23413.45,23431.35,23410.8,23426.1,1056
NSE,NIFTY,2025-04-17,09:55:00,23425.9,23434.55,23407.6,23407.6,1057
NSE,NIFTY,2025-04-17,10:00:00,23408.2,23427.3,23405.15,23412.75,1058
NSE,NIFTY,2025-04-17,10:05:00,23413.8,23417.35,23390.15,23400.8,1059
NSE,NIFTY,2025-04-17,10:10:00,23401.15,23405.6,23341.05,23349.0,1060
NSE,NIFTY,2025-04-17,10:15:00,23349.8,23358.15,23342.65,23353.65,1061
NSE,NIFTY,2025-04-17,10:20:00,23354.55,23377.2,23347.7,23355.6,1062
NSE,NIFTY,2025-04-17,10:25:00,23352.35,23396.55,23342.3,23396.5,1063
NSE,NIFTY,2025-04-17,10:30:00,23396.2,23406.05,23391.65,23396.45,1064
NSE,NIFTY,2025-04-17,10:35:00,23397.2,23412.25,23392.15,23404.95,1065
NSE,NIFTY,2025-04-17,10:40:00,23404.6,23409.6,23396.45,23408.45,1066
NSE,NIFTY,2025-04-17,10:45:00,23409.25,23430.65,23408.0,23430.65,1067
NSE,NIFTY,2025-04-17,10:50:00,23431.1,23441.1,23428.7,23436.4,1068
NSE,NIFTY,2025-04-17,10:55:00,23437.15,23444.85,23417.25,23418.75,1069
NSE,NIFTY,2025-04-17,11:00:00,23418.45,23422.25,23401.6,23412.4,1070
NSE,NIFTY,2025-04-17,11:05:00,23411.95,23413.85,23369.15,23381.65,1071
NSE,NIFTY,2025-04-17,11:10:00,23382.9,23433.05,23380.15,23431.75,1072
NSE,NIFTY,2025-04-17,11:15:00,23432.7,23445.4,23422.75,23440.7,1073
NSE,NIFTY,2025-04-17,11:20:00,23440.5,23484.4,23439.35,23481.05,1074
NSE,NIFTY,2025-04-17,11:25:00,23480.75,23484.5,23471.25,23480.85,1075
NSE,NIFTY,2025-04-17,11:30:00,23479.9,23520.5,23479.25,23519.65,1076
NSE,NIFTY,2025-04-17,11:35:00,23520.0,23549.25,23515.85,23541.35,1077
NSE,NIFTY,2025-04-17,11:40:00,23541.2,23573.8,23540.0,23552.65,1078
NSE,NIFTY,2025-04-17,11:45:00,23552.7,23614.9,23551.55,23586.9,1079
NSE,NIFTY,2025-04-17,11:50:00,23585.8,23603.0,23581.55,23598.1,1080
NSE,NIFTY,2025-04-17,11:55:00,23598.05,23634.35,23569.45,23571.7,1081
NSE,NIFTY,2025-04-17,12:00:00,23570.35,23603.65,23567.4,23601.95,1082
NSE,NIFTY,2025-04-17,12:05:00,23601.8,23606.4,23576.3,23598.25,1083
NSE,NIFTY,2025-04-17,12:10:00,23598.25,23625.1,23596.45,23618.15,1084
NSE,NIFTY,2025-04-17,12:15:00,23617.4,23646.75,23617.4,23623.95,1085
NSE,NIFTY,2025-04-17,12:20:00,23623.0,23658.0,23623.0,23641.05,1086
NSE,NIFTY,2025-04-17,12:25:00,23642.15,23655.6,23626.65,23645.05,1087
NSE,NIFTY,2025-04-17,12:30:00,23646.15,23682.35,23645.0,23678.45,1088
NSE,NIFTY,2025-04-17,12:35:00,23678.05,23715.5,23676.6,23704.8,1089
NSE,NIFTY,2025-04-17,12:40:00,23702.45,23703.5,23672.35,23688.6,1090
NSE,NIFTY,2025-04-17,12:45:00,23688.5,23715.3,23687.0,23708.35,1091
NSE,NIFTY,2025-04-17,12:50:00,23707.2,23741.6,23703.3,23736.75,1092
NSE,NIFTY,2025-04-17,12:55:00,23735.6,23745.85,23731.6,23737.6,1093
NSE,NIFTY,2025-04-17,13:00:00,23738.3,23746.85,23719.75,23745.05,1094
NSE,NIFTY,2025-04-17,13:05:00,23743.6,23746.15,23723.95,23739.6,1095
NSE,NIFTY,2025-04-17,13:10:00,23741.25,23770.85,23739.95,23767.65,1096
NSE,NIFTY,2025-04-17,13:15:00,23766.45,23788.9,23762.05,23786.7,1097
NSE,NIFTY,2025-04-17,13:20:00,23787.35,23797.4,23780.6,23788.25,1098
NSE,NIFTY,2025-04-17,13:25:00,23786.55,23789.9,23761.7,23783.0,1099
NSE,NIFTY,2025-04-17,13:30:00,23782.4,23792.1,23770.0,23773.15,1100
NSE,NIFTY,2025-04-17,13:35:00,23773.35,23789.6,23773.0,23786.15,1101
NSE,NIFTY,2025-04-17,13:40:00,23784.0,23807.95,23784.0,23802.35,1102
NSE,NIFTY,2025-04-17,13:45:00,23802.35,23820.65,23800.05,23817.3,1103
NSE,NIFTY,2025-04-17,13:50:00,23815.55,23841.0,23813.9,23834.7,1104
NSE,NIFTY,2025-04-17,13:55:00,23835.35,23848.8,23832.05,23837.4,1105
NSE,NIFTY,2025-04-17,14:00:00,23838.05,23852.5,23834.55,23852.5,1106
NSE,NIFTY,2025-04-17,14:05:00,23850.4,23868.15,23847.75,23851.15,1107
NSE,NIFTY,2025-04-17,14:10:00,23849.7,23859.55,23848.35,23853.5,1108
NSE,NIFTY,2025-04-17,14:15:00,23853.25,23871.25,23818.85,23820.0,1109
NSE,NIFTY,2025-04-17,14:20:00,23812.4,23842.95,23783.8,23825.05,1110
NSE,NIFTY,2025-04-17,14:25:00,23824.25,23826.35,23814.5,23822.45,1111
NSE,NIFTY,2025-04-17,14:30:00,23821.15,23845.8,23820.6,23835.7,1112
NSE,NIFTY,2025-04-17,14:35:00,23836.0,23863.0,23835.85,23854.1,1113
NSE,NIFTY,2025-04-17,14:40:00,23854.1,23865.45,23851.3,23861.55,1114
NSE,NIFTY,2025-04-17,14:45:00,23862.35,23867.2,23853.05,23857.3,1115
NSE,NIFTY,2025-04-17,14:50:00,23856.6,23862.65,23835.8,23859.3,1116
NSE,NIFTY,2025-04-17,14:55:00,23859.15,23863.65,23853.2,23854.2,1117
NSE,NIFTY,2025-04-17,15:00:00,23855.35,23871.3,23848.35,23871.2,1118
NSE,NIFTY,2025-04-17,15:05:00,23870.55,23871.25,23843.85,23855.45,1119
NSE,NIFTY,2025-04-17,15:10:00,23855.1,23859.55,23846.65,23851.55,1120
NSE,NIFTY,2025-04-17,15:15:00,23851.15,23855.75,23844.0,23846.8,1121
NSE,NIFTY,2025-04-17,15:20:00,23846.4,23852.4,23841.7,23847.4,1122
NSE,NIFTY,2025-04-17,15:25:00,23845.8,23854.8,23844.75,23853.7,1123
NSE,NIFTY,2025-04-17,15:30:00,23854.25,23862.2,23831.35,23840.1,1124
NSE,NIFTY,2025-04-21,09:15:00,23949.15,23969.05,23921.8,23965.3,1152
NSE,NIFTY,2025-04-21,09:20:00,23959.75,24002.4,23955.65,23964.15,1153
NSE,NIFTY,2025-04-21,09:25:00,23964.6,23975.5,23903.9,23954.0,1154
NSE,NIFTY,2025-04-21,09:30:00,23955.5,23968.9,23927.05,23944.95,1155
NSE,NIFTY,2025-04-21,09:35:00,23946.0,23991.3,23931.25,23987.0,1156
NSE,NIFTY,2025-04-21,09:40:00,23986.75,24026.7,23982.65,24021.45,1157
NSE,NIFTY,2025-04-21,09:45:00,24020.15,24035.3,24003.0,24019.3,1158
NSE,NIFTY,2025-04-21,09:50:00,24018.1,24018.9,23985.3,23999.45,1159
NSE,NIFTY,2025-04-21,09:55:00,23998.5,24037.65,23982.2,24037.65,1160
NSE,NIFTY,2025-04-21,10:00:00,24036.65,24039.3,24019.75,24037.05,1161
NSE,NIFTY,2025-04-21,10:05:00,24038.7,24052.2,24015.1,24043.95,1162
NSE,NIFTY,2025-04-21,10:10:00,24044.75,24061.2,24038.95,24055.35,1163
NSE,NIFTY,2025-04-21,10:15:00,24053.25,24054.75,24030.2,24034.8,1164
NSE,NIFTY,2025-04-21,10:20:00,24035.3,24037.3,24016.0,24024.75,1165
NSE,NIFTY,2025-04-21,10:25:00,24024.5,24032.2,24009.3,24019.8,1166
NSE,NIFTY,2025-04-21,10:30:00,24019.1,24048.0,24017.7,24045.3,1167
NSE,NIFTY,2025-04-21,10:35:00,24046.1,24059.6,24044.1,24049.3,1168
NSE,NIFTY,2025-04-21,10:40:00,24050.15,24062.2,24040.75,24046.6,1169
NSE,NIFTY,2025-04-21,10:45:00,24046.85,24071.6,24045.9,24067.05,1170
NSE,NIFTY,2025-04-21,10:50:00,24066.55,24083.85,24062.55,24083.0,1171
NSE,NIFTY,2025-04-21,10:55:00,24083.5,24099.2,24083.5,24097.1,1172
NSE,NIFTY,2025-04-21,11:00:00,24096.65,24101.8,24091.85,24092.9,1173
NSE,NIFTY,2025-04-21,11:05:00,24092.9,24099.9,24086.55,24094.2,1174
NSE,NIFTY,2025-04-21,11:10:00,24093.5,24108.3,24092.8,24107.95,1175
NSE,NIFTY,2025-04-21,11:15:00,24107.15,24110.9,24094.3,24109.05,1176
NSE,NIFTY,2025-04-21,11:20:00,24110.4,24125.3,24107.55,24123.1,1177
NSE,NIFTY,2025-04-21,11:25:00,24122.85,24129.15,24117.6,24122.5,1178
NSE,NIFTY,2025-04-21,11:30:00,24122.15,24132.7,24120.95,24123.0,1179
NSE,NIFTY,2025-04-21,11:35:00,24122.65,24124.8,24108.55,24112.45,1180
NSE,NIFTY,2025-04-21,11:40:00,24111.7,24120.4,24099.05,24117.9,1181
NSE,NIFTY,2025-04-21,11:45:00,24118.25,24119.05,24101.75,24106.95,1182
NSE,NIFTY,2025-04-21,11:50:00,24107.75,24117.5,24106.45,24113.85,1183
NSE,NIFTY,2025-04-21,11:55:00,24113.8,24129.1,24106.25,24124.5,1184
NSE,NIFTY,2025-04-21,12:00:00,24123.7,24143.6,24123.5,24134.8,1185
NSE,NIFTY,2025-04-21,12:05:00,24134.6,24139.35,24128.25,24138.75,1186
NSE,NIFTY,2025-04-21,12:10:00,24138.85,24145.5,24125.65,24143.9,1187
NSE,NIFTY,2025-04-21,12:15:00,24145.0,24150.15,24138.15,24144.7,1188
NSE,NIFTY,2025-04-21,12:20:00,24143.95,24166.7,24143.25,24164.75,1189
NSE,NIFTY,2025-04-21,12:25:00,24166.3,24176.4,24158.5,24175.7,1190
NSE,NIFTY,2025-04-21,12:30:00,24175.05,24182.1,24160.85,24163.45,1191
NSE,NIFTY,2025-04-21,12:35:00,24165.65,24178.2,24163.5,24176.0,1192
NSE,NIFTY,2025-04-21,12:40:00,24176.55,24185.35,24172.4,24180.15,1193
NSE,NIFTY,2025-04-21,12:45:00,24181.15,24185.15,24169.75,24171.8,1194
NSE,NIFTY,2025-04-21,12:50:00,24171.85,24188.45,24171.85,24183.3,1195
NSE,NIFTY,2025-04-21,12:55:00,24183.9,24187.0,24172.05,24182.65,1196
NSE,NIFTY,2025-04-21,13:00:00,24182.05,24186.55,24177.6,24184.75,1197
NSE,NIFTY,2025-04-21,13:05:00,24184.8,24184.8,24169.75,24179.45,1198
NSE,NIFTY,2025-04-21,13:10:00,24180.25,24188.5,24176.2,24186.1,1199
NSE,NIFTY,2025-04-21,13:15:00,24186.15,24188.4,24169.35,24171.55,1200
NSE,NIFTY,2025-04-21,13:20:00,24171.4,24175.55,24146.5,24147.4,1201
NSE,NIFTY,2025-04-21,13:25:00,24147.7,24170.1,24146.5,24168.4,1202
NSE,NIFTY,2025-04-21,13:30:00,24167.6,24170.6,24153.75,24156.5,1203
NSE,NIFTY,2025-04-21,13:35:00,24154.5,24160.9,24145.1,24154.9,1204
NSE,NIFTY,2025-04-21,13:40:00,24153.45,24158.9,24151.35,24153.2,1205
NSE,NIFTY,2025-04-21,13:45:00,24150.95,24152.95,24106.5,24110.95,1206
NSE,NIFTY,2025-04-21,13:50:00,24108.6,24135.0,24108.6,24135.0,1207
NSE,NIFTY,2025-04-21,13:55:00,24132.3,24171.6,24132.2,24161.7,1208
NSE,NIFTY,2025-04-21,14:00:00,24158.65,24161.8,24143.85,24145.85,1209
NSE,NIFTY,2025-04-21,14:05:00,24145.85,24154.0,24136.35,24148.1,1210
NSE,NIFTY,2025-04-21,14:10:00,24148.55,24157.35,24144.25,24156.4,1211
NSE,NIFTY,2025-04-21,14:15:00,24156.85,24156.85,24134.2,24141.6,1212
NSE,NIFTY,2025-04-21,14:20:00,24142.7,24153.6,24135.75,24138.8,1213
NSE,NIFTY,2025-04-21,14:25:00,24135.9,24148.85,24133.3,24147.9,1214
NSE,NIFTY,2025-04-21,14:30:00,24146.15,24156.95,24134.85,24136.2,1215
NSE,NIFTY,2025-04-21,14:35:00,24133.5,24146.05,24124.0,24129.9,1216
NSE,NIFTY,2025-04-21,14:40:00,24130.15,24136.95,24120.0,24126.65,1217
NSE,NIFTY,2025-04-21,14:45:00,24124.5,24144.75,24122.15,24137.7,1218
NSE,NIFTY,2025-04-21,14:50:00,24134.55,24155.85,24133.7,24147.55,1219
NSE,NIFTY,2025-04-21,14:55:00,24145.1,24156.0,24143.55,24146.65,1220
NSE,NIFTY,2025-04-21,15:00:00,24145.2,24154.5,24142.75,24146.75,1221
NSE,NIFTY,2025-04-21,15:05:00,24145.5,24145.6,24113.35,24116.45,1222
NSE,NIFTY,2025-04-21,15:10:00,24116.75,24125.45,24113.55,24116.3,1223
NSE,NIFTY,2025-04-21,15:15:00,24116.9,24120.85,24109.95,24120.8,1224
NSE,NIFTY,2025-04-21,15:20:00,24120.55,24134.4,24118.7,24132.2,1225
NSE,NIFTY,2025-04-21,15:25:00,24132.3,24135.65,24119.95,24126.75,1226
NSE,NIFTY,2025-04-21,15:30:00,24127.35,24133.65,24118.05,24120.2,1227
NSE,NIFTY,2025-04-22,09:15:00,24185.4,24196.5,24145.8,24162.3,1255
NSE,NIFTY,2025-04-22,09:20:00,24160.15,24164.55,24077.3,24080.05,1256
NSE,NIFTY,2025-04-22,09:25:00,24079.15,24150.75,24073.25,24147.2,1257
NSE,NIFTY,2025-04-22,09:30:00,24148.15,24159.3,24124.25,24133.8,1258
NSE,NIFTY,2025-04-22,09:35:00,24135.2,24169.7,24134.3,24168.55,1259
NSE,NIFTY,2025-04-22,09:40:00,24167.75,24190.3,24165.2,24173.9,1260
NSE,NIFTY,2025-04-22,09:45:00,24174.65,24181.65,24159.75,24176.95,1261
NSE,NIFTY,2025-04-22,09:50:00,24176.7,24188.4,24165.3,24179.15,1262
NSE,NIFTY,2025-04-22,09:55:00,24178.95,24185.85,24141.05,24142.55,1263
NSE,NIFTY,2025-04-22,10:00:00,24141.55,24178.75,24139.2,24165.3,1264
NSE,NIFTY,2025-04-22,10:05:00,24163.85,24183.05,24163.85,24181.8,1265
NSE,NIFTY,2025-04-22,10:10:00,24181.9,24197.65,24179.05,24196.0,1266
NSE,NIFTY,2025-04-22,10:15:00,24195.55,24202.55,24185.15,24192.7,1267
NSE,NIFTY,2025-04-22,10:20:00,24194.55,24200.9,24192.05,24195.35,1268
NSE,NIFTY,2025-04-22,10:25:00,24194.1,24204.55,24187.35,24202.85,1269
NSE,NIFTY,2025-04-22,10:30:00,24202.6,24215.1,24194.25,24197.3,1270
NSE,NIFTY,2025-04-22,10:35:00,24196.5,24209.05,24193.9,24206.0,1271
NSE,NIFTY,2025-04-22,10:40:00,24206.7,24221.95,24204.65,24220.9,1272
NSE,NIFTY,2025-04-22,10:45:00,24221.25,24226.45,24214.35,24224.45,1273
NSE,NIFTY,2025-04-22,10:50:00,24222.8,24227.6,24214.8,24217.05,1274
NSE,NIFTY,2025-04-22,10:55:00,24216.6,24227.5,24212.35,24225.6,1275
NSE,NIFTY,2025-04-22,11:00:00,24226.35,24231.7,24213.2,24231.4,1276
NSE,NIFTY,2025-04-22,11:05:00,24231.15,24242.25,24228.55,24234.55,1277
NSE,NIFTY,2025-04-22,11:10:00,24234.4,24237.8,24227.3,24228.9,1278
NSE,NIFTY,2025-04-22,11:15:00,24229.45,24232.05,24214.0,24227.2,1279
NSE,NIFTY,2025-04-22,11:20:00,24226.15,24229.65,24217.95,24226.05,1280
NSE,NIFTY,2025-04-22,11:25:00,24226.1,24233.5,24198.8,24204.5,1281
NSE,NIFTY,2025-04-22,11:30:00,24204.7,24206.25,24178.85,24186.1,1282
NSE,NIFTY,2025-04-22,11:35:00,24184.6,24202.25,24173.2,24175.35,1283
NSE,NIFTY,2025-04-22,11:40:00,24174.9,24202.05,24166.15,24201.3,1284
NSE,NIFTY,2025-04-22,11:45:00,24201.45,24214.95,24195.7,24208.25,1285
NSE,NIFTY,2025-04-22,11:50:00,24207.95,24216.05,24205.1,24213.4,1286
NSE,NIFTY,2025-04-22,11:55:00,24216.3,24217.9,24203.65,24213.7,1287
NSE,NIFTY,2025-04-22,12:00:00,24214.25,24221.4,24208.2,24216.0,1288
NSE,NIFTY,2025-04-22,12:05:00,24215.85,24218.75,24203.25,24209.2,1289
NSE,NIFTY,2025-04-22,12:10:00,24210.0,24213.6,24198.25,24200.2,1290
NSE,NIFTY,2025-04-22,12:15:00,24200.55,24206.4,24187.7,24199.2,1291
NSE,NIFTY,2025-04-22,12:20:00,24197.85,24203.3,24186.0,24191.6,1292
NSE,NIFTY,2025-04-22,12:25:00,24191.45,24198.15,24182.1,24195.2,1293
NSE,NIFTY,2025-04-22,12:30:00,24194.85,24195.9,24184.95,24194.55,1294
NSE,NIFTY,2025-04-22,12:35:00,24193.6,24194.95,24179.7,24181.0,1295
NSE,NIFTY,2025-04-22,12:40:00,24181.45,24186.2,24176.25,24183.5,1296
NSE,NIFTY,2025-04-22,12:45:00,24182.55,24190.9,24175.5,24189.55,1297
NSE,NIFTY,2025-04-22,12:50:00,24188.75,24191.15,24176.5,24177.65,1298
NSE,NIFTY,2025-04-22,12:55:00,24176.7,24184.95,24176.0,24181.45,1299
NSE,NIFTY,2025-04-22,13:00:00,24181.25,24190.15,24177.7,24180.2,1300
NSE,NIFTY,2025-04-22,13:05:00,24178.35,24182.9,24173.65,24180.1,1301
NSE,NIFTY,2025-04-22,13:10:00,24179.75,24181.9,24168.25,24174.65,1302
NSE,NIFTY,2025-04-22,13:15:00,24173.5,24186.0,24172.1,24179.35,1303
NSE,NIFTY,2025-04-22,13:20:00,24179.9,24188.6,24177.8,24187.45,1304
NSE,NIFTY,2025-04-22,13:25:00,24189.65,24197.55,24186.6,24191.45,1305
NSE,NIFTY,2025-04-22,13:30:00,24192.4,24197.1,24186.5,24190.25,1306
NSE,NIFTY,2025-04-22,13:35:00,24190.35,24192.6,24179.35,24183.0,1307
NSE,NIFTY,2025-04-22,13:40:00,24184.5,24185.15,24177.35,24183.6,1308
NSE,NIFTY,2025-04-22,13:45:00,24184.25,24189.15,24180.65,24182.65,1309
NSE,NIFTY,2025-04-22,13:50:00,24183.45,24183.95,24176.25,24179.8,1310
NSE,NIFTY,2025-04-22,13:55:00,24179.05,24182.9,24173.6,24176.1,1311
NSE,NIFTY,2025-04-22,14:00:00,24175.2,24182.9,24175.2,24179.05,1312
NSE,NIFTY,2025-04-22,14:05:00,24180.2,24185.65,24174.8,24183.85,1313
NSE,NIFTY,2025-04-22,14:10:00,24183.45,24189.4,24181.9,24186.05,1314
NSE,NIFTY,2025-04-22,14:15:00,24185.7,24187.15,24175.25,24178.3,1315
NSE,NIFTY,2025-04-22,14:20:00,24178.7,24182.5,24173.55,24176.85,1316
NSE,NIFTY,2025-04-22,14:25:00,24176.6,24182.3,24173.15,24179.25,1317
NSE,NIFTY,2025-04-22,14:30:00,24179.25,24184.6,24175.1,24179.05,1318
NSE,NIFTY,2025-04-22,14:35:00,24179.5,24184.7,24171.7,24173.8,1319
NSE,NIFTY,2025-04-22,14:40:00,24175.75,24181.45,24173.25,24178.65,1320
NSE,NIFTY,2025-04-22,14:45:00,24178.35,24182.5,24172.4,24173.3,1321
NSE,NIFTY,2025-04-22,14:50:00,24172.8,24173.6,24144.05,24153.1,1322
NSE,NIFTY,2025-04-22,14:55:00,24153.4,24176.1,24152.55,24175.55,1323
NSE,NIFTY,2025-04-22,15:00:00,24175.75,24178.6,24155.3,24171.7,1324
NSE,NIFTY,2025-04-22,15:05:00,24170.45,24181.0,24166.05,24169.35,1325
NSE,NIFTY,2025-04-22,15:10:00,24169.95,24175.6,24163.0,24170.35,1326
NSE,NIFTY,2025-04-22,15:15:00,24170.35,24170.75,24159.2,24160.45,1327
NSE,NIFTY,2025-04-22,15:20:00,24160.95,24166.3,24152.6,24163.65,1328
NSE,NIFTY,2025-04-22,15:25:00,24161.95,24173.95,24161.5,24167.0,1329
NSE,NIFTY,2025-04-22,15:30:00,24166.65,24167.85,24126.95,24141.2,1330
NSE,NIFTY,2025-04-23,09:15:00,24357.6,24357.6,24285.15,24304.8,1358
NSE,NIFTY,2025-04-23,09:20:00,24301.55,24323.2,24288.05,24322.45,1359
NSE,NIFTY,2025-04-23,09:25:00,24322.8,24354.3,24319.65,24349.15,1360
NSE,NIFTY,2025-04-23,09:30:00,24347.95,24350.35,24312.35,24313.95,1361
NSE,NIFTY,2025-04-23,09:35:00,24312.5,24329.6,24276.3,24280.1,1362
NSE,NIFTY,2025-04-23,09:40:00,24280.2,24283.2,24265.2,24273.75,1363
NSE,NIFTY,2025-04-23,09:45:00,24274.55,24330.0,24272.35,24328.7,1364
NSE,NIFTY,2025-04-23,09:50:00,24327.7,24345.7,24323.65,24323.65,1365
NSE,NIFTY,2025-04-23,09:55:00,24324.5,24329.2,24312.45,24324.85,1366
NSE,NIFTY,2025-04-23,10:00:00,24324.1,24324.1,24302.2,24316.0,1367
NSE,NIFTY,2025-04-23,10:05:00,24315.25,24318.25,24258.15,24259.7,1368
NSE,NIFTY,2025-04-23,10:10:00,24260.35,24265.55,24229.25,24230.5,1369
NSE,NIFTY,2025-04-23,10:15:00,24231.5,24232.2,24189.95,24200.05,1370
NSE,NIFTY,2025-04-23,10:20:00,24198.95,24230.7,24190.3,24227.05,1371
NSE,NIFTY,2025-04-23,10:25:00,24226.8,24226.95,24199.6,24205.7,1372
NSE,NIFTY,2025-04-23,10:30:00,24205.5,24232.65,24202.45,24232.05,1373
NSE,NIFTY,2025-04-23,10:35:00,24231.75,24242.1,24178.45,24179.9,1374
NSE,NIFTY,2025-04-23,10:40:00,24179.75,24208.65,24177.5,24194.15,1375
NSE,NIFTY,2025-04-23,10:45:00,24194.05,24198.55,24165.95,24170.15,1376
NSE,NIFTY,2025-04-23,10:50:00,24171.55,24182.55,24144.5,24153.25,1377
NSE,NIFTY,2025-04-23,10:55:00,24152.65,24164.3,24129.35,24132.3,1378
NSE,NIFTY,2025-04-23,11:00:00,24132.85,24162.8,24120.15,24162.8,1379
NSE,NIFTY,2025-04-23,11:05:00,24163.1,24186.35,24158.6,24181.35,1380
NSE,NIFTY,2025-04-23,11:10:00,24181.0,24197.05,24169.9,24192.5,1381
NSE,NIFTY,2025-04-23,11:15:00,24192.65,24205.75,24182.15,24205.75,1382
NSE,NIFTY,2025-04-23,11:20:00,24206.9,24219.2,24197.9,24210.9,1383
NSE,NIFTY,2025-04-23,11:25:00,24211.5,24217.5,24180.0,24193.0,1384
NSE,NIFTY,2025-04-23,11:30:00,24192.6,24208.45,24191.35,24193.65,1385
NSE,NIFTY,2025-04-23,11:35:00,24193.9,24208.45,24188.6,24206.6,1386
NSE,NIFTY,2025-04-23,11:40:00,24206.75,24214.85,24195.05,24208.5,1387
NSE,NIFTY,2025-04-23,11:45:00,24208.1,24242.15,24201.85,24237.35,1388
NSE,NIFTY,2025-04-23,11:50:00,24237.7,24251.8,24232.85,24239.6,1389
NSE,NIFTY,2025-04-23,11:55:00,24240.35,24240.85,24212.45,24223.8,1390
NSE,NIFTY,2025-04-23,12:00:00,24224.25,24225.15,24203.75,24213.15,1391
NSE,NIFTY,2025-04-23,12:05:00,24212.5,24221.75,24203.5,24216.45,1392
NSE,NIFTY,2025-04-23,12:10:00,24217.85,24226.3,24197.9,24197.9,1393
NSE,NIFTY,2025-04-23,12:15:00,24198.8,24223.6,24198.15,24216.75,1394
NSE,NIFTY,2025-04-23,12:20:00,24216.7,24219.5,24201.9,24207.95,1395
NSE,NIFTY,2025-04-23,12:25:00,24207.85,24222.1,24205.15,24219.6,1396
NSE,NIFTY,2025-04-23,12:30:00,24221.7,24226.65,24207.85,24210.7,1397
NSE,NIFTY,2025-04-23,12:35:00,24210.15,24225.5,24208.9,24217.7,1398
NSE,NIFTY,2025-04-23,12:40:00,24217.8,24220.5,24211.1,24211.1,1399
NSE,NIFTY,2025-04-23,12:45:00,24212.2,24229.6,24207.95,24227.4,1400
NSE,NIFTY,2025-04-23,12:50:00,24227.15,24239.05,24227.15,24232.65,1401
NSE,NIFTY,2025-04-23,12:55:00,24232.6,24243.75,24229.0,24243.5,1402
NSE,NIFTY,2025-04-23,13:00:00,24243.55,24251.2,24236.15,24248.9,1403
NSE,NIFTY,2025-04-23,13:05:00,24250.35,24266.75,24248.05,24263.9,1404
NSE,NIFTY,2025-04-23,13:10:00,24264.95,24266.4,24250.95,24256.3,1405
NSE,NIFTY,2025-04-23,13:15:00,24255.2,24257.65,24229.45,24246.1,1406
NSE,NIFTY,2025-04-23,13:20:00,24245.15,24247.25,24230.55,24242.0,1407
NSE,NIFTY,2025-04-23,13:25:00,24242.8,24255.75,24242.6,24250.65,1408
NSE,NIFTY,2025-04-23,13:30:00,24251.0,24262.5,24250.75,24261.9,1409
NSE,NIFTY,2025-04-23,13:35:00,24261.85,24266.75,24251.0,24253.5,1410
NSE,NIFTY,2025-04-23,13:40:00,24253.65,24265.75,24253.15,24261.4,1411
NSE,NIFTY,2025-04-23,13:45:00,24262.15,24277.4,24254.35,24274.85,1412
NSE,NIFTY,2025-04-23,13:50:00,24275.7,24279.7,24268.9,24269.7,1413
NSE,NIFTY,2025-04-23,13:55:00,24270.0,24292.35,24266.65,24289.15,1414
NSE,NIFTY,2025-04-23,14:00:00,24289.1,24300.35,24287.0,24292.75,1415
NSE,NIFTY,2025-04-23,14:05:00,24293.15,24306.6,24289.45,24293.5,1416
NSE,NIFTY,2025-04-23,14:10:00,24293.0,24305.45,24291.45,24303.35,1417
NSE,NIFTY,2025-04-23,14:15:00,24302.05,24306.1,24294.7,24301.5,1418
NSE,NIFTY,2025-04-23,14:20:00,24301.4,24305.75,24292.05,24305.4,1419
NSE,NIFTY,2025-04-23,14:25:00,24305.75,24311.45,24298.95,24307.55,1420
NSE,NIFTY,2025-04-23,14:30:00,24309.15,24314.8,24302.0,24310.4,1421
NSE,NIFTY,2025-04-23,14:35:00,24311.0,24315.1,24305.0,24308.9,1422
NSE,NIFTY,2025-04-23,14:40:00,24309.4,24314.75,24299.8,24304.4,1423
NSE,NIFTY,2025-04-23,14:45:00,24304.5,24306.95,24278.8,24295.55,1424
NSE,NIFTY,2025-04-23,14:50:00,24295.8,24304.95,24294.65,24303.2,1425
NSE,NIFTY,2025-04-23,14:55:00,24302.8,24313.9,24302.8,24311.2,1426
NSE,NIFTY,2025-04-23,15:00:00,24312.4,24326.65,24307.85,24324.85,1427
NSE,NIFTY,2025-04-23,15:05:00,24325.8,24334.15,24321.25,24332.15,1428
NSE,NIFTY,2025-04-23,15:10:00,24332.4,24338.2,24330.9,24336.95,1429
NSE,NIFTY,2025-04-23,15:15:00,24337.5,24340.25,24330.35,24330.35,1430
NSE,NIFTY,2025-04-23,15:20:00,24330.1,24331.0,24318.25,24329.4,1431
NSE,NIFTY,2025-04-23,15:25:00,24326.9,24328.65,24322.8,24325.45,1432
NSE,NIFTY,2025-04-23,15:30:00,24326.2,24327.05,24282.35,24282.35,1433
NSE,NIFTY,2025-04-24,09:15:00,24277.9,24290.8,24276.95,24278.95,1461
NSE,NIFTY,2025-04-24,09:20:00,24278.9,24293.3,24270.35,24274.5,1462
NSE,NIFTY,2025-04-24,09:25:00,24274.7,24277.25,24263.35,24263.35,1463
NSE,NIFTY,2025-04-24,09:30:00,24262.4,24268.1,24251.8,24254.4,1464
NSE,NIFTY,2025-04-24,09:35:00,24254.75,24339.2,24248.8,24339.2,1465
NSE,NIFTY,2025-04-24,09:40:00,24338.75,24347.55,24280.5,24281.85,1466
NSE,NIFTY,2025-04-24,09:45:00,24282.95,24284.0,24250.5,24255.75,1467
NSE,NIFTY,2025-04-24,09:50:00,24254.0,24263.35,24239.7,24263.1,1468
NSE,NIFTY,2025-04-24,09:55:00,24261.5,24291.05,24255.25,24284.15,1469
NSE,NIFTY,2025-04-24,10:00:00,24282.7,24287.1,24261.55,24271.25,1470
NSE,NIFTY,2025-04-24,10:05:00,24272.45,24274.8,24262.2,24270.7,1471
NSE,NIFTY,2025-04-24,10:10:00,24270.6,24278.8,24266.05,24269.8,1472
NSE,NIFTY,2025-04-24,10:15:00,24269.9,24302.2,24269.65,24301.2,1473
NSE,NIFTY,2025-04-24,10:20:00,24300.9,24301.4,24289.6,24292.45,1474
NSE,NIFTY,2025-04-24,10:25:00,24291.85,24307.4,24285.0,24306.45,1475
NSE,NIFTY,2025-04-24,10:30:00,24307.05,24313.1,24289.9,24290.9,1476
NSE,NIFTY,2025-04-24,10:35:00,24291.0,24297.05,24281.1,24281.95,1477
NSE,NIFTY,2025-04-24,10:40:00,24281.8,24287.3,24272.9,24279.8,1478
NSE,NIFTY,2025-04-24,10:45:00,24280.4,24284.25,24274.3,24280.05,1479
NSE,NIFTY,2025-04-24,10:50:00,24280.25,24285.0,24271.6,24275.05,1480
NSE,NIFTY,2025-04-24,10:55:00,24275.55,24280.85,24271.8,24272.8,1481
NSE,NIFTY,2025-04-24,11:00:00,24272.85,24283.65,24268.8,24283.65,1482
NSE,NIFTY,2025-04-24,11:05:00,24283.6,24287.75,24270.05,24278.1,1483
NSE,NIFTY,2025-04-24,11:10:00,24277.95,24285.0,24271.9,24285.0,1484
NSE,NIFTY,2025-04-24,11:15:00,24284.7,24284.7,24274.5,24281.85,1485
NSE,NIFTY,2025-04-24,11:20:00,24283.1,24283.75,24274.3,24277.5,1486
NSE,NIFTY,2025-04-24,11:25:00,24277.0,24277.55,24265.8,24266.5,1487
NSE,NIFTY,2025-04-24,11:30:00,24266.95,24268.45,24252.9,24256.1,1488
NSE,NIFTY,2025-04-24,11:35:00,24256.75,24266.8,24254.65,24264.5,1489
NSE,NIFTY,2025-04-24,11:40:00,24265.25,24269.1,24257.95,24268.95,1490
NSE,NIFTY,2025-04-24,11:45:00,24268.0,24269.25,24259.9,24265.5,1491
NSE,NIFTY,2025-04-24,11:50:00,24264.15,24271.25,24262.75,24265.8,1492
NSE,NIFTY,2025-04-24,11:55:00,24266.2,24269.15,24261.95,24263.3,1493
NSE,NIFTY,2025-04-24,12:00:00,24263.35,24267.35,24257.75,24260.9,1494
NSE,NIFTY,2025-04-24,12:05:00,24260.65,24263.05,24255.5,24262.15,1495
NSE,NIFTY,2025-04-24,12:10:00,24262.2,24270.65,24261.45,24262.55,1496
NSE,NIFTY,2025-04-24,12:15:00,24262.6,24264.5,24257.0,24263.3,1497
NSE,NIFTY,2025-04-24,12:20:00,24264.1,24272.7,24261.55,24270.05,1498
NSE,NIFTY,2025-04-24,12:25:00,24269.7,24273.1,24264.15,24265.25,1499
NSE,NIFTY,2025-04-24,12:30:00,24264.5,24265.05,24255.25,24256.15,1500
NSE,NIFTY,2025-04-24,12:35:00,24255.75,24263.05,24255.6,24256.9,1501
NSE,NIFTY,2025-04-24,12:40:00,24256.8,24261.45,24248.4,24260.85,1502
NSE,NIFTY,2025-04-24,12:45:00,24261.4,24268.3,24257.7,24265.3,1503
NSE,NIFTY,2025-04-24,12:50:00,24265.25,24273.4,24263.35,24268.4,1504
NSE,NIFTY,2025-04-24,12:55:00,24268.05,24270.4,24263.7,24266.3,1505
NSE,NIFTY,2025-04-24,13:00:00,24265.95,24269.6,24261.6,24265.55,1506
NSE,NIFTY,2025-04-24,13:05:00,24265.6,24270.05,24259.65,24269.85,1507
NSE,NIFTY,2025-04-24,13:10:00,24269.25,24271.9,24259.6,24267.05,1508
NSE,NIFTY,2025-04-24,13:15:00,24265.8,24267.8,24257.45,24261.2,1509
NSE,NIFTY,2025-04-24,13:20:00,24260.7,24265.2,24255.8,24257.4,1510
NSE,NIFTY,2025-04-24,13:25:00,24257.95,24263.4,24253.75,24259.4,1511
NSE,NIFTY,2025-04-24,13:30:00,24259.75,24262.55,24253.5,24258.05,1512
NSE,NIFTY,2025-04-24,13:35:00,24258.55,24263.45,24251.75,24254.5,1513
NSE,NIFTY,2025-04-24,13:40:00,24254.9,24256.0,24242.05,24248.35,1514
NSE,NIFTY,2025-04-24,13:45:00,24247.9,24254.15,24245.5,24249.75,1515
NSE,NIFTY,2025-04-24,13:50:00,24250.0,24253.55,24246.6,24251.5,1516
NSE,NIFTY,2025-04-24,13:55:00,24250.9,24252.8,24244.1,24246.7,1517
NSE,NIFTY,2025-04-24,14:00:00,24246.3,24255.25,24243.45,24252.85,1518
NSE,NIFTY,2025-04-24,14:05:00,24253.8,24258.9,24245.95,24248.8,1519
NSE,NIFTY,2025-04-24,14:10:00,24249.5,24254.55,24246.3,24249.1,1520
NSE,NIFTY,2025-04-24,14:15:00,24249.05,24251.6,24245.05,24247.85,1521
NSE,NIFTY,2025-04-24,14:20:00,24251.6,24254.75,24243.75,24252.75,1522
NSE,NIFTY,2025-04-24,14:25:00,24252.3,24263.15,24250.25,24252.25,1523
NSE,NIFTY,2025-04-24,14:30:00,24253.0,24256.15,24245.7,24247.75,1524
NSE,NIFTY,2025-04-24,14:35:00,24248.4,24249.1,24239.8,24245.2,1525
NSE,NIFTY,2025-04-24,14:40:00,24244.25,24247.0,24235.45,24237.6,1526
NSE,NIFTY,2025-04-24,14:45:00,24237.55,24246.4,24232.4,24243.55,1527
NSE,NIFTY,2025-04-24,14:50:00,24243.65,24244.5,24237.25,24239.6,1528
NSE,NIFTY,2025-04-24,14:55:00,24239.4,24241.05,24218.5,24225.95,1529
NSE,NIFTY,2025-04-24,15:00:00,24229.7,24245.8,24217.2,24243.45,1530
NSE,NIFTY,2025-04-24,15:05:00,24243.95,24247.6,24235.5,24247.2,1531
NSE,NIFTY,2025-04-24,15:10:00,24246.4,24252.75,24235.55,24243.45,1532
NSE,NIFTY,2025-04-24,15:15:00,24243.3,24259.7,24242.5,24251.3,1533
NSE,NIFTY,2025-04-24,15:20:00,24251.1,24257.2,24244.3,24252.85,1534
NSE,NIFTY,2025-04-24,15:25:00,24252.45,24254.4,24244.4,24251.5,1535
NSE,NIFTY,2025-04-24,15:30:00,24251.6,24254.1,24240.75,24244.7,1536
NSE,NIFTY,2025-04-25,09:15:00,24289.0,24348.9,24274.95,24337.4,1564
NSE,NIFTY,2025-04-25,09:20:00,24336.9,24364.85,24320.85,24333.75,1565
NSE,NIFTY,2025-04-25,09:25:00,24331.6,24332.7,24296.25,24300.6,1566
NSE,NIFTY,2025-04-25,09:30:00,24300.55,24346.8,24295.35,24313.1,1567
NSE,NIFTY,2025-04-25,09:35:00,24311.85,24314.05,24261.55,24265.2,1568
NSE,NIFTY,2025-04-25,09:40:00,24264.65,24282.2,24227.05,24236.5,1569
NSE,NIFTY,2025-04-25,09:45:00,24233.55,24233.75,24188.15,24201.25,1570
NSE,NIFTY,2025-04-25,09:50:00,24200.85,24215.85,24149.1,24154.7,1571
NSE,NIFTY,2025-04-25,09:55:00,24151.4,24170.0,24116.9,24117.65,1572
NSE,NIFTY,2025-04-25,10:00:00,24117.35,24120.65,24054.45,24055.8,1573
NSE,NIFTY,2025-04-25,10:05:00,24056.45,24056.6,23950.35,23956.75,1574
NSE,NIFTY,2025-04-25,10:10:00,23958.2,24028.6,23951.25,24012.2,1575
NSE,NIFTY,2025-04-25,10:15:00,24011.3,24044.25,24011.3,24031.35,1576
NSE,NIFTY,2025-04-25,10:20:00,24029.35,24043.65,24003.0,24008.55,1577
NSE,NIFTY,2025-04-25,10:25:00,24006.8,24043.5,23997.55,24017.25,1578
NSE,NIFTY,2025-04-25,10:30:00,24017.85,24017.85,23924.05,23934.9,1579
NSE,NIFTY,2025-04-25,10:35:00,23935.65,23969.75,23908.95,23955.5,1580
NSE,NIFTY,2025-04-25,10:40:00,23955.75,23984.05,23955.1,23970.35,1581
NSE,NIFTY,2025-04-25,10:45:00,23970.9,23997.65,23950.8,23956.0,1582
NSE,NIFTY,2025-04-25,10:50:00,23955.9,23987.8,23954.6,23966.4,1583
NSE,NIFTY,2025-04-25,10:55:00,23966.5,23968.6,23937.75,23944.25,1584
NSE,NIFTY,2025-04-25,11:00:00,23944.25,23949.75,23923.55,23936.0,1585
NSE,NIFTY,2025-04-25,11:05:00,23935.75,23938.65,23901.45,23907.55,1586
NSE,NIFTY,2025-04-25,11:10:00,23907.9,23950.1,23906.9,23935.3,1587
NSE,NIFTY,2025-04-25,11:15:00,23935.65,23944.8,23920.25,23942.6,1588
NSE,NIFTY,2025-04-25,11:20:00,23943.65,23945.9,23891.5,23900.95,1589
NSE,NIFTY,2025-04-25,11:25:00,23901.55,23906.9,23879.7,23898.1,1590
NSE,NIFTY,2025-04-25,11:30:00,23897.85,23918.55,23889.85,23912.25,1591
NSE,NIFTY,2025-04-25,11:35:00,23912.3,23916.15,23886.1,23891.5,1592
NSE,NIFTY,2025-04-25,11:40:00,23890.85,23924.7,23889.0,23924.45,1593
NSE,NIFTY,2025-04-25,11:45:00,23924.6,23927.25,23898.2,23898.2,1594
NSE,NIFTY,2025-04-25,11:50:00,23899.3,23902.95,23852.5,23853.8,1595
NSE,NIFTY,2025-04-25,11:55:00,23852.95,23877.15,23848.35,23875.35,1596
NSE,NIFTY,2025-04-25,12:00:00,23874.65,23881.2,23864.9,23880.4,1597
NSE,NIFTY,2025-04-25,12:05:00,23881.3,23885.45,23859.25,23882.6,1598
NSE,NIFTY,2025-04-25,12:10:00,23884.75,23898.1,23882.3,23895.45,1599
NSE,NIFTY,2025-04-25,12:15:00,23894.9,23946.65,23893.15,23936.4,1600
NSE,NIFTY,2025-04-25,12:20:00,23929.65,23962.65,23922.0,23946.45,1601
NSE,NIFTY,2025-04-25,12:25:00,23945.05,23951.9,23927.25,23927.25,1602
NSE,NIFTY,2025-04-25,12:30:00,23927.65,23952.55,23922.5,23947.15,1603
NSE,NIFTY,2025-04-25,12:35:00,23947.15,23955.7,23935.85,23945.65,1604
NSE,NIFTY,2025-04-25,12:40:00,23946.65,23984.8,23945.45,23981.75,1605
NSE,NIFTY,2025-04-25,12:45:00,23980.9,23984.7,23943.2,23962.55,1606
NSE,NIFTY,2025-04-25,12:50:00,23963.5,23980.4,23961.1,23976.65,1607
NSE,NIFTY,2025-04-25,12:55:00,23977.15,23985.0,23962.6,23976.85,1608
NSE,NIFTY,2025-04-25,13:00:00,23978.1,24033.0,23975.15,24026.8,1609
NSE,NIFTY,2025-04-25,13:05:00,24028.65,24047.95,24013.05,24024.65,1610
NSE,NIFTY,2025-04-25,13:10:00,24024.4,24060.8,24022.05,24038.8,1611
NSE,NIFTY,2025-04-25,13:15:00,24042.1,24051.4,24026.3,24040.85,1612
NSE,NIFTY,2025-04-25,13:20:00,24042.35,24066.65,24040.7,24062.15,1613
NSE,NIFTY,2025-04-25,13:25:00,24062.5,24071.15,24052.85,24058.25,1614
NSE,NIFTY,2025-04-25,13:30:00,24056.8,24063.6,24029.5,24043.85,1615
NSE,NIFTY,2025-04-25,13:35:00,24044.15,24084.1,24039.15,24077.25,1616
NSE,NIFTY,2025-04-25,13:40:00,24077.0,24098.25,24054.55,24078.35,1617
NSE,NIFTY,2025-04-25,13:45:00,24080.45,24090.25,24069.1,24090.05,1618
NSE,NIFTY,2025-04-25,13:50:00,24089.1,24121.95,24078.55,24120.65,1619
NSE,NIFTY,2025-04-25,13:55:00,24122.75,24128.5,24103.6,24116.9,1620
NSE,NIFTY,2025-04-25,14:00:00,24116.4,24149.6,24110.95,24145.7,1621
NSE,NIFTY,2025-04-25,14:05:00,24146.1,24150.65,24117.65,24123.45,1622
NSE,NIFTY,2025-04-25,14:10:00,24123.5,24130.1,24060.9,24066.15,1623
NSE,NIFTY,2025-04-25,14:15:00,24068.2,24097.65,24046.0,24097.65,1624
NSE,NIFTY,2025-04-25,14:20:00,24096.95,24130.25,24090.9,24110.05,1625
NSE,NIFTY,2025-04-25,14:25:00,24112.4,24120.0,24103.35,24110.1,1626
NSE,NIFTY,2025-04-25,14:30:00,24110.35,24110.5,24091.45,24101.7,1627
NSE,NIFTY,2025-04-25,14:35:00,24099.3,24101.1,24057.6,24069.9,1628
NSE,NIFTY,2025-04-25,14:40:00,24068.85,24071.2,24042.75,24054.85,1629
NSE,NIFTY,2025-04-25,14:45:00,24055.05,24067.45,24047.75,24052.6,1630
NSE,NIFTY,2025-04-25,14:50:00,24050.5,24076.2,24038.15,24075.2,1631
NSE,NIFTY,2025-04-25,14:55:00,24074.75,24092.45,24066.2,24090.3,1632
NSE,NIFTY,2025-04-25,15:00:00,24090.9,24100.3,24072.25,24081.6,1633
NSE,NIFTY,2025-04-25,15:05:00,24082.95,24085.35,24058.45,24081.75,1634
NSE,NIFTY,2025-04-25,15:10:00,24080.7,24083.45,24059.3,24071.9,1635
NSE,NIFTY,2025-04-25,15:15:00,24071.25,24079.8,24045.95,24050.7,1636
NSE,NIFTY,2025-04-25,15:20:00,24050.9,24050.9,24029.45,24030.25,1637
NSE,NIFTY,2025-04-25,15:25:00,24029.25,24032.85,23994.85,24001.5,1638
NSE,NIFTY,2025-04-25,15:30:00,24002.05,24006.3,23986.1,23992.45,1639
NSE,NIFTY,2025-04-28,09:15:00,24070.25,24118.7,24059.15,24118.7,1659
NSE,NIFTY,2025-04-28,09:20:00,24120.0,24151.65,24099.9,24136.6,1660
NSE,NIFTY,2025-04-28,09:25:00,24136.1,24136.1,24082.1,24105.05,1661
NSE,NIFTY,2025-04-28,09:30:00,24103.85,24136.2,24082.75,24120.15,1662
NSE,NIFTY,2025-04-28,09:35:00,24123.4,24193.7,24120.7,24192.1,1663
NSE,NIFTY,2025-04-28,09:40:00,24191.95,24227.4,24177.65,24217.7,1664
NSE,NIFTY,2025-04-28,09:45:00,24219.1,24219.55,24173.45,24189.85,1665
NSE,NIFTY,2025-04-28,09:50:00,24185.25,24216.8,24179.55,24195.55,1666
NSE,NIFTY,2025-04-28,09:55:00,24198.45,24207.9,24174.3,24199.8,1667
NSE,NIFTY,2025-04-28,10:00:00,24200.1,24231.85,24183.0,24231.85,1668
NSE,NIFTY,2025-04-28,10:05:00,24230.9,24256.0,24217.8,24256.0,1669
NSE,NIFTY,2025-04-28,10:10:00,24252.0,24266.8,24248.05,24264.25,1670
NSE,NIFTY,2025-04-28,10:15:00,24263.75,24279.35,24252.9,24278.95,1671
NSE,NIFTY,2025-04-28,10:20:00,24278.5,24282.75,24265.3,24272.75,1672
NSE,NIFTY,2025-04-28,10:25:00,24272.2,24276.95,24238.0,24249.8,1673
NSE,NIFTY,2025-04-28,10:30:00,24249.5,24263.0,24229.35,24241.5,1674
NSE,NIFTY,2025-04-28,10:35:00,24239.6,24263.15,24239.5,24254.25,1675
NSE,NIFTY,2025-04-28,10:40:00,24253.6,24262.65,24240.9,24250.25,1676
NSE,NIFTY,2025-04-28,10:45:00,24250.6,24256.1,24242.8,24243.75,1677
NSE,NIFTY,2025-04-28,10:50:00,24244.75,24263.85,24243.25,24261.65,1678
NSE,NIFTY,2025-04-28,10:55:00,24261.8,24282.9,24252.9,24269.45,1679
NSE,NIFTY,2025-04-28,11:00:00,24269.7,24280.4,24263.2,24277.5,1680
NSE,NIFTY,2025-04-28,11:05:00,24276.95,24277.6,24262.9,24263.8,1681
NSE,NIFTY,2025-04-28,11:10:00,24263.7,24282.2,24258.3,24277.05,1682
NSE,NIFTY,2025-04-28,11:15:00,24277.45,24277.6,24227.75,24241.8,1683
NSE,NIFTY,2025-04-28,11:20:00,24241.55,24243.35,24210.75,24222.6,1684
NSE,NIFTY,2025-04-28,11:25:00,24223.5,24246.25,24223.0,24229.2,1685
NSE,NIFTY,2025-04-28,11:30:00,24229.5,24260.15,24228.95,24255.4,1686
NSE,NIFTY,2025-04-28,11:35:00,24255.4,24266.45,24248.65,24264.85,1687
NSE,NIFTY,2025-04-28,11:40:00,24262.5,24270.9,24260.45,24267.4,1688
NSE,NIFTY,2025-04-28,11:45:00,24267.45,24280.45,24267.0,24280.25,1689
NSE,NIFTY,2025-04-28,11:50:00,24279.1,24284.6,24267.95,24275.25,1690
NSE,NIFTY,2025-04-28,11:55:00,24276.6,24288.7,24269.85,24269.85,1691
NSE,NIFTY,2025-04-28,12:00:00,24270.05,24279.45,24261.3,24278.4,1692
NSE,NIFTY,2025-04-28,12:05:00,24278.55,24291.25,24278.2,24284.9,1693
NSE,NIFTY,2025-04-28,12:10:00,24286.45,24296.4,24272.15,24274.4,1694
NSE,NIFTY,2025-04-28,12:15:00,24279.25,24296.5,24274.1,24290.5,1695
NSE,NIFTY,2025-04-28,12:20:00,24292.3,24330.3,24287.85,24328.2,1696
NSE,NIFTY,2025-04-28,12:25:00,24332.5,24335.2,24320.1,24321.8,1697
NSE,NIFTY,2025-04-28,12:30:00,24321.95,24350.7,24320.3,24347.8,1698
NSE,NIFTY,2025-04-28,12:35:00,24349.45,24349.45,24336.2,24340.85,1699
NSE,NIFTY,2025-04-28,12:40:00,24343.7,24347.75,24331.9,24342.05,1700
NSE,NIFTY,2025-04-28,12:45:00,24343.85,24345.05,24326.6,24334.4,1701
NSE,NIFTY,2025-04-28,12:50:00,24336.3,24343.4,24333.15,24339.35,1702
NSE,NIFTY,2025-04-28,12:55:00,24341.35,24345.25,24332.7,24333.95,1703
NSE,NIFTY,2025-04-28,13:00:00,24337.45,24354.75,24332.15,24347.6,1704
NSE,NIFTY,2025-04-28,13:05:00,24348.35,24352.5,24326.7,24330.1,1705
NSE,NIFTY,2025-04-28,13:10:00,24331.25,24341.5,24313.5,24337.9,1706
NSE,NIFTY,2025-04-28,13:15:00,24340.05,24349.3,24328.25,24332.1,1707
NSE,NIFTY,2025-04-28,13:20:00,24334.9,24351.55,24325.5,24328.0,1708
NSE,NIFTY,2025-04-28,13:25:00,24329.6,24336.4,24319.9,24332.45,1709
NSE,NIFTY,2025-04-28,13:30:00,24334.4,24336.0,24323.15,24327.85,1710
NSE,NIFTY,2025-04-28,13:35:00,24329.85,24342.05,24323.2,24339.35,1711
NSE,NIFTY,2025-04-28,13:40:00,24340.35,24347.1,24323.35,24338.75,1712
NSE,NIFTY,2025-04-28,13:45:00,24337.6,24345.95,24335.0,24345.8,1713
NSE,NIFTY,2025-04-28,13:50:00,24347.25,24351.6,24341.85,24346.45,1714
NSE,NIFTY,2025-04-28,13:55:00,24348.95,24348.95,24329.9,24331.1,1715
NSE,NIFTY,2025-04-28,14:00:00,24332.6,24337.65,24325.9,24334.65,1716
NSE,NIFTY,2025-04-28,14:05:00,24335.45,24341.85,24328.3,24340.8,1717
NSE,NIFTY,2025-04-28,14:10:00,24342.8,24345.1,24331.6,24345.1,1718
NSE,NIFTY,2025-04-28,14:15:00,24346.5,24353.7,24333.8,24344.0,1719
NSE,NIFTY,2025-04-28,14:20:00,24346.6,24346.6,24319.55,24319.6,1720
NSE,NIFTY,2025-04-28,14:25:00,24320.8,24325.2,24297.65,24297.7,1721
NSE,NIFTY,2025-04-28,14:30:00,24300.45,24314.9,24293.55,24306.0,1722
NSE,NIFTY,2025-04-28,14:35:00,24307.5,24321.65,24287.25,24287.25,1723
NSE,NIFTY,2025-04-28,14:40:00,24290.95,24297.3,24273.6,24273.6,1724
NSE,NIFTY,2025-04-28,14:45:00,24276.75,24282.3,24265.45,24271.35,1725
NSE,NIFTY,2025-04-28,14:50:00,24272.35,24283.75,24260.9,24278.1,1726
NSE,NIFTY,2025-04-28,14:55:00,24279.5,24313.6,24278.45,24309.15,1727
NSE,NIFTY,2025-04-28,15:00:00,24311.05,24332.3,24306.3,24325.9,1728
NSE,NIFTY,2025-04-28,15:05:00,24328.25,24341.3,24323.25,24326.5,1729
NSE,NIFTY,2025-04-28,15:10:00,24327.35,24328.5,24311.85,24312.9,1730
NSE,NIFTY,2025-04-28,15:15:00,24313.85,24333.4,24312.9,24331.5,1731
NSE,NIFTY,2025-04-28,15:20:00,24331.9,24337.65,24327.55,24336.1,1732
NSE,NIFTY,2025-04-28,15:25:00,24336.15,24337.75,24319.95,24325.15,1733
NSE,NIFTY,2025-04-28,15:30:00,24325.2,24330.05,24309.55,24312.25,1734
NSE,NIFTY,2025-04-29,09:15:00,24370.7,24407.45,24370.7,24405.0,1762
NSE,NIFTY,2025-04-29,09:20:00,24403.45,24440.65,24403.45,24427.85,1763
NSE,NIFTY,2025-04-29,09:25:00,24425.75,24456.85,24424.5,24451.05,1764
NSE,NIFTY,2025-04-29,09:30:00,24449.6,24451.1,24411.0,24414.05,1765
NSE,NIFTY,2025-04-29,09:35:00,24410.3,24452.9,24393.55,24423.55,1766
NSE,NIFTY,2025-04-29,09:40:00,24422.75,24432.7,24360.4,24383.2,1767
NSE,NIFTY,2025-04-29,09:45:00,24385.85,24387.05,24304.6,24355.2,1768
NSE,NIFTY,2025-04-29,09:50:00,24355.2,24364.5,24304.1,24308.9,1769
NSE,NIFTY,2025-04-29,09:55:00,24309.7,24343.85,24291.0,24343.85,1770
NSE,NIFTY,2025-04-29,10:00:00,24343.6,24395.0,24343.6,24386.65,1771
NSE,NIFTY,2025-04-29,10:05:00,24384.6,24396.15,24362.2,24368.85,1772
NSE,NIFTY,2025-04-29,10:10:00,24365.15,24368.8,24333.8,24343.8,1773
NSE,NIFTY,2025-04-29,10:15:00,24343.95,24365.1,24342.0,24350.05,1774
NSE,NIFTY,2025-04-29,10:20:00,24351.85,24352.05,24317.4,24320.7,1775
NSE,NIFTY,2025-04-29,10:25:00,24320.6,24348.15,24317.4,24347.2,1776
NSE,NIFTY,2025-04-29,10:30:00,24345.8,24345.8,24311.3,24315.85,1777
NSE,NIFTY,2025-04-29,10:35:00,24314.8,24329.7,24305.5,24320.4,1778
NSE,NIFTY,2025-04-29,10:40:00,24319.8,24335.25,24314.55,24324.4,1779
NSE,NIFTY,2025-04-29,10:45:00,24324.85,24333.9,24312.8,24321.6,1780
NSE,NIFTY,2025-04-29,10:50:00,24321.0,24353.7,24319.1,24348.45,1781
NSE,NIFTY,2025-04-29,10:55:00,24348.15,24350.05,24328.45,24334.4,1782
NSE,NIFTY,2025-04-29,11:00:00,24335.7,24349.95,24332.3,24337.55,1783
NSE,NIFTY,2025-04-29,11:05:00,24338.1,24355.95,24335.8,24352.8,1784
NSE,NIFTY,2025-04-29,11:10:00,24353.15,24369.85,24352.35,24366.5,1785
NSE,NIFTY,2025-04-29,11:15:00,24367.2,24367.35,24350.6,24356.85,1786
NSE,NIFTY,2025-04-29,11:20:00,24356.75,24357.6,24338.95,24352.6,1787
NSE,NIFTY,2025-04-29,11:25:00,24352.45,24360.35,24347.3,24350.8,1788
NSE,NIFTY,2025-04-29,11:30:00,24351.1,24358.75,24347.2,24349.8,1789
NSE,NIFTY,2025-04-29,11:35:00,24351.45,24351.45,24334.95,24347.8,1790
NSE,NIFTY,2025-04-29,11:40:00,24347.6,24353.6,24341.6,24342.55,1791
NSE,NIFTY,2025-04-29,11:45:00,24344.55,24356.8,24342.5,24351.9,1792
NSE,NIFTY,2025-04-29,11:50:00,24352.6,24354.35,24335.3,24337.45,1793
NSE,NIFTY,2025-04-29,11:55:00,24337.6,24340.85,24320.6,24321.95,1794
NSE,NIFTY,2025-04-29,12:00:00,24322.25,24329.1,24307.15,24307.45,1795
NSE,NIFTY,2025-04-29,12:05:00,24307.5,24323.25,24302.45,24320.05,1796
NSE,NIFTY,2025-04-29,12:10:00,24320.05,24323.75,24310.65,24314.7,1797
NSE,NIFTY,2025-04-29,12:15:00,24314.5,24322.3,24309.2,24314.9,1798
NSE,NIFTY,2025-04-29,12:20:00,24314.55,24321.6,24310.65,24314.25,1799
NSE,NIFTY,2025-04-29,12:25:00,24314.5,24316.65,24304.1,24316.65,1800
NSE,NIFTY,2025-04-29,12:30:00,24317.25,24317.75,24306.6,24316.25,1801
NSE,NIFTY,2025-04-29,12:35:00,24316.1,24330.8,24316.0,24328.25,1802
NSE,NIFTY,2025-04-29,12:40:00,24328.3,24347.95,24325.4,24340.55,1803
NSE,NIFTY,2025-04-29,12:45:00,24340.6,24346.8,24336.4,24339.15,1804
NSE,NIFTY,2025-04-29,12:50:00,24341.7,24344.85,24330.6,24343.2,1805
NSE,NIFTY,2025-04-29,12:55:00,24341.15,24359.75,24337.6,24356.2,1806
NSE,NIFTY,2025-04-29,13:00:00,24356.35,24363.55,24353.0,24360.65,1807
NSE,NIFTY,2025-04-29,13:05:00,24361.35,24369.5,24352.2,24360.7,1808
NSE,NIFTY,2025-04-29,13:10:00,24360.4,24366.35,24350.6,24355.1,1809
NSE,NIFTY,2025-04-29,13:15:00,24357.1,24363.55,24353.5,24358.75,1810
NSE,NIFTY,2025-04-29,13:20:00,24355.8,24359.35,24341.35,24346.55,1811
NSE,NIFTY,2025-04-29,13:25:00,24347.15,24363.15,24347.15,24362.75,1812
NSE,NIFTY,2025-04-29,13:30:00,24362.1,24376.05,24360.0,24366.65,1813
NSE,NIFTY,2025-04-29,13:35:00,24366.6,24371.7,24361.45,24365.75,1814
NSE,NIFTY,2025-04-29,13:40:00,24367.05,24370.65,24357.4,24368.55,1815
NSE,NIFTY,2025-04-29,13:45:00,24368.55,24372.7,24351.0,24354.3,1816
NSE,NIFTY,2025-04-29,13:50:00,24355.5,24367.7,24353.2,24364.35,1817
NSE,NIFTY,2025-04-29,13:55:00,24366.75,24368.75,24350.8,24350.95,1818
NSE,NIFTY,2025-04-29,14:00:00,24351.0,24363.4,24347.65,24359.85,1819
NSE,NIFTY,2025-04-29,14:05:00,24359.95,24368.3,24356.85,24363.15,1820
NSE,NIFTY,2025-04-29,14:10:00,24363.85,24375.5,24360.6,24368.35,1821
NSE,NIFTY,2025-04-29,14:15:00,24367.5,24374.8,24360.25,24364.65,1822
NSE,NIFTY,2025-04-29,14:20:00,24364.9,24366.6,24355.05,24362.5,1823
NSE,NIFTY,2025-04-29,14:25:00,24362.1,24367.55,24352.65,24354.95,1824
NSE,NIFTY,2025-04-29,14:30:00,24355.2,24359.7,24342.4,24347.25,1825
NSE,NIFTY,2025-04-29,14:35:00,24348.7,24350.4,24339.0,24346.75,1826
NSE,NIFTY,2025-04-29,14:40:00,24348.9,24361.95,24344.85,24353.95,1827
NSE,NIFTY,2025-04-29,14:45:00,24354.75,24360.7,24350.6,24350.6,1828
NSE,NIFTY,2025-04-29,14:50:00,24351.35,24357.95,24347.85,24352.45,1829
NSE,NIFTY,2025-04-29,14:55:00,24353.45,24358.0,24342.6,24342.6,1830
NSE,NIFTY,2025-04-29,15:00:00,24343.6,24355.7,24339.45,24345.7,1831
NSE,NIFTY,2025-04-29,15:05:00,24344.6,24345.3,24325.2,24334.6,1832
NSE,NIFTY,2025-04-29,15:10:00,24335.2,24336.45,24324.9,24331.7,1833
NSE,NIFTY,2025-04-29,15:15:00,24332.0,24335.6,24323.5,24325.2,1834
NSE,NIFTY,2025-04-29,15:20:00,24326.6,24341.45,24310.6,24329.85,1835
NSE,NIFTY,2025-04-29,15:25:00,24329.15,24348.5,24325.85,24332.35,1836
NSE,NIFTY,2025-04-29,15:30:00,24333.2,24340.85,24317.6,24328.65,1837
NSE,NIFTY,2025-04-30,09:15:00,24342.05,24342.05,24274.15,24278.3,1865
NSE,NIFTY,2025-04-30,09:20:00,24278.3,24330.05,24270.35,24328.65,1866
NSE,NIFTY,2025-04-30,09:25:00,24323.3,24332.45,24297.75,24301.75,1867
NSE,NIFTY,2025-04-30,09:30:00,24301.95,24325.15,24279.9,24323.5,1868
NSE,NIFTY,2025-04-30,09:35:00,24323.15,24352.5,24321.65,24323.55,1869
NSE,NIFTY,2025-04-30,09:40:00,24320.65,24364.9,24319.55,24356.6,1870
NSE,NIFTY,2025-04-30,09:45:00,24355.45,24359.65,24329.75,24354.9,1871
NSE,NIFTY,2025-04-30,09:50:00,24355.4,24386.7,24352.45,24381.95,1872
NSE,NIFTY,2025-04-30,09:55:00,24380.0,24395.15,24375.65,24387.25,1873
NSE,NIFTY,2025-04-30,10:00:00,24387.8,24389.3,24360.7,24360.7,1874
NSE,NIFTY,2025-04-30,10:05:00,24361.05,24371.95,24353.1,24358.0,1875
NSE,NIFTY,2025-04-30,10:10:00,24357.85,24368.95,24355.95,24361.95,1876
NSE,NIFTY,2025-04-30,10:15:00,24361.8,24366.55,24348.25,24351.95,1877
NSE,NIFTY,2025-04-30,10:20:00,24350.2,24362.8,24346.45,24347.15,1878
NSE,NIFTY,2025-04-30,10:25:00,24346.7,24362.95,24343.35,24358.25,1879
NSE,NIFTY,2025-04-30,10:30:00,24359.6,24360.9,24327.75,24332.35,1880
NSE,NIFTY,2025-04-30,10:35:00,24332.75,24333.6,24301.6,24306.9,1881
NSE,NIFTY,2025-04-30,10:40:00,24307.4,24311.0,24290.4,24307.85,1882
NSE,NIFTY,2025-04-30,10:45:00,24307.8,24326.7,24305.85,24321.5,1883
NSE,NIFTY,2025-04-30,10:50:00,24321.0,24330.05,24317.9,24322.35,1884
NSE,NIFTY,2025-04-30,10:55:00,24322.85,24330.35,24318.6,24326.9,1885
NSE,NIFTY,2025-04-30,11:00:00,24327.05,24351.2,24325.75,24347.95,1886
NSE,NIFTY,2025-04-30,11:05:00,24347.95,24354.45,24343.8,24348.35,1887
NSE,NIFTY,2025-04-30,11:10:00,24346.6,24347.25,24326.15,24328.1,1888
NSE,NIFTY,2025-04-30,11:15:00,24327.75,24336.6,24326.7,24331.9,1889
NSE,NIFTY,2025-04-30,11:20:00,24331.75,24371.6,24331.45,24346.95,1890
NSE,NIFTY,2025-04-30,11:25:00,24346.85,24347.45,24333.55,24340.0,1891
NSE,NIFTY,2025-04-30,11:30:00,24339.95,24341.35,24329.05,24333.15,1892
NSE,NIFTY,2025-04-30,11:35:00,24332.7,24335.15,24326.5,24331.4,1893
NSE,NIFTY,2025-04-30,11:40:00,24331.3,24337.0,24326.45,24331.4,1894
NSE,NIFTY,2025-04-30,11:45:00,24331.6,24337.85,24329.2,24330.55,1895
NSE,NIFTY,2025-04-30,11:50:00,24330.5,24333.7,24313.55,24323.65,1896
NSE,NIFTY,2025-04-30,11:55:00,24323.5,24337.65,24322.95,24336.3,1897
NSE,NIFTY,2025-04-30,12:00:00,24336.1,24345.85,24334.3,24337.9,1898
NSE,NIFTY,2025-04-30,12:05:00,24338.15,24350.95,24337.35,24348.55,1899
NSE,NIFTY,2025-04-30,12:10:00,24348.4,24348.5,24340.15,24346.75,1900
NSE,NIFTY,2025-04-30,12:15:00,24345.95,24353.7,24340.6,24342.75,1901
NSE,NIFTY,2025-04-30,12:20:00,24341.7,24348.0,24339.45,24345.05,1902
NSE,NIFTY,2025-04-30,12:25:00,24345.05,24355.65,24343.9,24355.3,1903
NSE,NIFTY,2025-04-30,12:30:00,24355.3,24365.0,24346.45,24346.45,1904
NSE,NIFTY,2025-04-30,12:35:00,24346.55,24363.75,24342.4,24356.35,1905
NSE,NIFTY,2025-04-30,12:40:00,24356.45,24361.55,24352.05,24355.8,1906
NSE,NIFTY,2025-04-30,12:45:00,24356.2,24360.9,24353.0,24354.1,1907
NSE,NIFTY,2025-04-30,12:50:00,24354.1,24357.15,24349.6,24353.85,1908
NSE,NIFTY,2025-04-30,12:55:00,24353.8,24359.6,24349.95,24355.2,1909
NSE,NIFTY,2025-04-30,13:00:00,24355.25,24358.4,24338.85,24340.35,1910
NSE,NIFTY,2025-04-30,13:05:00,24339.85,24342.4,24328.8,24331.2,1911
NSE,NIFTY,2025-04-30,13:10:00,24330.55,24338.5,24326.7,24337.15,1912
NSE,NIFTY,2025-04-30,13:15:00,24335.9,24338.1,24330.55,24334.15,1913
NSE,NIFTY,2025-04-30,13:20:00,24333.5,24338.65,24327.45,24332.3,1914
NSE,NIFTY,2025-04-30,13:25:00,24332.25,24339.05,24330.85,24336.35,1915
NSE,NIFTY,2025-04-30,13:30:00,24335.95,24343.1,24329.6,24333.7,1916
NSE,NIFTY,2025-04-30,13:35:00,24333.6,24343.05,24333.4,24337.85,1917
NSE,NIFTY,2025-04-30,13:40:00,24338.2,24349.85,24336.6,24346.9,1918
NSE,NIFTY,2025-04-30,13:45:00,24345.95,24351.15,24344.3,24347.75,1919
NSE,NIFTY,2025-04-30,13:50:00,24346.8,24353.25,24344.95,24346.55,1920
NSE,NIFTY,2025-04-30,13:55:00,24348.1,24351.85,24336.15,24337.05,1921
NSE,NIFTY,2025-04-30,14:00:00,24336.25,24350.8,24334.55,24348.0,1922
NSE,NIFTY,2025-04-30,14:05:00,24347.95,24351.55,24342.0,24343.9,1923
NSE,NIFTY,2025-04-30,14:10:00,24344.15,24346.1,24337.1,24338.55,1924
NSE,NIFTY,2025-04-30,14:15:00,24337.75,24342.75,24335.55,24338.9,1925
NSE,NIFTY,2025-04-30,14:20:00,24338.25,24343.1,24335.95,24337.45,1926
NSE,NIFTY,2025-04-30,14:25:00,24337.4,24341.05,24334.1,24336.8,1927
NSE,NIFTY,2025-04-30,14:30:00,24337.3,24339.3,24331.4,24336.7,1928
NSE,NIFTY,2025-04-30,14:35:00,24336.35,24338.95,24324.15,24327.05,1929
NSE,NIFTY,2025-04-30,14:40:00,24326.75,24343.0,24325.7,24342.95,1930
NSE,NIFTY,2025-04-30,14:45:00,24342.45,24348.0,24333.95,24345.85,1931
NSE,NIFTY,2025-04-30,14:50:00,24346.45,24358.8,24345.45,24354.65,1932
NSE,NIFTY,2025-04-30,14:55:00,24354.6,24379.2,24353.95,24371.2,1933
NSE,NIFTY,2025-04-30,15:00:00,24370.85,24388.8,24354.85,24386.95,1934
NSE,NIFTY,2025-04-30,15:05:00,24385.75,24395.8,24364.95,24379.9,1935
NSE,NIFTY,2025-04-30,15:10:00,24379.0,24385.8,24373.6,24376.25,1936
NSE,NIFTY,2025-04-30,15:15:00,24376.25,24378.15,24344.7,24345.05,1937
NSE,NIFTY,2025-04-30,15:20:00,24345.0,24349.75,24318.15,24321.15,1938
NSE,NIFTY,2025-04-30,15:25:00,24318.65,24324.15,24282.45,24282.9,1939
NSE,NIFTY,2025-04-30,15:30:00,24281.1,24285.95,24230.1,24246.25,1940
NSE,NIFTY,2025-05-02,09:15:00,24311.9,24421.2,24311.9,24421.2,1968
NSE,NIFTY,2025-05-02,09:20:00,24419.6,24443.7,24409.35,24417.1,1969
NSE,NIFTY,2025-05-02,09:25:00,24418.15,24429.55,24385.9,24405.5,1970
NSE,NIFTY,2025-05-02,09:30:00,24407.35,24498.8,24405.95,24497.7,1971
NSE,NIFTY,2025-05-02,09:35:00,24498.65,24532.1,24494.0,24518.6,1972
NSE,NIFTY,2025-05-02,09:40:00,24518.1,24551.05,24504.65,24543.45,1973
NSE,NIFTY,2025-05-02,09:45:00,24542.15,24545.0,24514.55,24531.35,1974
NSE,NIFTY,2025-05-02,09:50:00,24530.6,24555.9,24516.7,24549.75,1975
NSE,NIFTY,2025-05-02,09:55:00,24550.1,24570.4,24530.3,24567.75,1976
NSE,NIFTY,2025-05-02,10:00:00,24565.85,24576.2,24559.6,24575.8,1977
NSE,NIFTY,2025-05-02,10:05:00,24576.15,24588.65,24558.35,24569.25,1978
NSE,NIFTY,2025-05-02,10:10:00,24568.85,24586.55,24558.85,24584.7,1979
NSE,NIFTY,2025-05-02,10:15:00,24584.75,24588.0,24570.8,24580.65,1980
NSE,NIFTY,2025-05-02,10:20:00,24578.9,24583.9,24554.6,24562.65,1981
NSE,NIFTY,2025-05-02,10:25:00,24563.6,24564.15,24544.0,24555.45,1982
NSE,NIFTY,2025-05-02,10:30:00,24555.8,24556.5,24505.8,24506.2,1983
NSE,NIFTY,2025-05-02,10:35:00,24505.95,24519.3,24484.75,24501.75,1984
NSE,NIFTY,2025-05-02,10:40:00,24501.9,24526.85,24468.6,24514.25,1985
NSE,NIFTY,2025-05-02,10:45:00,24513.6,24531.15,24497.6,24497.6,1986
NSE,NIFTY,2025-05-02,10:50:00,24498.15,24507.2,24481.5,24484.3,1987
NSE,NIFTY,2025-05-02,10:55:00,24484.6,24492.25,24425.95,24434.15,1988
NSE,NIFTY,2025-05-02,11:00:00,24434.8,24447.85,24410.45,24443.2,1989
NSE,NIFTY,2025-05-02,11:05:00,24443.05,24445.3,24420.6,24421.35,1990
NSE,NIFTY,2025-05-02,11:10:00,24421.1,24440.55,24419.65,24433.35,1991
NSE,NIFTY,2025-05-02,11:15:00,24431.9,24433.1,24404.7,24418.05,1992
NSE,NIFTY,2025-05-02,11:20:00,24418.0,24443.05,24406.1,24406.1,1993
NSE,NIFTY,2025-05-02,11:25:00,24405.75,24410.2,24372.7,24378.95,1994
NSE,NIFTY,2025-05-02,11:30:00,24378.8,24398.3,24371.2,24380.4,1995
NSE,NIFTY,2025-05-02,11:35:00,24380.2,24381.8,24319.75,24335.05,1996
NSE,NIFTY,2025-05-02,11:40:00,24334.25,24351.3,24334.2,24342.65,1997
NSE,NIFTY,2025-05-02,11:45:00,24342.85,24367.5,24332.15,24347.4,1998
NSE,NIFTY,2025-05-02,11:50:00,24346.7,24348.8,24328.55,24337.4,1999
NSE,NIFTY,2025-05-02,11:55:00,24337.25,24352.25,24326.35,24351.4,2000
NSE,NIFTY,2025-05-02,12:00:00,24351.9,24365.0,24347.55,24347.95,2001
NSE,NIFTY,2025-05-02,12:05:00,24346.75,24350.35,24330.6,24332.05,2002
NSE,NIFTY,2025-05-02,12:10:00,24332.0,24332.0,24303.05,24322.2,2003
NSE,NIFTY,2025-05-02,12:15:00,24322.0,24324.55,24306.35,24307.4,2004
NSE,NIFTY,2025-05-02,12:20:00,24307.55,24309.75,24281.85,24298.6,2005
NSE,NIFTY,2025-05-02,12:25:00,24299.25,24303.9,24290.4,24298.3,2006
NSE,NIFTY,2025-05-02,12:30:00,24297.8,24298.3,24239.3,24249.05,2007
NSE,NIFTY,2025-05-02,12:35:00,24249.6,24267.2,24243.15,24267.2,2008
NSE,NIFTY,2025-05-02,12:40:00,24266.45,24275.2,24259.7,24259.85,2009
NSE,NIFTY,2025-05-02,12:45:00,24259.9,24292.5,24241.0,24292.3,2010
NSE,NIFTY,2025-05-02,12:50:00,24290.65,24310.85,24289.05,24290.35,2011
NSE,NIFTY,2025-05-02,12:55:00,24288.6,24306.2,24280.65,24291.9,2012
NSE,NIFTY,2025-05-02,13:00:00,24292.45,24304.45,24282.3,24289.9,2013
NSE,NIFTY,2025-05-02,13:05:00,24290.95,24301.9,24266.2,24282.9,2014
NSE,NIFTY,2025-05-02,13:10:00,24282.0,24310.1,24279.65,24296.0,2015
NSE,NIFTY,2025-05-02,13:15:00,24295.6,24302.4,24286.45,24301.55,2016
NSE,NIFTY,2025-05-02,13:20:00,24302.05,24351.85,24301.75,24345.55,2017
NSE,NIFTY,2025-05-02,13:25:00,24345.85,24359.8,24333.5,24351.6,2018
NSE,NIFTY,2025-05-02,13:30:00,24351.45,24378.6,24349.65,24374.5,2019
NSE,NIFTY,2025-05-02,13:35:00,24374.1,24412.2,24374.1,24398.7,2020
NSE,NIFTY,2025-05-02,13:40:00,24397.85,24400.95,24379.6,24397.6,2021
NSE,NIFTY,2025-05-02,13:45:00,24395.7,24399.9,24375.2,24395.6,2022
NSE,NIFTY,2025-05-02,13:50:00,24394.3,24405.8,24386.9,24395.2,2023
NSE,NIFTY,2025-05-02,13:55:00,24395.35,24402.45,24384.3,24396.05,2024
NSE,NIFTY,2025-05-02,14:00:00,24397.0,24404.85,24374.55,24375.6,2025
NSE,NIFTY,2025-05-02,14:05:00,24376.2,24397.95,24359.65,24395.95,2026
NSE,NIFTY,2025-05-02,14:10:00,24396.0,24399.65,24385.35,24393.6,2027
NSE,NIFTY,2025-05-02,14:15:00,24394.7,24400.65,24359.0,24374.35,2028
NSE,NIFTY,2025-05-02,14:20:00,24373.45,24389.2,24363.95,24374.45,2029
NSE,NIFTY,2025-05-02,14:25:00,24373.65,24376.1,24337.4,24337.75,2030
NSE,NIFTY,2025-05-02,14:30:00,24339.1,24343.0,24293.25,24294.35,2031
NSE,NIFTY,2025-05-02,14:35:00,24295.5,24318.3,24291.95,24294.5,2032
NSE,NIFTY,2025-05-02,14:40:00,24295.0,24319.55,24286.9,24318.15,2033
NSE,NIFTY,2025-05-02,14:45:00,24316.5,24332.25,24316.25,24323.75,2034
NSE,NIFTY,2025-05-02,14:50:00,24323.2,24359.9,24319.1,24359.9,2035
NSE,NIFTY,2025-05-02,14:55:00,24358.55,24373.5,24351.9,24370.1,2036
NSE,NIFTY,2025-05-02,15:00:00,24371.35,24392.05,24366.3,24392.05,2037
NSE,NIFTY,2025-05-02,15:05:00,24392.4,24397.75,24351.95,24354.6,2038
NSE,NIFTY,2025-05-02,15:10:00,24355.35,24363.6,24338.15,24351.5,2039
NSE,NIFTY,2025-05-02,15:15:00,24350.25,24368.15,24346.65,24346.65,2040
NSE,NIFTY,2025-05-02,15:20:00,24346.7,24346.7,24322.7,24333.35,2041
NSE,NIFTY,2025-05-02,15:25:00,24329.35,24342.7,24326.2,24327.0,2042
NSE,NIFTY,2025-05-02,15:30:00,24327.95,24334.55,24309.85,24312.2,2043
NSE,NIFTY,2025-05-05,09:15:00,24419.5,24446.9,24411.45,24446.9,2071
NSE,NIFTY,2025-05-05,09:20:00,24449.8,24457.7,24421.55,24439.25,2072
NSE,NIFTY,2025-05-05,09:25:00,24437.55,24451.2,24414.65,24437.3,2073
NSE,NIFTY,2025-05-05,09:30:00,24439.2,24477.4,24426.55,24437.6,2074
NSE,NIFTY,2025-05-05,09:35:00,24435.35,24452.15,24403.1,24426.2,2075
NSE,NIFTY,2025-05-05,09:40:00,24426.4,24446.8,24416.65,24432.8,2076
NSE,NIFTY,2025-05-05,09:45:00,24433.1,24466.25,24421.1,24455.35,2077
NSE,NIFTY,2025-05-05,09:50:00,24456.7,24463.0,24439.4,24450.8,2078
NSE,NIFTY,2025-05-05,09:55:00,24452.6,24497.85,24451.75,24492.8,2079
NSE,NIFTY,2025-05-05,10:00:00,24493.05,24510.6,24480.2,24507.45,2080
NSE,NIFTY,2025-05-05,10:05:00,24508.35,24508.35,24475.25,24481.85,2081
NSE,NIFTY,2025-05-05,10:10:00,24480.9,24493.85,24464.0,24480.2,2082
NSE,NIFTY,2025-05-05,10:15:00,24482.5,24487.0,24467.85,24483.75,2083
NSE,NIFTY,2025-05-05,10:20:00,24483.3,24495.55,24468.3,24494.5,2084
NSE,NIFTY,2025-05-05,10:25:00,24495.35,24499.5,24475.7,24481.5,2085
NSE,NIFTY,2025-05-05,10:30:00,24482.05,24500.25,24477.45,24483.95,2086
NSE,NIFTY,2025-05-05,10:35:00,24484.65,24509.7,24481.35,24505.95,2087
NSE,NIFTY,2025-05-05,10:40:00,24506.2,24520.65,24501.6,24512.05,2088
NSE,NIFTY,2025-05-05,10:45:00,24511.65,24526.2,24510.2,24522.15,2089
NSE,NIFTY,2025-05-05,10:50:00,24521.95,24523.5,24508.05,24517.9,2090
NSE,NIFTY,2025-05-05,10:55:00,24516.45,24517.65,24491.5,24493.95,2091
NSE,NIFTY,2025-05-05,11:00:00,24494.45,24496.55,24460.45,24474.7,2092
NSE,NIFTY,2025-05-05,11:05:00,24474.8,24480.8,24464.5,24473.75,2093
NSE,NIFTY,2025-05-05,11:10:00,24474.0,24481.3,24459.65,24481.3,2094
NSE,NIFTY,2025-05-05,11:15:00,24482.35,24494.2,24468.6,24493.0,2095
NSE,NIFTY,2025-05-05,11:20:00,24493.65,24495.9,24468.7,24470.4,2096
NSE,NIFTY,2025-05-05,11:25:00,24469.65,24488.8,24467.05,24483.1,2097
NSE,NIFTY,2025-05-05,11:30:00,24482.1,24483.05,24463.3,24464.8,2098
NSE,NIFTY,2025-05-05,11:35:00,24467.15,24481.6,24463.3,24463.95,2099
NSE,NIFTY,2025-05-05,11:40:00,24461.25,24462.8,24446.6,24450.4,2100
NSE,NIFTY,2025-05-05,11:45:00,24449.05,24452.0,24436.15,24443.6,2101
NSE,NIFTY,2025-05-05,11:50:00,24443.1,24443.1,24429.2,24432.5,2102
NSE,NIFTY,2025-05-05,11:55:00,24432.4,24443.6,24414.45,24420.7,2103
NSE,NIFTY,2025-05-05,12:00:00,24421.45,24446.4,24421.05,24443.4,2104
NSE,NIFTY,2025-05-05,12:05:00,24443.6,24459.75,24437.65,24444.5,2105
NSE,NIFTY,2025-05-05,12:10:00,24445.0,24453.35,24440.85,24447.2,2106
NSE,NIFTY,2025-05-05,12:15:00,24447.35,24450.6,24438.9,24443.15,2107
NSE,NIFTY,2025-05-05,12:20:00,24442.05,24447.0,24430.0,24435.2,2108
NSE,NIFTY,2025-05-05,12:25:00,24433.25,24446.2,24431.65,24442.2,2109
NSE,NIFTY,2025-05-05,12:30:00,24441.5,24460.6,24432.45,24458.25,2110
NSE,NIFTY,2025-05-05,12:35:00,24457.45,24460.35,24447.65,24460.35,2111
NSE,NIFTY,2025-05-05,12:40:00,24458.65,24460.5,24442.9,24450.25,2112
NSE,NIFTY,2025-05-05,12:45:00,24450.0,24457.15,24443.3,24453.35,2113
NSE,NIFTY,2025-05-05,12:50:00,24451.1,24454.7,24441.7,24452.2,2114
NSE,NIFTY,2025-05-05,12:55:00,24453.6,24472.25,24452.05,24472.25,2115
NSE,NIFTY,2025-05-05,13:00:00,24472.3,24475.95,24466.15,24474.7,2116
NSE,NIFTY,2025-05-05,13:05:00,24472.75,24477.0,24462.05,24464.45,2117
NSE,NIFTY,2025-05-05,13:10:00,24464.45,24467.15,24453.35,24453.9,2118
NSE,NIFTY,2025-05-05,13:15:00,24454.0,24456.15,24443.35,24453.8,2119
NSE,NIFTY,2025-05-05,13:20:00,24453.65,24456.85,24435.75,24441.2,2120
NSE,NIFTY,2025-05-05,13:25:00,24440.65,24458.9,24434.05,24454.6,2121
NSE,NIFTY,2025-05-05,13:30:00,24453.95,24463.6,24450.85,24458.3,2122
NSE,NIFTY,2025-05-05,13:35:00,24457.1,24470.7,24456.05,24468.0,2123
NSE,NIFTY,2025-05-05,13:40:00,24467.6,24473.45,24461.1,24470.6,2124
NSE,NIFTY,2025-05-05,13:45:00,24471.8,24481.25,24469.35,24479.0,2125
NSE,NIFTY,2025-05-05,13:50:00,24480.25,24482.3,24469.5,24477.1,2126
NSE,NIFTY,2025-05-05,13:55:00,24478.15,24482.75,24474.6,24481.55,2127
NSE,NIFTY,2025-05-05,14:00:00,24481.5,24492.9,24476.4,24483.2,2128
NSE,NIFTY,2025-05-05,14:05:00,24484.3,24488.05,24474.05,24474.25,2129
NSE,NIFTY,2025-05-05,14:10:00,24476.7,24490.35,24472.65,24485.4,2130
NSE,NIFTY,2025-05-05,14:15:00,24487.5,24489.05,24472.55,24473.9,2131
NSE,NIFTY,2025-05-05,14:20:00,24474.05,24476.0,24459.0,24459.0,2132
NSE,NIFTY,2025-05-05,14:25:00,24460.9,24463.95,24455.35,24457.65,2133
NSE,NIFTY,2025-05-05,14:30:00,24456.45,24474.9,24455.0,24474.9,2134
NSE,NIFTY,2025-05-05,14:35:00,24476.25,24492.15,24475.05,24486.65,2135
NSE,NIFTY,2025-05-05,14:40:00,24488.45,24490.25,24477.5,24485.0,2136
NSE,NIFTY,2025-05-05,14:45:00,24484.4,24485.6,24471.3,24473.05,2137
NSE,NIFTY,2025-05-05,14:50:00,24473.65,24481.8,24471.85,24478.0,2138
NSE,NIFTY,2025-05-05,14:55:00,24478.05,24485.8,24473.8,24483.95,2139
NSE,NIFTY,2025-05-05,15:00:00,24485.0,24487.0,24465.25,24465.25,2140
NSE,NIFTY,2025-05-05,15:05:00,24466.35,24468.75,24451.35,24452.5,2141
NSE,NIFTY,2025-05-05,15:10:00,24453.65,24457.8,24442.15,24455.15,2142
NSE,NIFTY,2025-05-05,15:15:00,24455.15,24456.5,24446.85,24452.85,2143
NSE,NIFTY,2025-05-05,15:20:00,24453.4,24474.2,24451.15,24467.4,2144
NSE,NIFTY,2025-05-05,15:25:00,24466.2,24474.6,24464.0,24472.6,2145
NSE,NIFTY,2025-05-05,15:30:00,24470.35,24475.2,24457.2,24460.4,2146
NSE,NIFTY,2025-05-06,09:15:00,24500.75,24501.4,24451.5,24456.35,2174
NSE,NIFTY,2025-05-06,09:20:00,24455.4,24486.9,24446.0,24451.2,2175
NSE,NIFTY,2025-05-06,09:25:00,24449.6,24459.95,24430.9,24432.7,2176
NSE,NIFTY,2025-05-06,09:30:00,24431.35,24453.1,24421.25,24432.2,2177
NSE,NIFTY,2025-05-06,09:35:00,24431.4,24476.8,24424.1,24474.4,2178
NSE,NIFTY,2025-05-06,09:40:00,24474.3,24477.05,24448.0,24453.75,2179
NSE,NIFTY,2025-05-06,09:45:00,24453.6,24468.75,24436.5,24456.75,2180
NSE,NIFTY,2025-05-06,09:50:00,24456.15,24456.45,24430.05,24431.35,2181
NSE,NIFTY,2025-05-06,09:55:00,24431.7,24436.3,24403.6,24408.2,2182
NSE,NIFTY,2025-05-06,10:00:00,24409.3,24412.05,24388.85,24389.2,2183
NSE,NIFTY,2025-05-06,10:05:00,24388.2,24411.2,24380.65,24411.2,2184
NSE,NIFTY,2025-05-06,10:10:00,24411.05,24414.35,24386.9,24386.9,2185
NSE,NIFTY,2025-05-06,10:15:00,24387.7,24406.85,24380.75,24383.35,2186
NSE,NIFTY,2025-05-06,10:20:00,24383.65,24392.1,24373.55,24377.35,2187
NSE,NIFTY,2025-05-06,10:25:00,24377.45,24382.45,24369.2,24376.4,2188
NSE,NIFTY,2025-05-06,10:30:00,24376.5,24389.85,24370.2,24389.4,2189
NSE,NIFTY,2025-05-06,10:35:00,24389.05,24392.8,24375.5,24385.5,2190
NSE,NIFTY,2025-05-06,10:40:00,24383.45,24394.3,24376.3,24390.25,2191
NSE,NIFTY,2025-05-06,10:45:00,24390.95,24400.15,24385.55,24399.05,2192
NSE,NIFTY,2025-05-06,10:50:00,24399.8,24402.95,24389.75,24392.4,2193
NSE,NIFTY,2025-05-06,10:55:00,24392.7,24395.55,24384.7,24387.75,2194
NSE,NIFTY,2025-05-06,11:00:00,24388.0,24406.15,24386.75,24402.4,2195
NSE,NIFTY,2025-05-06,11:05:00,24402.6,24404.35,24389.05,24392.85,2196
NSE,NIFTY,2025-05-06,11:10:00,24393.55,24399.4,24388.8,24390.65,2197
NSE,NIFTY,2025-05-06,11:15:00,24390.05,24396.35,24385.85,24386.1,2198
NSE,NIFTY,2025-05-06,11:20:00,24386.25,24390.35,24374.2,24377.2,2199
NSE,NIFTY,2025-05-06,11:25:00,24378.2,24382.5,24373.75,24377.7,2200
NSE,NIFTY,2025-05-06,11:30:00,24378.9,24378.9,24366.9,24371.85,2201
NSE,NIFTY,2025-05-06,11:35:00,24371.65,24375.45,24366.55,24367.65,2202
NSE,NIFTY,2025-05-06,11:40:00,24369.45,24375.45,24360.55,24364.6,2203
NSE,NIFTY,2025-05-06,11:45:00,24365.15,24366.4,24356.95,24360.9,2204
NSE,NIFTY,2025-05-06,11:50:00,24361.5,24370.1,24357.35,24364.45,2205
NSE,NIFTY,2025-05-06,11:55:00,24363.75,24390.0,24359.95,24389.95,2206
NSE,NIFTY,2025-05-06,12:00:00,24389.95,24393.3,24372.25,24372.25,2207
NSE,NIFTY,2025-05-06,12:05:00,24373.2,24396.85,24372.6,24382.95,2208
NSE,NIFTY,2025-05-06,12:10:00,24383.2,24390.25,24373.0,24387.5,2209
NSE,NIFTY,2025-05-06,12:15:00,24386.8,24395.65,24381.65,24392.35,2210
NSE,NIFTY,2025-05-06,12:20:00,24389.85,24401.95,24386.1,24401.95,2211
NSE,NIFTY,2025-05-06,12:25:00,24401.9,24402.05,24387.7,24392.15,2212
NSE,NIFTY,2025-05-06,12:30:00,24390.25,24397.4,24384.5,24393.65,2213
NSE,NIFTY,2025-05-06,12:35:00,24394.05,24398.55,24381.65,24385.25,2214
NSE,NIFTY,2025-05-06,12:40:00,24385.25,24389.9,24378.1,24383.4,2215
NSE,NIFTY,2025-05-06,12:45:00,24384.5,24390.5,24378.9,24386.0,2216
NSE,NIFTY,2025-05-06,12:50:00,24384.6,24387.6,24375.2,24376.8,2217
NSE,NIFTY,2025-05-06,12:55:00,24380.45,24384.4,24372.95,24383.8,2218
NSE,NIFTY,2025-05-06,13:00:00,24382.15,24388.75,24373.3,24375.35,2219
NSE,NIFTY,2025-05-06,13:05:00,24376.4,24378.75,24367.05,24371.9,2220
NSE,NIFTY,2025-05-06,13:10:00,24372.3,24394.2,24368.35,24379.25,2221
NSE,NIFTY,2025-05-06,13:15:00,24380.2,24385.05,24372.75,24380.0,2222
NSE,NIFTY,2025-05-06,13:20:00,24381.45,24390.65,24377.45,24386.0,2223
NSE,NIFTY,2025-05-06,13:25:00,24384.35,24386.85,24376.0,24379.65,2224
NSE,NIFTY,2025-05-06,13:30:00,24377.8,24394.35,24376.8,24388.1,2225
NSE,NIFTY,2025-05-06,13:35:00,24389.6,24393.9,24384.95,24389.75,2226
NSE,NIFTY,2025-05-06,13:40:00,24388.6,24396.05,24386.7,24393.8,2227
NSE,NIFTY,2025-05-06,13:45:00,24394.75,24395.6,24385.55,24389.1,2228
NSE,NIFTY,2025-05-06,13:50:00,24390.2,24395.95,24386.5,24390.2,2229
NSE,NIFTY,2025-05-06,13:55:00,24390.4,24403.15,24388.4,24400.5,2230
NSE,NIFTY,2025-05-06,14:00:00,24399.1,24407.9,24395.1,24405.65,2231
NSE,NIFTY,2025-05-06,14:05:00,24407.5,24408.4,24387.1,24388.3,2232
NSE,NIFTY,2025-05-06,14:10:00,24387.25,24392.9,24379.05,24385.1,2233
NSE,NIFTY,2025-05-06,14:15:00,24383.8,24390.8,24380.75,24385.1,2234
NSE,NIFTY,2025-05-06,14:20:00,24384.2,24390.65,24377.75,24380.9,2235
NSE,NIFTY,2025-05-06,14:25:00,24383.2,24384.3,24361.9,24372.2,2236
NSE,NIFTY,2025-05-06,14:30:00,24368.05,24380.75,24366.1,24377.65,2237
NSE,NIFTY,2025-05-06,14:35:00,24375.95,24381.95,24370.65,24378.2,2238
NSE,NIFTY,2025-05-06,14:40:00,24378.55,24385.55,24376.6,24381.2,2239
NSE,NIFTY,2025-05-06,14:45:00,24381.95,24384.5,24372.3,24377.8,2240
NSE,NIFTY,2025-05-06,14:50:00,24377.3,24379.5,24367.6,24370.35,2241
NSE,NIFTY,2025-05-06,14:55:00,24369.0,24376.75,24364.15,24366.85,2242
NSE,NIFTY,2025-05-06,15:00:00,24366.2,24374.85,24356.4,24372.4,2243
NSE,NIFTY,2025-05-06,15:05:00,24373.1,24393.75,24369.4,24390.55,2244
NSE,NIFTY,2025-05-06,15:10:00,24391.35,24400.65,24387.1,24397.55,2245
NSE,NIFTY,2025-05-06,15:15:00,24396.45,24399.95,24375.8,24376.2,2246
NSE,NIFTY,2025-05-06,15:20:00,24376.95,24376.95,24360.95,24368.45,2247
NSE,NIFTY,2025-05-06,15:25:00,24365.7,24373.7,24365.7,24373.05,2248
NSE,NIFTY,2025-05-06,15:30:00,24373.45,24376.0,24332.75,24335.75,2249
NSE,NIFTY,2025-05-07,09:15:00,24233.3,24306.65,24224.65,24306.3,2277
NSE,NIFTY,2025-05-07,09:20:00,24306.3,24386.65,24306.3,24367.55,2278
NSE,NIFTY,2025-05-07,09:25:00,24369.15,24381.35,24349.2,24376.15,2279
NSE,NIFTY,2025-05-07,09:30:00,24376.65,24443.7,24371.7,24433.25,2280
NSE,NIFTY,2025-05-07,09:35:00,24432.7,24448.4,24413.1,24442.8,2281
NSE,NIFTY,2025-05-07,09:40:00,24442.65,24449.35,24396.0,24401.15,2282
NSE,NIFTY,2025-05-07,09:45:00,24400.35,24419.0,24391.3,24398.2,2283
NSE,NIFTY,2025-05-07,09:50:00,24396.1,24397.1,24335.2,24349.7,2284
NSE,NIFTY,2025-05-07,09:55:00,24350.3,24350.45,24320.05,24345.2,2285
NSE,NIFTY,2025-05-07,10:00:00,24346.75,24377.15,24337.1,24356.15,2286
NSE,NIFTY,2025-05-07,10:05:00,24358.0,24369.15,24336.5,24351.3,2287
NSE,NIFTY,2025-05-07,10:10:00,24352.05,24353.8,24293.75,24295.45,2288
NSE,NIFTY,2025-05-07,10:15:00,24294.6,24312.75,24290.3,24296.4,2289
NSE,NIFTY,2025-05-07,10:20:00,24296.45,24306.6,24285.55,24290.2,2290
NSE,NIFTY,2025-05-07,10:25:00,24290.65,24353.45,24285.0,24348.25,2291
NSE,NIFTY,2025-05-07,10:30:00,24348.55,24359.65,24328.55,24331.1,2292
NSE,NIFTY,2025-05-07,10:35:00,24330.1,24372.85,24329.2,24361.45,2293
NSE,NIFTY,2025-05-07,10:40:00,24361.35,24366.75,24350.85,24360.2,2294
NSE,NIFTY,2025-05-07,10:45:00,24361.95,24369.6,24352.1,24357.2,2295
NSE,NIFTY,2025-05-07,10:50:00,24357.45,24372.0,24354.05,24362.5,2296
NSE,NIFTY,2025-05-07,10:55:00,24364.1,24364.1,24337.15,24337.8,2297
NSE,NIFTY,2025-05-07,11:00:00,24338.05,24343.2,24324.75,24339.55,2298
NSE,NIFTY,2025-05-07,11:05:00,24339.75,24366.4,24339.65,24360.45,2299
NSE,NIFTY,2025-05-07,11:10:00,24360.1,24362.75,24350.55,24356.6,2300
NSE,NIFTY,2025-05-07,11:15:00,24358.4,24377.9,24356.5,24377.5,2301
NSE,NIFTY,2025-05-07,11:20:00,24377.3,24403.6,24373.75,24401.25,2302
NSE,NIFTY,2025-05-07,11:25:00,24401.35,24409.1,24393.0,24408.5,2303
NSE,NIFTY,2025-05-07,11:30:00,24409.05,24416.2,24404.95,24412.15,2304
NSE,NIFTY,2025-05-07,11:35:00,24412.9,24430.4,24411.65,24426.35,2305
NSE,NIFTY,2025-05-07,11:40:00,24426.1,24426.9,24402.45,24412.9,2306
NSE,NIFTY,2025-05-07,11:45:00,24412.25,24415.6,24405.75,24407.15,2307
NSE,NIFTY,2025-05-07,11:50:00,24407.4,24407.85,24369.85,24373.1,2308
NSE,NIFTY,2025-05-07,11:55:00,24372.7,24372.7,24349.75,24366.5,2309
NSE,NIFTY,2025-05-07,12:00:00,24366.8,24372.5,24354.75,24355.0,2310
NSE,NIFTY,2025-05-07,12:05:00,24354.5,24366.35,24352.9,24364.95,2311
NSE,NIFTY,2025-05-07,12:10:00,24365.75,24381.85,24359.3,24380.9,2312
NSE,NIFTY,2025-05-07,12:15:00,24381.75,24382.55,24372.0,24375.35,2313
NSE,NIFTY,2025-05-07,12:20:00,24375.6,24390.5,24365.65,24386.1,2314
NSE,NIFTY,2025-05-07,12:25:00,24386.3,24389.8,24371.1,24379.45,2315
NSE,NIFTY,2025-05-07,12:30:00,24379.4,24391.4,24378.3,24387.05,2316
NSE,NIFTY,2025-05-07,12:35:00,24387.6,24398.25,24385.05,24392.9,2317
NSE,NIFTY,2025-05-07,12:40:00,24393.5,24393.85,24380.95,24390.5,2318
NSE,NIFTY,2025-05-07,12:45:00,24390.95,24394.65,24383.3,24392.0,2319
NSE,NIFTY,2025-05-07,12:50:00,24391.1,24394.8,24388.9,24392.35,2320
NSE,NIFTY,2025-05-07,12:55:00,24393.4,24400.4,24386.45,24387.9,2321
NSE,NIFTY,2025-05-07,13:00:00,24388.75,24389.25,24380.35,24382.3,2322
NSE,NIFTY,2025-05-07,13:05:00,24381.95,24382.2,24366.05,24366.55,2323
NSE,NIFTY,2025-05-07,13:10:00,24366.6,24368.0,24354.95,24361.6,2324
NSE,NIFTY,2025-05-07,13:15:00,24361.0,24364.7,24358.9,24363.55,2325
NSE,NIFTY,2025-05-07,13:20:00,24364.15,24372.65,24362.85,24363.75,2326
NSE,NIFTY,2025-05-07,13:25:00,24363.4,24369.15,24357.95,24360.45,2327
NSE,NIFTY,2025-05-07,13:30:00,24360.45,24365.65,24356.4,24361.15,2328
NSE,NIFTY,2025-05-07,13:35:00,24360.7,24364.0,24351.8,24355.1,2329
NSE,NIFTY,2025-05-07,13:40:00,24356.25,24357.45,24345.35,24353.0,2330
NSE,NIFTY,2025-05-07,13:45:00,24353.0,24357.0,24345.9,24355.5,2331
NSE,NIFTY,2025-05-07,13:50:00,24354.0,24360.35,24346.15,24357.0,2332
NSE,NIFTY,2025-05-07,13:55:00,24357.35,24364.1,24354.15,24358.85,2333
NSE,NIFTY,2025-05-07,14:00:00,24360.5,24374.95,24359.05,24373.85,2334
NSE,NIFTY,2025-05-07,14:05:00,24374.85,24393.75,24368.3,24391.45,2335
NSE,NIFTY,2025-05-07,14:10:00,24392.3,24409.65,24387.9,24407.45,2336
NSE,NIFTY,2025-05-07,14:15:00,24406.9,24422.95,24403.3,24411.95,2337
NSE,NIFTY,2025-05-07,14:20:00,24412.45,24416.85,24393.6,24395.45,2338
NSE,NIFTY,2025-05-07,14:25:00,24395.85,24396.25,24367.85,24375.5,2339
NSE,NIFTY,2025-05-07,14:30:00,24377.3,24397.7,24371.6,24394.55,2340
NSE,NIFTY,2025-05-07,14:35:00,24394.7,24415.4,24394.25,24414.75,2341
NSE,NIFTY,2025-05-07,14:40:00,24413.95,24426.05,24401.35,24402.6,2342
NSE,NIFTY,2025-05-07,14:45:00,24401.6,24418.35,24400.75,24409.3,2343
NSE,NIFTY,2025-05-07,14:50:00,24411.2,24416.15,24400.75,24400.75,2344
NSE,NIFTY,2025-05-07,14:55:00,24402.4,24411.15,24396.95,24405.35,2345
NSE,NIFTY,2025-05-07,15:00:00,24405.1,24417.45,24394.4,24404.45,2346
NSE,NIFTY,2025-05-07,15:05:00,24405.8,24424.05,24401.85,24416.1,2347
NSE,NIFTY,2025-05-07,15:10:00,24416.55,24417.35,24410.85,24413.35,2348
NSE,NIFTY,2025-05-07,15:15:00,24412.95,24416.6,24403.45,24414.05,2349
NSE,NIFTY,2025-05-07,15:20:00,24416.65,24425.05,24408.65,24410.15,2350
NSE,NIFTY,2025-05-07,15:25:00,24410.4,24415.1,24406.2,24411.95,2351
NSE,NIFTY,2025-05-07,15:30:00,24412.25,24420.3,24403.8,24409.3,2352
NSE,NIFTY,2025-05-08,09:15:00,24431.5,24445.25,24421.2,24435.85,2380
NSE,NIFTY,2025-05-08,09:20:00,24437.8,24443.6,24394.05,24405.05,2381
NSE,NIFTY,2025-05-08,09:25:00,24405.3,24415.1,24382.25,24405.65,2382
NSE,NIFTY,2025-05-08,09:30:00,24406.1,24416.95,24382.15,24383.15,2383
NSE,NIFTY,2025-05-08,09:35:00,24383.35,24390.0,24374.55,24381.3,2384
NSE,NIFTY,2025-05-08,09:40:00,24383.15,24406.65,24378.65,24393.2,2385
NSE,NIFTY,2025-05-08,09:45:00,24391.4,24394.15,24378.0,24387.45,2386
NSE,NIFTY,2025-05-08,09:50:00,24388.4,24394.65,24373.85,24377.2,2387
NSE,NIFTY,2025-05-08,09:55:00,24377.05,24387.7,24376.3,24383.8,2388
NSE,NIFTY,2025-05-08,10:00:00,24384.5,24387.15,24376.95,24382.5,2389
NSE,NIFTY,2025-05-08,10:05:00,24383.85,24402.2,24381.9,24396.2,2390
NSE,NIFTY,2025-05-08,10:10:00,24396.8,24399.75,24392.4,24393.2,2391
NSE,NIFTY,2025-05-08,10:15:00,24393.75,24396.5,24387.9,24392.0,2392
NSE,NIFTY,2025-05-08,10:20:00,24391.55,24395.65,24384.35,24392.5,2393
NSE,NIFTY,2025-05-08,10:25:00,24392.45,24407.65,24390.15,24406.1,2394
NSE,NIFTY,2025-05-08,10:30:00,24406.3,24412.3,24402.6,24404.25,2395
NSE,NIFTY,2025-05-08,10:35:00,24405.45,24409.45,24394.85,24403.35,2396
NSE,NIFTY,2025-05-08,10:40:00,24403.2,24403.2,24388.0,24389.9,2397
NSE,NIFTY,2025-05-08,10:45:00,24388.95,24402.55,24388.8,24401.25,2398
NSE,NIFTY,2025-05-08,10:50:00,24400.55,24404.3,24390.3,24400.6,2399
NSE,NIFTY,2025-05-08,10:55:00,24400.95,24405.65,24398.25,24401.95,2400
NSE,NIFTY,2025-05-08,11:00:00,24403.45,24405.9,24393.2,24398.4,2401
NSE,NIFTY,2025-05-08,11:05:00,24398.4,24403.85,24395.5,24397.4,2402
NSE,NIFTY,2025-05-08,11:10:00,24397.25,24406.4,24395.15,24405.85,2403
NSE,NIFTY,2025-05-08,11:15:00,24406.05,24407.8,24397.15,24400.7,2404
NSE,NIFTY,2025-05-08,11:20:00,24401.05,24408.9,24398.35,24408.4,2405
NSE,NIFTY,2025-05-08,11:25:00,24408.5,24412.7,24406.15,24410.7,2406
NSE,NIFTY,2025-05-08,11:30:00,24410.8,24415.8,24409.65,24412.4,2407
NSE,NIFTY,2025-05-08,11:35:00,24411.05,24413.55,24407.05,24409.25,2408
NSE,NIFTY,2025-05-08,11:40:00,24408.4,24412.0,24403.6,24406.4,2409
NSE,NIFTY,2025-05-08,11:45:00,24406.9,24410.25,24406.0,24408.6,2410
NSE,NIFTY,2025-05-08,11:50:00,24409.05,24410.0,24398.3,24404.35,2411
NSE,NIFTY,2025-05-08,11:55:00,24404.25,24405.2,24398.45,24402.3,2412
NSE,NIFTY,2025-05-08,12:00:00,24402.8,24403.35,24398.25,24400.9,2413
NSE,NIFTY,2025-05-08,12:05:00,24401.5,24404.25,24397.25,24398.6,2414
NSE,NIFTY,2025-05-08,12:10:00,24399.35,24403.8,24396.7,24398.95,2415
NSE,NIFTY,2025-05-08,12:15:00,24398.5,24405.3,24397.65,24403.2,2416
NSE,NIFTY,2025-05-08,12:20:00,24403.1,24411.2,24399.6,24403.1,2417
NSE,NIFTY,2025-05-08,12:25:00,24404.0,24407.9,24399.25,24406.8,2418
NSE,NIFTY,2025-05-08,12:30:00,24406.25,24408.6,24400.4,24404.6,2419
NSE,NIFTY,2025-05-08,12:35:00,24404.75,24405.2,24398.1,24398.1,2420
NSE,NIFTY,2025-05-08,12:40:00,24400.1,24404.5,24398.8,24402.3,2421
NSE,NIFTY,2025-05-08,12:45:00,24402.7,24404.05,24395.2,24398.25,2422
NSE,NIFTY,2025-05-08,12:50:00,24397.1,24399.95,24396.0,24398.6,2423
NSE,NIFTY,2025-05-08,12:55:00,24399.3,24403.9,24394.0,24400.65,2424
NSE,NIFTY,2025-05-08,13:00:00,24400.1,24401.05,24395.15,24398.1,2425
NSE,NIFTY,2025-05-08,13:05:00,24397.5,24398.75,24392.5,24394.25,2426
NSE,NIFTY,2025-05-08,13:10:00,24395.1,24396.3,24387.15,24389.75,2427
NSE,NIFTY,2025-05-08,13:15:00,24389.9,24392.75,24381.05,24382.2,2428
NSE,NIFTY,2025-05-08,13:20:00,24382.2,24386.7,24371.2,24372.95,2429
NSE,NIFTY,2025-05-08,13:25:00,24372.2,24375.75,24350.15,24359.8,2430
NSE,NIFTY,2025-05-08,13:30:00,24358.85,24371.95,24357.65,24365.65,2431
NSE,NIFTY,2025-05-08,13:35:00,24365.55,24375.85,24361.65,24366.45,2432
NSE,NIFTY,2025-05-08,13:40:00,24366.85,24367.2,24331.05,24335.8,2433
NSE,NIFTY,2025-05-08,13:45:00,24337.95,24345.0,24323.05,24324.65,2434
NSE,NIFTY,2025-05-08,13:50:00,24325.55,24361.1,24324.7,24356.65,2435
NSE,NIFTY,2025-05-08,13:55:00,24357.1,24357.65,24335.4,24337.7,2436
NSE,NIFTY,2025-05-08,14:00:00,24338.35,24338.9,24322.65,24335.25,2437
NSE,NIFTY,2025-05-08,14:05:00,24334.3,24344.2,24330.15,24340.9,2438
NSE,NIFTY,2025-05-08,14:10:00,24340.45,24344.45,24326.35,24327.05,2439
NSE,NIFTY,2025-05-08,14:15:00,24326.95,24332.9,24314.4,24318.6,2440
NSE,NIFTY,2025-05-08,14:20:00,24319.0,24345.8,24319.0,24331.75,2441
NSE,NIFTY,2025-05-08,14:25:00,24333.5,24341.55,24327.4,24339.1,2442
NSE,NIFTY,2025-05-08,14:30:00,24337.9,24357.2,24334.3,24356.0,2443
NSE,NIFTY,2025-05-08,14:35:00,24356.7,24357.3,24338.9,24340.15,2444
NSE,NIFTY,2025-05-08,14:40:00,24339.35,24348.8,24337.45,24340.25,2445
NSE,NIFTY,2025-05-08,14:45:00,24339.95,24341.45,24331.15,24335.9,2446
NSE,NIFTY,2025-05-08,14:50:00,24335.9,24337.05,24310.1,24311.85,2447
NSE,NIFTY,2025-05-08,14:55:00,24310.45,24313.7,24244.4,24263.2,2448
NSE,NIFTY,2025-05-08,15:00:00,24266.0,24294.9,24247.7,24248.1,2449
NSE,NIFTY,2025-05-08,15:05:00,24249.2,24296.65,24248.85,24296.15,2450
NSE,NIFTY,2025-05-08,15:10:00,24296.3,24322.6,24296.3,24315.2,2451
NSE,NIFTY,2025-05-08,15:15:00,24315.9,24322.1,24302.9,24306.75,2452
NSE,NIFTY,2025-05-08,15:20:00,24306.9,24306.9,24265.35,24267.1,2453
NSE,NIFTY,2025-05-08,15:25:00,24266.7,24267.5,24212.75,24219.05,2454
NSE,NIFTY,2025-05-08,15:30:00,24218.6,24223.5,24151.45,24153.05,2455
NSE,NIFTY,2025-05-09,09:15:00,23935.75,24080.5,23935.75,24080.5,2483
NSE,NIFTY,2025-05-09,09:20:00,24097.45,24156.95,24066.25,24141.4,2484
NSE,NIFTY,2025-05-09,09:25:00,24141.15,24159.15,24059.8,24110.6,2485
NSE,NIFTY,2025-05-09,09:30:00,24108.3,24163.65,24060.0,24063.45,2486
NSE,NIFTY,2025-05-09,09:35:00,24063.6,24097.8,24039.15,24043.75,2487
NSE,NIFTY,2025-05-09,09:40:00,24044.85,24108.5,24043.85,24107.8,2488
NSE,NIFTY,2025-05-09,09:45:00,24107.1,24122.7,24083.3,24104.45,2489
NSE,NIFTY,2025-05-09,09:50:00,24100.15,24101.9,24045.95,24046.35,2490
NSE,NIFTY,2025-05-09,09:55:00,24046.55,24066.45,24029.6,24037.55,2491
NSE,NIFTY,2025-05-09,10:00:00,24037.5,24048.2,24007.15,24007.85,2492
NSE,NIFTY,2025-05-09,10:05:00,24008.45,24016.7,23966.7,23968.55,2493
NSE,NIFTY,2025-05-09,10:10:00,23967.95,23993.9,23949.2,23981.0,2494
NSE,NIFTY,2025-05-09,10:15:00,23981.2,24074.4,23979.6,24066.45,2495
NSE,NIFTY,2025-05-09,10:20:00,24066.0,24086.75,24041.7,24041.7,2496
NSE,NIFTY,2025-05-09,10:25:00,24041.45,24074.35,24030.55,24057.2,2497
NSE,NIFTY,2025-05-09,10:30:00,24056.45,24061.6,24031.2,24049.0,2498
NSE,NIFTY,2025-05-09,10:35:00,24049.6,24057.3,24029.45,24032.25,2499
NSE,NIFTY,2025-05-09,10:40:00,24032.4,24063.25,24016.75,24024.95,2500
NSE,NIFTY,2025-05-09,10:45:00,24024.15,24029.2,24007.45,24012.65,2501
NSE,NIFTY,2025-05-09,10:50:00,24011.95,24019.0,24004.75,24016.1,2502
NSE,NIFTY,2025-05-09,10:55:00,24015.65,24015.65,23976.95,23978.25,2503
NSE,NIFTY,2025-05-09,11:00:00,23976.65,23997.8,23976.65,23997.5,2504
NSE,NIFTY,2025-05-09,11:05:00,23996.85,24011.5,23990.55,24010.55,2505
NSE,NIFTY,2025-05-09,11:10:00,24010.7,24017.2,23989.55,23992.2,2506
NSE,NIFTY,2025-05-09,11:15:00,23991.8,24015.05,23989.4,24010.6,2507
NSE,NIFTY,2025-05-09,11:20:00,24010.25,24022.5,24005.4,24009.75,2508
NSE,NIFTY,2025-05-09,11:25:00,24008.65,24030.65,23999.45,24025.15,2509
NSE,NIFTY,2025-05-09,11:30:00,24025.0,24095.6,24023.7,24089.8,2510
NSE,NIFTY,2025-05-09,11:35:00,24088.45,24121.3,24087.45,24092.45,2511
NSE,NIFTY,2025-05-09,11:40:00,24092.2,24092.65,24065.5,24074.45,2512
NSE,NIFTY,2025-05-09,11:45:00,24074.25,24083.35,24054.35,24059.25,2513
NSE,NIFTY,2025-05-09,11:50:00,24059.8,24059.8,24013.95,24025.3,2514
NSE,NIFTY,2025-05-09,11:55:00,24024.55,24045.2,24020.05,24041.25,2515
NSE,NIFTY,2025-05-09,12:00:00,24042.6,24060.85,24039.5,24050.7,2516
NSE,NIFTY,2025-05-09,12:05:00,24050.0,24055.25,24024.0,24029.8,2517
NSE,NIFTY,2025-05-09,12:10:00,24029.15,24043.9,24025.0,24036.0,2518
NSE,NIFTY,2025-05-09,12:15:00,24036.55,24054.55,24031.8,24047.6,2519
NSE,NIFTY,2025-05-09,12:20:00,24049.45,24053.05,24020.35,24022.75,2520
NSE,NIFTY,2025-05-09,12:25:00,24021.7,24036.15,24010.15,24031.25,2521
NSE,NIFTY,2025-05-09,12:30:00,24033.6,24044.95,24027.7,24028.7,2522
NSE,NIFTY,2025-05-09,12:35:00,24029.1,24029.9,24010.75,24014.6,2523
NSE,NIFTY,2025-05-09,12:40:00,24014.3,24026.95,24008.75,24016.05,2524
NSE,NIFTY,2025-05-09,12:45:00,24016.0,24022.2,24001.85,24004.35,2525
NSE,NIFTY,2025-05-09,12:50:00,24003.45,24035.1,24002.25,24035.1,2526
NSE,NIFTY,2025-05-09,12:55:00,24034.15,24045.6,24026.8,24035.25,2527
NSE,NIFTY,2025-05-09,13:00:00,24035.15,24038.5,24017.8,24037.55,2528
NSE,NIFTY,2025-05-09,13:05:00,24036.7,24038.4,24011.9,24015.95,2529
NSE,NIFTY,2025-05-09,13:10:00,24015.35,24016.7,23992.8,23997.0,2530
NSE,NIFTY,2025-05-09,13:15:00,23997.0,24021.1,23995.95,24012.7,2531
NSE,NIFTY,2025-05-09,13:20:00,24013.85,24024.7,24009.9,24017.15,2532
NSE,NIFTY,2025-05-09,13:25:00,24016.7,24017.65,23974.45,23983.5,2533
NSE,NIFTY,2025-05-09,13:30:00,23982.8,23987.9,23961.7,23970.35,2534
NSE,NIFTY,2025-05-09,13:35:00,23970.35,23998.5,23968.55,23980.9,2535
NSE,NIFTY,2025-05-09,13:40:00,23979.9,23986.85,23971.55,23982.45,2536
NSE,NIFTY,2025-05-09,13:45:00,23981.65,23986.0,23965.4,23985.2,2537
NSE,NIFTY,2025-05-09,13:50:00,23985.15,23995.6,23972.85,23984.65,2538
NSE,NIFTY,2025-05-09,13:55:00,23984.5,24013.5,23976.75,24001.2,2539
NSE,NIFTY,2025-05-09,14:00:00,24000.8,24001.45,23977.95,23987.35,2540
NSE,NIFTY,2025-05-09,14:05:00,23987.6,24011.3,23982.25,23989.3,2541
NSE,NIFTY,2025-05-09,14:10:00,23989.5,24000.1,23980.15,23997.15,2542
NSE,NIFTY,2025-05-09,14:15:00,23991.15,24012.45,23987.45,24008.5,2543
NSE,NIFTY,2025-05-09,14:20:00,24007.25,24032.75,24007.2,24015.35,2544
NSE,NIFTY,2025-05-09,14:25:00,24014.75,24016.5,23975.6,23978.65,2545
NSE,NIFTY,2025-05-09,14:30:00,23979.0,23980.35,23960.95,23973.55,2546
NSE,NIFTY,2025-05-09,14:35:00,23973.05,23995.55,23969.65,23985.3,2547
NSE,NIFTY,2025-05-09,14:40:00,23985.0,23987.65,23974.2,23978.35,2548
NSE,NIFTY,2025-05-09,14:45:00,23976.3,23992.25,23975.6,23991.8,2549
NSE,NIFTY,2025-05-09,14:50:00,23991.15,24006.1,23989.7,24004.05,2550
NSE,NIFTY,2025-05-09,14:55:00,24004.55,24025.7,23999.8,24000.85,2551
NSE,NIFTY,2025-05-09,15:00:00,23999.4,24017.55,23998.45,24004.65,2552
NSE,NIFTY,2025-05-09,15:05:00,24002.0,24015.3,23988.45,24000.5,2553
NSE,NIFTY,2025-05-09,15:10:00,23999.0,24013.15,23994.45,23996.8,2554
NSE,NIFTY,2025-05-09,15:15:00,23995.5,24003.95,23993.2,24000.15,2555
NSE,NIFTY,2025-05-09,15:20:00,23999.1,24019.65,23999.1,24017.3,2556
NSE,NIFTY,2025-05-09,15:25:00,24014.95,24022.85,24001.1,24020.75,2557
NSE,NIFTY,2025-05-09,15:30:00,24019.5,24046.9,24018.45,24035.65,2558
NSE,NIFTY,2025-05-12,09:15:00,24420.1,24484.8,24386.6,24478.5,2586
NSE,NIFTY,2025-05-12,09:20:00,24480.1,24590.0,24479.25,24589.45,2587
NSE,NIFTY,2025-05-12,09:25:00,24589.25,24589.7,24562.55,24576.9,2588
NSE,NIFTY,2025-05-12,09:30:00,24577.9,24600.2,24572.2,24599.7,2589
NSE,NIFTY,2025-05-12,09:35:00,24601.05,24631.6,24585.6,24626.9,2590
NSE,NIFTY,2025-05-12,09:40:00,24627.2,24632.7,24602.25,24620.0,2591
NSE,NIFTY,2025-05-12,09:45:00,24619.75,24621.25,24583.4,24605.5,2592
NSE,NIFTY,2025-05-12,09:50:00,24607.15,24619.25,24603.2,24615.15,2593
NSE,NIFTY,2025-05-12,09:55:00,24614.95,24677.25,24613.4,24672.15,2594
NSE,NIFTY,2025-05-12,10:00:00,24673.9,24737.2,24670.5,24715.5,2595
NSE,NIFTY,2025-05-12,10:05:00,24719.5,24722.1,24691.45,24693.75,2596
NSE,NIFTY,2025-05-12,10:10:00,24693.9,24701.05,24680.8,24684.95,2597
NSE,NIFTY,2025-05-12,10:15:00,24686.2,24700.1,24668.4,24696.65,2598
NSE,NIFTY,2025-05-12,10:20:00,24697.0,24708.3,24687.6,24697.05,2599
NSE,NIFTY,2025-05-12,10:25:00,24698.95,24719.25,24695.95,24717.9,2600
NSE,NIFTY,2025-05-12,10:30:00,24718.0,24723.55,24696.45,24704.6,2601
NSE,NIFTY,2025-05-12,10:35:00,24705.35,24712.85,24684.25,24692.25,2602
NSE,NIFTY,2025-05-12,10:40:00,24694.0,24700.2,24679.0,24683.65,2603
NSE,NIFTY,2025-05-12,10:45:00,24684.65,24700.55,24673.3,24692.6,2604
NSE,NIFTY,2025-05-12,10:50:00,24692.85,24693.5,24674.95,24685.8,2605
NSE,NIFTY,2025-05-12,10:55:00,24686.25,24691.85,24677.75,24684.3,2606
NSE,NIFTY,2025-05-12,11:00:00,24684.4,24694.15,24669.1,24684.1,2607
NSE,NIFTY,2025-05-12,11:05:00,24683.35,24694.0,24680.95,24686.6,2608
NSE,NIFTY,2025-05-12,11:10:00,24686.65,24714.55,24685.35,24713.4,2609
NSE,NIFTY,2025-05-12,11:15:00,24712.9,24714.85,24701.9,24705.1,2610
NSE,NIFTY,2025-05-12,11:20:00,24706.5,24709.9,24698.55,24705.9,2611
NSE,NIFTY,2025-05-12,11:25:00,24705.65,24741.8,24703.0,24741.45,2612
NSE,NIFTY,2025-05-12,11:30:00,24742.3,24745.45,24730.7,24734.0,2613
NSE,NIFTY,2025-05-12,11:35:00,24734.35,24744.6,24734.0,24737.4,2614
NSE,NIFTY,2025-05-12,11:40:00,24737.3,24739.55,24718.9,24726.6,2615
NSE,NIFTY,2025-05-12,11:45:00,24727.0,24730.95,24715.75,24722.85,2616
NSE,NIFTY,2025-05-12,11:50:00,24723.4,24731.2,24713.2,24724.25,2617
NSE,NIFTY,2025-05-12,11:55:00,24724.7,24727.95,24716.35,24726.4,2618
NSE,NIFTY,2025-05-12,12:00:00,24726.45,24729.75,24715.5,24719.4,2619
NSE,NIFTY,2025-05-12,12:05:00,24718.4,24724.05,24711.35,24718.8,2620
NSE,NIFTY,2025-05-12,12:10:00,24719.05,24728.45,24716.25,24717.85,2621
NSE,NIFTY,2025-05-12,12:15:00,24717.2,24726.9,24713.4,24724.9,2622
NSE,NIFTY,2025-05-12,12:20:00,24725.7,24727.65,24715.4,24716.7,2623
NSE,NIFTY,2025-05-12,12:25:00,24716.1,24722.3,24700.0,24701.6,2624
NSE,NIFTY,2025-05-12,12:30:00,24701.3,24737.0,24690.35,24737.0,2625
NSE,NIFTY,2025-05-12,12:35:00,24736.95,24788.05,24734.6,24781.15,2626
NSE,NIFTY,2025-05-12,12:40:00,24780.65,24806.15,24776.75,24799.1,2627
NSE,NIFTY,2025-05-12,12:45:00,24797.65,24797.65,24778.55,24788.7,2628
NSE,NIFTY,2025-05-12,12:50:00,24787.8,24790.2,24772.35,24780.4,2629
NSE,NIFTY,2025-05-12,12:55:00,24780.2,24783.65,24773.1,24777.5,2630
NSE,NIFTY,2025-05-12,13:00:00,24776.4,24805.75,24776.1,24804.85,2631
NSE,NIFTY,2025-05-12,13:05:00,24804.2,24806.55,24781.25,24784.55,2632
NSE,NIFTY,2025-05-12,13:10:00,24784.3,24798.4,24779.95,24793.25,2633
NSE,NIFTY,2025-05-12,13:15:00,24792.7,24796.6,24784.45,24790.6,2634
NSE,NIFTY,2025-05-12,13:20:00,24791.1,24804.8,24790.6,24803.95,2635
NSE,NIFTY,2025-05-12,13:25:00,24802.95,24821.3,24801.75,24820.65,2636
NSE,NIFTY,2025-05-12,13:30:00,24819.75,24824.6,24803.7,24820.4,2637
NSE,NIFTY,2025-05-12,13:35:00,24821.4,24840.55,24818.2,24834.65,2638
NSE,NIFTY,2025-05-12,13:40:00,24834.2,24841.55,24827.3,24838.65,2639
NSE,NIFTY,2025-05-12,13:45:00,24838.7,24849.95,24836.0,24847.2,2640
NSE,NIFTY,2025-05-12,13:50:00,24846.65,24853.05,24841.15,24842.55,2641
NSE,NIFTY,2025-05-12,13:55:00,24842.65,24845.85,24833.75,24839.9,2642
NSE,NIFTY,2025-05-12,14:00:00,24839.95,24846.05,24830.1,24843.5,2643
NSE,NIFTY,2025-05-12,14:05:00,24843.8,24848.6,24840.95,24843.1,2644
NSE,NIFTY,2025-05-12,14:10:00,24843.35,24846.2,24836.0,24841.7,2645
NSE,NIFTY,2025-05-12,14:15:00,24840.75,24885.7,24836.65,24881.05,2646
NSE,NIFTY,2025-05-12,14:20:00,24879.75,24901.95,24877.0,24889.3,2647
NSE,NIFTY,2025-05-12,14:25:00,24889.2,24897.3,24887.45,24891.05,2648
NSE,NIFTY,2025-05-12,14:30:00,24891.85,24903.1,24889.15,24900.85,2649
NSE,NIFTY,2025-05-12,14:35:00,24900.9,24906.7,24870.45,24872.4,2650
NSE,NIFTY,2025-05-12,14:40:00,24870.9,24888.7,24862.65,24862.65,2651
NSE,NIFTY,2025-05-12,14:45:00,24862.65,24878.25,24854.75,24861.6,2652
NSE,NIFTY,2025-05-12,14:50:00,24862.25,24881.5,24858.2,24874.1,2653
NSE,NIFTY,2025-05-12,14:55:00,24873.45,24899.2,24871.15,24897.45,2654
NSE,NIFTY,2025-05-12,15:00:00,24897.85,24930.35,24894.05,24925.25,2655
NSE,NIFTY,2025-05-12,15:05:00,24924.5,24926.75,24908.95,24912.0,2656
NSE,NIFTY,2025-05-12,15:10:00,24911.35,24912.65,24898.35,24912.1,2657
NSE,NIFTY,2025-05-12,15:15:00,24912.7,24915.05,24904.75,24906.55,2658
NSE,NIFTY,2025-05-12,15:20:00,24907.55,24944.2,24906.2,24939.8,2659
NSE,NIFTY,2025-05-12,15:25:00,24938.2,24943.65,24928.65,24931.45,2660
NSE,NIFTY,2025-05-12,15:30:00,24931.05,24932.6,24920.25,24920.8,2661
NSE,NIFTY,2025-05-13,09:15:00,24864.05,24936.05,24864.05,24933.35,2689
NSE,NIFTY,2025-05-13,09:20:00,24935.6,24971.55,24835.95,24847.1,2690
NSE,NIFTY,2025-05-13,09:25:00,24847.8,24859.65,24777.25,24794.8,2691
NSE,NIFTY,2025-05-13,09:30:00,24797.0,24821.45,24738.65,24744.65,2692
NSE,NIFTY,2025-05-13,09:35:00,24747.1,24772.45,24676.85,24766.3,2693
NSE,NIFTY,2025-05-13,09:40:00,24766.75,24846.6,24763.7,24818.7,2694
NSE,NIFTY,2025-05-13,09:45:00,24819.0,24819.0,24730.95,24733.55,2695
NSE,NIFTY,2025-05-13,09:50:00,24736.0,24754.75,24677.6,24686.4,2696
NSE,NIFTY,2025-05-13,09:55:00,24686.15,24756.65,24685.2,24732.0,2697
NSE,NIFTY,2025-05-13,10:00:00,24733.45,24756.1,24707.3,24719.1,2698
NSE,NIFTY,2025-05-13,10:05:00,24719.2,24732.55,24681.15,24718.8,2699
NSE,NIFTY,2025-05-13,10:10:00,24718.25,24789.45,24705.75,24766.2,2700
NSE,NIFTY,2025-05-13,10:15:00,24767.6,24786.05,24742.95,24767.25,2701
NSE,NIFTY,2025-05-13,10:20:00,24767.05,24797.6,24750.6,24761.55,2702
NSE,NIFTY,2025-05-13,10:25:00,24761.55,24772.45,24737.85,24751.35,2703
NSE,NIFTY,2025-05-13,10:30:00,24752.05,24758.05,24653.75,24666.3,2704
NSE,NIFTY,2025-05-13,10:35:00,24667.2,24687.05,24636.55,24669.05,2705
NSE,NIFTY,2025-05-13,10:40:00,24669.35,24706.25,24659.35,24706.1,2706
NSE,NIFTY,2025-05-13,10:45:00,24706.85,24709.15,24680.15,24705.2,2707
NSE,NIFTY,2025-05-13,10:50:00,24704.65,24732.0,24683.1,24731.0,2708
NSE,NIFTY,2025-05-13,10:55:00,24730.3,24759.2,24720.6,24730.3,2709
NSE,NIFTY,2025-05-13,11:00:00,24726.85,24761.65,24713.4,24743.2,2710
NSE,NIFTY,2025-05-13,11:05:00,24742.8,24837.8,24742.05,24785.5,2711
NSE,NIFTY,2025-05-13,11:10:00,24786.4,24794.75,24730.75,24738.25,2712
NSE,NIFTY,2025-05-13,11:15:00,24737.95,24745.0,24700.35,24728.5,2713
NSE,NIFTY,2025-05-13,11:20:00,24728.9,24792.35,24728.6,24780.95,2714
NSE,NIFTY,2025-05-13,11:25:00,24773.1,24780.5,24742.65,24747.1,2715
NSE,NIFTY,2025-05-13,11:30:00,24748.15,24810.45,24746.65,24799.35,2716
NSE,NIFTY,2025-05-13,11:35:00,24800.5,24817.9,24769.0,24793.95,2717
NSE,NIFTY,2025-05-13,11:40:00,24793.5,24796.75,24745.7,24750.35,2718
NSE,NIFTY,2025-05-13,11:45:00,24749.3,24786.65,24738.25,24745.1,2719
NSE,NIFTY,2025-05-13,11:50:00,24744.5,24764.05,24717.55,24733.05,2720
NSE,NIFTY,2025-05-13,11:55:00,24732.6,24746.75,24719.55,24744.1,2721
NSE,NIFTY,2025-05-13,12:00:00,24744.0,24744.9,24709.2,24726.55,2722
NSE,NIFTY,2025-05-13,12:05:00,24726.85,24737.65,24693.9,24723.3,2723
NSE,NIFTY,2025-05-13,12:10:00,24723.5,24766.1,24719.35,24747.15,2724
NSE,NIFTY,2025-05-13,12:15:00,24750.85,24771.45,24742.2,24753.7,2725
NSE,NIFTY,2025-05-13,12:20:00,24751.95,24772.0,24725.55,24726.4,2726
NSE,NIFTY,2025-05-13,12:25:00,24726.0,24737.75,24712.45,24713.55,2727
NSE,NIFTY,2025-05-13,12:30:00,24715.4,24726.55,24697.4,24714.15,2728
NSE,NIFTY,2025-05-13,12:35:00,24714.3,24726.35,24660.05,24663.7,2729
NSE,NIFTY,2025-05-13,12:40:00,24667.25,24682.8,24644.45,24660.85,2730
NSE,NIFTY,2025-05-13,12:45:00,24662.4,24669.9,24640.15,24642.4,2731
NSE,NIFTY,2025-05-13,12:50:00,24641.95,24665.25,24641.9,24654.25,2732
NSE,NIFTY,2025-05-13,12:55:00,24652.95,24659.55,24610.7,24629.1,2733
NSE,NIFTY,2025-05-13,13:00:00,24630.3,24636.5,24597.9,24616.4,2734
NSE,NIFTY,2025-05-13,13:05:00,24614.8,24643.25,24606.75,24628.05,2735
NSE,NIFTY,2025-05-13,13:10:00,24631.0,24648.9,24612.25,24624.25,2736
NSE,NIFTY,2025-05-13,13:15:00,24625.9,24636.0,24610.25,24628.8,2737
NSE,NIFTY,2025-05-13,13:20:00,24627.75,24637.0,24593.1,24600.75,2738
NSE,NIFTY,2025-05-13,13:25:00,24602.75,24618.05,24597.55,24615.35,2739
NSE,NIFTY,2025-05-13,13:30:00,24615.05,24620.7,24589.9,24596.55,2740
NSE,NIFTY,2025-05-13,13:35:00,24600.2,24610.3,24591.7,24597.25,2741
NSE,NIFTY,2025-05-13,13:40:00,24596.25,24613.1,24589.1,24603.95,2742
NSE,NIFTY,2025-05-13,13:45:00,24605.15,24615.9,24600.15,24608.15,2743
NSE,NIFTY,2025-05-13,13:50:00,24608.25,24617.85,24599.65,24609.8,2744
NSE,NIFTY,2025-05-13,13:55:00,24609.05,24610.25,24590.7,24605.7,2745
NSE,NIFTY,2025-05-13,14:00:00,24605.05,24606.95,24578.0,24578.0,2746
NSE,NIFTY,2025-05-13,14:05:00,24577.75,24601.65,24577.75,24594.55,2747
NSE,NIFTY,2025-05-13,14:10:00,24595.5,24609.4,24592.4,24606.25,2748
NSE,NIFTY,2025-05-13,14:15:00,24603.95,24605.65,24580.3,24580.9,2749
NSE,NIFTY,2025-05-13,14:20:00,24578.9,24584.25,24561.3,24567.25,2750
NSE,NIFTY,2025-05-13,14:25:00,24568.55,24600.35,24564.4,24592.35,2751
NSE,NIFTY,2025-05-13,14:30:00,24588.35,24606.3,24581.35,24589.85,2752
NSE,NIFTY,2025-05-13,14:35:00,24587.85,24596.9,24575.55,24592.9,2753
NSE,NIFTY,2025-05-13,14:40:00,24592.6,24617.5,24587.7,24611.3,2754
NSE,NIFTY,2025-05-13,14:45:00,24610.05,24613.25,24596.85,24611.95,2755
NSE,NIFTY,2025-05-13,14:50:00,24611.15,24636.85,24609.5,24618.45,2756
NSE,NIFTY,2025-05-13,14:55:00,24620.35,24628.85,24603.3,24604.5,2757
NSE,NIFTY,2025-05-13,15:00:00,24603.65,24629.45,24591.3,24613.05,2758
NSE,NIFTY,2025-05-13,15:05:00,24613.3,24617.5,24573.65,24573.85,2759
NSE,NIFTY,2025-05-13,15:10:00,24573.9,24586.2,24569.0,24573.2,2760
NSE,NIFTY,2025-05-13,15:15:00,24572.65,24574.5,24558.4,24562.65,2761
NSE,NIFTY,2025-05-13,15:20:00,24565.15,24587.2,24564.1,24584.45,2762
NSE,NIFTY,2025-05-13,15:25:00,24584.35,24586.7,24548.05,24564.9,2763
NSE,NIFTY,2025-05-13,15:30:00,24564.8,24594.3,24563.2,24593.65,2764
NSE,NIFTY,2025-05-14,09:15:00,24613.8,24664.05,24613.8,24640.8,2792
NSE,NIFTY,2025-05-14,09:20:00,24633.8,24676.9,24587.3,24676.9,2793
NSE,NIFTY,2025-05-14,09:25:00,24675.15,24715.7,24673.5,24715.7,2794
NSE,NIFTY,2025-05-14,09:30:00,24716.25,24737.0,24700.05,24701.6,2795
NSE,NIFTY,2025-05-14,09:35:00,24700.85,24706.5,24657.6,24666.25,2796
NSE,NIFTY,2025-05-14,09:40:00,24665.2,24701.3,24664.9,24696.1,2797
NSE,NIFTY,2025-05-14,09:45:00,24697.3,24746.55,24690.9,24742.5,2798
NSE,NIFTY,2025-05-14,09:50:00,24744.7,24751.35,24717.15,24717.45,2799
NSE,NIFTY,2025-05-14,09:55:00,24719.55,24724.95,24690.8,24716.45,2800
NSE,NIFTY,2025-05-14,10:00:00,24717.75,24737.85,24708.45,24723.4,2801
NSE,NIFTY,2025-05-14,10:05:00,24723.05,24734.8,24718.75,24729.6,2802
NSE,NIFTY,2025-05-14,10:10:00,24729.85,24747.45,24726.1,24745.85,2803
NSE,NIFTY,2025-05-14,10:15:00,24745.4,24761.85,24734.2,24760.7,2804
NSE,NIFTY,2025-05-14,10:20:00,24760.95,24763.3,24746.95,24757.15,2805
NSE,NIFTY,2025-05-14,10:25:00,24757.1,24767.2,24756.3,24760.75,2806
NSE,NIFTY,2025-05-14,10:30:00,24761.55,24762.5,24738.75,24743.9,2807
NSE,NIFTY,2025-05-14,10:35:00,24744.4,24744.95,24716.15,24721.3,2808
NSE,NIFTY,2025-05-14,10:40:00,24721.05,24728.95,24711.25,24724.6,2809
NSE,NIFTY,2025-05-14,10:45:00,24724.2,24737.6,24722.3,24732.0,2810
NSE,NIFTY,2025-05-14,10:50:00,24731.8,24740.1,24714.95,24718.25,2811
NSE,NIFTY,2025-05-14,10:55:00,24719.15,24719.2,24702.0,24712.0,2812
NSE,NIFTY,2025-05-14,11:00:00,24711.85,24712.55,24683.45,24693.75,2813
NSE,NIFTY,2025-05-14,11:05:00,24693.6,24702.05,24690.3,24699.65,2814
NSE,NIFTY,2025-05-14,11:10:00,24699.6,24709.6,24694.9,24703.75,2815
NSE,NIFTY,2025-05-14,11:15:00,24703.95,24707.85,24697.85,24702.75,2816
NSE,NIFTY,2025-05-14,11:20:00,24703.55,24712.75,24693.45,24705.45,2817
NSE,NIFTY,2025-05-14,11:25:00,24705.75,24717.85,24703.4,24717.4,2818
NSE,NIFTY,2025-05-14,11:30:00,24717.8,24724.9,24708.0,24713.25,2819
NSE,NIFTY,2025-05-14,11:35:00,24712.9,24721.8,24708.7,24712.25,2820
NSE,NIFTY,2025-05-14,11:40:00,24712.35,24713.7,24697.1,24703.8,2821
NSE,NIFTY,2025-05-14,11:45:00,24703.9,24708.2,24681.1,24683.85,2822
NSE,NIFTY,2025-05-14,11:50:00,24684.2,24684.3,24633.05,24650.35,2823
NSE,NIFTY,2025-05-14,11:55:00,24650.95,24653.9,24640.8,24643.5,2824
NSE,NIFTY,2025-05-14,12:00:00,24643.6,24664.95,24640.55,24661.7,2825
NSE,NIFTY,2025-05-14,12:05:00,24661.3,24668.3,24654.75,24662.65,2826
NSE,NIFTY,2025-05-14,12:10:00,24661.0,24672.1,24657.5,24671.3,2827
NSE,NIFTY,2025-05-14,12:15:00,24671.2,24679.55,24661.15,24670.65,2828
NSE,NIFTY,2025-05-14,12:20:00,24670.7,24677.4,24667.5,24673.75,2829
NSE,NIFTY,2025-05-14,12:25:00,24674.0,24679.65,24668.5,24669.85,2830
NSE,NIFTY,2025-05-14,12:30:00,24671.6,24671.6,24659.65,24661.8,2831
NSE,NIFTY,2025-05-14,12:35:00,24662.6,24664.75,24650.75,24650.75,2832
NSE,NIFTY,2025-05-14,12:40:00,24652.2,24655.25,24609.35,24613.65,2833
NSE,NIFTY,2025-05-14,12:45:00,24614.05,24636.4,24613.55,24627.0,2834
NSE,NIFTY,2025-05-14,12:50:00,24628.1,24635.8,24579.85,24582.7,2835
NSE,NIFTY,2025-05-14,12:55:00,24584.0,24584.0,24535.9,24566.0,2836
NSE,NIFTY,2025-05-14,13:00:00,24566.3,24590.4,24559.5,24590.35,2837
NSE,NIFTY,2025-05-14,13:05:00,24589.8,24633.7,24586.9,24619.7,2838
NSE,NIFTY,2025-05-14,13:10:00,24620.0,24634.4,24619.0,24631.05,2839
NSE,NIFTY,2025-05-14,13:15:00,24630.45,24643.0,24629.9,24637.85,2840
NSE,NIFTY,2025-05-14,13:20:00,24638.05,24643.15,24604.35,24622.65,2841
NSE,NIFTY,2025-05-14,13:25:00,24622.15,24639.35,24620.95,24636.95,2842
NSE,NIFTY,2025-05-14,13:30:00,24636.65,24660.95,24636.3,24644.8,2843
NSE,NIFTY,2025-05-14,13:35:00,24645.55,24648.0,24639.15,24646.0,2844
NSE,NIFTY,2025-05-14,13:40:00,24645.2,24647.25,24631.5,24637.6,2845
NSE,NIFTY,2025-05-14,13:45:00,24635.6,24647.85,24625.35,24632.6,2846
NSE,NIFTY,2025-05-14,13:50:00,24631.75,24635.75,24614.7,24623.1,2847
NSE,NIFTY,2025-05-14,13:55:00,24623.1,24638.2,24622.8,24637.15,2848
NSE,NIFTY,2025-05-14,14:00:00,24637.6,24637.6,24615.6,24619.2,2849
NSE,NIFTY,2025-05-14,14:05:00,24618.25,24620.0,24596.75,24604.25,2850
NSE,NIFTY,2025-05-14,14:10:00,24603.75,24616.35,24601.75,24612.5,2851
NSE,NIFTY,2025-05-14,14:15:00,24612.3,24616.3,24598.9,24613.8,2852
NSE,NIFTY,2025-05-14,14:20:00,24613.95,24618.7,24605.65,24616.65,2853
NSE,NIFTY,2025-05-14,14:25:00,24617.35,24633.0,24615.75,24628.1,2854
NSE,NIFTY,2025-05-14,14:30:00,24628.3,24629.7,24608.65,24611.75,2855
NSE,NIFTY,2025-05-14,14:35:00,24611.4,24618.2,24577.7,24598.0,2856
NSE,NIFTY,2025-05-14,14:40:00,24598.1,24602.8,24584.95,24602.0,2857
NSE,NIFTY,2025-05-14,14:45:00,24603.4,24665.65,24602.65,24622.3,2858
NSE,NIFTY,2025-05-14,14:50:00,24623.2,24636.55,24618.4,24629.0,2859
NSE,NIFTY,2025-05-14,14:55:00,24628.45,24640.8,24624.15,24640.05,2860
NSE,NIFTY,2025-05-14,15:00:00,24639.25,24646.25,24629.45,24646.0,2861
NSE,NIFTY,2025-05-14,15:05:00,24645.15,24667.05,24637.9,24661.2,2862
NSE,NIFTY,2025-05-14,15:10:00,24661.3,24675.2,24661.0,24673.6,2863
NSE,NIFTY,2025-05-14,15:15:00,24673.45,24673.95,24661.0,24665.8,2864
NSE,NIFTY,2025-05-14,15:20:00,24666.15,24666.35,24651.3,24661.25,2865
NSE,NIFTY,2025-05-14,15:25:00,24660.95,24682.7,24659.3,24682.1,2866
NSE,NIFTY,2025-05-14,15:30:00,24682.5,24696.75,24681.65,24684.9,2867
NSE,NIFTY,2025-05-15,09:15:00,24694.45,24699.55,24642.65,24643.05,2895
NSE,NIFTY,2025-05-15,09:20:00,24640.6,24662.7,24586.55,24593.6,2896
NSE,NIFTY,2025-05-15,09:25:00,24595.0,24628.15,24591.05,24621.45,2897
NSE,NIFTY,2025-05-15,09:30:00,24621.6,24628.55,24601.15,24611.7,2898
NSE,NIFTY,2025-05-15,09:35:00,24610.05,24626.15,24574.55,24581.85,2899
NSE,NIFTY,2025-05-15,09:40:00,24582.6,24587.45,24560.85,24570.95,2900
NSE,NIFTY,2025-05-15,09:45:00,24570.3,24574.85,24509.45,24514.65,2901
NSE,NIFTY,2025-05-15,09:50:00,24515.9,24556.8,24494.95,24546.2,2902
NSE,NIFTY,2025-05-15,09:55:00,24546.75,24585.55,24530.25,24563.65,2903
NSE,NIFTY,2025-05-15,10:00:00,24563.0,24575.65,24540.3,24565.55,2904
NSE,NIFTY,2025-05-15,10:05:00,24566.05,24569.55,24537.35,24550.45,2905
NSE,NIFTY,2025-05-15,10:10:00,24551.05,24553.5,24511.5,24524.65,2906
NSE,NIFTY,2025-05-15,10:15:00,24523.95,24568.5,24523.15,24557.85,2907
NSE,NIFTY,2025-05-15,10:20:00,24559.2,24586.8,24534.15,24537.4,2908
NSE,NIFTY,2025-05-15,10:25:00,24538.95,24571.85,24533.2,24569.6,2909
NSE,NIFTY,2025-05-15,10:30:00,24569.4,24575.5,24551.45,24573.7,2910
NSE,NIFTY,2025-05-15,10:35:00,24573.65,24628.55,24571.8,24627.25,2911
NSE,NIFTY,2025-05-15,10:40:00,24627.55,24806.45,24611.25,24749.9,2912
NSE,NIFTY,2025-05-15,10:45:00,24749.8,24780.8,24728.35,24736.8,2913
NSE,NIFTY,2025-05-15,10:50:00,24736.6,24763.15,24693.95,24728.8,2914
NSE,NIFTY,2025-05-15,10:55:00,24727.75,24727.75,24696.8,24712.8,2915
NSE,NIFTY,2025-05-15,11:00:00,24712.75,24790.15,24710.75,24765.35,2916
NSE,NIFTY,2025-05-15,11:05:00,24764.2,24770.95,24703.0,24705.35,2917
NSE,NIFTY,2025-05-15,11:10:00,24706.25,24718.7,24668.05,24681.15,2918
NSE,NIFTY,2025-05-15,11:15:00,24679.5,24681.15,24600.6,24623.9,2919
NSE,NIFTY,2025-05-15,11:20:00,24627.55,24683.2,24609.6,24659.4,2920
NSE,NIFTY,2025-05-15,11:25:00,24656.0,24657.5,24603.75,24627.45,2921
NSE,NIFTY,2025-05-15,11:30:00,24627.15,24658.0,24620.05,24633.65,2922
NSE,NIFTY,2025-05-15,11:35:00,24637.0,24638.3,24607.9,24621.15,2923
NSE,NIFTY,2025-05-15,11:40:00,24622.25,24636.25,24601.15,24622.65,2924
NSE,NIFTY,2025-05-15,11:45:00,24622.35,24647.3,24613.8,24634.9,2925
NSE,NIFTY,2025-05-15,11:50:00,24634.95,24659.95,24614.05,24624.2,2926
NSE,NIFTY,2025-05-15,11:55:00,24624.2,24641.15,24616.0,24637.1,2927
NSE,NIFTY,2025-05-15,12:00:00,24638.8,24651.7,24616.45,24622.95,2928
NSE,NIFTY,2025-05-15,12:05:00,24620.55,24644.8,24617.0,24643.8,2929
NSE,NIFTY,2025-05-15,12:10:00,24643.15,24707.9,24640.95,24680.4,2930
NSE,NIFTY,2025-05-15,12:15:00,24680.4,24689.05,24651.1,24668.3,2931
NSE,NIFTY,2025-05-15,12:20:00,24668.4,24740.05,24667.65,24680.65,2932
NSE,NIFTY,2025-05-15,12:25:00,24681.6,24681.95,24637.8,24650.65,2933
NSE,NIFTY,2025-05-15,12:30:00,24652.35,24654.5,24629.9,24632.5,2934
NSE,NIFTY,2025-05-15,12:35:00,24632.6,24652.95,24626.3,24646.75,2935
NSE,NIFTY,2025-05-15,12:40:00,24647.65,24699.8,24642.6,24673.2,2936
NSE,NIFTY,2025-05-15,12:45:00,24673.0,24686.15,24637.15,24653.05,2937
NSE,NIFTY,2025-05-15,12:50:00,24654.2,24655.65,24636.15,24641.25,2938
NSE,NIFTY,2025-05-15,12:55:00,24641.45,24681.8,24639.2,24678.45,2939
NSE,NIFTY,2025-05-15,13:00:00,24678.45,24718.8,24678.45,24717.1,2940
NSE,NIFTY,2025-05-15,13:05:00,24716.35,24752.3,24705.85,24738.05,2941
NSE,NIFTY,2025-05-15,13:10:00,24739.15,24855.3,24734.5,24827.1,2942
NSE,NIFTY,2025-05-15,13:15:00,24830.25,24917.8,24828.2,24913.8,2943
NSE,NIFTY,2025-05-15,13:20:00,24909.3,24916.1,24850.7,24885.85,2944
NSE,NIFTY,2025-05-15,13:25:00,24883.35,24888.85,24848.8,24874.8,2945
NSE,NIFTY,2025-05-15,13:30:00,24875.9,24937.4,24863.25,24936.4,2946
NSE,NIFTY,2025-05-15,13:35:00,24941.05,24974.35,24932.3,24959.75,2947
NSE,NIFTY,2025-05-15,13:40:00,24953.65,25001.45,24940.1,25001.45,2948
NSE,NIFTY,2025-05-15,13:45:00,25002.05,25002.05,24977.8,24993.45,2949
NSE,NIFTY,2025-05-15,13:50:00,24995.85,25064.45,24993.0,25048.5,2950
NSE,NIFTY,2025-05-15,13:55:00,25049.8,25075.8,25044.35,25062.65,2951
NSE,NIFTY,2025-05-15,14:00:00,25063.6,25088.45,25055.55,25059.55,2952
NSE,NIFTY,2025-05-15,14:05:00,25056.4,25079.25,25037.05,25066.95,2953
NSE,NIFTY,2025-05-15,14:10:00,25065.2,25072.95,25053.25,25071.65,2954
NSE,NIFTY,2025-05-15,14:15:00,25072.3,25104.5,25070.7,25095.7,2955
NSE,NIFTY,2025-05-15,14:20:00,25097.8,25109.05,25070.5,25101.95,2956
NSE,NIFTY,2025-05-15,14:25:00,25102.75,25102.95,25078.05,25084.7,2957
NSE,NIFTY,2025-05-15,14:30:00,25088.25,25114.8,25085.35,25103.45,2958
NSE,NIFTY,2025-05-15,14:35:00,25105.45,25105.45,25044.35,25049.2,2959
NSE,NIFTY,2025-05-15,14:40:00,25053.45,25090.05,25053.45,25067.1,2960
NSE,NIFTY,2025-05-15,14:45:00,25067.75,25089.15,25055.85,25081.15,2961
NSE,NIFTY,2025-05-15,14:50:00,25081.05,25086.3,25061.4,25062.85,2962
NSE,NIFTY,2025-05-15,14:55:00,25064.0,25076.05,25040.0,25051.9,2963
NSE,NIFTY,2025-05-15,15:00:00,25054.6,25067.55,25049.3,25061.45,2964
NSE,NIFTY,2025-05-15,15:05:00,25060.7,25083.7,25048.6,25082.8,2965
NSE,NIFTY,2025-05-15,15:10:00,25082.95,25085.6,25072.3,25073.05,2966
NSE,NIFTY,2025-05-15,15:15:00,25071.3,25071.55,25047.5,25048.75,2967
NSE,NIFTY,2025-05-15,15:20:00,25046.65,25061.8,25043.65,25057.0,2968
NSE,NIFTY,2025-05-15,15:25:00,25057.3,25063.45,25052.8,25056.7,2969
NSE,NIFTY,2025-05-15,15:30:00,25055.7,25062.45,25035.3,25037.7,2970
NSE,NIFTY,2025-05-16,09:15:00,25064.65,25064.65,25001.85,25003.4,2998
NSE,NIFTY,2025-05-16,09:20:00,25001.5,25040.1,24995.8,24995.95,2999
NSE,NIFTY,2025-05-16,09:25:00,24994.45,25023.7,24984.65,25008.15,3000
NSE,NIFTY,2025-05-16,09:30:00,25006.25,25056.55,24997.4,25050.45,3001
NSE,NIFTY,2025-05-16,09:35:00,25049.55,25069.55,25007.2,25014.95,3002
NSE,NIFTY,2025-05-16,09:40:00,25018.1,25024.95,24997.9,24998.6,3003
NSE,NIFTY,2025-05-16,09:45:00,24999.45,25038.8,24983.15,25028.15,3004
NSE,NIFTY,2025-05-16,09:50:00,25028.8,25030.7,25005.7,25006.1,3005
NSE,NIFTY,2025-05-16,09:55:00,25005.9,25015.4,24976.25,24989.8,3006
NSE,NIFTY,2025-05-16,10:00:00,24990.0,25004.95,24983.6,24995.9,3007
NSE,NIFTY,2025-05-16,10:05:00,24995.75,25028.9,24995.75,25013.1,3008
NSE,NIFTY,2025-05-16,10:10:00,25014.2,25023.45,24998.35,24999.1,3009
NSE,NIFTY,2025-05-16,10:15:00,24999.15,25008.15,24993.15,25001.5,3010
NSE,NIFTY,2025-05-16,10:20:00,25001.55,25027.35,24999.85,25024.1,3011
NSE,NIFTY,2025-05-16,10:25:00,25024.25,25040.85,24990.35,24990.4,3012
NSE,NIFTY,2025-05-16,10:30:00,24991.5,25013.75,24987.6,25009.4,3013
NSE,NIFTY,2025-05-16,10:35:00,25008.15,25013.15,24997.6,25000.3,3014
NSE,NIFTY,2025-05-16,10:40:00,25000.75,25007.6,24983.7,24995.9,3015
NSE,NIFTY,2025-05-16,10:45:00,24998.1,25014.3,24991.8,24995.8,3016
NSE,NIFTY,2025-05-16,10:50:00,24996.2,25003.8,24994.55,24998.15,3017
NSE,NIFTY,2025-05-16,10:55:00,24998.0,24999.7,24991.1,24992.95,3018
NSE,NIFTY,2025-05-16,11:00:00,24992.55,25004.6,24992.0,24998.8,3019
NSE,NIFTY,2025-05-16,11:05:00,24999.15,24999.15,24979.3,24987.95,3020
NSE,NIFTY,2025-05-16,11:10:00,24986.4,24987.6,24953.15,24955.9,3021
NSE,NIFTY,2025-05-16,11:15:00,24955.95,24975.6,24954.85,24973.6,3022
NSE,NIFTY,2025-05-16,11:20:00,24974.65,24985.3,24969.2,24983.15,3023
NSE,NIFTY,2025-05-16,11:25:00,24982.35,24983.35,24972.6,24976.5,3024
NSE,NIFTY,2025-05-16,11:30:00,24976.65,24978.4,24958.7,24960.85,3025
NSE,NIFTY,2025-05-16,11:35:00,24961.4,24997.9,24960.55,24997.55,3026
NSE,NIFTY,2025-05-16,11:40:00,24997.6,24997.85,24984.55,24985.7,3027
NSE,NIFTY,2025-05-16,11:45:00,24985.55,24987.2,24975.15,24981.9,3028
NSE,NIFTY,2025-05-16,11:50:00,24982.35,24992.0,24980.7,24986.95,3029
NSE,NIFTY,2025-05-16,11:55:00,24986.6,24988.3,24972.95,24973.4,3030
NSE,NIFTY,2025-05-16,12:00:00,24972.7,24981.1,24971.4,24973.45,3031
NSE,NIFTY,2025-05-16,12:05:00,24974.35,24991.55,24973.1,24988.2,3032
NSE,NIFTY,2025-05-16,12:10:00,24988.3,24989.4,24982.15,24983.65,3033
NSE,NIFTY,2025-05-16,12:15:00,24983.0,24984.4,24972.0,24972.55,3034
NSE,NIFTY,2025-05-16,12:20:00,24972.75,24982.3,24968.8,24977.55,3035
NSE,NIFTY,2025-05-16,12:25:00,24977.65,24983.2,24974.7,24979.6,3036
NSE,NIFTY,2025-05-16,12:30:00,24979.1,24989.8,24978.0,24987.2,3037
NSE,NIFTY,2025-05-16,12:35:00,24988.35,25004.6,24982.25,25002.35,3038
NSE,NIFTY,2025-05-16,12:40:00,25002.35,25003.15,24991.5,24994.65,3039
NSE,NIFTY,2025-05-16,12:45:00,24994.55,25007.35,24992.6,25006.95,3040
NSE,NIFTY,2025-05-16,12:50:00,25007.55,25018.5,24999.0,25001.85,3041
NSE,NIFTY,2025-05-16,12:55:00,25002.25,25012.9,25000.75,25004.2,3042
NSE,NIFTY,2025-05-16,13:00:00,25003.75,25004.9,24987.95,24989.3,3043
NSE,NIFTY,2025-05-16,13:05:00,24990.1,24999.6,24986.85,24996.8,3044
NSE,NIFTY,2025-05-16,13:10:00,24996.9,25007.45,24995.2,25000.9,3045
NSE,NIFTY,2025-05-16,13:15:00,25000.4,25008.6,24994.9,25006.2,3046
NSE,NIFTY,2025-05-16,13:20:00,25006.6,25015.5,25004.95,25011.5,3047
NSE,NIFTY,2025-05-16,13:25:00,25011.45,25015.4,25005.5,25011.1,3048
NSE,NIFTY,2025-05-16,13:30:00,25011.2,25034.8,25010.8,25025.0,3049
NSE,NIFTY,2025-05-16,13:35:00,25025.8,25031.9,25016.3,25021.5,3050
NSE,NIFTY,2025-05-16,13:40:00,25019.2,25025.6,25011.7,25013.15,3051
NSE,NIFTY,2025-05-16,13:45:00,25012.3,25013.3,24995.8,24995.8,3052
NSE,NIFTY,2025-05-16,13:50:00,24996.0,25013.8,24994.45,25013.45,3053
NSE,NIFTY,2025-05-16,13:55:00,25012.35,25020.3,25010.6,25016.55,3054
NSE,NIFTY,2025-05-16,14:00:00,25016.4,25020.3,25010.6,25013.9,3055
NSE,NIFTY,2025-05-16,14:05:00,25012.6,25025.0,25010.25,25022.75,3056
NSE,NIFTY,2025-05-16,14:10:00,25023.25,25031.5,25021.25,25028.7,3057
NSE,NIFTY,2025-05-16,14:15:00,25028.65,25032.95,25016.3,25024.0,3058
NSE,NIFTY,2025-05-16,14:20:00,25022.65,25025.05,24999.7,25002.7,3059
NSE,NIFTY,2025-05-16,14:25:00,25002.4,25015.4,25001.55,25014.1,3060
NSE,NIFTY,2025-05-16,14:30:00,25013.1,25018.95,25001.85,25002.65,3061
NSE,NIFTY,2025-05-16,14:35:00,25002.15,25007.2,24992.35,25004.15,3062
NSE,NIFTY,2025-05-16,14:40:00,25004.95,25019.8,24996.1,25018.4,3063
NSE,NIFTY,2025-05-16,14:45:00,25018.85,25019.7,25011.85,25015.45,3064
NSE,NIFTY,2025-05-16,14:50:00,25016.15,25017.25,25008.7,25012.5,3065
NSE,NIFTY,2025-05-16,14:55:00,25013.3,25019.45,25008.35,25012.75,3066
NSE,NIFTY,2025-05-16,15:00:00,25013.4,25017.15,25005.3,25016.2,3067
NSE,NIFTY,2025-05-16,15:05:00,25016.8,25027.7,25013.05,25025.95,3068
NSE,NIFTY,2025-05-16,15:10:00,25025.15,25033.15,25020.05,25032.45,3069
NSE,NIFTY,2025-05-16,15:15:00,25032.7,25034.5,25023.05,25023.45,3070
NSE,NIFTY,2025-05-16,15:20:00,25024.5,25025.6,25014.55,25015.65,3071
NSE,NIFTY,2025-05-16,15:25:00,25017.2,25018.9,25010.8,25017.3,3072
NSE,NIFTY,2025-05-16,15:30:00,25017.9,25018.1,25002.7,25013.7,3073
NSE,NIFTY,2025-05-19,09:15:00,25005.35,25032.95,24978.15,24991.45,3101
NSE,NIFTY,2025-05-19,09:20:00,24989.75,25047.9,24967.95,25038.95,3102
NSE,NIFTY,2025-05-19,09:25:00,25035.8,25047.15,25006.15,25025.75,3103
NSE,NIFTY,2025-05-19,09:30:00,25026.8,25030.25,25003.35,25026.35,3104
NSE,NIFTY,2025-05-19,09:35:00,25027.8,25056.55,25025.35,25026.45,3105
NSE,NIFTY,2025-05-19,09:40:00,25027.1,25027.1,24978.55,24982.75,3106
NSE,NIFTY,2025-05-19,09:45:00,24984.85,25022.45,24978.0,24996.7,3107
NSE,NIFTY,2025-05-19,09:50:00,24995.9,25019.75,24994.55,25019.35,3108
NSE,NIFTY,2025-05-19,09:55:00,25019.55,25029.3,25006.65,25011.15,3109
NSE,NIFTY,2025-05-19,10:00:00,25010.4,25017.25,24996.25,25009.1,3110
NSE,NIFTY,2025-05-19,10:05:00,25007.25,25035.65,25002.05,25028.55,3111
NSE,NIFTY,2025-05-19,10:10:00,25028.4,25047.8,25026.45,25047.05,3112
NSE,NIFTY,2025-05-19,10:15:00,25046.35,25049.4,25034.4,25044.4,3113
NSE,NIFTY,2025-05-19,10:20:00,25044.4,25062.95,25038.65,25042.15,3114
NSE,NIFTY,2025-05-19,10:25:00,25040.4,25058.15,25038.85,25051.6,3115
NSE,NIFTY,2025-05-19,10:30:00,25050.75,25052.35,25015.65,25018.45,3116
NSE,NIFTY,2025-05-19,10:35:00,25018.75,25035.65,25015.4,25022.5,3117
NSE,NIFTY,2025-05-19,10:40:00,25019.8,25026.75,25009.05,25013.45,3118
NSE,NIFTY,2025-05-19,10:45:00,25013.7,25018.7,25000.45,25000.75,3119
NSE,NIFTY,2025-05-19,10:50:00,25000.45,25016.4,24999.45,25015.25,3120
NSE,NIFTY,2025-05-19,10:55:00,25015.25,25039.9,25008.25,25036.55,3121
NSE,NIFTY,2025-05-19,11:00:00,25036.25,25040.6,25032.05,25032.8,3122
NSE,NIFTY,2025-05-19,11:05:00,25031.9,25045.0,25023.5,25044.75,3123
NSE,NIFTY,2025-05-19,11:10:00,25044.55,25045.85,25035.25,25039.4,3124
NSE,NIFTY,2025-05-19,11:15:00,25038.8,25040.9,25022.3,25025.4,3125
NSE,NIFTY,2025-05-19,11:20:00,25024.4,25043.1,25024.4,25037.3,3126
NSE,NIFTY,2025-05-19,11:25:00,25035.4,25037.05,25023.1,25026.2,3127
NSE,NIFTY,2025-05-19,11:30:00,25026.75,25030.0,25023.0,25029.75,3128
NSE,NIFTY,2025-05-19,11:35:00,25029.3,25030.35,25008.5,25011.1,3129
NSE,NIFTY,2025-05-19,11:40:00,25010.9,25020.8,25009.25,25012.75,3130
NSE,NIFTY,2025-05-19,11:45:00,25013.45,25017.25,25006.4,25006.9,3131
NSE,NIFTY,2025-05-19,11:50:00,25007.7,25012.45,24998.95,25008.75,3132
NSE,NIFTY,2025-05-19,11:55:00,25009.55,25025.1,25009.0,25019.8,3133
NSE,NIFTY,2025-05-19,12:00:00,25019.45,25022.35,24991.4,24994.95,3134
NSE,NIFTY,2025-05-19,12:05:00,24993.75,24996.4,24979.65,24990.25,3135
NSE,NIFTY,2025-05-19,12:10:00,24990.15,24996.3,24986.2,24989.95,3136
NSE,NIFTY,2025-05-19,12:15:00,24988.35,24992.7,24974.45,24974.5,3137
NSE,NIFTY,2025-05-19,12:20:00,24973.8,25005.4,24972.25,25005.15,3138
NSE,NIFTY,2025-05-19,12:25:00,25003.1,25012.2,25000.8,25011.55,3139
NSE,NIFTY,2025-05-19,12:30:00,25010.7,25017.5,25004.45,25008.25,3140
NSE,NIFTY,2025-05-19,12:35:00,25009.45,25014.45,25005.65,25006.9,3141
NSE,NIFTY,2025-05-19,12:40:00,25006.25,25011.6,25000.1,25002.35,3142
NSE,NIFTY,2025-05-19,12:45:00,25002.2,25007.7,24999.95,25004.25,3143
NSE,NIFTY,2025-05-19,12:50:00,25002.9,25009.7,24997.85,25004.0,3144
NSE,NIFTY,2025-05-19,12:55:00,25004.5,25018.6,25003.6,25014.85,3145
NSE,NIFTY,2025-05-19,13:00:00,25014.45,25016.3,25010.0,25012.15,3146
NSE,NIFTY,2025-05-19,13:05:00,25012.4,25016.1,24995.75,25000.1,3147
NSE,NIFTY,2025-05-19,13:10:00,24998.6,25004.35,24982.25,24985.25,3148
NSE,NIFTY,2025-05-19,13:15:00,24984.9,24985.2,24975.95,24979.7,3149
NSE,NIFTY,2025-05-19,13:20:00,24978.95,24989.7,24974.7,24984.95,3150
NSE,NIFTY,2025-05-19,13:25:00,24984.9,25006.1,24984.0,25002.0,3151
NSE,NIFTY,2025-05-19,13:30:00,25001.6,25003.2,24988.8,25001.0,3152
NSE,NIFTY,2025-05-19,13:35:00,25001.6,25004.0,24984.05,24990.8,3153
NSE,NIFTY,2025-05-19,13:40:00,24990.35,24992.95,24981.6,24991.15,3154
NSE,NIFTY,2025-05-19,13:45:00,24990.35,24992.55,24978.25,24983.15,3155
NSE,NIFTY,2025-05-19,13:50:00,24983.6,24984.9,24972.0,24974.7,3156
NSE,NIFTY,2025-05-19,13:55:00,24973.7,24984.8,24970.45,24982.3,3157
NSE,NIFTY,2025-05-19,14:00:00,24982.05,24984.05,24967.4,24968.7,3158
NSE,NIFTY,2025-05-19,14:05:00,24968.5,24969.35,24944.2,24951.7,3159
NSE,NIFTY,2025-05-19,14:10:00,24951.55,24951.55,24934.9,24937.85,3160
NSE,NIFTY,2025-05-19,14:15:00,24936.1,24943.2,24919.3,24939.2,3161
NSE,NIFTY,2025-05-19,14:20:00,24938.75,24960.55,24936.35,24954.55,3162
NSE,NIFTY,2025-05-19,14:25:00,24954.1,24956.8,24944.2,24945.65,3163
NSE,NIFTY,2025-05-19,14:30:00,24944.45,24951.7,24935.1,24939.75,3164
NSE,NIFTY,2025-05-19,14:35:00,24939.15,24948.2,24932.55,24948.2,3165
NSE,NIFTY,2025-05-19,14:40:00,24947.25,24947.85,24938.65,24944.25,3166
NSE,NIFTY,2025-05-19,14:45:00,24944.55,24949.65,24938.1,24939.95,3167
NSE,NIFTY,2025-05-19,14:50:00,24938.95,24939.45,24916.65,24932.05,3168
NSE,NIFTY,2025-05-19,14:55:00,24931.1,24937.35,24919.0,24927.85,3169
NSE,NIFTY,2025-05-19,15:00:00,24929.55,24938.7,24923.35,24938.7,3170
NSE,NIFTY,2025-05-19,15:05:00,24938.55,24958.5,24937.75,24949.5,3171
NSE,NIFTY,2025-05-19,15:10:00,24949.75,24956.15,24936.25,24946.0,3172
NSE,NIFTY,2025-05-19,15:15:00,24945.85,24949.5,24942.5,24944.75,3173
NSE,NIFTY,2025-05-19,15:20:00,24944.65,24947.0,24940.3,24945.6,3174
NSE,NIFTY,2025-05-19,15:25:00,24946.1,24948.45,24939.75,24947.95,3175
NSE,NIFTY,2025-05-19,15:30:00,24947.85,24951.65,24927.45,24933.2,3176
NSE,NIFTY,2025-05-20,09:15:00,24996.2,25007.65,24988.3,24997.6,3204
NSE,NIFTY,2025-05-20,09:20:00,24995.3,24998.6,24962.2,24962.2,3205
NSE,NIFTY,2025-05-20,09:25:00,24961.35,24985.05,24936.2,24956.3,3206
NSE,NIFTY,2025-05-20,09:30:00,24956.75,24971.5,24927.8,24934.2,3207
NSE,NIFTY,2025-05-20,09:35:00,24935.8,24956.9,24917.35,24935.8,3208
NSE,NIFTY,2025-05-20,09:40:00,24936.15,24961.7,24932.25,24946.15,3209
NSE,NIFTY,2025-05-20,09:45:00,24947.45,24947.6,24895.5,24896.75,3210
NSE,NIFTY,2025-05-20,09:50:00,24898.65,24909.5,24887.95,24889.25,3211
NSE,NIFTY,2025-05-20,09:55:00,24889.6,24906.05,24864.05,24869.35,3212
NSE,NIFTY,2025-05-20,10:00:00,24869.65,24897.45,24868.9,24890.05,3213
NSE,NIFTY,2025-05-20,10:05:00,24889.85,24894.65,24874.3,24892.45,3214
NSE,NIFTY,2025-05-20,10:10:00,24893.15,24909.85,24886.1,24901.15,3215
NSE,NIFTY,2025-05-20,10:15:00,24900.95,24902.6,24888.6,24898.3,3216
NSE,NIFTY,2025-05-20,10:20:00,24897.55,24898.25,24879.0,24893.85,3217
NSE,NIFTY,2025-05-20,10:25:00,24895.2,24896.8,24888.65,24891.7,3218
NSE,NIFTY,2025-05-20,10:30:00,24892.85,24902.5,24884.5,24889.45,3219
NSE,NIFTY,2025-05-20,10:35:00,24889.85,24902.6,24889.2,24902.6,3220
NSE,NIFTY,2025-05-20,10:40:00,24902.75,24934.65,24900.95,24931.95,3221
NSE,NIFTY,2025-05-20,10:45:00,24931.9,24935.15,24922.9,24933.2,3222
NSE,NIFTY,2025-05-20,10:50:00,24938.15,24967.25,24938.15,24947.65,3223
NSE,NIFTY,2025-05-20,10:55:00,24948.65,24951.35,24926.5,24928.0,3224
NSE,NIFTY,2025-05-20,11:00:00,24928.15,24942.5,24917.15,24942.1,3225
NSE,NIFTY,2025-05-20,11:05:00,24944.6,24946.55,24920.3,24931.9,3226
NSE,NIFTY,2025-05-20,11:10:00,24932.8,24935.9,24919.8,24920.35,3227
NSE,NIFTY,2025-05-20,11:15:00,24920.05,24922.95,24905.95,24909.9,3228
NSE,NIFTY,2025-05-20,11:20:00,24909.4,24917.05,24895.2,24899.85,3229
NSE,NIFTY,2025-05-20,11:25:00,24899.3,24902.15,24888.6,24896.05,3230
NSE,NIFTY,2025-05-20,11:30:00,24896.05,24905.35,24878.6,24879.05,3231
NSE,NIFTY,2025-05-20,11:35:00,24878.4,24896.65,24876.7,24895.45,3232
NSE,NIFTY,2025-05-20,11:40:00,24895.95,24901.15,24876.85,24876.85,3233
NSE,NIFTY,2025-05-20,11:45:00,24876.25,24879.4,24865.05,24868.35,3234
NSE,NIFTY,2025-05-20,11:50:00,24867.4,24879.75,24863.75,24872.75,3235
NSE,NIFTY,2025-05-20,11:55:00,24873.75,24881.75,24846.5,24860.0,3236
NSE,NIFTY,2025-05-20,12:00:00,24859.05,24864.65,24844.8,24864.65,3237
NSE,NIFTY,2025-05-20,12:05:00,24864.55,24876.45,24862.1,24867.15,3238
NSE,NIFTY,2025-05-20,12:10:00,24867.05,24887.9,24866.55,24877.1,3239
NSE,NIFTY,2025-05-20,12:15:00,24876.5,24878.15,24856.35,24857.7,3240
NSE,NIFTY,2025-05-20,12:20:00,24856.8,24867.75,24855.2,24859.8,3241
NSE,NIFTY,2025-05-20,12:25:00,24859.1,24865.95,24854.15,24862.1,3242
NSE,NIFTY,2025-05-20,12:30:00,24861.25,24869.3,24852.05,24866.2,3243
NSE,NIFTY,2025-05-20,12:35:00,24865.1,24876.2,24858.8,24865.9,3244
NSE,NIFTY,2025-05-20,12:40:00,24866.6,24870.95,24861.7,24865.0,3245
NSE,NIFTY,2025-05-20,12:45:00,24863.8,24870.35,24849.9,24862.75,3246
NSE,NIFTY,2025-05-20,12:50:00,24862.75,24864.4,24826.35,24831.05,3247
NSE,NIFTY,2025-05-20,12:55:00,24830.75,24838.15,24801.75,24814.6,3248
NSE,NIFTY,2025-05-20,13:00:00,24811.6,24815.35,24781.4,24800.6,3249
NSE,NIFTY,2025-05-20,13:05:00,24800.85,24807.85,24788.6,24796.2,3250
NSE,NIFTY,2025-05-20,13:10:00,24797.7,24814.65,24787.2,24795.6,3251
NSE,NIFTY,2025-05-20,13:15:00,24794.05,24806.15,24784.05,24790.15,3252
NSE,NIFTY,2025-05-20,13:20:00,24790.85,24793.25,24765.85,24776.9,3253
NSE,NIFTY,2025-05-20,13:25:00,24776.95,24786.35,24772.85,24776.05,3254
NSE,NIFTY,2025-05-20,13:30:00,24776.35,24789.4,24772.6,24783.4,3255
NSE,NIFTY,2025-05-20,13:35:00,24780.15,24795.1,24772.1,24772.1,3256
NSE,NIFTY,2025-05-20,13:40:00,24770.25,24781.95,24766.85,24772.4,3257
NSE,NIFTY,2025-05-20,13:45:00,24772.2,24777.15,24750.9,24757.55,3258
NSE,NIFTY,2025-05-20,13:50:00,24757.75,24783.0,24753.85,24774.5,3259
NSE,NIFTY,2025-05-20,13:55:00,24774.55,24784.55,24771.8,24773.25,3260
NSE,NIFTY,2025-05-20,14:00:00,24772.25,24778.15,24766.9,24769.05,3261
NSE,NIFTY,2025-05-20,14:05:00,24768.35,24768.75,24745.75,24745.75,3262
NSE,NIFTY,2025-05-20,14:10:00,24743.75,24745.1,24728.35,24735.25,3263
NSE,NIFTY,2025-05-20,14:15:00,24733.9,24743.35,24729.15,24733.8,3264
NSE,NIFTY,2025-05-20,14:20:00,24732.55,24745.6,24719.4,24720.9,3265
NSE,NIFTY,2025-05-20,14:25:00,24721.45,24721.45,24709.3,24715.4,3266
NSE,NIFTY,2025-05-20,14:30:00,24713.85,24716.15,24701.15,24704.2,3267
NSE,NIFTY,2025-05-20,14:35:00,24704.45,24710.95,24697.35,24710.95,3268
NSE,NIFTY,2025-05-20,14:40:00,24708.6,24710.7,24699.9,24701.9,3269
NSE,NIFTY,2025-05-20,14:45:00,24702.35,24702.35,24677.3,24680.25,3270
NSE,NIFTY,2025-05-20,14:50:00,24680.55,24707.05,24679.15,24701.7,3271
NSE,NIFTY,2025-05-20,14:55:00,24701.1,24706.7,24687.85,24688.2,3272
NSE,NIFTY,2025-05-20,15:00:00,24687.6,24691.7,24675.0,24681.25,3273
NSE,NIFTY,2025-05-20,15:05:00,24680.35,24695.2,24676.85,24680.55,3274
NSE,NIFTY,2025-05-20,15:10:00,24679.95,24686.95,24670.0,24686.5,3275
NSE,NIFTY,2025-05-20,15:15:00,24687.5,24703.55,24687.2,24689.5,3276
NSE,NIFTY,2025-05-20,15:20:00,24689.6,24691.75,24672.05,24683.0,3277
NSE,NIFTY,2025-05-20,15:25:00,24683.35,24692.4,24676.75,24692.2,3278
NSE,NIFTY,2025-05-20,15:30:00,24691.85,24713.85,24691.75,24713.2,3279
NSE,NIFTY,2025-05-21,09:15:00,24744.25,24765.0,24742.85,24744.8,3307
NSE,NIFTY,2025-05-21,09:20:00,24745.3,24764.2,24701.05,24737.8,3308
NSE,NIFTY,2025-05-21,09:25:00,24738.9,24753.4,24692.65,24699.05,3309
NSE,NIFTY,2025-05-21,09:30:00,24700.9,24746.05,24698.1,24728.45,3310
NSE,NIFTY,2025-05-21,09:35:00,24727.95,24778.6,24722.5,24776.6,3311
NSE,NIFTY,2025-05-21,09:40:00,24778.1,24808.45,24765.15,24800.5,3312
NSE,NIFTY,2025-05-21,09:45:00,24799.7,24818.9,24791.65,24817.7,3313
NSE,NIFTY,2025-05-21,09:50:00,24816.2,24839.55,24816.2,24829.35,3314
NSE,NIFTY,2025-05-21,09:55:00,24828.0,24844.0,24818.6,24837.6,3315
NSE,NIFTY,2025-05-21,10:00:00,24837.95,24838.35,24807.25,24814.7,3316
NSE,NIFTY,2025-05-21,10:05:00,24816.35,24841.45,24811.25,24828.7,3317
NSE,NIFTY,2025-05-21,10:10:00,24828.95,24861.35,24827.4,24857.65,3318
NSE,NIFTY,2025-05-21,10:15:00,24858.0,24878.4,24852.25,24877.35,3319
NSE,NIFTY,2025-05-21,10:20:00,24878.85,24905.25,24878.0,24894.75,3320
NSE,NIFTY,2025-05-21,10:25:00,24895.25,24911.35,24894.5,24906.45,3321
NSE,NIFTY,2025-05-21,10:30:00,24907.7,24914.15,24884.0,24896.3,3322
NSE,NIFTY,2025-05-21,10:35:00,24896.6,24917.45,24894.6,24914.05,3323
NSE,NIFTY,2025-05-21,10:40:00,24914.35,24945.4,24914.05,24938.45,3324
NSE,NIFTY,2025-05-21,10:45:00,24938.7,24943.95,24914.1,24918.0,3325
NSE,NIFTY,2025-05-21,10:50:00,24918.0,24931.1,24905.95,24930.3,3326
NSE,NIFTY,2025-05-21,10:55:00,24929.05,24936.05,24912.9,24918.95,3327
NSE,NIFTY,2025-05-21,11:00:00,24918.75,24928.65,24909.05,24914.9,3328
NSE,NIFTY,2025-05-21,11:05:00,24915.5,24921.45,24877.95,24879.15,3329
NSE,NIFTY,2025-05-21,11:10:00,24879.45,24913.9,24858.05,24913.55,3330
NSE,NIFTY,2025-05-21,11:15:00,24913.9,24917.0,24894.55,24898.5,3331
NSE,NIFTY,2025-05-21,11:20:00,24898.4,24913.0,24893.8,24912.45,3332
NSE,NIFTY,2025-05-21,11:25:00,24911.8,24914.4,24869.0,24876.85,3333
NSE,NIFTY,2025-05-21,11:30:00,24878.05,24886.15,24865.8,24872.65,3334
NSE,NIFTY,2025-05-21,11:35:00,24873.15,24875.2,24845.8,24848.55,3335
NSE,NIFTY,2025-05-21,11:40:00,24848.85,24866.45,24833.6,24865.45,3336
NSE,NIFTY,2025-05-21,11:45:00,24865.95,24878.85,24851.55,24853.5,3337
NSE,NIFTY,2025-05-21,11:50:00,24853.6,24853.85,24819.0,24822.3,3338
NSE,NIFTY,2025-05-21,11:55:00,24822.45,24834.3,24812.4,24830.85,3339
NSE,NIFTY,2025-05-21,12:00:00,24830.75,24834.8,24825.4,24828.95,3340
NSE,NIFTY,2025-05-21,12:05:00,24828.0,24829.35,24779.7,24781.45,3341
NSE,NIFTY,2025-05-21,12:10:00,24781.25,24794.4,24777.35,24779.85,3342
NSE,NIFTY,2025-05-21,12:15:00,24780.6,24780.6,24727.1,24730.6,3343
NSE,NIFTY,2025-05-21,12:20:00,24730.0,24734.8,24685.95,24734.4,3344
NSE,NIFTY,2025-05-21,12:25:00,24739.4,24767.4,24733.25,24758.0,3345
NSE,NIFTY,2025-05-21,12:30:00,24758.1,24762.0,24717.0,24752.75,3346
NSE,NIFTY,2025-05-21,12:35:00,24754.05,24775.0,24750.5,24764.5,3347
NSE,NIFTY,2025-05-21,12:40:00,24767.4,24808.5,24764.8,24800.45,3348
NSE,NIFTY,2025-05-21,12:45:00,24800.05,24803.4,24776.75,24783.9,3349
NSE,NIFTY,2025-05-21,12:50:00,24784.5,24785.55,24751.55,24768.85,3350
NSE,NIFTY,2025-05-21,12:55:00,24770.55,24774.75,24736.3,24745.8,3351
NSE,NIFTY,2025-05-21,13:00:00,24744.8,24781.05,24741.1,24779.2,3352
NSE,NIFTY,2025-05-21,13:05:00,24779.55,24790.05,24767.35,24789.4,3353
NSE,NIFTY,2025-05-21,13:10:00,24789.75,24802.35,24778.15,24783.45,3354
NSE,NIFTY,2025-05-21,13:15:00,24783.85,24804.15,24780.8,24800.5,3355
NSE,NIFTY,2025-05-21,13:20:00,24801.8,24839.35,24793.2,24837.85,3356
NSE,NIFTY,2025-05-21,13:25:00,24837.35,24838.55,24810.15,24813.4,3357
NSE,NIFTY,2025-05-21,13:30:00,24814.45,24815.4,24775.1,24782.45,3358
NSE,NIFTY,2025-05-21,13:35:00,24782.9,24804.55,24778.75,24804.1,3359
NSE,NIFTY,2025-05-21,13:40:00,24805.0,24815.15,24769.0,24783.65,3360
NSE,NIFTY,2025-05-21,13:45:00,24784.2,24788.6,24758.5,24778.6,3361
NSE,NIFTY,2025-05-21,13:50:00,24779.9,24785.2,24773.45,24783.55,3362
NSE,NIFTY,2025-05-21,13:55:00,24784.3,24787.6,24773.7,24785.25,3363
NSE,NIFTY,2025-05-21,14:00:00,24782.8,24793.8,24774.75,24780.2,3364
NSE,NIFTY,2025-05-21,14:05:00,24780.5,24780.5,24740.8,24761.6,3365
NSE,NIFTY,2025-05-21,14:10:00,24763.8,24772.1,24762.95,24764.1,3366
NSE,NIFTY,2025-05-21,14:15:00,24763.85,24801.95,24763.35,24797.65,3367
NSE,NIFTY,2025-05-21,14:20:00,24797.9,24804.05,24789.35,24792.95,3368
NSE,NIFTY,2025-05-21,14:25:00,24792.9,24819.35,24792.0,24800.65,3369
NSE,NIFTY,2025-05-21,14:30:00,24801.85,24813.75,24798.25,24812.35,3370
NSE,NIFTY,2025-05-21,14:35:00,24814.7,24818.95,24803.85,24807.85,3371
NSE,NIFTY,2025-05-21,14:40:00,24809.25,24819.6,24802.95,24808.15,3372
NSE,NIFTY,2025-05-21,14:45:00,24808.6,24813.0,24780.65,24798.5,3373
NSE,NIFTY,2025-05-21,14:50:00,24801.35,24806.0,24792.55,24797.8,3374
NSE,NIFTY,2025-05-21,14:55:00,24799.3,24813.9,24790.15,24810.15,3375
NSE,NIFTY,2025-05-21,15:00:00,24809.9,24818.45,24796.35,24817.35,3376
NSE,NIFTY,2025-05-21,15:05:00,24817.4,24828.45,24810.15,24817.7,3377
NSE,NIFTY,2025-05-21,15:10:00,24817.35,24829.85,24816.3,24825.6,3378
NSE,NIFTY,2025-05-21,15:15:00,24825.55,24826.35,24803.65,24810.65,3379
NSE,NIFTY,2025-05-21,15:20:00,24810.3,24815.7,24806.5,24813.6,3380
NSE,NIFTY,2025-05-21,15:25:00,24813.3,24819.95,24794.85,24800.9,3381
NSE,NIFTY,2025-05-21,15:30:00,24801.1,24806.5,24796.75,24801.35,3382
NSE,NIFTY,2025-05-22,09:15:00,24733.95,24733.95,24687.1,24709.95,3410
NSE,NIFTY,2025-05-22,09:20:00,24707.75,24715.35,24610.95,24622.65,3411
NSE,NIFTY,2025-05-22,09:25:00,24621.5,24638.55,24574.8,24588.9,3412
NSE,NIFTY,2025-05-22,09:30:00,24587.7,24614.0,24563.25,24570.3,3413
NSE,NIFTY,2025-05-22,09:35:00,24566.65,24577.95,24542.1,24543.05,3414
NSE,NIFTY,2025-05-22,09:40:00,24543.7,24603.75,24543.6,24567.2,3415
NSE,NIFTY,2025-05-22,09:45:00,24567.65,24616.05,24567.55,24572.2,3416
NSE,NIFTY,2025-05-22,09:50:00,24567.05,24576.4,24556.65,24566.0,3417
NSE,NIFTY,2025-05-22,09:55:00,24565.7,24599.1,24559.8,24573.6,3418
NSE,NIFTY,2025-05-22,10:00:00,24574.2,24631.7,24574.2,24622.75,3419
NSE,NIFTY,2025-05-22,10:05:00,24622.85,24628.25,24602.3,24609.1,3420
NSE,NIFTY,2025-05-22,10:10:00,24609.3,24609.8,24580.2,24591.0,3421
NSE,NIFTY,2025-05-22,10:15:00,24591.6,24612.65,24587.6,24606.3,3422
NSE,NIFTY,2025-05-22,10:20:00,24606.05,24621.0,24601.15,24610.5,3423
NSE,NIFTY,2025-05-22,10:25:00,24610.7,24622.8,24608.65,24613.4,3424
NSE,NIFTY,2025-05-22,10:30:00,24613.0,24613.7,24571.15,24580.5,3425
NSE,NIFTY,2025-05-22,10:35:00,24580.05,24602.55,24577.65,24600.3,3426
NSE,NIFTY,2025-05-22,10:40:00,24600.85,24628.6,24599.9,24608.8,3427
NSE,NIFTY,2025-05-22,10:45:00,24608.55,24622.8,24603.15,24612.85,3428
NSE,NIFTY,2025-05-22,10:50:00,24612.5,24613.05,24594.1,24600.4,3429
NSE,NIFTY,2025-05-22,10:55:00,24600.95,24611.3,24598.0,24602.1,3430
NSE,NIFTY,2025-05-22,11:00:00,24603.1,24611.75,24593.3,24608.85,3431
NSE,NIFTY,2025-05-22,11:05:00,24609.35,24610.25,24593.25,24598.4,3432
NSE,NIFTY,2025-05-22,11:10:00,24596.0,24603.7,24588.15,24601.25,3433
NSE,NIFTY,2025-05-22,11:15:00,24600.2,24605.0,24594.15,24595.9,3434
NSE,NIFTY,2025-05-22,11:20:00,24595.25,24604.3,24595.05,24598.0,3435
NSE,NIFTY,2025-05-22,11:25:00,24598.35,24599.5,24579.2,24588.1,3436
NSE,NIFTY,2025-05-22,11:30:00,24588.3,24598.8,24585.4,24597.85,3437
NSE,NIFTY,2025-05-22,11:35:00,24598.2,24598.5,24587.9,24590.1,3438
NSE,NIFTY,2025-05-22,11:40:00,24589.5,24593.35,24548.75,24554.25,3439
NSE,NIFTY,2025-05-22,11:45:00,24554.1,24565.05,24543.05,24560.65,3440
NSE,NIFTY,2025-05-22,11:50:00,24560.9,24578.25,24557.75,24573.95,3441
NSE,NIFTY,2025-05-22,11:55:00,24574.3,24607.5,24573.45,24591.0,3442
NSE,NIFTY,2025-05-22,12:00:00,24591.3,24592.3,24578.5,24590.75,3443
NSE,NIFTY,2025-05-22,12:05:00,24590.7,24599.0,24583.25,24593.75,3444
NSE,NIFTY,2025-05-22,12:10:00,24590.0,24593.9,24576.05,24579.6,3445
NSE,NIFTY,2025-05-22,12:15:00,24579.95,24581.25,24567.4,24572.9,3446
NSE,NIFTY,2025-05-22,12:20:00,24573.0,24574.65,24555.65,24559.65,3447
NSE,NIFTY,2025-05-22,12:25:00,24560.3,24569.0,24549.8,24552.3,3448
NSE,NIFTY,2025-05-22,12:30:00,24552.9,24563.45,24548.9,24557.3,3449
NSE,NIFTY,2025-05-22,12:35:00,24557.8,24571.9,24552.65,24562.1,3450
NSE,NIFTY,2025-05-22,12:40:00,24562.3,24565.15,24557.5,24564.7,3451
NSE,NIFTY,2025-05-22,12:45:00,24565.35,24565.7,24553.65,24558.8,3452
NSE,NIFTY,2025-05-22,12:50:00,24557.85,24559.0,24523.0,24535.6,3453
NSE,NIFTY,2025-05-22,12:55:00,24537.05,24537.3,24513.7,24518.45,3454
NSE,NIFTY,2025-05-22,13:00:00,24518.8,24528.45,24509.35,24517.25,3455
NSE,NIFTY,2025-05-22,13:05:00,24518.05,24526.15,24517.2,24517.35,3456
NSE,NIFTY,2025-05-22,13:10:00,24518.3,24520.35,24511.95,24514.4,3457
NSE,NIFTY,2025-05-22,13:15:00,24514.4,24543.0,24513.2,24542.25,3458
NSE,NIFTY,2025-05-22,13:20:00,24542.2,24548.9,24531.3,24536.4,3459
NSE,NIFTY,2025-05-22,13:25:00,24536.2,24554.1,24535.15,24544.9,3460
NSE,NIFTY,2025-05-22,13:30:00,24545.25,24556.6,24542.6,24555.5,3461
NSE,NIFTY,2025-05-22,13:35:00,24554.75,24555.5,24543.9,24547.45,3462
NSE,NIFTY,2025-05-22,13:40:00,24547.8,24551.45,24537.1,24537.45,3463
NSE,NIFTY,2025-05-22,13:45:00,24538.0,24538.45,24518.2,24525.45,3464
NSE,NIFTY,2025-05-22,13:50:00,24525.65,24534.85,24523.55,24525.75,3465
NSE,NIFTY,2025-05-22,13:55:00,24525.0,24527.45,24515.05,24522.4,3466
NSE,NIFTY,2025-05-22,14:00:00,24522.55,24530.2,24521.7,24526.8,3467
NSE,NIFTY,2025-05-22,14:05:00,24526.6,24539.55,24522.6,24530.9,3468
NSE,NIFTY,2025-05-22,14:10:00,24531.5,24532.7,24518.55,24522.1,3469
NSE,NIFTY,2025-05-22,14:15:00,24522.0,24531.0,24520.55,24525.1,3470
NSE,NIFTY,2025-05-22,14:20:00,24524.7,24524.7,24481.45,24482.9,3471
NSE,NIFTY,2025-05-22,14:25:00,24482.45,24499.9,24475.6,24485.05,3472
NSE,NIFTY,2025-05-22,14:30:00,24485.8,24494.15,24476.55,24488.5,3473
NSE,NIFTY,2025-05-22,14:35:00,24488.75,24497.45,24474.3,24481.3,3474
NSE,NIFTY,2025-05-22,14:40:00,24482.55,24530.55,24464.15,24525.95,3475
NSE,NIFTY,2025-05-22,14:45:00,24523.6,24577.55,24523.6,24543.05,3476
NSE,NIFTY,2025-05-22,14:50:00,24543.6,24580.05,24512.7,24566.05,3477
NSE,NIFTY,2025-05-22,14:55:00,24564.9,24586.55,24545.75,24584.45,3478
NSE,NIFTY,2025-05-22,15:00:00,24584.45,24639.85,24584.45,24599.7,3479
NSE,NIFTY,2025-05-22,15:05:00,24598.65,24614.95,24594.9,24600.15,3480
NSE,NIFTY,2025-05-22,15:10:00,24600.65,24619.35,24594.0,24611.75,3481
NSE,NIFTY,2025-05-22,15:15:00,24614.45,24615.35,24600.6,24602.65,3482
NSE,NIFTY,2025-05-22,15:20:00,24603.1,24616.4,24597.5,24606.5,3483
NSE,NIFTY,2025-05-22,15:25:00,24607.2,24633.55,24598.6,24632.6,3484
NSE,NIFTY,2025-05-22,15:30:00,24633.3,24647.15,24632.95,24637.75,3485
NSE,NIFTY,2025-05-23,09:15:00,24639.5,24658.15,24631.25,24651.15,3513
NSE,NIFTY,2025-05-23,09:20:00,24657.9,24663.75,24614.65,24650.1,3514
NSE,NIFTY,2025-05-23,09:25:00,24652.0,24720.85,24650.45,24708.15,3515
NSE,NIFTY,2025-05-23,09:30:00,24708.7,24732.7,24696.1,24702.7,3516
NSE,NIFTY,2025-05-23,09:35:00,24703.25,24751.65,24698.6,24744.45,3517
NSE,NIFTY,2025-05-23,09:40:00,24744.0,24773.0,24742.65,24755.35,3518
NSE,NIFTY,2025-05-23,09:45:00,24755.25,24786.35,24746.3,24777.45,3519
NSE,NIFTY,2025-05-23,09:50:00,24776.75,24795.3,24763.25,24785.05,3520
NSE,NIFTY,2025-05-23,09:55:00,24785.35,24806.4,24768.3,24799.1,3521
NSE,NIFTY,2025-05-23,10:00:00,24798.4,24801.2,24783.8,24797.9,3522
NSE,NIFTY,2025-05-23,10:05:00,24797.0,24818.7,24785.15,24806.95,3523
NSE,NIFTY,2025-05-23,10:10:00,24808.1,24824.05,24800.7,24823.75,3524
NSE,NIFTY,2025-05-23,10:15:00,24824.25,24826.35,24798.7,24814.35,3525
NSE,NIFTY,2025-05-23,10:20:00,24812.8,24814.85,24785.05,24786.1,3526
NSE,NIFTY,2025-05-23,10:25:00,24786.9,24796.0,24773.6,24784.95,3527
NSE,NIFTY,2025-05-23,10:30:00,24787.45,24795.3,24768.05,24769.5,3528
NSE,NIFTY,2025-05-23,10:35:00,24769.75,24778.95,24751.1,24751.6,3529
NSE,NIFTY,2025-05-23,10:40:00,24751.15,24797.4,24748.55,24796.75,3530
NSE,NIFTY,2025-05-23,10:45:00,24798.6,24815.4,24796.9,24811.4,3531
NSE,NIFTY,2025-05-23,10:50:00,24810.0,24895.65,24807.9,24893.1,3532
NSE,NIFTY,2025-05-23,10:55:00,24891.65,24892.45,24875.95,24890.15,3533
NSE,NIFTY,2025-05-23,11:00:00,24890.45,24908.85,24885.65,24894.15,3534
NSE,NIFTY,2025-05-23,11:05:00,24894.3,24899.3,24884.15,24888.75,3535
NSE,NIFTY,2025-05-23,11:10:00,24889.6,24890.5,24874.85,24890.5,3536
NSE,NIFTY,2025-05-23,11:15:00,24891.35,24902.35,24879.5,24889.75,3537
NSE,NIFTY,2025-05-23,11:20:00,24888.95,24889.45,24864.75,24870.6,3538
NSE,NIFTY,2025-05-23,11:25:00,24870.25,24875.55,24857.35,24862.2,3539
NSE,NIFTY,2025-05-23,11:30:00,24861.75,24886.3,24854.15,24884.35,3540
NSE,NIFTY,2025-05-23,11:35:00,24885.35,24903.4,24881.3,24884.85,3541
NSE,NIFTY,2025-05-23,11:40:00,24885.8,24887.45,24865.9,24867.5,3542
NSE,NIFTY,2025-05-23,11:45:00,24867.2,24872.9,24861.8,24863.5,3543
NSE,NIFTY,2025-05-23,11:50:00,24863.8,24866.25,24804.3,24816.3,3544
NSE,NIFTY,2025-05-23,11:55:00,24816.6,24845.65,24814.3,24840.25,3545
NSE,NIFTY,2025-05-23,12:00:00,24838.8,24849.8,24827.55,24837.75,3546
NSE,NIFTY,2025-05-23,12:05:00,24839.3,24850.05,24835.7,24843.1,3547
NSE,NIFTY,2025-05-23,12:10:00,24843.5,24851.85,24834.85,24834.95,3548
NSE,NIFTY,2025-05-23,12:15:00,24834.95,24846.2,24819.8,24838.2,3549
NSE,NIFTY,2025-05-23,12:20:00,24837.8,24848.65,24828.85,24847.25,3550
NSE,NIFTY,2025-05-23,12:25:00,24847.25,24873.9,24842.0,24864.5,3551
NSE,NIFTY,2025-05-23,12:30:00,24865.85,24871.7,24855.25,24865.85,3552
NSE,NIFTY,2025-05-23,12:35:00,24866.55,24890.05,24865.95,24889.5,3553
NSE,NIFTY,2025-05-23,12:40:00,24889.8,24901.35,24879.35,24882.45,3554
NSE,NIFTY,2025-05-23,12:45:00,24883.35,24891.65,24869.4,24878.4,3555
NSE,NIFTY,2025-05-23,12:50:00,24878.6,24887.25,24875.25,24881.6,3556
NSE,NIFTY,2025-05-23,12:55:00,24882.05,24898.2,24879.95,24885.05,3557
NSE,NIFTY,2025-05-23,13:00:00,24885.65,24892.75,24879.5,24880.65,3558
NSE,NIFTY,2025-05-23,13:05:00,24881.5,24893.35,24880.45,24887.9,3559
NSE,NIFTY,2025-05-23,13:10:00,24889.3,24902.0,24886.85,24887.0,3560
NSE,NIFTY,2025-05-23,13:15:00,24887.3,24888.0,24874.65,24884.25,3561
NSE,NIFTY,2025-05-23,13:20:00,24884.65,24891.05,24873.75,24886.45,3562
NSE,NIFTY,2025-05-23,13:25:00,24887.9,24895.85,24885.2,24890.45,3563
NSE,NIFTY,2025-05-23,13:30:00,24891.05,24898.4,24883.2,24886.1,3564
NSE,NIFTY,2025-05-23,13:35:00,24887.6,24892.05,24871.2,24876.7,3565
NSE,NIFTY,2025-05-23,13:40:00,24876.0,24889.15,24870.0,24879.65,3566
NSE,NIFTY,2025-05-23,13:45:00,24878.85,24883.25,24841.7,24849.55,3567
NSE,NIFTY,2025-05-23,13:50:00,24850.0,24867.8,24838.05,24853.85,3568
NSE,NIFTY,2025-05-23,13:55:00,24853.95,24883.2,24852.85,24864.55,3569
NSE,NIFTY,2025-05-23,14:00:00,24864.65,24882.6,24863.15,24881.8,3570
NSE,NIFTY,2025-05-23,14:05:00,24882.0,24894.05,24881.15,24884.0,3571
NSE,NIFTY,2025-05-23,14:10:00,24884.2,24887.9,24876.7,24878.55,3572
NSE,NIFTY,2025-05-23,14:15:00,24878.3,24881.2,24863.6,24869.1,3573
NSE,NIFTY,2025-05-23,14:20:00,24869.5,24871.2,24857.1,24866.05,3574
NSE,NIFTY,2025-05-23,14:25:00,24865.5,24875.25,24860.1,24870.05,3575
NSE,NIFTY,2025-05-23,14:30:00,24869.55,24884.15,24868.5,24870.6,3576
NSE,NIFTY,2025-05-23,14:35:00,24871.7,24873.9,24860.0,24861.05,3577
NSE,NIFTY,2025-05-23,14:40:00,24860.7,24870.75,24847.65,24854.0,3578
NSE,NIFTY,2025-05-23,14:45:00,24853.4,24862.85,24832.1,24832.5,3579
NSE,NIFTY,2025-05-23,14:50:00,24834.85,24852.5,24834.85,24846.1,3580
NSE,NIFTY,2025-05-23,14:55:00,24845.9,24847.45,24819.3,24828.85,3581
NSE,NIFTY,2025-05-23,15:00:00,24830.0,24845.1,24821.05,24843.0,3582
NSE,NIFTY,2025-05-23,15:05:00,24841.4,24859.75,24836.8,24859.2,3583
NSE,NIFTY,2025-05-23,15:10:00,24860.85,24864.0,24847.1,24847.5,3584
NSE,NIFTY,2025-05-23,15:15:00,24846.95,24854.95,24842.8,24851.5,3585
NSE,NIFTY,2025-05-23,15:20:00,24851.75,24862.1,24846.85,24859.1,3586
NSE,NIFTY,2025-05-23,15:25:00,24859.35,24862.0,24852.1,24852.5,3587
NSE,NIFTY,2025-05-23,15:30:00,24853.4,24856.6,24842.9,24849.05,3588
NSE,NIFTY,2025-05-26,09:15:00,24919.35,24984.15,24908.5,24984.15,3616
NSE,NIFTY,2025-05-26,09:20:00,24986.3,25028.65,24983.05,25024.7,3617
NSE,NIFTY,2025-05-26,09:25:00,25023.9,25039.3,25006.4,25011.55,3618
NSE,NIFTY,2025-05-26,09:30:00,25012.1,25048.55,25011.05,25033.1,3619
NSE,NIFTY,2025-05-26,09:35:00,25033.75,25054.8,25031.5,25047.95,3620
NSE,NIFTY,2025-05-26,09:40:00,25046.7,25051.9,25024.35,25042.25,3621
NSE,NIFTY,2025-05-26,09:45:00,25040.8,25053.3,25028.45,25050.45,3622
NSE,NIFTY,2025-05-26,09:50:00,25050.7,25079.05,25050.7,25068.2,3623
NSE,NIFTY,2025-05-26,09:55:00,25067.95,25073.9,25054.65,25060.55,3624
NSE,NIFTY,2025-05-26,10:00:00,25062.7,25065.9,25049.5,25062.5,3625
NSE,NIFTY,2025-05-26,10:05:00,25063.65,25065.2,25040.55,25041.8,3626
NSE,NIFTY,2025-05-26,10:10:00,25041.25,25056.4,25035.15,25040.9,3627
NSE,NIFTY,2025-05-26,10:15:00,25041.35,25059.4,25040.9,25045.8,3628
NSE,NIFTY,2025-05-26,10:20:00,25044.65,25048.25,25009.9,25011.7,3629
NSE,NIFTY,2025-05-26,10:25:00,25006.65,25029.45,24998.9,25010.85,3630
NSE,NIFTY,2025-05-26,10:30:00,25010.95,25011.8,24938.65,24957.65,3631
NSE,NIFTY,2025-05-26,10:35:00,24958.35,24963.25,24941.45,24942.0,3632
NSE,NIFTY,2025-05-26,10:40:00,24943.4,24950.3,24910.5,24936.4,3633
NSE,NIFTY,2025-05-26,10:45:00,24934.8,24985.0,24931.7,24984.9,3634
NSE,NIFTY,2025-05-26,10:50:00,24985.7,24992.2,24950.95,24962.55,3635
NSE,NIFTY,2025-05-26,10:55:00,24962.35,24976.55,24962.0,24970.1,3636
NSE,NIFTY,2025-05-26,11:00:00,24969.7,24992.3,24965.1,24979.85,3637
NSE,NIFTY,2025-05-26,11:05:00,24978.95,24979.1,24966.55,24970.45,3638
NSE,NIFTY,2025-05-26,11:10:00,24969.95,24976.8,24960.0,24970.3,3639
NSE,NIFTY,2025-05-26,11:15:00,24970.95,24982.0,24963.25,24981.2,3640
NSE,NIFTY,2025-05-26,11:20:00,24981.05,25009.85,24978.4,24999.15,3641
NSE,NIFTY,2025-05-26,11:25:00,24999.1,25024.4,24990.4,24990.9,3642
NSE,NIFTY,2025-05-26,11:30:00,24991.5,24992.4,24961.65,24973.75,3643
NSE,NIFTY,2025-05-26,11:35:00,24973.75,24980.45,24968.4,24972.1,3644
NSE,NIFTY,2025-05-26,11:40:00,24972.3,24976.35,24954.1,24968.35,3645
NSE,NIFTY,2025-05-26,11:45:00,24968.75,24977.85,24966.7,24977.85,3646
NSE,NIFTY,2025-05-26,11:50:00,24977.3,24987.7,24973.95,24982.3,3647
NSE,NIFTY,2025-05-26,11:55:00,24982.6,24997.4,24981.4,24995.7,3648
NSE,NIFTY,2025-05-26,12:00:00,24995.65,25011.35,24988.4,25002.7,3649
NSE,NIFTY,2025-05-26,12:05:00,25002.95,25007.15,24991.55,25003.45,3650
NSE,NIFTY,2025-05-26,12:10:00,25003.6,25007.85,24987.4,24990.85,3651
NSE,NIFTY,2025-05-26,12:15:00,24991.65,24998.35,24977.2,24979.75,3652
NSE,NIFTY,2025-05-26,12:20:00,24980.05,24987.3,24972.0,24986.2,3653
NSE,NIFTY,2025-05-26,12:25:00,24985.85,24993.95,24980.1,24984.2,3654
NSE,NIFTY,2025-05-26,12:30:00,24984.5,25013.8,24978.95,25008.6,3655
NSE,NIFTY,2025-05-26,12:35:00,25008.95,25008.95,24992.65,25000.2,3656
NSE,NIFTY,2025-05-26,12:40:00,24999.35,25003.45,24991.25,25002.1,3657
NSE,NIFTY,2025-05-26,12:45:00,25002.4,25003.3,24964.15,24965.65,3658
NSE,NIFTY,2025-05-26,12:50:00,24965.15,24977.05,24963.15,24967.4,3659
NSE,NIFTY,2025-05-26,12:55:00,24967.85,24972.25,24953.35,24956.4,3660
NSE,NIFTY,2025-05-26,13:00:00,24955.5,24974.65,24939.45,24973.35,3661
NSE,NIFTY,2025-05-26,13:05:00,24973.35,24977.65,24969.05,24975.2,3662
NSE,NIFTY,2025-05-26,13:10:00,24975.6,24992.1,24974.15,24983.4,3663
NSE,NIFTY,2025-05-26,13:15:00,24982.5,24986.55,24977.95,24978.15,3664
NSE,NIFTY,2025-05-26,13:20:00,24977.95,24982.05,24972.35,24978.55,3665
NSE,NIFTY,2025-05-26,13:25:00,24978.8,24986.85,24968.65,24970.4,3666
NSE,NIFTY,2025-05-26,13:30:00,24969.9,24979.1,24968.0,24969.8,3667
NSE,NIFTY,2025-05-26,13:35:00,24970.35,24984.65,24967.85,24983.6,3668
NSE,NIFTY,2025-05-26,13:40:00,24983.75,24991.95,24983.15,24990.75,3669
NSE,NIFTY,2025-05-26,13:45:00,24991.0,25009.2,24989.6,25000.1,3670
NSE,NIFTY,2025-05-26,13:50:00,24999.7,25004.7,24993.0,25002.1,3671
NSE,NIFTY,2025-05-26,13:55:00,25003.05,25013.35,24992.25,25010.65,3672
NSE,NIFTY,2025-05-26,14:00:00,25010.7,25011.25,24987.75,24989.85,3673
NSE,NIFTY,2025-05-26,14:05:00,24989.8,25000.65,24984.25,24986.65,3674
NSE,NIFTY,2025-05-26,14:10:00,24987.15,24997.9,24976.75,24997.9,3675
NSE,NIFTY,2025-05-26,14:15:00,24996.75,25004.1,24991.75,24992.3,3676
NSE,NIFTY,2025-05-26,14:20:00,24992.85,24993.4,24982.9,24985.9,3677
NSE,NIFTY,2025-05-26,14:25:00,24985.85,24987.25,24969.25,24979.9,3678
NSE,NIFTY,2025-05-26,14:30:00,24980.05,24988.05,24975.95,24981.6,3679
NSE,NIFTY,2025-05-26,14:35:00,24980.95,25004.85,24979.85,25000.3,3680
NSE,NIFTY,2025-05-26,14:40:00,25000.35,25002.6,24987.95,24989.45,3681
NSE,NIFTY,2025-05-26,14:45:00,24989.45,25000.35,24987.05,24997.35,3682
NSE,NIFTY,2025-05-26,14:50:00,24996.4,24998.35,24983.15,24988.55,3683
NSE,NIFTY,2025-05-26,14:55:00,24988.6,25004.7,24986.65,24995.0,3684
NSE,NIFTY,2025-05-26,15:00:00,24995.4,25013.6,24993.35,25012.05,3685
NSE,NIFTY,2025-05-26,15:05:00,25012.15,25019.65,24998.75,25000.85,3686
NSE,NIFTY,2025-05-26,15:10:00,25002.8,25009.25,24999.3,25008.5,3687
NSE,NIFTY,2025-05-26,15:15:00,25007.8,25010.85,24999.95,25005.45,3688
NSE,NIFTY,2025-05-26,15:20:00,25005.55,25006.25,24994.9,24998.25,3689
NSE,NIFTY,2025-05-26,15:25:00,24998.15,25002.65,24993.95,25000.1,3690
NSE,NIFTY,2025-05-26,15:30:00,24999.4,25004.05,24992.6,24996.9,3691
NSE,NIFTY,2025-05-27,09:15:00,24956.65,24969.55,24883.4,24892.05,3719
NSE,NIFTY,2025-05-27,09:20:00,24897.9,24927.7,24854.95,24861.75,3720
NSE,NIFTY,2025-05-27,09:25:00,24861.65,24862.0,24771.0,24813.4,3721
NSE,NIFTY,2025-05-27,09:30:00,24810.65,24813.5,24768.8,24770.75,3722
NSE,NIFTY,2025-05-27,09:35:00,24771.35,24838.3,24766.35,24814.2,3723
NSE,NIFTY,2025-05-27,09:40:00,24814.7,24841.65,24795.0,24824.55,3724
NSE,NIFTY,2025-05-27,09:45:00,24823.9,24836.95,24804.1,24814.9,3725
NSE,NIFTY,2025-05-27,09:50:00,24814.2,24817.95,24778.55,24780.8,3726
NSE,NIFTY,2025-05-27,09:55:00,24780.9,24800.1,24772.1,24784.6,3727
NSE,NIFTY,2025-05-27,10:00:00,24784.45,24803.85,24750.15,24752.8,3728
NSE,NIFTY,2025-05-27,10:05:00,24754.0,24773.4,24737.75,24772.95,3729
NSE,NIFTY,2025-05-27,10:10:00,24772.4,24784.05,24754.0,24774.6,3730
NSE,NIFTY,2025-05-27,10:15:00,24773.05,24791.45,24759.55,24769.35,3731
NSE,NIFTY,2025-05-27,10:20:00,24769.2,24772.85,24753.45,24764.9,3732
NSE,NIFTY,2025-05-27,10:25:00,24765.45,24771.15,24753.05,24766.0,3733
NSE,NIFTY,2025-05-27,10:30:00,24765.0,24776.35,24752.45,24758.4,3734
NSE,NIFTY,2025-05-27,10:35:00,24757.85,24782.1,24751.35,24781.6,3735
NSE,NIFTY,2025-05-27,10:40:00,24782.3,24798.85,24767.35,24778.45,3736
NSE,NIFTY,2025-05-27,10:45:00,24777.95,24781.3,24758.7,24764.6,3737
NSE,NIFTY,2025-05-27,10:50:00,24763.75,24768.2,24754.25,24760.4,3738
NSE,NIFTY,2025-05-27,10:55:00,24760.95,24783.15,24759.95,24779.9,3739
NSE,NIFTY,2025-05-27,11:00:00,24780.55,24803.25,24770.85,24779.5,3740
NSE,NIFTY,2025-05-27,11:05:00,24779.45,24960.2,24772.6,24948.05,3741
NSE,NIFTY,2025-05-27,11:10:00,24941.75,24945.0,24825.1,24866.75,3742
NSE,NIFTY,2025-05-27,11:15:00,24867.25,24916.4,24842.65,24915.05,3743
NSE,NIFTY,2025-05-27,11:20:00,24913.2,24930.75,24897.75,24917.8,3744
NSE,NIFTY,2025-05-27,11:25:00,24917.0,24978.8,24888.6,24978.5,3745
NSE,NIFTY,2025-05-27,11:30:00,24975.35,25035.3,24967.6,25031.4,3746
NSE,NIFTY,2025-05-27,11:35:00,25029.75,25062.4,25001.2,25023.6,3747
NSE,NIFTY,2025-05-27,11:40:00,25025.15,25027.45,24925.4,24963.3,3748
NSE,NIFTY,2025-05-27,11:45:00,24963.5,24978.55,24940.4,24972.8,3749
NSE,NIFTY,2025-05-27,11:50:00,24975.45,24976.2,24910.5,24910.5,3750
NSE,NIFTY,2025-05-27,11:55:00,24912.6,24948.05,24908.0,24942.6,3751
NSE,NIFTY,2025-05-27,12:00:00,24942.3,24977.05,24930.65,24930.65,3752
NSE,NIFTY,2025-05-27,12:05:00,24930.9,24971.1,24926.6,24961.0,3753
NSE,NIFTY,2025-05-27,12:10:00,24960.9,24961.65,24936.7,24951.55,3754
NSE,NIFTY,2025-05-27,12:15:00,24951.7,24967.45,24942.1,24957.55,3755
NSE,NIFTY,2025-05-27,12:20:00,24958.95,24962.4,24923.4,24937.15,3756
NSE,NIFTY,2025-05-27,12:25:00,24936.95,24937.45,24881.8,24889.35,3757
NSE,NIFTY,2025-05-27,12:30:00,24889.45,24908.55,24824.25,24830.15,3758
NSE,NIFTY,2025-05-27,12:35:00,24831.9,24888.7,24819.95,24881.35,3759
NSE,NIFTY,2025-05-27,12:40:00,24882.6,24882.6,24850.4,24862.2,3760
NSE,NIFTY,2025-05-27,12:45:00,24865.25,24866.45,24835.7,24862.8,3761
NSE,NIFTY,2025-05-27,12:50:00,24865.6,24881.3,24844.5,24851.9,3762
NSE,NIFTY,2025-05-27,12:55:00,24851.7,24857.7,24824.6,24843.9,3763
NSE,NIFTY,2025-05-27,13:00:00,24844.8,24851.2,24820.55,24824.4,3764
NSE,NIFTY,2025-05-27,13:05:00,24823.4,24833.6,24802.7,24820.55,3765
NSE,NIFTY,2025-05-27,13:10:00,24818.8,24827.65,24800.8,24818.1,3766
NSE,NIFTY,2025-05-27,13:15:00,24817.9,24838.1,24817.85,24837.95,3767
NSE,NIFTY,2025-05-27,13:20:00,24838.0,24848.25,24808.4,24815.7,3768
NSE,NIFTY,2025-05-27,13:25:00,24816.1,24831.65,24804.95,24812.2,3769
NSE,NIFTY,2025-05-27,13:30:00,24815.2,24830.15,24804.2,24825.15,3770
NSE,NIFTY,2025-05-27,13:35:00,24827.15,24837.55,24820.25,24821.85,3771
NSE,NIFTY,2025-05-27,13:40:00,24822.35,24843.75,24813.95,24843.75,3772
NSE,NIFTY,2025-05-27,13:45:00,24841.4,24871.85,24826.2,24868.9,3773
NSE,NIFTY,2025-05-27,13:50:00,24868.55,24871.3,24834.95,24839.2,3774
NSE,NIFTY,2025-05-27,13:55:00,24837.45,24845.15,24806.8,24809.35,3775
NSE,NIFTY,2025-05-27,14:00:00,24809.4,24815.75,24744.55,24757.7,3776
NSE,NIFTY,2025-05-27,14:05:00,24757.85,24783.95,24757.55,24769.6,3777
NSE,NIFTY,2025-05-27,14:10:00,24767.35,24787.45,24756.95,24764.05,3778
NSE,NIFTY,2025-05-27,14:15:00,24766.5,24775.35,24760.65,24773.6,3779
NSE,NIFTY,2025-05-27,14:20:00,24775.3,24779.95,24706.05,24710.05,3780
NSE,NIFTY,2025-05-27,14:25:00,24711.2,24738.5,24707.1,24732.45,3781
NSE,NIFTY,2025-05-27,14:30:00,24732.05,24739.5,24725.1,24729.35,3782
NSE,NIFTY,2025-05-27,14:35:00,24729.3,24759.15,24728.55,24753.85,3783
NSE,NIFTY,2025-05-27,14:40:00,24754.9,24771.2,24745.2,24767.7,3784
NSE,NIFTY,2025-05-27,14:45:00,24767.6,24785.6,24765.55,24779.65,3785
NSE,NIFTY,2025-05-27,14:50:00,24780.65,24797.2,24767.1,24791.65,3786
NSE,NIFTY,2025-05-27,14:55:00,24793.55,24798.25,24780.4,24789.7,3787
NSE,NIFTY,2025-05-27,15:00:00,24789.9,24826.3,24778.95,24817.85,3788
NSE,NIFTY,2025-05-27,15:05:00,24818.65,24828.6,24816.65,24823.9,3789
NSE,NIFTY,2025-05-27,15:10:00,24824.4,24842.7,24818.45,24833.95,3790
NSE,NIFTY,2025-05-27,15:15:00,24834.45,24838.9,24826.95,24830.1,3791
NSE,NIFTY,2025-05-27,15:20:00,24829.8,24833.0,24820.6,24825.55,3792
NSE,NIFTY,2025-05-27,15:25:00,24824.25,24830.15,24819.9,24825.6,3793
NSE,NIFTY,2025-05-27,15:30:00,24826.05,24843.3,24816.55,24837.7,3794
NSE,NIFTY,2025-05-28,09:15:00,24832.5,24844.65,24766.95,24787.5,3822
NSE,NIFTY,2025-05-28,09:20:00,24788.2,24844.95,24781.2,24840.85,3823
NSE,NIFTY,2025-05-28,09:25:00,24841.05,24863.15,24783.3,24783.9,3824
NSE,NIFTY,2025-05-28,09:30:00,24785.25,24813.2,24765.2,24775.2,3825
NSE,NIFTY,2025-05-28,09:35:00,24775.2,24782.95,24757.7,24782.95,3826
NSE,NIFTY,2025-05-28,09:40:00,24780.85,24801.55,24743.35,24783.15,3827
NSE,NIFTY,2025-05-28,09:45:00,24780.95,24814.8,24770.9,24797.15,3828
NSE,NIFTY,2025-05-28,09:50:00,24795.3,24799.6,24771.95,24781.65,3829
NSE,NIFTY,2025-05-28,09:55:00,24781.05,24782.55,24752.95,24776.85,3830
NSE,NIFTY,2025-05-28,10:00:00,24776.85,24789.5,24762.65,24777.55,3831
NSE,NIFTY,2025-05-28,10:05:00,24778.95,24779.1,24758.65,24768.7,3832
NSE,NIFTY,2025-05-28,10:10:00,24768.05,24769.2,24755.8,24762.85,3833
NSE,NIFTY,2025-05-28,10:15:00,24763.55,24775.55,24755.35,24756.15,3834
NSE,NIFTY,2025-05-28,10:20:00,24756.2,24758.95,24737.25,24750.6,3835
NSE,NIFTY,2025-05-28,10:25:00,24750.7,24772.5,24749.95,24767.1,3836
NSE,NIFTY,2025-05-28,10:30:00,24767.1,24768.55,24747.6,24751.05,3837
NSE,NIFTY,2025-05-28,10:35:00,24751.1,24767.5,24748.4,24765.7,3838
NSE,NIFTY,2025-05-28,10:40:00,24764.85,24766.25,24743.85,24750.3,3839
NSE,NIFTY,2025-05-28,10:45:00,24750.8,24766.25,24748.95,24756.9,3840
NSE,NIFTY,2025-05-28,10:50:00,24757.05,24799.05,24755.9,24785.6,3841
NSE,NIFTY,2025-05-28,10:55:00,24786.1,24797.9,24776.9,24789.55,3842
NSE,NIFTY,2025-05-28,11:00:00,24788.75,24789.65,24775.9,24787.15,3843
NSE,NIFTY,2025-05-28,11:05:00,24787.1,24801.9,24783.7,24795.35,3844
NSE,NIFTY,2025-05-28,11:10:00,24795.8,24796.05,24770.45,24771.95,3845
NSE,NIFTY,2025-05-28,11:15:00,24772.85,24775.4,24758.45,24775.15,3846
NSE,NIFTY,2025-05-28,11:20:00,24774.3,24783.85,24772.45,24776.3,3847
NSE,NIFTY,2025-05-28,11:25:00,24776.35,24783.1,24757.6,24761.85,3848
NSE,NIFTY,2025-05-28,11:30:00,24760.55,24765.7,24753.75,24763.55,3849
NSE,NIFTY,2025-05-28,11:35:00,24763.1,24763.25,24746.35,24754.6,3850
NSE,NIFTY,2025-05-28,11:40:00,24755.25,24761.7,24750.2,24751.8,3851
NSE,NIFTY,2025-05-28,11:45:00,24751.4,24760.65,24750.1,24753.55,3852
NSE,NIFTY,2025-05-28,11:50:00,24753.95,24773.1,24752.25,24772.3,3853
NSE,NIFTY,2025-05-28,11:55:00,24772.45,24780.7,24766.65,24773.55,3854
NSE,NIFTY,2025-05-28,12:00:00,24774.5,24775.35,24764.9,24767.2,3855
NSE,NIFTY,2025-05-28,12:05:00,24767.8,24767.95,24759.1,24766.15,3856
NSE,NIFTY,2025-05-28,12:10:00,24765.9,24770.35,24754.5,24758.05,3857
NSE,NIFTY,2025-05-28,12:15:00,24757.75,24763.65,24755.7,24762.45,3858
NSE,NIFTY,2025-05-28,12:20:00,24762.5,24769.3,24759.05,24768.1,3859
NSE,NIFTY,2025-05-28,12:25:00,24766.7,24770.9,24764.15,24768.95,3860
NSE,NIFTY,2025-05-28,12:30:00,24768.65,24780.45,24768.1,24778.6,3861
NSE,NIFTY,2025-05-28,12:35:00,24778.0,24796.65,24775.3,24795.25,3862
NSE,NIFTY,2025-05-28,12:40:00,24794.35,24795.85,24783.95,24790.1,3863
NSE,NIFTY,2025-05-28,12:45:00,24790.6,24799.15,24788.55,24791.2,3864
NSE,NIFTY,2025-05-28,12:50:00,24793.3,24813.6,24789.3,24810.95,3865
NSE,NIFTY,2025-05-28,12:55:00,24811.05,24827.05,24804.4,24815.6,3866
NSE,NIFTY,2025-05-28,13:00:00,24815.1,24819.7,24802.6,24806.6,3867
NSE,NIFTY,2025-05-28,13:05:00,24807.1,24821.65,24804.25,24816.45,3868
NSE,NIFTY,2025-05-28,13:10:00,24817.1,24823.3,24800.95,24801.55,3869
NSE,NIFTY,2025-05-28,13:15:00,24801.7,24804.95,24787.6,24792.1,3870
NSE,NIFTY,2025-05-28,13:20:00,24793.6,24797.1,24780.4,24781.05,3871
NSE,NIFTY,2025-05-28,13:25:00,24781.3,24784.2,24774.4,24779.8,3872
NSE,NIFTY,2025-05-28,13:30:00,24780.15,24791.9,24774.05,24789.9,3873
NSE,NIFTY,2025-05-28,13:35:00,24789.95,24796.85,24781.55,24786.2,3874
NSE,NIFTY,2025-05-28,13:40:00,24785.7,24788.15,24770.75,24774.95,3875
NSE,NIFTY,2025-05-28,13:45:00,24774.6,24781.75,24765.7,24776.85,3876
NSE,NIFTY,2025-05-28,13:50:00,24776.75,24777.65,24761.1,24766.2,3877
NSE,NIFTY,2025-05-28,13:55:00,24765.75,24776.1,24761.4,24771.9,3878
NSE,NIFTY,2025-05-28,14:00:00,24771.9,24781.45,24770.6,24775.4,3879
NSE,NIFTY,2025-05-28,14:05:00,24775.0,24775.0,24765.55,24772.6,3880
NSE,NIFTY,2025-05-28,14:10:00,24771.8,24790.75,24769.85,24788.25,3881
NSE,NIFTY,2025-05-28,14:15:00,24788.15,24795.2,24786.1,24789.5,3882
NSE,NIFTY,2025-05-28,14:20:00,24789.2,24798.0,24785.3,24794.3,3883
NSE,NIFTY,2025-05-28,14:25:00,24793.95,24795.3,24785.2,24787.85,3884
NSE,NIFTY,2025-05-28,14:30:00,24787.35,24787.75,24770.35,24772.1,3885
NSE,NIFTY,2025-05-28,14:35:00,24771.65,24786.1,24769.05,24783.85,3886
NSE,NIFTY,2025-05-28,14:40:00,24782.95,24792.95,24772.0,24779.2,3887
NSE,NIFTY,2025-05-28,14:45:00,24778.2,24784.8,24776.35,24784.7,3888
NSE,NIFTY,2025-05-28,14:50:00,24784.25,24786.1,24776.65,24782.55,3889
NSE,NIFTY,2025-05-28,14:55:00,24782.25,24784.0,24772.65,24775.05,3890
NSE,NIFTY,2025-05-28,15:00:00,24775.75,24780.5,24766.3,24767.4,3891
NSE,NIFTY,2025-05-28,15:05:00,24767.3,24768.8,24755.15,24760.9,3892
NSE,NIFTY,2025-05-28,15:10:00,24760.6,24767.0,24756.7,24762.75,3893
NSE,NIFTY,2025-05-28,15:15:00,24762.6,24763.2,24747.5,24748.8,3894
NSE,NIFTY,2025-05-28,15:20:00,24748.75,24749.9,24740.05,24746.95,3895
NSE,NIFTY,2025-05-28,15:25:00,24747.05,24753.7,24743.25,24752.7,3896
NSE,NIFTY,2025-05-28,15:30:00,24752.35,24757.45,24743.7,24757.15,3897
NSE,NIFTY,2025-05-29,09:15:00,24825.1,24867.45,24825.1,24867.45,3925
NSE,NIFTY,2025-05-29,09:20:00,24873.35,24888.3,24840.6,24857.25,3926
NSE,NIFTY,2025-05-29,09:25:00,24856.35,24871.05,24793.8,24805.85,3927
NSE,NIFTY,2025-05-29,09:30:00,24810.75,24817.6,24798.2,24802.9,3928
NSE,NIFTY,2025-05-29,09:35:00,24803.1,24826.65,24801.55,24807.25,3929
NSE,NIFTY,2025-05-29,09:40:00,24806.2,24813.9,24780.3,24803.15,3930
NSE,NIFTY,2025-05-29,09:45:00,24802.25,24814.65,24793.2,24808.55,3931
NSE,NIFTY,2025-05-29,09:50:00,24808.55,24809.1,24786.85,24791.65,3932
NSE,NIFTY,2025-05-29,09:55:00,24791.5,24801.45,24780.8,24793.85,3933
NSE,NIFTY,2025-05-29,10:00:00,24792.85,24806.2,24792.15,24795.8,3934
NSE,NIFTY,2025-05-29,10:05:00,24796.15,24846.2,24795.05,24840.9,3935
NSE,NIFTY,2025-05-29,10:10:00,24842.4,24848.05,24819.95,24823.6,3936
NSE,NIFTY,2025-05-29,10:15:00,24826.15,24826.55,24793.55,24802.8,3937
NSE,NIFTY,2025-05-29,10:20:00,24804.2,24804.55,24781.45,24795.8,3938
NSE,NIFTY,2025-05-29,10:25:00,24795.75,24797.8,24788.85,24789.3,3939
NSE,NIFTY,2025-05-29,10:30:00,24790.55,24796.35,24759.8,24761.6,3940
NSE,NIFTY,2025-05-29,10:35:00,24761.75,24764.3,24749.9,24761.85,3941
NSE,NIFTY,2025-05-29,10:40:00,24761.25,24767.1,24746.8,24751.5,3942
NSE,NIFTY,2025-05-29,10:45:00,24752.55,24759.5,24741.5,24743.85,3943
NSE,NIFTY,2025-05-29,10:50:00,24744.95,24759.05,24742.5,24756.45,3944
NSE,NIFTY,2025-05-29,10:55:00,24756.9,24768.05,24749.9,24761.9,3945
NSE,NIFTY,2025-05-29,11:00:00,24762.25,24765.85,24743.95,24753.05,3946
NSE,NIFTY,2025-05-29,11:05:00,24752.35,24753.75,24714.65,24722.5,3947
NSE,NIFTY,2025-05-29,11:10:00,24723.2,24737.1,24722.8,24732.15,3948
NSE,NIFTY,2025-05-29,11:15:00,24731.3,24739.45,24720.5,24725.15,3949
NSE,NIFTY,2025-05-29,11:20:00,24724.75,24726.25,24709.05,24718.1,3950
NSE,NIFTY,2025-05-29,11:25:00,24718.35,24727.7,24709.7,24726.7,3951
NSE,NIFTY,2025-05-29,11:30:00,24725.05,24735.75,24719.55,24730.8,3952
NSE,NIFTY,2025-05-29,11:35:00,24731.1,24737.15,24721.2,24731.0,3953
NSE,NIFTY,2025-05-29,11:40:00,24730.5,24748.3,24728.7,24741.95,3954
NSE,NIFTY,2025-05-29,11:45:00,24742.9,24744.55,24728.4,24731.3,3955
NSE,NIFTY,2025-05-29,11:50:00,24730.6,24738.3,24728.55,24737.4,3956
NSE,NIFTY,2025-05-29,11:55:00,24737.85,24744.55,24730.2,24730.9,3957
NSE,NIFTY,2025-05-29,12:00:00,24730.8,24744.3,24729.0,24740.8,3958
NSE,NIFTY,2025-05-29,12:05:00,24740.6,24747.8,24732.35,24744.65,3959
NSE,NIFTY,2025-05-29,12:10:00,24744.45,24746.8,24734.7,24737.95,3960
NSE,NIFTY,2025-05-29,12:15:00,24738.4,24738.95,24730.55,24733.9,3961
NSE,NIFTY,2025-05-29,12:20:00,24734.35,24736.95,24727.15,24733.8,3962
NSE,NIFTY,2025-05-29,12:25:00,24733.1,24742.4,24731.75,24738.0,3963
NSE,NIFTY,2025-05-29,12:30:00,24741.1,24757.7,24738.75,24754.85,3964
NSE,NIFTY,2025-05-29,12:35:00,24753.65,24754.45,24736.0,24736.9,3965
NSE,NIFTY,2025-05-29,12:40:00,24737.95,24749.6,24677.6,24689.25,3966
NSE,NIFTY,2025-05-29,12:45:00,24688.15,24703.05,24686.75,24699.5,3967
NSE,NIFTY,2025-05-29,12:50:00,24699.15,24722.75,24699.0,24720.8,3968
NSE,NIFTY,2025-05-29,12:55:00,24721.3,24729.9,24714.1,24728.4,3969
NSE,NIFTY,2025-05-29,13:00:00,24728.5,24772.9,24723.95,24765.95,3970
NSE,NIFTY,2025-05-29,13:05:00,24764.35,24771.55,24748.75,24761.55,3971
NSE,NIFTY,2025-05-29,13:10:00,24759.4,24765.2,24741.3,24759.05,3972
NSE,NIFTY,2025-05-29,13:15:00,24759.55,24762.1,24741.7,24751.75,3973
NSE,NIFTY,2025-05-29,13:20:00,24752.15,24761.7,24742.8,24747.9,3974
NSE,NIFTY,2025-05-29,13:25:00,24747.45,24765.75,24744.0,24763.5,3975
NSE,NIFTY,2025-05-29,13:30:00,24762.6,24765.9,24745.35,24761.2,3976
NSE,NIFTY,2025-05-29,13:35:00,24761.15,24773.7,24754.6,24759.3,3977
NSE,NIFTY,2025-05-29,13:40:00,24758.9,24762.85,24748.45,24752.85,3978
NSE,NIFTY,2025-05-29,13:45:00,24753.05,24757.1,24750.95,24757.1,3979
NSE,NIFTY,2025-05-29,13:50:00,24756.5,24758.0,24743.45,24747.55,3980
NSE,NIFTY,2025-05-29,13:55:00,24746.85,24760.45,24745.85,24752.3,3981
NSE,NIFTY,2025-05-29,14:00:00,24751.8,24758.35,24739.85,24746.35,3982
NSE,NIFTY,2025-05-29,14:05:00,24746.0,24749.3,24723.65,24727.9,3983
NSE,NIFTY,2025-05-29,14:10:00,24727.9,24735.55,24724.85,24734.0,3984
NSE,NIFTY,2025-05-29,14:15:00,24733.85,24736.65,24717.8,24726.45,3985
NSE,NIFTY,2025-05-29,14:20:00,24726.35,24736.2,24718.05,24732.8,3986
NSE,NIFTY,2025-05-29,14:25:00,24732.65,24746.2,24731.8,24742.0,3987
NSE,NIFTY,2025-05-29,14:30:00,24741.8,24760.75,24740.8,24746.25,3988
NSE,NIFTY,2025-05-29,14:35:00,24746.95,24767.6,24743.85,24759.7,3989
NSE,NIFTY,2025-05-29,14:40:00,24761.15,24766.8,24751.8,24753.65,3990
NSE,NIFTY,2025-05-29,14:45:00,24752.7,24759.8,24748.85,24758.05,3991
NSE,NIFTY,2025-05-29,14:50:00,24757.75,24759.5,24738.35,24745.25,3992
NSE,NIFTY,2025-05-29,14:55:00,24745.1,24750.65,24742.2,24748.4,3993
NSE,NIFTY,2025-05-29,15:00:00,24748.8,24783.15,24747.3,24782.15,3994
NSE,NIFTY,2025-05-29,15:05:00,24782.15,24812.85,24782.15,24812.85,3995
NSE,NIFTY,2025-05-29,15:10:00,24813.05,24834.45,24811.1,24830.95,3996
NSE,NIFTY,2025-05-29,15:15:00,24831.35,24854.0,24829.25,24852.25,3997
NSE,NIFTY,2025-05-29,15:20:00,24851.3,24857.1,24838.9,24846.55,3998
NSE,NIFTY,2025-05-29,15:25:00,24846.25,24861.6,24837.1,24861.1,3999
NSE,NIFTY,2025-05-29,15:30:00,24861.05,24891.15,24856.35,24880.8,4000
NSE,NIFTY,2025-05-30,09:15:00,24812.6,24843.3,24803.75,24808.3,4028
NSE,NIFTY,2025-05-30,09:20:00,24807.1,24823.25,24780.7,24822.9,4029
NSE,NIFTY,2025-05-30,09:25:00,24821.75,24859.7,24820.45,24843.55,4030
NSE,NIFTY,2025-05-30,09:30:00,24842.25,24862.45,24838.1,24838.1,4031
NSE,NIFTY,2025-05-30,09:35:00,24838.95,24863.6,24815.85,24816.35,4032
NSE,NIFTY,2025-05-30,09:40:00,24816.05,24831.05,24805.6,24817.35,4033
NSE,NIFTY,2025-05-30,09:45:00,24816.75,24829.75,24799.85,24827.95,4034
NSE,NIFTY,2025-05-30,09:50:00,24827.25,24833.55,24788.3,24803.9,4035
NSE,NIFTY,2025-05-30,09:55:00,24805.0,24821.45,24802.0,24804.2,4036
NSE,NIFTY,2025-05-30,10:00:00,24804.4,24813.6,24784.0,24796.05,4037
NSE,NIFTY,2025-05-30,10:05:00,24797.3,24807.25,24787.9,24787.9,4038
NSE,NIFTY,2025-05-30,10:10:00,24788.25,24808.8,24784.35,24797.45,4039
NSE,NIFTY,2025-05-30,10:15:00,24797.5,24804.45,24771.55,24771.95,4040
NSE,NIFTY,2025-05-30,10:20:00,24771.65,24785.25,24758.1,24758.5,4041
NSE,NIFTY,2025-05-30,10:25:00,24758.1,24766.25,24746.55,24749.8,4042
NSE,NIFTY,2025-05-30,10:30:00,24749.5,24769.15,24749.5,24751.6,4043
NSE,NIFTY,2025-05-30,10:35:00,24750.05,24755.6,24740.15,24740.9,4044
NSE,NIFTY,2025-05-30,10:40:00,24739.55,24745.4,24722.05,24737.65,4045
NSE,NIFTY,2025-05-30,10:45:00,24738.0,24746.05,24731.1,24731.7,4046
NSE,NIFTY,2025-05-30,10:50:00,24731.3,24732.0,24717.85,24725.5,4047
NSE,NIFTY,2025-05-30,10:55:00,24726.1,24751.9,24726.1,24751.9,4048
NSE,NIFTY,2025-05-30,11:00:00,24752.55,24756.45,24747.7,24753.25,4049
NSE,NIFTY,2025-05-30,11:05:00,24754.7,24768.0,24753.95,24764.75,4050
NSE,NIFTY,2025-05-30,11:10:00,24766.8,24772.3,24757.1,24760.6,4051
NSE,NIFTY,2025-05-30,11:15:00,24762.9,24764.75,24746.6,24754.0,4052
NSE,NIFTY,2025-05-30,11:20:00,24754.95,24769.45,24753.2,24762.7,4053
NSE,NIFTY,2025-05-30,11:25:00,24763.8,24774.15,24761.45,24773.1,4054
NSE,NIFTY,2025-05-30,11:30:00,24773.45,24783.15,24767.4,24779.8,4055
NSE,NIFTY,2025-05-30,11:35:00,24780.95,24787.95,24766.25,24766.9,4056
NSE,NIFTY,2025-05-30,11:40:00,24767.75,24772.9,24755.85,24756.7,4057
NSE,NIFTY,2025-05-30,11:45:00,24757.95,24762.45,24745.0,24749.8,4058
NSE,NIFTY,2025-05-30,11:50:00,24751.9,24755.8,24737.75,24752.7,4059
NSE,NIFTY,2025-05-30,11:55:00,24754.2,24768.4,24752.05,24766.35,4060
NSE,NIFTY,2025-05-30,12:00:00,24766.85,24767.8,24748.8,24749.3,4061
NSE,NIFTY,2025-05-30,12:05:00,24749.65,24749.65,24728.7,24735.7,4062
NSE,NIFTY,2025-05-30,12:10:00,24737.4,24747.6,24735.6,24741.65,4063
NSE,NIFTY,2025-05-30,12:15:00,24743.2,24745.25,24729.35,24730.75,4064
NSE,NIFTY,2025-05-30,12:20:00,24729.85,24750.75,24729.85,24749.45,4065
NSE,NIFTY,2025-05-30,12:25:00,24750.3,24756.8,24745.6,24750.05,4066
NSE,NIFTY,2025-05-30,12:30:00,24750.55,24755.4,24747.8,24747.8,4067
NSE,NIFTY,2025-05-30,12:35:00,24747.95,24747.95,24735.95,24746.1,4068
NSE,NIFTY,2025-05-30,12:40:00,24746.9,24747.75,24733.45,24733.7,4069
NSE,NIFTY,2025-05-30,12:45:00,24735.55,24741.1,24732.2,24740.15,4070
NSE,NIFTY,2025-05-30,12:50:00,24740.35,24750.15,24739.7,24748.65,4071
NSE,NIFTY,2025-05-30,12:55:00,24749.45,24757.2,24747.65,24755.4,4072
NSE,NIFTY,2025-05-30,13:00:00,24756.15,24761.35,24753.25,24753.45,4073
NSE,NIFTY,2025-05-30,13:05:00,24753.85,24768.4,24753.85,24767.4,4074
NSE,NIFTY,2025-05-30,13:10:00,24767.15,24768.9,24751.85,24760.55,4075
NSE,NIFTY,2025-05-30,13:15:00,24760.6,24764.55,24754.75,24759.35,4076
NSE,NIFTY,2025-05-30,13:20:00,24760.5,24766.65,24756.2,24757.25,4077
NSE,NIFTY,2025-05-30,13:25:00,24758.85,24759.8,24751.85,24752.75,4078
NSE,NIFTY,2025-05-30,13:30:00,24754.3,24776.7,24750.75,24773.55,4079
NSE,NIFTY,2025-05-30,13:35:00,24774.5,24782.45,24773.1,24775.6,4080
NSE,NIFTY,2025-05-30,13:40:00,24776.85,24783.2,24769.55,24776.15,4081
NSE,NIFTY,2025-05-30,13:45:00,24778.0,24781.65,24770.7,24772.9,4082
NSE,NIFTY,2025-05-30,13:50:00,24773.85,24775.45,24762.65,24764.55,4083
NSE,NIFTY,2025-05-30,13:55:00,24764.75,24776.95,24762.4,24776.1,4084
NSE,NIFTY,2025-05-30,14:00:00,24778.7,24801.7,24776.2,24792.5,4085
NSE,NIFTY,2025-05-30,14:05:00,24792.4,24796.25,24780.85,24783.2,4086
NSE,NIFTY,2025-05-30,14:10:00,24783.8,24784.35,24766.4,24769.35,4087
NSE,NIFTY,2025-05-30,14:15:00,24768.45,24770.1,24751.1,24754.35,4088
NSE,NIFTY,2025-05-30,14:20:00,24753.65,24766.45,24751.45,24765.75,4089
NSE,NIFTY,2025-05-30,14:25:00,24765.9,24775.45,24765.5,24774.15,4090
NSE,NIFTY,2025-05-30,14:30:00,24773.0,24776.3,24767.4,24773.9,4091
NSE,NIFTY,2025-05-30,14:35:00,24773.95,24786.8,24773.4,24781.9,4092
NSE,NIFTY,2025-05-30,14:40:00,24781.65,24784.3,24769.1,24775.05,4093
NSE,NIFTY,2025-05-30,14:45:00,24773.7,24775.25,24766.75,24769.1,4094
NSE,NIFTY,2025-05-30,14:50:00,24768.45,24770.35,24758.3,24765.4,4095
NSE,NIFTY,2025-05-30,14:55:00,24764.4,24778.55,24761.4,24771.0,4096
NSE,NIFTY,2025-05-30,15:00:00,24770.9,24784.1,24757.7,24781.95,4097
NSE,NIFTY,2025-05-30,15:05:00,24781.65,24782.95,24729.8,24738.25,4098
NSE,NIFTY,2025-05-30,15:10:00,24738.4,24761.45,24738.4,24757.1,4099
NSE,NIFTY,2025-05-30,15:15:00,24757.2,24761.45,24748.55,24751.6,4100
NSE,NIFTY,2025-05-30,15:20:00,24751.5,24757.15,24745.75,24747.25,4101
NSE,NIFTY,2025-05-30,15:25:00,24746.8,24751.05,24740.5,24741.8,4102
NSE,NIFTY,2025-05-30,15:30:00,24741.55,24749.3,24731.1,24738.0,4103
NSE,NIFTY,2025-06-02,09:15:00,24669.7,24700.5,24630.9,24642.7,4131
NSE,NIFTY,2025-06-02,09:20:00,24637.0,24642.55,24542.05,24545.55,4132
NSE,NIFTY,2025-06-02,09:25:00,24545.65,24577.95,24541.75,24552.8,4133
NSE,NIFTY,2025-06-02,09:30:00,24551.75,24587.65,24544.25,24561.8,4134
NSE,NIFTY,2025-06-02,09:35:00,24561.95,24572.4,24526.15,24545.4,4135
NSE,NIFTY,2025-06-02,09:40:00,24544.8,24571.8,24541.15,24571.45,4136
NSE,NIFTY,2025-06-02,09:45:00,24570.75,24591.2,24560.0,24560.35,4137
NSE,NIFTY,2025-06-02,09:50:00,24559.2,24597.5,24556.95,24582.75,4138
NSE,NIFTY,2025-06-02,09:55:00,24582.25,24596.25,24576.75,24577.55,4139
NSE,NIFTY,2025-06-02,10:00:00,24576.6,24601.1,24572.15,24591.65,4140
NSE,NIFTY,2025-06-02,10:05:00,24591.85,24606.8,24572.75,24577.1,4141
NSE,NIFTY,2025-06-02,10:10:00,24577.0,24599.4,24575.85,24598.8,4142
NSE,NIFTY,2025-06-02,10:15:00,24598.9,24601.65,24567.65,24567.65,4143
NSE,NIFTY,2025-06-02,10:20:00,24567.1,24569.4,24560.25,24564.2,4144
NSE,NIFTY,2025-06-02,10:25:00,24564.5,24582.1,24554.2,24574.8,4145
NSE,NIFTY,2025-06-02,10:30:00,24574.9,24592.0,24574.65,24589.8,4146
NSE,NIFTY,2025-06-02,10:35:00,24589.5,24597.5,24582.25,24592.55,4147
NSE,NIFTY,2025-06-02,10:40:00,24592.05,24629.7,24590.95,24625.4,4148
NSE,NIFTY,2025-06-02,10:45:00,24625.0,24633.95,24615.35,24632.4,4149
NSE,NIFTY,2025-06-02,10:50:00,24632.5,24638.85,24617.65,24629.05,4150
NSE,NIFTY,2025-06-02,10:55:00,24629.55,24636.85,24614.5,24618.85,4151
NSE,NIFTY,2025-06-02,11:00:00,24618.5,24619.25,24609.6,24617.5,4152
NSE,NIFTY,2025-06-02,11:05:00,24617.65,24628.8,24611.45,24625.0,4153
NSE,NIFTY,2025-06-02,11:10:00,24625.7,24634.15,24620.35,24627.05,4154
NSE,NIFTY,2025-06-02,11:15:00,24627.55,24632.2,24620.85,24621.5,4155
NSE,NIFTY,2025-06-02,11:20:00,24621.5,24644.15,24611.6,24643.9,4156
NSE,NIFTY,2025-06-02,11:25:00,24643.55,24657.85,24640.8,24641.25,4157
NSE,NIFTY,2025-06-02,11:30:00,24641.0,24642.45,24628.8,24629.4,4158
NSE,NIFTY,2025-06-02,11:35:00,24629.45,24635.3,24621.9,24634.55,4159
NSE,NIFTY,2025-06-02,11:40:00,24633.9,24637.1,24623.35,24631.95,4160
NSE,NIFTY,2025-06-02,11:45:00,24631.05,24639.2,24622.15,24622.85,4161
NSE,NIFTY,2025-06-02,11:50:00,24622.5,24640.0,24621.25,24639.1,4162
NSE,NIFTY,2025-06-02,11:55:00,24638.85,24645.45,24636.0,24641.35,4163
NSE,NIFTY,2025-06-02,12:00:00,24641.2,24652.6,24640.2,24649.7,4164
NSE,NIFTY,2025-06-02,12:05:00,24649.75,24667.6,24647.4,24660.55,4165
NSE,NIFTY,2025-06-02,12:10:00,24660.85,24673.25,24657.05,24659.8,4166
NSE,NIFTY,2025-06-02,12:15:00,24658.95,24683.75,24657.9,24681.4,4167
NSE,NIFTY,2025-06-02,12:20:00,24680.95,24681.25,24666.15,24676.25,4168
NSE,NIFTY,2025-06-02,12:25:00,24677.5,24688.7,24672.65,24673.3,4169
NSE,NIFTY,2025-06-02,12:30:00,24674.6,24676.3,24668.25,24673.2,4170
NSE,NIFTY,2025-06-02,12:35:00,24673.05,24723.7,24672.5,24721.65,4171
NSE,NIFTY,2025-06-02,12:40:00,24721.95,24739.15,24710.85,24732.35,4172
NSE,NIFTY,2025-06-02,12:45:00,24732.0,24732.0,24717.5,24721.8,4173
NSE,NIFTY,2025-06-02,12:50:00,24721.9,24737.05,24718.1,24730.85,4174
NSE,NIFTY,2025-06-02,12:55:00,24730.8,24736.25,24717.2,24718.8,4175
NSE,NIFTY,2025-06-02,13:00:00,24718.7,24721.1,24683.1,24690.45,4176
NSE,NIFTY,2025-06-02,13:05:00,24691.2,24716.15,24689.2,24699.4,4177
NSE,NIFTY,2025-06-02,13:10:00,24700.05,24702.05,24693.3,24694.85,4178
NSE,NIFTY,2025-06-02,13:15:00,24694.95,24706.65,24692.8,24704.7,4179
NSE,NIFTY,2025-06-02,13:20:00,24705.4,24714.55,24700.75,24713.65,4180
NSE,NIFTY,2025-06-02,13:25:00,24714.75,24720.95,24706.0,24720.7,4181
NSE,NIFTY,2025-06-02,13:30:00,24721.6,24721.7,24705.35,24708.2,4182
NSE,NIFTY,2025-06-02,13:35:00,24708.75,24716.85,24698.75,24700.35,4183
NSE,NIFTY,2025-06-02,13:40:00,24700.5,24732.9,24698.5,24727.55,4184
NSE,NIFTY,2025-06-02,13:45:00,24728.6,24732.5,24714.15,24728.8,4185
NSE,NIFTY,2025-06-02,13:50:00,24729.65,24729.7,24713.7,24718.9,4186
NSE,NIFTY,2025-06-02,13:55:00,24718.95,24719.8,24710.4,24715.5,4187
NSE,NIFTY,2025-06-02,14:00:00,24716.2,24718.8,24697.95,24709.4,4188
NSE,NIFTY,2025-06-02,14:05:00,24711.4,24713.5,24703.55,24705.7,4189
NSE,NIFTY,2025-06-02,14:10:00,24706.2,24708.8,24683.35,24684.4,4190
NSE,NIFTY,2025-06-02,14:15:00,24686.35,24695.4,24682.15,24686.8,4191
NSE,NIFTY,2025-06-02,14:20:00,24685.75,24694.85,24685.0,24687.6,4192
NSE,NIFTY,2025-06-02,14:25:00,24687.55,24691.4,24681.55,24688.25,4193
NSE,NIFTY,2025-06-02,14:30:00,24689.9,24705.6,24688.95,24700.45,4194
NSE,NIFTY,2025-06-02,14:35:00,24700.45,24704.05,24658.6,24659.2,4195
NSE,NIFTY,2025-06-02,14:40:00,24661.15,24669.45,24654.8,24663.2,4196
NSE,NIFTY,2025-06-02,14:45:00,24663.85,24669.6,24659.95,24660.3,4197
NSE,NIFTY,2025-06-02,14:50:00,24660.2,24677.05,24656.75,24672.9,4198
NSE,NIFTY,2025-06-02,14:55:00,24672.65,24687.55,24671.6,24685.95,4199
NSE,NIFTY,2025-06-02,15:00:00,24686.2,24738.25,24683.45,24737.9,4200
NSE,NIFTY,2025-06-02,15:05:00,24737.4,24754.3,24734.7,24744.35,4201
NSE,NIFTY,2025-06-02,15:10:00,24743.65,24744.65,24730.75,24737.4,4202
NSE,NIFTY,2025-06-02,15:15:00,24737.55,24746.3,24721.9,24722.0,4203
NSE,NIFTY,2025-06-02,15:20:00,24721.6,24721.65,24708.9,24714.85,4204
NSE,NIFTY,2025-06-02,15:25:00,24716.35,24720.5,24689.0,24691.4,4205
NSE,NIFTY,2025-06-02,15:30:00,24690.7,24694.6,24666.6,24690.35,4206
NSE,NIFTY,2025-06-03,09:15:00,24786.3,24841.9,24772.0,24828.95,4234
NSE,NIFTY,2025-06-03,09:20:00,24837.9,24837.9,24669.05,24677.1,4235
NSE,NIFTY,2025-06-03,09:25:00,24679.05,24705.8,24654.75,24677.6,4236
NSE,NIFTY,2025-06-03,09:30:00,24675.15,24679.8,24613.6,24614.45,4237
NSE,NIFTY,2025-06-03,09:35:00,24612.85,24638.2,24601.8,24631.15,4238
NSE,NIFTY,2025-06-03,09:40:00,24631.9,24691.7,24631.1,24675.75,4239
NSE,NIFTY,2025-06-03,09:45:00,24675.6,24675.6,24641.95,24653.8,4240
NSE,NIFTY,2025-06-03,09:50:00,24653.8,24665.3,24639.35,24658.35,4241
NSE,NIFTY,2025-06-03,09:55:00,24659.05,24685.5,24647.2,24649.85,4242
NSE,NIFTY,2025-06-03,10:00:00,24652.95,24664.05,24619.15,24621.8,4243
NSE,NIFTY,2025-06-03,10:05:00,24621.55,24641.0,24620.45,24638.8,4244
NSE,NIFTY,2025-06-03,10:10:00,24638.45,24655.65,24637.05,24646.7,4245
NSE,NIFTY,2025-06-03,10:15:00,24646.15,24667.05,24645.25,24656.6,4246
NSE,NIFTY,2025-06-03,10:20:00,24656.2,24733.65,24655.8,24727.85,4247
NSE,NIFTY,2025-06-03,10:25:00,24724.9,24766.45,24722.2,24751.9,4248
NSE,NIFTY,2025-06-03,10:30:00,24751.6,24752.3,24711.35,24714.4,4249
NSE,NIFTY,2025-06-03,10:35:00,24714.4,24748.05,24714.4,24727.8,4250
NSE,NIFTY,2025-06-03,10:40:00,24727.0,24727.35,24615.45,24619.05,4251
NSE,NIFTY,2025-06-03,10:45:00,24619.35,24650.35,24612.1,24641.45,4252
NSE,NIFTY,2025-06-03,10:50:00,24641.45,24662.85,24641.1,24658.5,4253
NSE,NIFTY,2025-06-03,10:55:00,24659.15,24663.2,24649.05,24653.25,4254
NSE,NIFTY,2025-06-03,11:00:00,24653.55,24664.75,24636.0,24646.8,4255
NSE,NIFTY,2025-06-03,11:05:00,24646.8,24647.4,24629.5,24636.05,4256
NSE,NIFTY,2025-06-03,11:10:00,24635.75,24636.5,24619.55,24632.75,4257
NSE,NIFTY,2025-06-03,11:15:00,24632.3,24646.2,24572.55,24584.1,4258
NSE,NIFTY,2025-06-03,11:20:00,24585.5,24608.65,24582.55,24606.75,4259
NSE,NIFTY,2025-06-03,11:25:00,24606.0,24611.6,24586.1,24588.65,4260
NSE,NIFTY,2025-06-03,11:30:00,24588.05,24632.8,24587.8,24631.35,4261
NSE,NIFTY,2025-06-03,11:35:00,24633.0,24662.6,24622.55,24645.1,4262
NSE,NIFTY,2025-06-03,11:40:00,24644.0,24646.1,24598.95,24605.15,4263
NSE,NIFTY,2025-06-03,11:45:00,24602.0,24606.1,24576.05,24596.45,4264
NSE,NIFTY,2025-06-03,11:50:00,24596.4,24608.85,24588.9,24606.55,4265
NSE,NIFTY,2025-06-03,11:55:00,24606.25,24632.15,24602.6,24631.25,4266
NSE,NIFTY,2025-06-03,12:00:00,24631.15,24631.6,24613.0,24615.65,4267
NSE,NIFTY,2025-06-03,12:05:00,24615.4,24640.8,24614.3,24639.65,4268
NSE,NIFTY,2025-06-03,12:10:00,24639.2,24641.8,24614.8,24622.8,4269
NSE,NIFTY,2025-06-03,12:15:00,24623.35,24630.9,24596.0,24596.0,4270
NSE,NIFTY,2025-06-03,12:20:00,24596.05,24606.25,24583.75,24597.2,4271
NSE,NIFTY,2025-06-03,12:25:00,24597.15,24598.4,24586.85,24590.45,4272
NSE,NIFTY,2025-06-03,12:30:00,24591.15,24611.0,24590.6,24609.7,4273
NSE,NIFTY,2025-06-03,12:35:00,24608.95,24628.1,24608.95,24622.35,4274
NSE,NIFTY,2025-06-03,12:40:00,24622.5,24648.95,24616.65,24635.65,4275
NSE,NIFTY,2025-06-03,12:45:00,24636.45,24637.85,24623.45,24626.65,4276
NSE,NIFTY,2025-06-03,12:50:00,24626.4,24626.85,24587.75,24591.0,4277
NSE,NIFTY,2025-06-03,12:55:00,24591.25,24593.6,24502.75,24524.3,4278
NSE,NIFTY,2025-06-03,13:00:00,24524.2,24541.85,24515.65,24536.4,4279
NSE,NIFTY,2025-06-03,13:05:00,24536.0,24545.85,24511.35,24511.35,4280
NSE,NIFTY,2025-06-03,13:10:00,24513.5,24527.5,24504.15,24522.8,4281
NSE,NIFTY,2025-06-03,13:15:00,24523.1,24543.85,24513.25,24527.95,4282
NSE,NIFTY,2025-06-03,13:20:00,24527.9,24539.2,24516.5,24534.1,4283
NSE,NIFTY,2025-06-03,13:25:00,24534.75,24557.25,24526.6,24528.65,4284
NSE,NIFTY,2025-06-03,13:30:00,24528.6,24551.7,24526.45,24551.1,4285
NSE,NIFTY,2025-06-03,13:35:00,24551.85,24564.85,24548.3,24564.8,4286
NSE,NIFTY,2025-06-03,13:40:00,24565.4,24572.7,24556.85,24559.1,4287
NSE,NIFTY,2025-06-03,13:45:00,24559.4,24567.2,24536.25,24539.7,4288
NSE,NIFTY,2025-06-03,13:50:00,24539.1,24549.35,24531.7,24540.45,4289
NSE,NIFTY,2025-06-03,13:55:00,24539.45,24552.45,24537.35,24551.55,4290
NSE,NIFTY,2025-06-03,14:00:00,24551.5,24572.3,24551.25,24567.75,4291
NSE,NIFTY,2025-06-03,14:05:00,24568.8,24572.3,24561.7,24571.8,4292
NSE,NIFTY,2025-06-03,14:10:00,24571.95,24576.95,24568.15,24572.3,4293
NSE,NIFTY,2025-06-03,14:15:00,24573.7,24583.25,24559.85,24578.7,4294
NSE,NIFTY,2025-06-03,14:20:00,24578.45,24585.85,24565.15,24565.5,4295
NSE,NIFTY,2025-06-03,14:25:00,24564.0,24578.95,24559.95,24572.75,4296
NSE,NIFTY,2025-06-03,14:30:00,24572.0,24576.95,24560.55,24564.7,4297
NSE,NIFTY,2025-06-03,14:35:00,24564.8,24586.15,24564.65,24581.4,4298
NSE,NIFTY,2025-06-03,14:40:00,24581.95,24601.7,24579.15,24587.8,4299
NSE,NIFTY,2025-06-03,14:45:00,24587.6,24595.55,24578.65,24585.1,4300
NSE,NIFTY,2025-06-03,14:50:00,24583.85,24585.5,24570.05,24572.25,4301
NSE,NIFTY,2025-06-03,14:55:00,24571.5,24576.7,24556.85,24566.7,4302
NSE,NIFTY,2025-06-03,15:00:00,24567.25,24574.2,24558.15,24568.4,4303
NSE,NIFTY,2025-06-03,15:05:00,24569.05,24575.05,24542.85,24545.05,4304
NSE,NIFTY,2025-06-03,15:10:00,24544.55,24547.4,24534.4,24540.3,4305
NSE,NIFTY,2025-06-03,15:15:00,24539.55,24542.4,24534.65,24538.9,4306
NSE,NIFTY,2025-06-03,15:20:00,24539.1,24550.65,24535.85,24547.85,4307
NSE,NIFTY,2025-06-03,15:25:00,24547.75,24548.1,24524.45,24538.5,4308
NSE,NIFTY,2025-06-03,15:30:00,24538.55,24539.4,24529.6,24538.2,4309
NSE,NIFTY,2025-06-04,09:15:00,24560.45,24596.95,24560.45,24580.35,4337
NSE,NIFTY,2025-06-04,09:20:00,24579.35,24612.0,24567.4,24584.3,4338
NSE,NIFTY,2025-06-04,09:25:00,24584.0,24599.0,24579.6,24597.5,4339
NSE,NIFTY,2025-06-04,09:30:00,24598.35,24611.8,24560.45,24561.95,4340
NSE,NIFTY,2025-06-04,09:35:00,24561.9,24581.15,24547.4,24549.05,4341
NSE,NIFTY,2025-06-04,09:40:00,24549.15,24569.25,24536.8,24557.2,4342
NSE,NIFTY,2025-06-04,09:45:00,24557.6,24563.55,24544.1,24549.3,4343
NSE,NIFTY,2025-06-04,09:50:00,24549.55,24561.65,24537.05,24542.2,4344
NSE,NIFTY,2025-06-04,09:55:00,24541.9,24563.05,24530.75,24563.05,4345
NSE,NIFTY,2025-06-04,10:00:00,24562.6,24576.35,24556.8,24573.95,4346
NSE,NIFTY,2025-06-04,10:05:00,24573.95,24588.15,24572.65,24577.65,4347
NSE,NIFTY,2025-06-04,10:10:00,24578.05,24591.1,24574.95,24576.25,4348
NSE,NIFTY,2025-06-04,10:15:00,24576.0,24582.5,24570.75,24581.0,4349
NSE,NIFTY,2025-06-04,10:20:00,24581.1,24584.1,24569.6,24576.8,4350
NSE,NIFTY,2025-06-04,10:25:00,24577.3,24596.85,24576.9,24593.15,4351
NSE,NIFTY,2025-06-04,10:30:00,24593.2,24594.55,24579.95,24586.7,4352
NSE,NIFTY,2025-06-04,10:35:00,24586.55,24603.25,24585.4,24600.15,4353
NSE,NIFTY,2025-06-04,10:40:00,24600.05,24601.3,24588.6,24591.85,4354
NSE,NIFTY,2025-06-04,10:45:00,24592.0,24609.6,24591.6,24602.15,4355
NSE,NIFTY,2025-06-04,10:50:00,24601.3,24603.8,24585.65,24587.4,4356
NSE,NIFTY,2025-06-04,10:55:00,24587.15,24590.05,24581.65,24585.95,4357
NSE,NIFTY,2025-06-04,11:00:00,24585.5,24590.9,24577.05,24590.7,4358
NSE,NIFTY,2025-06-04,11:05:00,24590.55,24593.15,24582.8,24585.8,4359
NSE,NIFTY,2025-06-04,11:10:00,24586.1,24589.25,24585.6,24588.65,4360
NSE,NIFTY,2025-06-04,11:15:00,24589.5,24593.55,24580.65,24581.15,4361
NSE,NIFTY,2025-06-04,11:20:00,24581.8,24586.6,24572.0,24586.6,4362
NSE,NIFTY,2025-06-04,11:25:00,24585.6,24593.0,24583.2,24591.85,4363
NSE,NIFTY,2025-06-04,11:30:00,24592.35,24598.15,24590.25,24592.45,4364
NSE,NIFTY,2025-06-04,11:35:00,24592.55,24599.9,24592.35,24596.65,4365
NSE,NIFTY,2025-06-04,11:40:00,24597.1,24601.55,24593.35,24597.9,4366
NSE,NIFTY,2025-06-04,11:45:00,24598.0,24598.35,24590.65,24594.25,4367
NSE,NIFTY,2025-06-04,11:50:00,24594.5,24594.95,24584.05,24587.1,4368
NSE,NIFTY,2025-06-04,11:55:00,24586.8,24591.55,24584.4,24591.0,4369
NSE,NIFTY,2025-06-04,12:00:00,24590.35,24595.65,24583.2,24594.0,4370
NSE,NIFTY,2025-06-04,12:05:00,24593.6,24595.45,24589.4,24594.05,4371
NSE,NIFTY,2025-06-04,12:10:00,24593.2,24603.65,24588.0,24603.1,4372
NSE,NIFTY,2025-06-04,12:15:00,24602.65,24609.15,24601.1,24607.75,4373
NSE,NIFTY,2025-06-04,12:20:00,24607.5,24608.35,24596.75,24605.1,4374
NSE,NIFTY,2025-06-04,12:25:00,24604.95,24606.4,24595.7,24604.0,4375
NSE,NIFTY,2025-06-04,12:30:00,24603.6,24603.65,24592.0,24593.1,4376
NSE,NIFTY,2025-06-04,12:35:00,24593.7,24597.55,24582.2,24593.75,4377
NSE,NIFTY,2025-06-04,12:40:00,24594.6,24595.85,24586.25,24595.85,4378
NSE,NIFTY,2025-06-04,12:45:00,24595.75,24602.05,24587.05,24600.95,4379
NSE,NIFTY,2025-06-04,12:50:00,24601.55,24605.2,24596.4,24599.15,4380
NSE,NIFTY,2025-06-04,12:55:00,24599.2,24602.95,24593.05,24596.0,4381
NSE,NIFTY,2025-06-04,13:00:00,24595.5,24615.6,24594.35,24615.6,4382
NSE,NIFTY,2025-06-04,13:05:00,24616.3,24619.9,24609.6,24612.1,4383
NSE,NIFTY,2025-06-04,13:10:00,24613.75,24614.7,24606.85,24609.55,4384
NSE,NIFTY,2025-06-04,13:15:00,24609.1,24612.45,24598.1,24600.95,4385
NSE,NIFTY,2025-06-04,13:20:00,24601.05,24604.6,24594.95,24602.1,4386
NSE,NIFTY,2025-06-04,13:25:00,24602.9,24607.4,24588.8,24606.75,4387
NSE,NIFTY,2025-06-04,13:30:00,24605.15,24610.9,24600.0,24610.75,4388
NSE,NIFTY,2025-06-04,13:35:00,24610.7,24611.95,24601.8,24606.7,4389
NSE,NIFTY,2025-06-04,13:40:00,24606.25,24609.25,24601.6,24603.3,4390
NSE,NIFTY,2025-06-04,13:45:00,24603.1,24609.0,24601.05,24604.75,4391
NSE,NIFTY,2025-06-04,13:50:00,24604.4,24614.75,24603.35,24613.1,4392
NSE,NIFTY,2025-06-04,13:55:00,24614.05,24622.55,24610.7,24612.45,4393
NSE,NIFTY,2025-06-04,14:00:00,24613.25,24623.3,24611.5,24622.2,4394
NSE,NIFTY,2025-06-04,14:05:00,24622.25,24624.65,24610.9,24619.2,4395
NSE,NIFTY,2025-06-04,14:10:00,24618.55,24632.0,24616.45,24621.5,4396
NSE,NIFTY,2025-06-04,14:15:00,24621.05,24625.9,24612.1,24619.4,4397
NSE,NIFTY,2025-06-04,14:20:00,24619.85,24625.8,24618.75,24619.9,4398
NSE,NIFTY,2025-06-04,14:25:00,24619.55,24623.3,24615.5,24619.65,4399
NSE,NIFTY,2025-06-04,14:30:00,24619.5,24621.3,24608.65,24613.9,4400
NSE,NIFTY,2025-06-04,14:35:00,24613.75,24622.9,24613.75,24620.65,4401
NSE,NIFTY,2025-06-04,14:40:00,24621.3,24622.75,24615.7,24620.4,4402
NSE,NIFTY,2025-06-04,14:45:00,24619.85,24622.55,24612.0,24616.75,4403
NSE,NIFTY,2025-06-04,14:50:00,24616.8,24618.15,24610.55,24615.35,4404
NSE,NIFTY,2025-06-04,14:55:00,24615.2,24620.15,24612.2,24615.2,4405
NSE,NIFTY,2025-06-04,15:00:00,24615.75,24640.55,24615.75,24639.4,4406
NSE,NIFTY,2025-06-04,15:05:00,24638.0,24644.25,24633.85,24639.5,4407
NSE,NIFTY,2025-06-04,15:10:00,24638.25,24639.75,24622.1,24623.2,4408
NSE,NIFTY,2025-06-04,15:15:00,24623.15,24624.05,24612.9,24614.35,4409
NSE,NIFTY,2025-06-04,15:20:00,24612.85,24615.25,24607.35,24609.7,4410
NSE,NIFTY,2025-06-04,15:25:00,24609.15,24612.7,24604.1,24607.9,4411
NSE,NIFTY,2025-06-04,15:30:00,24607.2,24622.05,24607.2,24612.05,4412
NSE,NIFTY,2025-06-05,09:15:00,24691.2,24691.2,24650.65,24661.05,4440
NSE,NIFTY,2025-06-05,09:20:00,24658.9,24672.6,24613.65,24626.9,4441
NSE,NIFTY,2025-06-05,09:25:00,24625.75,24678.85,24624.35,24678.85,4442
NSE,NIFTY,2025-06-05,09:30:00,24679.45,24723.3,24678.8,24716.5,4443
NSE,NIFTY,2025-06-05,09:35:00,24715.2,24737.65,24704.05,24735.65,4444
NSE,NIFTY,2025-06-05,09:40:00,24735.5,24749.75,24729.6,24742.0,4445
NSE,NIFTY,2025-06-05,09:45:00,24741.8,24755.35,24732.6,24754.65,4446
NSE,NIFTY,2025-06-05,09:50:00,24754.4,24757.2,24743.85,24754.6,4447
NSE,NIFTY,2025-06-05,09:55:00,24753.7,24760.95,24747.35,24748.7,4448
NSE,NIFTY,2025-06-05,10:00:00,24748.55,24761.25,24740.55,24753.45,4449
NSE,NIFTY,2025-06-05,10:05:00,24753.55,24757.4,24743.2,24749.25,4450
NSE,NIFTY,2025-06-05,10:10:00,24749.25,24750.05,24728.95,24735.1,4451
NSE,NIFTY,2025-06-05,10:15:00,24734.5,24740.95,24724.4,24730.45,4452
NSE,NIFTY,2025-06-05,10:20:00,24732.4,24734.95,24714.05,24718.1,4453
NSE,NIFTY,2025-06-05,10:25:00,24717.75,24737.2,24713.75,24734.25,4454
NSE,NIFTY,2025-06-05,10:30:00,24735.05,24741.15,24720.85,24727.9,4455
NSE,NIFTY,2025-06-05,10:35:00,24728.15,24734.85,24713.85,24720.15,4456
NSE,NIFTY,2025-06-05,10:40:00,24720.1,24724.45,24709.65,24720.2,4457
NSE,NIFTY,2025-06-05,10:45:00,24720.6,24723.0,24715.65,24719.95,4458
NSE,NIFTY,2025-06-05,10:50:00,24719.5,24723.5,24701.8,24704.0,4459
NSE,NIFTY,2025-06-05,10:55:00,24702.8,24706.45,24690.9,24694.6,4460
NSE,NIFTY,2025-06-05,11:00:00,24691.85,24705.2,24691.2,24700.5,4461
NSE,NIFTY,2025-06-05,11:05:00,24700.8,24712.6,24699.05,24708.7,4462
NSE,NIFTY,2025-06-05,11:10:00,24707.9,24715.1,24702.05,24705.0,4463
NSE,NIFTY,2025-06-05,11:15:00,24705.2,24711.65,24703.55,24711.2,4464
NSE,NIFTY,2025-06-05,11:20:00,24710.7,24717.75,24708.15,24713.85,4465
NSE,NIFTY,2025-06-05,11:25:00,24715.2,24754.2,24712.95,24752.5,4466
NSE,NIFTY,2025-06-05,11:30:00,24753.8,24753.85,24733.45,24735.05,4467
NSE,NIFTY,2025-06-05,11:35:00,24735.05,24739.9,24731.2,24731.65,4468
NSE,NIFTY,2025-06-05,11:40:00,24732.7,24735.55,24730.55,24732.05,4469
NSE,NIFTY,2025-06-05,11:45:00,24732.95,24736.25,24725.9,24727.8,4470
NSE,NIFTY,2025-06-05,11:50:00,24728.6,24729.45,24713.8,24719.1,4471
NSE,NIFTY,2025-06-05,11:55:00,24718.9,24733.5,24717.3,24728.25,4472
NSE,NIFTY,2025-06-05,12:00:00,24728.4,24746.7,24721.25,24744.95,4473
NSE,NIFTY,2025-06-05,12:05:00,24745.6,24809.85,24743.15,24807.75,4474
NSE,NIFTY,2025-06-05,12:10:00,24806.8,24829.2,24800.75,24820.9,4475
NSE,NIFTY,2025-06-05,12:15:00,24820.7,24875.3,24815.2,24871.4,4476
NSE,NIFTY,2025-06-05,12:20:00,24870.85,24898.9,24849.4,24856.25,4477
NSE,NIFTY,2025-06-05,12:25:00,24854.55,24860.4,24837.75,24838.6,4478
NSE,NIFTY,2025-06-05,12:30:00,24839.2,24839.4,24803.65,24836.0,4479
NSE,NIFTY,2025-06-05,12:35:00,24835.8,24837.45,24809.05,24812.75,4480
NSE,NIFTY,2025-06-05,12:40:00,24812.25,24820.05,24798.5,24808.85,4481
NSE,NIFTY,2025-06-05,12:45:00,24809.15,24834.5,24809.15,24817.9,4482
NSE,NIFTY,2025-06-05,12:50:00,24816.95,24831.6,24807.45,24813.65,4483
NSE,NIFTY,2025-06-05,12:55:00,24812.65,24829.2,24809.7,24827.95,4484
NSE,NIFTY,2025-06-05,13:00:00,24826.25,24827.95,24785.55,24800.7,4485
NSE,NIFTY,2025-06-05,13:05:00,24801.4,24805.15,24790.45,24805.15,4486
NSE,NIFTY,2025-06-05,13:10:00,24804.75,24822.55,24790.05,24799.1,4487
NSE,NIFTY,2025-06-05,13:15:00,24800.55,24800.55,24770.4,24782.15,4488
NSE,NIFTY,2025-06-05,13:20:00,24781.8,24790.2,24770.65,24778.5,4489
NSE,NIFTY,2025-06-05,13:25:00,24777.75,24781.95,24763.05,24781.8,4490
NSE,NIFTY,2025-06-05,13:30:00,24781.1,24786.6,24734.35,24736.4,4491
NSE,NIFTY,2025-06-05,13:35:00,24735.85,24745.3,24711.35,24721.55,4492
NSE,NIFTY,2025-06-05,13:40:00,24723.75,24753.35,24720.7,24753.35,4493
NSE,NIFTY,2025-06-05,13:45:00,24752.65,24762.9,24725.5,24734.1,4494
NSE,NIFTY,2025-06-05,13:50:00,24734.85,24758.45,24730.2,24747.5,4495
NSE,NIFTY,2025-06-05,13:55:00,24746.9,24747.25,24736.05,24738.7,4496
NSE,NIFTY,2025-06-05,14:00:00,24737.55,24741.05,24722.75,24737.5,4497
NSE,NIFTY,2025-06-05,14:05:00,24738.25,24742.55,24695.65,24715.25,4498
NSE,NIFTY,2025-06-05,14:10:00,24716.35,24726.9,24706.45,24711.2,4499
NSE,NIFTY,2025-06-05,14:15:00,24712.2,24717.8,24693.1,24708.85,4500
NSE,NIFTY,2025-06-05,14:20:00,24708.85,24716.45,24701.1,24711.2,4501
NSE,NIFTY,2025-06-05,14:25:00,24709.9,24723.45,24701.7,24710.4,4502
NSE,NIFTY,2025-06-05,14:30:00,24711.1,24744.4,24709.65,24728.75,4503
NSE,NIFTY,2025-06-05,14:35:00,24727.6,24749.85,24712.9,24736.3,4504
NSE,NIFTY,2025-06-05,14:40:00,24735.75,24744.15,24722.3,24732.5,4505
NSE,NIFTY,2025-06-05,14:45:00,24735.0,24764.45,24734.45,24763.3,4506
NSE,NIFTY,2025-06-05,14:50:00,24763.2,24771.15,24752.8,24771.05,4507
NSE,NIFTY,2025-06-05,14:55:00,24775.0,24780.65,24747.05,24747.5,4508
NSE,NIFTY,2025-06-05,15:00:00,24746.85,24753.05,24738.05,24742.15,4509
NSE,NIFTY,2025-06-05,15:05:00,24741.65,24745.0,24727.1,24733.9,4510
NSE,NIFTY,2025-06-05,15:10:00,24735.25,24747.9,24731.95,24744.5,4511
NSE,NIFTY,2025-06-05,15:15:00,24743.45,24755.9,24733.8,24755.35,4512
NSE,NIFTY,2025-06-05,15:20:00,24754.8,24769.4,24745.45,24764.4,4513
NSE,NIFTY,2025-06-05,15:25:00,24764.85,24770.95,24757.1,24769.0,4514
NSE,NIFTY,2025-06-05,15:30:00,24769.05,24775.4,24755.55,24761.3,4515
NSE,NIFTY,2025-06-06,09:15:00,24748.7,24758.95,24737.9,24739.95,4543
NSE,NIFTY,2025-06-06,09:20:00,24741.6,24751.6,24723.55,24737.95,4544
NSE,NIFTY,2025-06-06,09:25:00,24737.35,24755.85,24736.95,24745.9,4545
NSE,NIFTY,2025-06-06,09:30:00,24745.45,24754.35,24720.65,24721.85,4546
NSE,NIFTY,2025-06-06,09:35:00,24721.45,24732.15,24704.25,24711.75,4547
NSE,NIFTY,2025-06-06,09:40:00,24712.4,24713.4,24687.15,24690.4,4548
NSE,NIFTY,2025-06-06,09:45:00,24690.45,24704.85,24681.1,24687.15,4549
NSE,NIFTY,2025-06-06,09:50:00,24688.25,24707.75,24685.7,24707.7,4550
NSE,NIFTY,2025-06-06,09:55:00,24706.35,24709.15,24696.1,24702.5,4551
NSE,NIFTY,2025-06-06,10:00:00,24702.0,24715.25,24702.0,24712.65,4552
NSE,NIFTY,2025-06-06,10:05:00,24712.55,24713.1,24671.65,24683.65,4553
NSE,NIFTY,2025-06-06,10:10:00,24683.5,24816.95,24682.2,24792.2,4554
NSE,NIFTY,2025-06-06,10:15:00,24793.65,24796.45,24723.9,24754.5,4555
NSE,NIFTY,2025-06-06,10:20:00,24754.15,24766.2,24735.75,24765.4,4556
NSE,NIFTY,2025-06-06,10:25:00,24766.4,24794.0,24737.75,24792.65,4557
NSE,NIFTY,2025-06-06,10:30:00,24794.2,24837.6,24789.2,24835.4,4558
NSE,NIFTY,2025-06-06,10:35:00,24833.7,24868.15,24829.05,24860.65,4559
NSE,NIFTY,2025-06-06,10:40:00,24861.1,24894.65,24845.55,24894.25,4560
NSE,NIFTY,2025-06-06,10:45:00,24894.0,24925.5,24889.95,24917.65,4561
NSE,NIFTY,2025-06-06,10:50:00,24917.45,24947.85,24915.9,24934.1,4562
NSE,NIFTY,2025-06-06,10:55:00,24932.4,24940.05,24919.3,24929.35,4563
NSE,NIFTY,2025-06-06,11:00:00,24929.6,24950.35,24921.85,24949.15,4564
NSE,NIFTY,2025-06-06,11:05:00,24951.15,24974.35,24948.3,24970.05,4565
NSE,NIFTY,2025-06-06,11:10:00,24967.6,24982.4,24966.8,24974.15,4566
NSE,NIFTY,2025-06-06,11:15:00,24973.4,24988.25,24962.35,24987.45,4567
NSE,NIFTY,2025-06-06,11:20:00,24987.25,24993.0,24972.9,24985.7,4568
NSE,NIFTY,2025-06-06,11:25:00,24985.35,24987.2,24960.55,24969.3,4569
NSE,NIFTY,2025-06-06,11:30:00,24969.2,24984.35,24968.5,24974.75,4570
NSE,NIFTY,2025-06-06,11:35:00,24974.0,24983.6,24970.15,24976.6,4571
NSE,NIFTY,2025-06-06,11:40:00,24977.2,24983.5,24975.2,24981.4,4572
NSE,NIFTY,2025-06-06,11:45:00,24981.45,25007.95,24981.25,25003.85,4573
NSE,NIFTY,2025-06-06,11:50:00,25003.9,25006.0,24993.4,25000.05,4574
NSE,NIFTY,2025-06-06,11:55:00,24998.9,25019.6,24997.7,25018.4,4575
NSE,NIFTY,2025-06-06,12:00:00,25017.7,25029.3,25016.4,25027.0,4576
NSE,NIFTY,2025-06-06,12:05:00,25026.65,25028.4,25008.0,25010.8,4577
NSE,NIFTY,2025-06-06,12:10:00,25011.6,25019.3,25010.7,25015.6,4578
NSE,NIFTY,2025-06-06,12:15:00,25015.2,25017.95,24995.8,24997.85,4579
NSE,NIFTY,2025-06-06,12:20:00,24997.8,24999.55,24982.15,24984.5,4580
NSE,NIFTY,2025-06-06,12:25:00,24984.55,24985.4,24967.05,24982.7,4581
NSE,NIFTY,2025-06-06,12:30:00,24982.7,24990.6,24975.4,24989.75,4582
NSE,NIFTY,2025-06-06,12:35:00,24990.1,24994.85,24983.35,24985.35,4583
NSE,NIFTY,2025-06-06,12:40:00,24985.5,24990.1,24966.0,24966.15,4584
NSE,NIFTY,2025-06-06,12:45:00,24966.8,24988.2,24966.4,24988.2,4585
NSE,NIFTY,2025-06-06,12:50:00,24987.85,24988.65,24977.6,24985.3,4586
NSE,NIFTY,2025-06-06,12:55:00,24985.3,24987.25,24977.95,24984.45,4587
NSE,NIFTY,2025-06-06,13:00:00,24982.95,24990.25,24977.6,24979.95,4588
NSE,NIFTY,2025-06-06,13:05:00,24979.9,24991.05,24976.95,24980.5,4589
NSE,NIFTY,2025-06-06,13:10:00,24980.15,24983.75,24968.0,24972.4,4590
NSE,NIFTY,2025-06-06,13:15:00,24972.55,24979.15,24967.3,24969.45,4591
NSE,NIFTY,2025-06-06,13:20:00,24968.85,24976.2,24965.15,24971.55,4592
NSE,NIFTY,2025-06-06,13:25:00,24970.8,24979.45,24968.95,24977.05,4593
NSE,NIFTY,2025-06-06,13:30:00,24976.6,24981.1,24971.45,24972.15,4594
NSE,NIFTY,2025-06-06,13:35:00,24972.6,24983.55,24962.35,24982.25,4595
NSE,NIFTY,2025-06-06,13:40:00,24982.2,24997.7,24980.8,24996.85,4596
NSE,NIFTY,2025-06-06,13:45:00,24996.3,24996.35,24979.05,24983.4,4597
NSE,NIFTY,2025-06-06,13:50:00,24982.95,24994.25,24974.8,24979.55,4598
NSE,NIFTY,2025-06-06,13:55:00,24980.05,24981.35,24972.2,24975.5,4599
NSE,NIFTY,2025-06-06,14:00:00,24975.0,24991.15,24973.2,24987.8,4600
NSE,NIFTY,2025-06-06,14:05:00,24987.95,24994.5,24985.6,24988.5,4601
NSE,NIFTY,2025-06-06,14:10:00,24988.9,24989.85,24975.15,24977.7,4602
NSE,NIFTY,2025-06-06,14:15:00,24977.65,24992.8,24975.45,24991.8,4603
NSE,NIFTY,2025-06-06,14:20:00,24991.1,25007.3,24990.8,25001.8,4604
NSE,NIFTY,2025-06-06,14:25:00,25002.35,25021.75,24998.55,25011.95,4605
NSE,NIFTY,2025-06-06,14:30:00,25012.25,25019.5,25008.85,25013.7,4606
NSE,NIFTY,2025-06-06,14:35:00,25014.1,25014.65,24996.05,24996.05,4607
NSE,NIFTY,2025-06-06,14:40:00,24996.3,25002.05,24986.25,24990.6,4608
NSE,NIFTY,2025-06-06,14:45:00,24990.7,24997.15,24984.1,24984.3,4609
NSE,NIFTY,2025-06-06,14:50:00,24986.0,25003.3,24983.2,25002.05,4610
NSE,NIFTY,2025-06-06,14:55:00,25002.0,25004.75,24991.85,24996.6,4611
NSE,NIFTY,2025-06-06,15:00:00,24996.25,25006.85,24993.4,25006.6,4612
NSE,NIFTY,2025-06-06,15:05:00,25005.25,25013.4,24994.3,24995.75,4613
NSE,NIFTY,2025-06-06,15:10:00,24996.5,25010.25,24995.15,25006.95,4614
NSE,NIFTY,2025-06-06,15:15:00,25006.9,25008.1,24998.15,25002.85,4615
NSE,NIFTY,2025-06-06,15:20:00,25001.95,25010.05,24996.75,24998.45,4616
NSE,NIFTY,2025-06-06,15:25:00,25001.35,25004.75,24996.05,25000.95,4617
NSE,NIFTY,2025-06-06,15:30:00,25001.8,25007.35,24992.65,25003.15,4618
NSE,NIFTY,2025-06-09,09:15:00,25160.1,25160.1,25108.45,25126.0,4646
NSE,NIFTY,2025-06-09,09:20:00,25121.25,25143.45,25106.3,25111.8,4647
NSE,NIFTY,2025-06-09,09:25:00,25112.15,25118.65,25087.35,25097.35,4648
NSE,NIFTY,2025-06-09,09:30:00,25096.95,25129.8,25087.25,25090.95,4649
NSE,NIFTY,2025-06-09,09:35:00,25091.6,25107.05,25082.6,25097.6,4650
NSE,NIFTY,2025-06-09,09:40:00,25097.55,25103.9,25080.55,25082.85,4651
NSE,NIFTY,2025-06-09,09:45:00,25083.15,25116.0,25078.95,25115.95,4652
NSE,NIFTY,2025-06-09,09:50:00,25114.0,25114.8,25089.5,25103.55,4653
NSE,NIFTY,2025-06-09,09:55:00,25103.85,25108.05,25095.25,25095.6,4654
NSE,NIFTY,2025-06-09,10:00:00,25095.85,25106.35,25089.4,25102.2,4655
NSE,NIFTY,2025-06-09,10:05:00,25102.95,25124.35,25094.65,25122.8,4656
NSE,NIFTY,2025-06-09,10:10:00,25122.85,25123.0,25102.35,25114.3,4657
NSE,NIFTY,2025-06-09,10:15:00,25113.25,25123.8,25106.6,25121.6,4658
NSE,NIFTY,2025-06-09,10:20:00,25121.65,25122.7,25110.0,25115.2,4659
NSE,NIFTY,2025-06-09,10:25:00,25116.75,25125.4,25116.75,25122.55,4660
NSE,NIFTY,2025-06-09,10:30:00,25122.5,25129.4,25114.8,25123.35,4661
NSE,NIFTY,2025-06-09,10:35:00,25123.1,25132.65,25121.2,25123.65,4662
NSE,NIFTY,2025-06-09,10:40:00,25124.9,25126.15,25118.3,25123.4,4663
NSE,NIFTY,2025-06-09,10:45:00,25123.65,25136.0,25122.55,25134.2,4664
NSE,NIFTY,2025-06-09,10:50:00,25135.2,25140.4,25131.9,25140.1,4665
NSE,NIFTY,2025-06-09,10:55:00,25140.1,25141.3,25134.45,25136.7,4666
NSE,NIFTY,2025-06-09,11:00:00,25137.4,25140.2,25127.7,25130.75,4667
NSE,NIFTY,2025-06-09,11:05:00,25130.1,25142.7,25129.75,25137.2,4668
NSE,NIFTY,2025-06-09,11:10:00,25137.05,25140.2,25122.8,25123.6,4669
NSE,NIFTY,2025-06-09,11:15:00,25124.2,25130.9,25119.2,25123.7,4670
NSE,NIFTY,2025-06-09,11:20:00,25123.25,25128.2,25116.0,25119.05,4671
NSE,NIFTY,2025-06-09,11:25:00,25119.75,25123.95,25113.55,25120.95,4672
NSE,NIFTY,2025-06-09,11:30:00,25121.45,25122.05,25109.25,25115.25,4673
NSE,NIFTY,2025-06-09,11:35:00,25115.2,25121.7,25113.8,25119.05,4674
NSE,NIFTY,2025-06-09,11:40:00,25119.2,25128.1,25117.8,25121.2,4675
NSE,NIFTY,2025-06-09,11:45:00,25121.2,25122.55,25107.4,25111.7,4676
NSE,NIFTY,2025-06-09,11:50:00,25111.7,25114.55,25103.35,25105.85,4677
NSE,NIFTY,2025-06-09,11:55:00,25106.3,25114.8,25105.0,25106.2,4678
NSE,NIFTY,2025-06-09,12:00:00,25106.65,25113.75,25103.9,25110.1,4679
NSE,NIFTY,2025-06-09,12:05:00,25110.05,25112.05,25102.3,25109.65,4680
NSE,NIFTY,2025-06-09,12:10:00,25109.45,25112.85,25107.35,25110.7,4681
NSE,NIFTY,2025-06-09,12:15:00,25109.7,25118.65,25109.7,25116.45,4682
NSE,NIFTY,2025-06-09,12:20:00,25117.45,25118.2,25112.65,25113.85,4683
NSE,NIFTY,2025-06-09,12:25:00,25113.85,25115.2,25104.95,25111.7,4684
NSE,NIFTY,2025-06-09,12:30:00,25113.35,25119.85,25109.95,25118.85,4685
NSE,NIFTY,2025-06-09,12:35:00,25119.55,25127.6,25115.1,25126.1,4686
NSE,NIFTY,2025-06-09,12:40:00,25127.2,25127.85,25118.9,25119.7,4687
NSE,NIFTY,2025-06-09,12:45:00,25120.2,25122.65,25115.25,25116.2,4688
NSE,NIFTY,2025-06-09,12:50:00,25115.8,25118.4,25106.95,25107.85,4689
NSE,NIFTY,2025-06-09,12:55:00,25107.85,25111.4,25105.45,25108.35,4690
NSE,NIFTY,2025-06-09,13:00:00,25109.9,25111.85,25104.2,25107.6,4691
NSE,NIFTY,2025-06-09,13:05:00,25109.45,25111.75,25104.1,25105.35,4692
NSE,NIFTY,2025-06-09,13:10:00,25105.75,25111.0,25103.45,25108.3,4693
NSE,NIFTY,2025-06-09,13:15:00,25108.55,25111.4,25105.0,25109.85,4694
NSE,NIFTY,2025-06-09,13:20:00,25109.05,25117.1,25098.45,25099.45,4695
NSE,NIFTY,2025-06-09,13:25:00,25100.0,25109.5,25099.2,25104.75,4696
NSE,NIFTY,2025-06-09,13:30:00,25105.3,25110.25,25104.5,25107.3,4697
NSE,NIFTY,2025-06-09,13:35:00,25107.3,25108.85,25099.05,25102.05,4698
NSE,NIFTY,2025-06-09,13:40:00,25102.5,25109.35,25098.6,25105.35,4699
NSE,NIFTY,2025-06-09,13:45:00,25104.4,25113.45,25104.35,25112.6,4700
NSE,NIFTY,2025-06-09,13:50:00,25112.05,25113.85,25105.8,25106.65,4701
NSE,NIFTY,2025-06-09,13:55:00,25105.55,25113.05,25104.65,25112.3,4702
NSE,NIFTY,2025-06-09,14:00:00,25111.4,25116.05,25107.85,25109.85,4703
NSE,NIFTY,2025-06-09,14:05:00,25111.15,25112.45,25104.2,25107.35,4704
NSE,NIFTY,2025-06-09,14:10:00,25107.1,25110.45,25101.05,25101.9,4705
NSE,NIFTY,2025-06-09,14:15:00,25101.2,25102.9,25088.15,25089.6,4706
NSE,NIFTY,2025-06-09,14:20:00,25088.1,25099.55,25083.5,25098.05,4707
NSE,NIFTY,2025-06-09,14:25:00,25097.9,25102.2,25085.85,25090.5,4708
NSE,NIFTY,2025-06-09,14:30:00,25090.8,25103.3,25089.55,25101.15,4709
NSE,NIFTY,2025-06-09,14:35:00,25101.75,25107.1,25100.9,25103.15,4710
NSE,NIFTY,2025-06-09,14:40:00,25104.0,25107.25,25099.1,25101.5,4711
NSE,NIFTY,2025-06-09,14:45:00,25101.85,25105.8,25100.4,25102.7,4712
NSE,NIFTY,2025-06-09,14:50:00,25103.1,25104.45,25096.0,25096.85,4713
NSE,NIFTY,2025-06-09,14:55:00,25096.7,25100.15,25094.65,25097.25,4714
NSE,NIFTY,2025-06-09,15:00:00,25096.3,25099.55,25092.35,25097.15,4715
NSE,NIFTY,2025-06-09,15:05:00,25096.75,25106.45,25096.45,25102.6,4716
NSE,NIFTY,2025-06-09,15:10:00,25101.95,25105.5,25096.65,25102.6,4717
NSE,NIFTY,2025-06-09,15:15:00,25103.4,25104.45,25099.35,25101.45,4718
NSE,NIFTY,2025-06-09,15:20:00,25102.1,25105.55,25099.6,25103.25,4719
NSE,NIFTY,2025-06-09,15:25:00,25104.95,25110.95,25100.3,25107.4,4720
NSE,NIFTY,2025-06-09,15:30:00,25107.5,25107.95,25099.4,25103.35,4721
NSE,NIFTY,2025-06-10,09:15:00,25196.05,25196.05,25148.6,25161.35,4749
NSE,NIFTY,2025-06-10,09:20:00,25160.8,25165.05,25123.2,25128.15,4750
NSE,NIFTY,2025-06-10,09:25:00,25127.6,25144.0,25122.45,25142.0,4751
NSE,NIFTY,2025-06-10,09:30:00,25142.75,25149.55,25065.65,25067.65,4752
NSE,NIFTY,2025-06-10,09:35:00,25068.4,25119.2,25055.95,25111.45,4753
NSE,NIFTY,2025-06-10,09:40:00,25111.3,25130.9,25101.8,25124.45,4754
NSE,NIFTY,2025-06-10,09:45:00,25125.2,25126.75,25105.65,25110.9,4755
NSE,NIFTY,2025-06-10,09:50:00,25111.05,25127.55,25103.6,25127.0,4756
NSE,NIFTY,2025-06-10,09:55:00,25126.95,25142.0,25120.1,25129.7,4757
NSE,NIFTY,2025-06-10,10:00:00,25128.75,25131.65,25125.95,25129.4,4758
NSE,NIFTY,2025-06-10,10:05:00,25128.3,25150.1,25127.7,25142.95,4759
NSE,NIFTY,2025-06-10,10:10:00,25142.9,25157.6,25140.25,25143.9,4760
NSE,NIFTY,2025-06-10,10:15:00,25144.0,25158.35,25141.65,25158.2,4761
NSE,NIFTY,2025-06-10,10:20:00,25157.8,25159.75,25149.7,25158.95,4762
NSE,NIFTY,2025-06-10,10:25:00,25160.0,25163.75,25141.8,25144.05,4763
NSE,NIFTY,2025-06-10,10:30:00,25143.85,25147.55,25133.2,25134.65,4764
NSE,NIFTY,2025-06-10,10:35:00,25134.7,25145.15,25127.55,25145.15,4765
NSE,NIFTY,2025-06-10,10:40:00,25144.35,25152.85,25141.6,25151.3,4766
NSE,NIFTY,2025-06-10,10:45:00,25150.55,25153.8,25145.85,25149.7,4767
NSE,NIFTY,2025-06-10,10:50:00,25147.45,25149.75,25134.45,25138.95,4768
NSE,NIFTY,2025-06-10,10:55:00,25139.15,25139.85,25105.25,25118.25,4769
NSE,NIFTY,2025-06-10,11:00:00,25117.5,25119.0,25099.8,25114.75,4770
NSE,NIFTY,2025-06-10,11:05:00,25114.15,25120.05,25109.65,25119.45,4771
NSE,NIFTY,2025-06-10,11:10:00,25119.15,25128.4,25118.75,25128.4,4772
NSE,NIFTY,2025-06-10,11:15:00,25125.95,25129.1,25118.55,25126.7,4773
NSE,NIFTY,2025-06-10,11:20:00,25127.35,25128.7,25117.35,25121.05,4774
NSE,NIFTY,2025-06-10,11:25:00,25120.95,25125.7,25115.5,25125.1,4775
NSE,NIFTY,2025-06-10,11:30:00,25125.5,25131.5,25124.35,25129.0,4776
NSE,NIFTY,2025-06-10,11:35:00,25128.4,25134.15,25125.7,25130.45,4777
NSE,NIFTY,2025-06-10,11:40:00,25130.4,25136.65,25129.4,25134.95,4778
NSE,NIFTY,2025-06-10,11:45:00,25134.55,25138.25,25129.7,25138.25,4779
NSE,NIFTY,2025-06-10,11:50:00,25138.65,25143.9,25135.65,25140.75,4780
NSE,NIFTY,2025-06-10,11:55:00,25140.9,25143.15,25136.65,25142.8,4781
NSE,NIFTY,2025-06-10,12:00:00,25142.5,25148.85,25139.2,25148.85,4782
NSE,NIFTY,2025-06-10,12:05:00,25148.3,25150.5,25139.6,25141.75,4783
NSE,NIFTY,2025-06-10,12:10:00,25141.85,25146.2,25137.35,25144.8,4784
NSE,NIFTY,2025-06-10,12:15:00,25143.3,25144.95,25131.3,25133.85,4785
NSE,NIFTY,2025-06-10,12:20:00,25135.45,25135.6,25121.8,25126.55,4786
NSE,NIFTY,2025-06-10,12:25:00,25126.7,25128.85,25120.9,25125.05,4787
NSE,NIFTY,2025-06-10,12:30:00,25125.3,25126.25,25120.0,25124.1,4788
NSE,NIFTY,2025-06-10,12:35:00,25123.35,25133.35,25123.35,25131.35,4789
NSE,NIFTY,2025-06-10,12:40:00,25131.0,25135.45,25128.55,25132.2,4790
NSE,NIFTY,2025-06-10,12:45:00,25131.85,25138.65,25127.55,25135.6,4791
NSE,NIFTY,2025-06-10,12:50:00,25135.0,25138.75,25129.9,25132.0,4792
NSE,NIFTY,2025-06-10,12:55:00,25130.85,25136.9,25129.0,25135.3,4793
NSE,NIFTY,2025-06-10,13:00:00,25134.3,25139.35,25132.6,25138.35,4794
NSE,NIFTY,2025-06-10,13:05:00,25139.0,25142.75,25136.1,25138.85,4795
NSE,NIFTY,2025-06-10,13:10:00,25138.6,25140.3,25128.9,25131.4,4796
NSE,NIFTY,2025-06-10,13:15:00,25131.15,25132.25,25124.15,25128.1,4797
NSE,NIFTY,2025-06-10,13:20:00,25129.35,25132.2,25124.7,25127.6,4798
NSE,NIFTY,2025-06-10,13:25:00,25126.95,25130.25,25121.15,25125.05,4799
NSE,NIFTY,2025-06-10,13:30:00,25124.5,25133.85,25124.35,25131.2,4800
NSE,NIFTY,2025-06-10,13:35:00,25130.2,25135.25,25127.05,25132.1,4801
NSE,NIFTY,2025-06-10,13:40:00,25132.2,25140.85,25130.1,25139.9,4802
NSE,NIFTY,2025-06-10,13:45:00,25139.9,25140.8,25127.85,25129.6,4803
NSE,NIFTY,2025-06-10,13:50:00,25129.85,25132.15,25123.75,25132.15,4804
NSE,NIFTY,2025-06-10,13:55:00,25131.8,25137.1,25124.9,25126.95,4805
NSE,NIFTY,2025-06-10,14:00:00,25128.8,25129.7,25123.95,25128.8,4806
NSE,NIFTY,2025-06-10,14:05:00,25126.45,25130.1,25121.7,25126.4,4807
NSE,NIFTY,2025-06-10,14:10:00,25126.95,25132.65,25122.65,25130.1,4808
NSE,NIFTY,2025-06-10,14:15:00,25129.55,25130.35,25123.2,25128.1,4809
NSE,NIFTY,2025-06-10,14:20:00,25128.45,25129.15,25121.1,25122.7,4810
NSE,NIFTY,2025-06-10,14:25:00,25121.95,25125.9,25119.4,25123.8,4811
NSE,NIFTY,2025-06-10,14:30:00,25122.35,25129.0,25117.95,25124.55,4812
NSE,NIFTY,2025-06-10,14:35:00,25124.75,25127.25,25117.4,25125.0,4813
NSE,NIFTY,2025-06-10,14:40:00,25124.15,25124.4,25116.1,25122.45,4814
NSE,NIFTY,2025-06-10,14:45:00,25122.35,25124.0,25104.35,25109.0,4815
NSE,NIFTY,2025-06-10,14:50:00,25109.85,25119.3,25104.15,25119.25,4816
NSE,NIFTY,2025-06-10,14:55:00,25119.0,25119.0,25106.35,25110.1,4817
NSE,NIFTY,2025-06-10,15:00:00,25109.8,25110.95,25098.7,25101.0,4818
NSE,NIFTY,2025-06-10,15:05:00,25099.45,25105.45,25088.2,25088.2,4819
NSE,NIFTY,2025-06-10,15:10:00,25087.35,25122.5,25086.15,25118.05,4820
NSE,NIFTY,2025-06-10,15:15:00,25117.7,25121.1,25103.2,25104.55,4821
NSE,NIFTY,2025-06-10,15:20:00,25103.95,25111.8,25101.2,25107.15,4822
NSE,NIFTY,2025-06-10,15:25:00,25106.65,25107.5,25100.25,25102.9,4823
NSE,NIFTY,2025-06-10,15:30:00,25102.4,25104.65,25087.7,25091.55,4824
NSE,NIFTY,2025-06-11,09:15:00,25134.15,25134.15,25084.4,25094.4,4852
NSE,NIFTY,2025-06-11,09:20:00,25095.2,25136.85,25094.9,25133.95,4853
NSE,NIFTY,2025-06-11,09:25:00,25133.5,25137.1,25115.05,25118.1,4854
NSE,NIFTY,2025-06-11,09:30:00,25119.45,25137.0,25119.25,25133.95,4855
NSE,NIFTY,2025-06-11,09:35:00,25134.15,25148.45,25130.05,25148.45,4856
NSE,NIFTY,2025-06-11,09:40:00,25149.15,25149.7,25120.9,25121.95,4857
NSE,NIFTY,2025-06-11,09:45:00,25120.95,25132.5,25115.85,25128.1,4858
NSE,NIFTY,2025-06-11,09:50:00,25128.25,25135.85,25112.45,25131.65,4859
NSE,NIFTY,2025-06-11,09:55:00,25131.4,25139.25,25129.2,25139.0,4860
NSE,NIFTY,2025-06-11,10:00:00,25139.55,25149.2,25133.3,25148.5,4861
NSE,NIFTY,2025-06-11,10:05:00,25148.0,25154.0,25146.2,25153.3,4862
NSE,NIFTY,2025-06-11,10:10:00,25153.45,25158.6,25144.35,25156.65,4863
NSE,NIFTY,2025-06-11,10:15:00,25156.7,25158.35,25146.05,25147.65,4864
NSE,NIFTY,2025-06-11,10:20:00,25147.35,25154.25,25147.15,25152.0,4865
NSE,NIFTY,2025-06-11,10:25:00,25152.6,25152.6,25138.6,25139.5,4866
NSE,NIFTY,2025-06-11,10:30:00,25139.6,25140.25,25132.4,25140.1,4867
NSE,NIFTY,2025-06-11,10:35:00,25139.9,25150.95,25135.25,25148.55,4868
NSE,NIFTY,2025-06-11,10:40:00,25148.25,25150.75,25141.65,25146.75,4869
NSE,NIFTY,2025-06-11,10:45:00,25146.9,25188.1,25146.45,25188.1,4870
NSE,NIFTY,2025-06-11,10:50:00,25186.9,25188.85,25169.0,25169.95,4871
NSE,NIFTY,2025-06-11,10:55:00,25170.85,25174.2,25168.4,25170.95,4872
NSE,NIFTY,2025-06-11,11:00:00,25170.9,25178.25,25168.95,25175.65,4873
NSE,NIFTY,2025-06-11,11:05:00,25174.3,25176.45,25167.3,25171.4,4874
NSE,NIFTY,2025-06-11,11:10:00,25170.9,25183.75,25170.9,25178.85,4875
NSE,NIFTY,2025-06-11,11:15:00,25179.4,25182.75,25173.65,25182.25,4876
NSE,NIFTY,2025-06-11,11:20:00,25182.55,25203.6,25181.55,25195.5,4877
NSE,NIFTY,2025-06-11,11:25:00,25195.6,25196.85,25188.2,25193.5,4878
NSE,NIFTY,2025-06-11,11:30:00,25193.2,25193.55,25181.7,25186.55,4879
NSE,NIFTY,2025-06-11,11:35:00,25186.9,25193.65,25185.9,25188.45,4880
NSE,NIFTY,2025-06-11,11:40:00,25188.45,25193.75,25187.2,25192.05,4881
NSE,NIFTY,2025-06-11,11:45:00,25192.3,25193.6,25185.5,25186.25,4882
NSE,NIFTY,2025-06-11,11:50:00,25186.15,25196.2,25184.55,25195.7,4883
NSE,NIFTY,2025-06-11,11:55:00,25195.55,25215.8,25190.55,25212.3,4884
NSE,NIFTY,2025-06-11,12:00:00,25213.7,25213.7,25205.65,25210.8,4885
NSE,NIFTY,2025-06-11,12:05:00,25211.8,25213.0,25205.0,25211.9,4886
NSE,NIFTY,2025-06-11,12:10:00,25213.2,25213.25,25208.65,25211.4,4887
NSE,NIFTY,2025-06-11,12:15:00,25211.05,25213.2,25204.05,25205.5,4888
NSE,NIFTY,2025-06-11,12:20:00,25205.65,25209.15,25201.5,25206.55,4889
NSE,NIFTY,2025-06-11,12:25:00,25206.4,25220.4,25206.15,25214.65,4890
NSE,NIFTY,2025-06-11,12:30:00,25214.5,25216.15,25203.65,25205.2,4891
NSE,NIFTY,2025-06-11,12:35:00,25204.85,25206.45,25193.6,25193.85,4892
NSE,NIFTY,2025-06-11,12:40:00,25194.15,25198.45,25186.3,25189.8,4893
NSE,NIFTY,2025-06-11,12:45:00,25189.45,25202.7,25189.45,25198.65,4894
NSE,NIFTY,2025-06-11,12:50:00,25198.35,25212.8,25198.25,25212.0,4895
NSE,NIFTY,2025-06-11,12:55:00,25212.6,25222.2,25212.6,25218.0,4896
NSE,NIFTY,2025-06-11,13:00:00,25217.95,25222.0,25211.55,25215.75,4897
NSE,NIFTY,2025-06-11,13:05:00,25215.45,25220.1,25208.0,25208.55,4898
NSE,NIFTY,2025-06-11,13:10:00,25208.35,25216.45,25208.3,25212.55,4899
NSE,NIFTY,2025-06-11,13:15:00,25212.9,25214.35,25199.25,25203.2,4900
NSE,NIFTY,2025-06-11,13:20:00,25203.1,25214.2,25202.7,25210.1,4901
NSE,NIFTY,2025-06-11,13:25:00,25209.5,25210.8,25195.95,25196.95,4902
NSE,NIFTY,2025-06-11,13:30:00,25198.3,25199.8,25167.0,25168.8,4903
NSE,NIFTY,2025-06-11,13:35:00,25169.4,25173.5,25159.25,25167.2,4904
NSE,NIFTY,2025-06-11,13:40:00,25166.35,25173.8,25165.55,25168.9,4905
NSE,NIFTY,2025-06-11,13:45:00,25169.3,25170.45,25149.3,25149.9,4906
NSE,NIFTY,2025-06-11,13:50:00,25150.95,25152.55,25120.65,25126.55,4907
NSE,NIFTY,2025-06-11,13:55:00,25127.45,25132.3,25108.15,25124.05,4908
NSE,NIFTY,2025-06-11,14:00:00,25124.0,25151.85,25121.75,25142.2,4909
NSE,NIFTY,2025-06-11,14:05:00,25142.95,25143.85,25130.95,25135.0,4910
NSE,NIFTY,2025-06-11,14:10:00,25133.75,25135.15,25116.25,25122.15,4911
NSE,NIFTY,2025-06-11,14:15:00,25121.75,25130.0,25116.75,25127.45,4912
NSE,NIFTY,2025-06-11,14:20:00,25127.95,25142.3,25126.35,25139.45,4913
NSE,NIFTY,2025-06-11,14:25:00,25139.0,25151.35,25137.9,25147.6,4914
NSE,NIFTY,2025-06-11,14:30:00,25149.2,25153.3,25136.75,25145.8,4915
NSE,NIFTY,2025-06-11,14:35:00,25145.2,25146.4,25138.65,25141.35,4916
NSE,NIFTY,2025-06-11,14:40:00,25141.2,25142.95,25130.6,25136.2,4917
NSE,NIFTY,2025-06-11,14:45:00,25135.6,25140.45,25133.45,25137.4,4918
NSE,NIFTY,2025-06-11,14:50:00,25136.5,25144.3,25132.4,25143.15,4919
NSE,NIFTY,2025-06-11,14:55:00,25144.0,25157.6,25144.0,25152.1,4920
NSE,NIFTY,2025-06-11,15:00:00,25151.75,25154.65,25144.2,25149.45,4921
NSE,NIFTY,2025-06-11,15:05:00,25149.15,25154.85,25143.65,25145.85,4922
NSE,NIFTY,2025-06-11,15:10:00,25146.9,25150.15,25140.25,25146.95,4923
NSE,NIFTY,2025-06-11,15:15:00,25148.25,25149.25,25142.8,25145.55,4924
NSE,NIFTY,2025-06-11,15:20:00,25146.3,25146.7,25134.95,25137.15,4925
NSE,NIFTY,2025-06-11,15:25:00,25137.2,25138.95,25129.0,25131.5,4926
NSE,NIFTY,2025-06-11,15:30:00,25132.3,25135.4,25124.95,25126.35,4927
NSE,NIFTY,2025-06-12,09:15:00,25164.45,25164.45,25118.75,25120.6,4955
NSE,NIFTY,2025-06-12,09:20:00,25119.55,25172.1,25118.2,25170.1,4956
NSE,NIFTY,2025-06-12,09:25:00,25169.4,25179.95,25149.25,25176.45,4957
NSE,NIFTY,2025-06-12,09:30:00,25177.25,25181.85,25164.05,25179.15,4958
NSE,NIFTY,2025-06-12,09:35:00,25180.3,25191.55,25168.75,25177.9,4959
NSE,NIFTY,2025-06-12,09:40:00,25180.05,25195.55,25135.85,25136.1,4960
NSE,NIFTY,2025-06-12,09:45:00,25135.6,25141.85,25100.45,25112.45,4961
NSE,NIFTY,2025-06-12,09:50:00,25112.4,25115.3,25083.6,25115.3,4962
NSE,NIFTY,2025-06-12,09:55:00,25115.0,25126.55,25109.8,25110.8,4963
NSE,NIFTY,2025-06-12,10:00:00,25111.25,25111.8,25088.75,25091.6,4964
NSE,NIFTY,2025-06-12,10:05:00,25090.9,25092.75,25065.25,25076.85,4965
NSE,NIFTY,2025-06-12,10:10:00,25076.45,25107.4,25074.45,25104.15,4966
NSE,NIFTY,2025-06-12,10:15:00,25103.95,25108.3,25094.4,25097.8,4967
NSE,NIFTY,2025-06-12,10:20:00,25098.35,25101.05,25084.95,25088.95,4968
NSE,NIFTY,2025-06-12,10:25:00,25089.2,25103.0,25073.05,25102.15,4969
NSE,NIFTY,2025-06-12,10:30:00,25102.35,25111.7,25100.9,25109.5,4970
NSE,NIFTY,2025-06-12,10:35:00,25109.15,25115.75,25093.3,25096.55,4971
NSE,NIFTY,2025-06-12,10:40:00,25096.65,25101.3,25089.85,25098.35,4972
NSE,NIFTY,2025-06-12,10:45:00,25099.2,25099.2,25042.45,25049.05,4973
NSE,NIFTY,2025-06-12,10:50:00,25053.4,25063.85,25045.65,25059.05,4974
NSE,NIFTY,2025-06-12,10:55:00,25059.75,25065.15,25051.75,25054.0,4975
NSE,NIFTY,2025-06-12,11:00:00,25052.9,25059.95,25046.0,25058.4,4976
NSE,NIFTY,2025-06-12,11:05:00,25058.8,25062.9,25051.0,25055.2,4977
NSE,NIFTY,2025-06-12,11:10:00,25054.05,25060.55,25048.55,25057.0,4978
NSE,NIFTY,2025-06-12,11:15:00,25057.3,25058.25,25038.25,25044.2,4979
NSE,NIFTY,2025-06-12,11:20:00,25043.75,25073.15,25039.7,25067.05,4980
NSE,NIFTY,2025-06-12,11:25:00,25068.45,25083.7,25064.35,25079.7,4981
NSE,NIFTY,2025-06-12,11:30:00,25080.35,25092.75,25073.85,25074.1,4982
NSE,NIFTY,2025-06-12,11:35:00,25073.15,25074.05,25054.25,25056.85,4983
NSE,NIFTY,2025-06-12,11:40:00,25057.15,25058.05,25025.65,25033.35,4984
NSE,NIFTY,2025-06-12,11:45:00,25034.25,25040.3,25020.4,25037.2,4985
NSE,NIFTY,2025-06-12,11:50:00,25036.15,25044.1,25031.0,25042.55,4986
NSE,NIFTY,2025-06-12,11:55:00,25041.95,25044.05,25034.15,25034.15,4987
NSE,NIFTY,2025-06-12,12:00:00,25034.55,25038.95,25026.15,25026.65,4988
NSE,NIFTY,2025-06-12,12:05:00,25026.7,25042.35,25010.0,25025.2,4989
NSE,NIFTY,2025-06-12,12:10:00,25024.95,25036.25,25023.75,25035.45,4990
NSE,NIFTY,2025-06-12,12:15:00,25035.8,25040.4,25032.8,25039.9,4991
NSE,NIFTY,2025-06-12,12:20:00,25039.15,25043.7,25033.15,25037.35,4992
NSE,NIFTY,2025-06-12,12:25:00,25037.15,25049.15,25035.25,25042.15,4993
NSE,NIFTY,2025-06-12,12:30:00,25041.6,25044.8,25033.3,25040.25,4994
NSE,NIFTY,2025-06-12,12:35:00,25039.65,25062.8,25036.95,25059.5,4995
NSE,NIFTY,2025-06-12,12:40:00,25059.3,25059.3,25036.75,25051.65,4996
NSE,NIFTY,2025-06-12,12:45:00,25050.7,25059.95,25049.5,25054.55,4997
NSE,NIFTY,2025-06-12,12:50:00,25054.4,25072.0,25048.0,25071.25,4998
NSE,NIFTY,2025-06-12,12:55:00,25071.4,25074.5,25060.0,25061.65,4999
NSE,NIFTY,2025-06-12,13:00:00,25059.85,25061.55,25034.5,25042.15,5000
NSE,NIFTY,2025-06-12,13:05:00,25041.65,25043.2,25021.65,25031.55,5001
NSE,NIFTY,2025-06-12,13:10:00,25030.75,25040.0,25028.5,25033.6,5002
NSE,NIFTY,2025-06-12,13:15:00,25034.55,25043.15,25028.15,25041.75,5003
NSE,NIFTY,2025-06-12,13:20:00,25040.65,25045.45,25037.6,25043.7,5004
NSE,NIFTY,2025-06-12,13:25:00,25041.8,25043.15,25025.95,25034.85,5005
NSE,NIFTY,2025-06-12,13:30:00,25035.55,25036.95,24956.95,24965.75,5006
NSE,NIFTY,2025-06-12,13:35:00,24964.95,24984.8,24934.55,24942.3,5007
NSE,NIFTY,2025-06-12,13:40:00,24942.5,24953.0,24921.65,24926.15,5008
NSE,NIFTY,2025-06-12,13:45:00,24925.85,24931.2,24907.9,24923.1,5009
NSE,NIFTY,2025-06-12,13:50:00,24919.15,24922.25,24872.05,24876.9,5010
NSE,NIFTY,2025-06-12,13:55:00,24875.2,24907.2,24874.4,24907.2,5011
NSE,NIFTY,2025-06-12,14:00:00,24904.35,24910.5,24882.8,24885.65,5012
NSE,NIFTY,2025-06-12,14:05:00,24885.6,24889.05,24851.9,24854.1,5013
NSE,NIFTY,2025-06-12,14:10:00,24853.85,24854.25,24826.7,24835.35,5014
NSE,NIFTY,2025-06-12,14:15:00,24833.35,24858.6,24833.35,24846.9,5015
NSE,NIFTY,2025-06-12,14:20:00,24847.3,24882.7,24844.5,24881.0,5016
NSE,NIFTY,2025-06-12,14:25:00,24879.85,24894.75,24859.2,24860.1,5017
NSE,NIFTY,2025-06-12,14:30:00,24859.1,24887.85,24844.85,24883.3,5018
NSE,NIFTY,2025-06-12,14:35:00,24884.4,24912.5,24881.2,24897.4,5019
NSE,NIFTY,2025-06-12,14:40:00,24902.8,24912.3,24868.1,24884.25,5020
NSE,NIFTY,2025-06-12,14:45:00,24883.8,24903.6,24883.6,24898.65,5021
NSE,NIFTY,2025-06-12,14:50:00,24898.35,24913.15,24884.95,24909.9,5022
NSE,NIFTY,2025-06-12,14:55:00,24908.6,24909.2,24889.05,24889.05,5023
NSE,NIFTY,2025-06-12,15:00:00,24887.9,24917.25,24887.05,24917.0,5024
NSE,NIFTY,2025-06-12,15:05:00,24916.6,24920.95,24897.3,24907.65,5025
NSE,NIFTY,2025-06-12,15:10:00,24908.45,24910.25,24888.55,24891.35,5026
NSE,NIFTY,2025-06-12,15:15:00,24890.6,24900.25,24880.55,24881.3,5027
NSE,NIFTY,2025-06-12,15:20:00,24880.25,24881.35,24866.5,24871.25,5028
NSE,NIFTY,2025-06-12,15:25:00,24872.55,24877.9,24867.35,24870.25,5029
NSE,NIFTY,2025-06-12,15:30:00,24870.6,24871.65,24850.8,24857.05,5030
NSE,NIFTY,2025-06-13,09:15:00,24473.0,24585.0,24473.0,24549.8,5058
NSE,NIFTY,2025-06-13,09:20:00,24543.85,24621.2,24521.4,24609.65,5059
NSE,NIFTY,2025-06-13,09:25:00,24609.5,24643.35,24582.25,24630.7,5060
NSE,NIFTY,2025-06-13,09:30:00,24627.2,24652.35,24615.8,24623.25,5061
NSE,NIFTY,2025-06-13,09:35:00,24623.3,24630.6,24583.95,24592.35,5062
NSE,NIFTY,2025-06-13,09:40:00,24592.35,24638.5,24583.05,24631.55,5063
NSE,NIFTY,2025-06-13,09:45:00,24630.2,24638.7,24616.6,24634.15,5064
NSE,NIFTY,2025-06-13,09:50:00,24633.2,24635.05,24593.45,24627.25,5065
NSE,NIFTY,2025-06-13,09:55:00,24630.1,24646.15,24622.3,24641.2,5066
NSE,NIFTY,2025-06-13,10:00:00,24640.85,24647.15,24627.2,24640.6,5067
NSE,NIFTY,2025-06-13,10:05:00,24638.65,24641.85,24614.25,24630.05,5068
NSE,NIFTY,2025-06-13,10:10:00,24629.35,24631.1,24616.6,24629.4,5069
NSE,NIFTY,2025-06-13,10:15:00,24628.6,24654.4,24627.7,24640.35,5070
NSE,NIFTY,2025-06-13,10:20:00,24639.3,24646.25,24625.2,24626.65,5071
NSE,NIFTY,2025-06-13,10:25:00,24626.1,24663.9,24625.4,24663.75,5072
NSE,NIFTY,2025-06-13,10:30:00,24663.65,24675.0,24657.95,24666.65,5073
NSE,NIFTY,2025-06-13,10:35:00,24666.5,24682.4,24663.45,24678.9,5074
NSE,NIFTY,2025-06-13,10:40:00,24678.7,24683.95,24661.3,24667.7,5075
NSE,NIFTY,2025-06-13,10:45:00,24668.0,24678.65,24663.1,24677.6,5076
NSE,NIFTY,2025-06-13,10:50:00,24677.25,24687.75,24668.25,24675.95,5077
NSE,NIFTY,2025-06-13,10:55:00,24676.15,24692.25,24675.4,24680.45,5078
NSE,NIFTY,2025-06-13,11:00:00,24679.4,24682.75,24670.6,24673.9,5079
NSE,NIFTY,2025-06-13,11:05:00,24672.05,24691.0,24670.35,24690.4,5080
NSE,NIFTY,2025-06-13,11:10:00,24689.9,24692.35,24672.35,24674.25,5081
NSE,NIFTY,2025-06-13,11:15:00,24673.25,24677.45,24650.45,24655.4,5082
NSE,NIFTY,2025-06-13,11:20:00,24654.7,24657.55,24639.75,24655.4,5083
NSE,NIFTY,2025-06-13,11:25:00,24655.35,24662.15,24650.95,24659.25,5084
NSE,NIFTY,2025-06-13,11:30:00,24661.1,24667.05,24653.35,24663.3,5085
NSE,NIFTY,2025-06-13,11:35:00,24661.8,24682.45,24661.3,24680.0,5086
NSE,NIFTY,2025-06-13,11:40:00,24679.6,24692.9,24674.95,24690.45,5087
NSE,NIFTY,2025-06-13,11:45:00,24690.55,24693.65,24678.7,24685.9,5088
NSE,NIFTY,2025-06-13,11:50:00,24684.6,24687.3,24673.15,24679.2,5089
NSE,NIFTY,2025-06-13,11:55:00,24678.6,24689.6,24678.6,24684.1,5090
NSE,NIFTY,2025-06-13,12:00:00,24682.5,24687.85,24674.45,24686.65,5091
NSE,NIFTY,2025-06-13,12:05:00,24686.85,24694.15,24683.6,24689.6,5092
NSE,NIFTY,2025-06-13,12:10:00,24688.8,24702.0,24685.05,24689.45,5093
NSE,NIFTY,2025-06-13,12:15:00,24688.45,24692.1,24683.35,24690.75,5094
NSE,NIFTY,2025-06-13,12:20:00,24689.65,24724.55,24689.65,24718.95,5095
NSE,NIFTY,2025-06-13,12:25:00,24718.75,24719.55,24708.85,24709.2,5096
NSE,NIFTY,2025-06-13,12:30:00,24709.85,24712.85,24703.85,24709.15,5097
NSE,NIFTY,2025-06-13,12:35:00,24707.75,24709.85,24692.5,24695.15,5098
NSE,NIFTY,2025-06-13,12:40:00,24695.1,24698.8,24690.85,24692.95,5099
NSE,NIFTY,2025-06-13,12:45:00,24692.15,24696.45,24687.45,24690.1,5100
NSE,NIFTY,2025-06-13,12:50:00,24690.35,24695.8,24679.5,24681.1,5101
NSE,NIFTY,2025-06-13,12:55:00,24678.65,24687.75,24675.9,24679.8,5102
NSE,NIFTY,2025-06-13,13:00:00,24681.25,24685.5,24678.0,24684.0,5103
NSE,NIFTY,2025-06-13,13:05:00,24684.25,24686.55,24674.65,24676.55,5104
NSE,NIFTY,2025-06-13,13:10:00,24675.65,24685.25,24674.45,24679.8,5105
NSE,NIFTY,2025-06-13,13:15:00,24678.25,24690.45,24676.2,24688.85,5106
NSE,NIFTY,2025-06-13,13:20:00,24688.1,24689.0,24680.65,24686.1,5107
NSE,NIFTY,2025-06-13,13:25:00,24686.4,24700.3,24685.2,24699.7,5108
NSE,NIFTY,2025-06-13,13:30:00,24697.6,24699.75,24689.0,24695.45,5109
NSE,NIFTY,2025-06-13,13:35:00,24693.95,24715.45,24693.95,24712.1,5110
NSE,NIFTY,2025-06-13,13:40:00,24711.6,24729.75,24710.15,24728.95,5111
NSE,NIFTY,2025-06-13,13:45:00,24729.35,24740.5,24725.25,24740.25,5112
NSE,NIFTY,2025-06-13,13:50:00,24740.25,24754.1,24739.0,24745.9,5113
NSE,NIFTY,2025-06-13,13:55:00,24745.1,24746.6,24724.5,24726.4,5114
NSE,NIFTY,2025-06-13,14:00:00,24725.15,24725.5,24706.0,24709.55,5115
NSE,NIFTY,2025-06-13,14:05:00,24709.65,24724.05,24704.8,24722.9,5116
NSE,NIFTY,2025-06-13,14:10:00,24721.9,24728.85,24714.4,24725.7,5117
NSE,NIFTY,2025-06-13,14:15:00,24725.3,24727.9,24714.35,24716.9,5118
NSE,NIFTY,2025-06-13,14:20:00,24716.2,24717.75,24705.3,24711.5,5119
NSE,NIFTY,2025-06-13,14:25:00,24710.7,24717.9,24708.3,24714.0,5120
NSE,NIFTY,2025-06-13,14:30:00,24713.7,24718.05,24710.1,24717.65,5121
NSE,NIFTY,2025-06-13,14:35:00,24717.55,24724.9,24707.4,24711.15,5122
NSE,NIFTY,2025-06-13,14:40:00,24712.25,24713.7,24702.0,24705.25,5123
NSE,NIFTY,2025-06-13,14:45:00,24705.25,24715.0,24685.5,24688.6,5124
NSE,NIFTY,2025-06-13,14:50:00,24688.0,24700.55,24676.3,24677.25,5125
NSE,NIFTY,2025-06-13,14:55:00,24677.05,24680.0,24665.75,24669.95,5126
NSE,NIFTY,2025-06-13,15:00:00,24669.2,24679.7,24650.9,24679.7,5127
NSE,NIFTY,2025-06-13,15:05:00,24679.7,24706.15,24676.1,24704.5,5128
NSE,NIFTY,2025-06-13,15:10:00,24703.75,24727.95,24703.35,24724.35,5129
NSE,NIFTY,2025-06-13,15:15:00,24724.1,24728.45,24714.8,24715.45,5130
NSE,NIFTY,2025-06-13,15:20:00,24715.15,24725.9,24709.75,24721.65,5131
NSE,NIFTY,2025-06-13,15:25:00,24721.95,24733.15,24718.2,24730.4,5132
NSE,NIFTY,2025-06-13,15:30:00,24729.8,24744.95,24729.45,24736.0,5133
NSE,NIFTY,2025-06-16,09:15:00,24732.35,24747.65,24704.6,24744.95,5161
NSE,NIFTY,2025-06-16,09:20:00,24747.7,24804.75,24747.7,24792.85,5162
NSE,NIFTY,2025-06-16,09:25:00,24793.5,24817.4,24793.35,24801.8,5163
NSE,NIFTY,2025-06-16,09:30:00,24800.9,24816.8,24778.1,24784.4,5164
NSE,NIFTY,2025-06-16,09:35:00,24787.2,24791.65,24757.6,24758.5,5165
NSE,NIFTY,2025-06-16,09:40:00,24757.75,24775.05,24749.25,24759.1,5166
NSE,NIFTY,2025-06-16,09:45:00,24759.35,24775.2,24753.45,24762.1,5167
NSE,NIFTY,2025-06-16,09:50:00,24763.7,24764.3,24706.15,24716.5,5168
NSE,NIFTY,2025-06-16,09:55:00,24717.25,24743.75,24715.35,24723.35,5169
NSE,NIFTY,2025-06-16,10:00:00,24723.2,24737.9,24721.45,24735.1,5170
NSE,NIFTY,2025-06-16,10:05:00,24735.85,24739.25,24726.05,24738.75,5171
NSE,NIFTY,2025-06-16,10:10:00,24739.65,24771.95,24739.25,24768.25,5172
NSE,NIFTY,2025-06-16,10:15:00,24767.45,24770.35,24761.3,24767.1,5173
NSE,NIFTY,2025-06-16,10:20:00,24768.15,24791.8,24766.65,24790.05,5174
NSE,NIFTY,2025-06-16,10:25:00,24790.55,24798.3,24782.45,24794.15,5175
NSE,NIFTY,2025-06-16,10:30:00,24794.75,24833.55,24794.5,24832.15,5176
NSE,NIFTY,2025-06-16,10:35:00,24832.7,24863.85,24832.6,24853.85,5177
NSE,NIFTY,2025-06-16,10:40:00,24854.95,24856.85,24843.0,24853.45,5178
NSE,NIFTY,2025-06-16,10:45:00,24852.65,24881.1,24846.1,24880.55,5179
NSE,NIFTY,2025-06-16,10:50:00,24879.75,24890.7,24864.2,24864.5,5180
NSE,NIFTY,2025-06-16,10:55:00,24865.35,24874.55,24859.3,24871.1,5181
NSE,NIFTY,2025-06-16,11:00:00,24871.5,24880.05,24869.3,24878.55,5182
NSE,NIFTY,2025-06-16,11:05:00,24877.9,24906.75,24877.9,24899.65,5183
NSE,NIFTY,2025-06-16,11:10:00,24898.5,24930.5,24893.85,24926.45,5184
NSE,NIFTY,2025-06-16,11:15:00,24925.8,24927.75,24904.8,24910.9,5185
NSE,NIFTY,2025-06-16,11:20:00,24910.65,24912.3,24900.55,24905.15,5186
NSE,NIFTY,2025-06-16,11:25:00,24905.15,24905.75,24874.25,24884.45,5187
NSE,NIFTY,2025-06-16,11:30:00,24883.9,24891.2,24881.65,24887.25,5188
NSE,NIFTY,2025-06-16,11:35:00,24886.75,24904.25,24885.2,24895.15,5189
NSE,NIFTY,2025-06-16,11:40:00,24895.2,24907.35,24893.75,24896.95,5190
NSE,NIFTY,2025-06-16,11:45:00,24896.55,24912.8,24896.3,24905.15,5191
NSE,NIFTY,2025-06-16,11:50:00,24904.7,24922.4,24903.45,24917.55,5192
NSE,NIFTY,2025-06-16,11:55:00,24919.1,24925.05,24900.55,24900.8,5193
NSE,NIFTY,2025-06-16,12:00:00,24902.4,24902.4,24890.1,24896.5,5194
NSE,NIFTY,2025-06-16,12:05:00,24895.95,24901.85,24889.6,24893.05,5195
NSE,NIFTY,2025-06-16,12:10:00,24893.05,24899.0,24891.35,24895.2,5196
NSE,NIFTY,2025-06-16,12:15:00,24896.15,24918.05,24894.0,24915.05,5197
NSE,NIFTY,2025-06-16,12:20:00,24916.55,24918.55,24896.9,24898.9,5198
NSE,NIFTY,2025-06-16,12:25:00,24898.4,24903.55,24894.8,24899.95,5199
NSE,NIFTY,2025-06-16,12:30:00,24899.5,24899.5,24891.65,24894.3,5200
NSE,NIFTY,2025-06-16,12:35:00,24893.3,24942.6,24893.3,24928.75,5201
NSE,NIFTY,2025-06-16,12:40:00,24928.05,24952.7,24922.8,24943.6,5202
NSE,NIFTY,2025-06-16,12:45:00,24943.8,24949.4,24939.25,24944.95,5203
NSE,NIFTY,2025-06-16,12:50:00,24943.85,24948.15,24930.0,24934.25,5204
NSE,NIFTY,2025-06-16,12:55:00,24934.3,24936.3,24921.15,24924.95,5205
NSE,NIFTY,2025-06-16,13:00:00,24926.25,24926.6,24915.3,24924.8,5206
NSE,NIFTY,2025-06-16,13:05:00,24925.6,24932.3,24924.2,24926.6,5207
NSE,NIFTY,2025-06-16,13:10:00,24926.55,24941.05,24924.1,24938.75,5208
NSE,NIFTY,2025-06-16,13:15:00,24939.85,24941.7,24929.15,24933.65,5209
NSE,NIFTY,2025-06-16,13:20:00,24933.85,24938.75,24929.6,24933.15,5210
NSE,NIFTY,2025-06-16,13:25:00,24933.8,24942.35,24930.45,24931.65,5211
NSE,NIFTY,2025-06-16,13:30:00,24933.05,24947.95,24931.2,24938.05,5212
NSE,NIFTY,2025-06-16,13:35:00,24940.2,24946.8,24933.7,24941.7,5213
NSE,NIFTY,2025-06-16,13:40:00,24940.85,24953.75,24940.85,24950.5,5214
NSE,NIFTY,2025-06-16,13:45:00,24949.75,24966.3,24945.7,24948.15,5215
NSE,NIFTY,2025-06-16,13:50:00,24948.9,24951.65,24934.2,24934.2,5216
NSE,NIFTY,2025-06-16,13:55:00,24934.85,24938.9,24927.65,24938.9,5217
NSE,NIFTY,2025-06-16,14:00:00,24939.7,24945.8,24934.75,24945.15,5218
NSE,NIFTY,2025-06-16,14:05:00,24945.5,24953.3,24941.85,24950.8,5219
NSE,NIFTY,2025-06-16,14:10:00,24951.1,24963.9,24950.6,24958.7,5220
NSE,NIFTY,2025-06-16,14:15:00,24958.3,24965.85,24955.0,24960.25,5221
NSE,NIFTY,2025-06-16,14:20:00,24961.35,24965.75,24954.85,24955.9,5222
NSE,NIFTY,2025-06-16,14:25:00,24955.85,24956.45,24947.25,24950.25,5223
NSE,NIFTY,2025-06-16,14:30:00,24950.85,24954.75,24939.25,24943.3,5224
NSE,NIFTY,2025-06-16,14:35:00,24943.95,24946.5,24935.5,24938.1,5225
NSE,NIFTY,2025-06-16,14:40:00,24938.7,24940.35,24928.5,24932.85,5226
NSE,NIFTY,2025-06-16,14:45:00,24932.5,24941.0,24932.5,24937.1,5227
NSE,NIFTY,2025-06-16,14:50:00,24938.2,24941.35,24929.95,24936.2,5228
NSE,NIFTY,2025-06-16,14:55:00,24936.6,24937.15,24929.25,24933.1,5229
NSE,NIFTY,2025-06-16,15:00:00,24933.55,24945.4,24932.2,24935.85,5230
NSE,NIFTY,2025-06-16,15:05:00,24937.75,24949.6,24937.75,24943.5,5231
NSE,NIFTY,2025-06-16,15:10:00,24944.15,24948.3,24939.5,24944.35,5232
NSE,NIFTY,2025-06-16,15:15:00,24944.55,24952.2,24943.4,24947.9,5233
NSE,NIFTY,2025-06-16,15:20:00,24947.8,24957.95,24947.8,24951.2,5234
NSE,NIFTY,2025-06-16,15:25:00,24952.95,24954.1,24937.15,24941.3,5235
NSE,NIFTY,2025-06-16,15:30:00,24941.15,24953.95,24936.45,24939.75,5236
NSE,NIFTY,2025-06-17,09:15:00,24977.85,24977.85,24916.1,24918.55,5264
NSE,NIFTY,2025-06-17,09:20:00,24917.45,24967.15,24890.0,24894.35,5265
NSE,NIFTY,2025-06-17,09:25:00,24893.5,24907.6,24868.95,24888.1,5266
NSE,NIFTY,2025-06-17,09:30:00,24888.6,24892.1,24869.8,24872.1,5267
NSE,NIFTY,2025-06-17,09:35:00,24871.3,24912.7,24862.85,24892.15,5268
NSE,NIFTY,2025-06-17,09:40:00,24891.75,24917.15,24883.1,24893.2,5269
NSE,NIFTY,2025-06-17,09:45:00,24893.65,24893.9,24863.5,24879.95,5270
NSE,NIFTY,2025-06-17,09:50:00,24879.0,24880.05,24865.1,24869.75,5271
NSE,NIFTY,2025-06-17,09:55:00,24871.15,24883.4,24857.95,24862.8,5272
NSE,NIFTY,2025-06-17,10:00:00,24862.05,24875.4,24860.4,24869.35,5273
NSE,NIFTY,2025-06-17,10:05:00,24868.9,24877.35,24851.25,24859.7,5274
NSE,NIFTY,2025-06-17,10:10:00,24859.4,24867.35,24846.8,24849.0,5275
NSE,NIFTY,2025-06-17,10:15:00,24848.55,24856.3,24847.6,24850.85,5276
NSE,NIFTY,2025-06-17,10:20:00,24853.05,24881.3,24850.8,24880.95,5277
NSE,NIFTY,2025-06-17,10:25:00,24880.5,24881.1,24870.95,24880.75,5278
NSE,NIFTY,2025-06-17,10:30:00,24881.9,24884.3,24867.5,24869.5,5279
NSE,NIFTY,2025-06-17,10:35:00,24869.9,24891.8,24868.6,24890.3,5280
NSE,NIFTY,2025-06-17,10:40:00,24890.95,24908.4,24889.2,24895.9,5281
NSE,NIFTY,2025-06-17,10:45:00,24895.0,24904.25,24891.95,24895.25,5282
NSE,NIFTY,2025-06-17,10:50:00,24895.35,24896.9,24873.35,24877.0,5283
NSE,NIFTY,2025-06-17,10:55:00,24876.55,24881.8,24870.4,24875.2,5284
NSE,NIFTY,2025-06-17,11:00:00,24874.75,24877.4,24869.8,24875.35,5285
NSE,NIFTY,2025-06-17,11:05:00,24875.3,24876.5,24868.45,24870.5,5286
NSE,NIFTY,2025-06-17,11:10:00,24870.95,24879.25,24866.7,24870.3,5287
NSE,NIFTY,2025-06-17,11:15:00,24870.7,24882.5,24867.45,24881.35,5288
NSE,NIFTY,2025-06-17,11:20:00,24880.25,24882.65,24868.65,24870.55,5289
NSE,NIFTY,2025-06-17,11:25:00,24870.25,24889.4,24870.1,24882.25,5290
NSE,NIFTY,2025-06-17,11:30:00,24882.35,24890.7,24879.35,24888.05,5291
NSE,NIFTY,2025-06-17,11:35:00,24888.2,24893.6,24885.6,24890.35,5292
NSE,NIFTY,2025-06-17,11:40:00,24889.75,24894.6,24883.45,24891.9,5293
NSE,NIFTY,2025-06-17,11:45:00,24891.95,24899.85,24891.65,24895.15,5294
NSE,NIFTY,2025-06-17,11:50:00,24894.95,24896.3,24882.45,24882.95,5295
NSE,NIFTY,2025-06-17,11:55:00,24882.65,24886.9,24870.9,24875.05,5296
NSE,NIFTY,2025-06-17,12:00:00,24874.75,24876.75,24864.65,24866.5,5297
NSE,NIFTY,2025-06-17,12:05:00,24866.5,24867.5,24859.9,24864.6,5298
NSE,NIFTY,2025-06-17,12:10:00,24865.25,24870.0,24859.9,24869.9,5299
NSE,NIFTY,2025-06-17,12:15:00,24868.9,24872.65,24851.65,24853.45,5300
NSE,NIFTY,2025-06-17,12:20:00,24853.4,24862.4,24851.85,24858.15,5301
NSE,NIFTY,2025-06-17,12:25:00,24859.2,24862.3,24852.8,24854.15,5302
NSE,NIFTY,2025-06-17,12:30:00,24855.8,24859.2,24846.8,24853.65,5303
NSE,NIFTY,2025-06-17,12:35:00,24853.9,24862.0,24850.85,24853.8,5304
NSE,NIFTY,2025-06-17,12:40:00,24854.35,24858.95,24848.9,24852.95,5305
NSE,NIFTY,2025-06-17,12:45:00,24853.0,24864.05,24840.15,24844.9,5306
NSE,NIFTY,2025-06-17,12:50:00,24844.85,24849.95,24838.05,24838.7,5307
NSE,NIFTY,2025-06-17,12:55:00,24839.65,24840.3,24814.0,24814.9,5308
NSE,NIFTY,2025-06-17,13:00:00,24815.45,24831.65,24814.2,24822.8,5309
NSE,NIFTY,2025-06-17,13:05:00,24825.7,24830.25,24821.05,24827.4,5310
NSE,NIFTY,2025-06-17,13:10:00,24828.4,24841.35,24825.8,24838.9,5311
NSE,NIFTY,2025-06-17,13:15:00,24839.2,24841.4,24835.6,24837.9,5312
NSE,NIFTY,2025-06-17,13:20:00,24838.65,24843.75,24838.0,24840.15,5313
NSE,NIFTY,2025-06-17,13:25:00,24840.0,24840.7,24830.6,24837.9,5314
NSE,NIFTY,2025-06-17,13:30:00,24839.95,24846.15,24838.35,24839.9,5315
NSE,NIFTY,2025-06-17,13:35:00,24840.85,24852.7,24840.85,24849.2,5316
NSE,NIFTY,2025-06-17,13:40:00,24849.0,24852.5,24846.25,24850.15,5317
NSE,NIFTY,2025-06-17,13:45:00,24849.8,24852.05,24844.95,24846.05,5318
NSE,NIFTY,2025-06-17,13:50:00,24845.9,24846.95,24839.55,24844.05,5319
NSE,NIFTY,2025-06-17,13:55:00,24843.6,24856.95,24841.95,24849.4,5320
NSE,NIFTY,2025-06-17,14:00:00,24848.2,24854.8,24845.75,24848.25,5321
NSE,NIFTY,2025-06-17,14:05:00,24848.3,24855.15,24845.6,24853.3,5322
NSE,NIFTY,2025-06-17,14:10:00,24852.0,24865.65,24847.0,24863.65,5323
NSE,NIFTY,2025-06-17,14:15:00,24863.15,24866.25,24860.15,24863.6,5324
NSE,NIFTY,2025-06-17,14:20:00,24863.0,24868.2,24857.75,24867.4,5325
NSE,NIFTY,2025-06-17,14:25:00,24866.8,24868.3,24857.9,24865.95,5326
NSE,NIFTY,2025-06-17,14:30:00,24865.85,24869.25,24859.0,24862.05,5327
NSE,NIFTY,2025-06-17,14:35:00,24862.85,24867.8,24859.4,24860.7,5328
NSE,NIFTY,2025-06-17,14:40:00,24860.3,24860.9,24836.75,24842.2,5329
NSE,NIFTY,2025-06-17,14:45:00,24842.55,24854.45,24840.95,24852.55,5330
NSE,NIFTY,2025-06-17,14:50:00,24853.1,24858.8,24851.9,24856.25,5331
NSE,NIFTY,2025-06-17,14:55:00,24855.95,24861.8,24849.15,24852.0,5332
NSE,NIFTY,2025-06-17,15:00:00,24851.25,24861.75,24843.05,24861.25,5333
NSE,NIFTY,2025-06-17,15:05:00,24861.0,24867.1,24843.3,24851.65,5334
NSE,NIFTY,2025-06-17,15:10:00,24851.15,24864.8,24841.4,24855.75,5335
NSE,NIFTY,2025-06-17,15:15:00,24855.55,24867.35,24849.0,24850.75,5336
NSE,NIFTY,2025-06-17,15:20:00,24851.05,24868.45,24841.1,24850.55,5337
NSE,NIFTY,2025-06-17,15:25:00,24849.65,24861.65,24841.6,24848.95,5338
NSE,NIFTY,2025-06-17,15:30:00,24848.65,24852.1,24833.85,24838.1,5339
NSE,NIFTY,2025-06-18,09:15:00,24788.35,24800.65,24777.85,24787.2,5367
NSE,NIFTY,2025-06-18,09:20:00,24788.25,24838.9,24787.35,24834.95,5368
NSE,NIFTY,2025-06-18,09:25:00,24835.1,24881.55,24835.1,24874.3,5369
NSE,NIFTY,2025-06-18,09:30:00,24874.25,24900.05,24872.6,24897.65,5370
NSE,NIFTY,2025-06-18,09:35:00,24898.75,24924.55,24897.65,24916.95,5371
NSE,NIFTY,2025-06-18,09:40:00,24916.9,24944.35,24916.9,24937.05,5372
NSE,NIFTY,2025-06-18,09:45:00,24938.3,24946.75,24929.4,24945.5,5373
NSE,NIFTY,2025-06-18,09:50:00,24944.7,24947.4,24922.95,24932.15,5374
NSE,NIFTY,2025-06-18,09:55:00,24931.8,24933.55,24911.8,24912.05,5375
NSE,NIFTY,2025-06-18,10:00:00,24911.85,24917.4,24902.25,24910.1,5376
NSE,NIFTY,2025-06-18,10:05:00,24909.4,24917.1,24901.65,24912.2,5377
NSE,NIFTY,2025-06-18,10:10:00,24912.6,24923.65,24908.7,24912.65,5378
NSE,NIFTY,2025-06-18,10:15:00,24911.75,24924.6,24901.65,24924.4,5379
NSE,NIFTY,2025-06-18,10:20:00,24923.2,24928.85,24908.0,24912.2,5380
NSE,NIFTY,2025-06-18,10:25:00,24912.15,24912.15,24876.2,24878.3,5381
NSE,NIFTY,2025-06-18,10:30:00,24877.8,24888.25,24874.2,24883.7,5382
NSE,NIFTY,2025-06-18,10:35:00,24884.3,24884.65,24847.15,24847.9,5383
NSE,NIFTY,2025-06-18,10:40:00,24847.85,24879.8,24842.45,24878.0,5384
NSE,NIFTY,2025-06-18,10:45:00,24877.45,24877.6,24867.3,24870.7,5385
NSE,NIFTY,2025-06-18,10:50:00,24870.05,24872.15,24848.55,24851.45,5386
NSE,NIFTY,2025-06-18,10:55:00,24853.45,24856.45,24829.9,24831.95,5387
NSE,NIFTY,2025-06-18,11:00:00,24832.8,24847.7,24827.15,24841.6,5388
NSE,NIFTY,2025-06-18,11:05:00,24841.0,24844.9,24836.1,24837.0,5389
NSE,NIFTY,2025-06-18,11:10:00,24836.45,24840.85,24826.0,24839.85,5390
NSE,NIFTY,2025-06-18,11:15:00,24839.25,24839.85,24829.2,24835.35,5391
NSE,NIFTY,2025-06-18,11:20:00,24835.2,24837.05,24818.15,24824.35,5392
NSE,NIFTY,2025-06-18,11:25:00,24824.95,24825.0,24809.5,24810.0,5393
NSE,NIFTY,2025-06-18,11:30:00,24810.95,24812.9,24799.5,24800.15,5394
NSE,NIFTY,2025-06-18,11:35:00,24799.4,24802.55,24767.2,24769.45,5395
NSE,NIFTY,2025-06-18,11:40:00,24770.45,24800.75,24768.35,24794.15,5396
NSE,NIFTY,2025-06-18,11:45:00,24794.2,24807.35,24794.2,24805.55,5397
NSE,NIFTY,2025-06-18,11:50:00,24805.35,24806.85,24794.7,24794.8,5398
NSE,NIFTY,2025-06-18,11:55:00,24793.95,24795.95,24787.75,24787.75,5399
NSE,NIFTY,2025-06-18,12:00:00,24787.55,24789.15,24776.8,24781.65,5400
NSE,NIFTY,2025-06-18,12:05:00,24781.65,24800.3,24781.05,24798.65,5401
NSE,NIFTY,2025-06-18,12:10:00,24798.65,24821.75,24797.85,24817.75,5402
NSE,NIFTY,2025-06-18,12:15:00,24817.3,24819.5,24811.15,24815.15,5403
NSE,NIFTY,2025-06-18,12:20:00,24815.55,24816.1,24807.45,24808.1,5404
NSE,NIFTY,2025-06-18,12:25:00,24806.35,24808.5,24789.25,24794.65,5405
NSE,NIFTY,2025-06-18,12:30:00,24794.7,24797.15,24780.9,24789.85,5406
NSE,NIFTY,2025-06-18,12:35:00,24790.3,24797.2,24783.2,24788.5,5407
NSE,NIFTY,2025-06-18,12:40:00,24788.4,24794.5,24786.5,24790.15,5408
NSE,NIFTY,2025-06-18,12:45:00,24790.4,24791.2,24778.35,24778.6,5409
NSE,NIFTY,2025-06-18,12:50:00,24779.6,24787.35,24760.65,24770.9,5410
NSE,NIFTY,2025-06-18,12:55:00,24769.2,24780.25,24766.05,24775.7,5411
NSE,NIFTY,2025-06-18,13:00:00,24775.55,24783.95,24769.2,24772.6,5412
NSE,NIFTY,2025-06-18,13:05:00,24771.85,24794.3,24771.85,24790.45,5413
NSE,NIFTY,2025-06-18,13:10:00,24790.05,24795.65,24788.35,24795.1,5414
NSE,NIFTY,2025-06-18,13:15:00,24794.7,24803.3,24793.7,24799.4,5415
NSE,NIFTY,2025-06-18,13:20:00,24799.45,24801.3,24789.7,24791.65,5416
NSE,NIFTY,2025-06-18,13:25:00,24792.8,24803.8,24790.8,24796.5,5417
NSE,NIFTY,2025-06-18,13:30:00,24796.25,24802.7,24793.95,24801.45,5418
NSE,NIFTY,2025-06-18,13:35:00,24799.9,24808.05,24796.55,24804.4,5419
NSE,NIFTY,2025-06-18,13:40:00,24805.25,24814.95,24800.55,24800.9,5420
NSE,NIFTY,2025-06-18,13:45:00,24801.9,24809.9,24790.15,24791.65,5421
NSE,NIFTY,2025-06-18,13:50:00,24792.65,24794.45,24776.2,24776.4,5422
NSE,NIFTY,2025-06-18,13:55:00,24776.2,24779.65,24765.6,24773.3,5423
NSE,NIFTY,2025-06-18,14:00:00,24773.5,24782.4,24766.55,24776.45,5424
NSE,NIFTY,2025-06-18,14:05:00,24776.4,24782.1,24769.7,24777.55,5425
NSE,NIFTY,2025-06-18,14:10:00,24778.5,24782.05,24773.2,24778.1,5426
NSE,NIFTY,2025-06-18,14:15:00,24778.45,24782.75,24774.05,24775.35,5427
NSE,NIFTY,2025-06-18,14:20:00,24775.75,24777.05,24765.85,24768.45,5428
NSE,NIFTY,2025-06-18,14:25:00,24767.8,24770.25,24752.25,24762.35,5429
NSE,NIFTY,2025-06-18,14:30:00,24763.25,24777.55,24750.9,24772.0,5430
NSE,NIFTY,2025-06-18,14:35:00,24773.05,24795.35,24768.15,24792.6,5431
NSE,NIFTY,2025-06-18,14:40:00,24794.35,24797.35,24783.25,24783.65,5432
NSE,NIFTY,2025-06-18,14:45:00,24784.1,24792.6,24781.35,24787.95,5433
NSE,NIFTY,2025-06-18,14:50:00,24787.0,24811.25,24783.9,24809.2,5434
NSE,NIFTY,2025-06-18,14:55:00,24809.1,24812.95,24797.7,24807.2,5435
NSE,NIFTY,2025-06-18,15:00:00,24807.4,24826.8,24805.25,24823.3,5436
NSE,NIFTY,2025-06-18,15:05:00,24823.35,24829.65,24808.1,24809.85,5437
NSE,NIFTY,2025-06-18,15:10:00,24810.2,24819.1,24805.2,24816.1,5438
NSE,NIFTY,2025-06-18,15:15:00,24815.6,24816.9,24810.8,24813.4,5439
NSE,NIFTY,2025-06-18,15:20:00,24813.25,24814.7,24806.45,24811.65,5440
NSE,NIFTY,2025-06-18,15:25:00,24813.25,24823.3,24803.2,24805.2,5441
NSE,NIFTY,2025-06-18,15:30:00,24804.0,24809.15,24794.95,24798.0,5442
NSE,NIFTY,2025-06-19,09:15:00,24803.25,24803.35,24768.4,24770.15,5470
NSE,NIFTY,2025-06-19,09:20:00,24769.7,24813.95,24738.55,24747.9,5471
NSE,NIFTY,2025-06-19,09:25:00,24747.35,24824.85,24745.2,24820.6,5472
NSE,NIFTY,2025-06-19,09:30:00,24820.6,24823.75,24804.9,24814.2,5473
NSE,NIFTY,2025-06-19,09:35:00,24811.85,24834.7,24800.4,24828.25,5474
NSE,NIFTY,2025-06-19,09:40:00,24827.2,24838.1,24823.3,24827.05,5475
NSE,NIFTY,2025-06-19,09:45:00,24827.0,24844.85,24826.45,24841.15,5476
NSE,NIFTY,2025-06-19,09:50:00,24841.35,24862.4,24828.1,24837.45,5477
NSE,NIFTY,2025-06-19,09:55:00,24838.2,24838.2,24817.9,24828.4,5478
NSE,NIFTY,2025-06-19,10:00:00,24828.65,24847.9,24812.95,24837.7,5479
NSE,NIFTY,2025-06-19,10:05:00,24837.85,24839.7,24816.6,24823.05,5480
NSE,NIFTY,2025-06-19,10:10:00,24823.4,24830.4,24815.0,24829.8,5481
NSE,NIFTY,2025-06-19,10:15:00,24829.45,24838.9,24827.25,24832.05,5482
NSE,NIFTY,2025-06-19,10:20:00,24830.65,24839.5,24825.7,24831.25,5483
NSE,NIFTY,2025-06-19,10:25:00,24830.85,24836.9,24827.8,24833.35,5484
NSE,NIFTY,2025-06-19,10:30:00,24832.4,24838.35,24829.5,24835.6,5485
NSE,NIFTY,2025-06-19,10:35:00,24835.35,24835.4,24798.35,24801.95,5486
NSE,NIFTY,2025-06-19,10:40:00,24801.2,24817.65,24796.45,24812.55,5487
NSE,NIFTY,2025-06-19,10:45:00,24812.35,24818.1,24806.25,24813.0,5488
NSE,NIFTY,2025-06-19,10:50:00,24812.2,24824.65,24811.05,24816.8,5489
NSE,NIFTY,2025-06-19,10:55:00,24816.7,24821.45,24812.0,24817.8,5490
NSE,NIFTY,2025-06-19,11:00:00,24817.65,24824.25,24808.8,24812.85,5491
NSE,NIFTY,2025-06-19,11:05:00,24813.8,24816.1,24808.3,24809.25,5492
NSE,NIFTY,2025-06-19,11:10:00,24807.6,24811.85,24802.45,24806.1,5493
NSE,NIFTY,2025-06-19,11:15:00,24806.6,24816.6,24804.05,24813.25,5494
NSE,NIFTY,2025-06-19,11:20:00,24813.3,24815.65,24809.15,24809.15,5495
NSE,NIFTY,2025-06-19,11:25:00,24808.7,24813.0,24803.35,24805.8,5496
NSE,NIFTY,2025-06-19,11:30:00,24805.4,24808.7,24791.25,24803.2,5497
NSE,NIFTY,2025-06-19,11:35:00,24803.8,24816.45,24801.75,24811.45,5498
NSE,NIFTY,2025-06-19,11:40:00,24811.35,24811.8,24795.05,24805.65,5499
NSE,NIFTY,2025-06-19,11:45:00,24808.45,24815.15,24797.6,24801.35,5500
NSE,NIFTY,2025-06-19,11:50:00,24801.95,24806.2,24799.35,24805.45,5501
NSE,NIFTY,2025-06-19,11:55:00,24804.35,24807.6,24799.8,24805.2,5502
NSE,NIFTY,2025-06-19,12:00:00,24805.6,24808.2,24802.2,24803.55,5503
NSE,NIFTY,2025-06-19,12:05:00,24803.55,24810.15,24797.75,24807.05,5504
NSE,NIFTY,2025-06-19,12:10:00,24807.9,24822.2,24805.95,24815.8,5505
NSE,NIFTY,2025-06-19,12:15:00,24815.95,24817.35,24808.3,24812.3,5506
NSE,NIFTY,2025-06-19,12:20:00,24813.3,24813.75,24804.3,24804.5,5507
NSE,NIFTY,2025-06-19,12:25:00,24804.95,24813.1,24802.4,24810.25,5508
NSE,NIFTY,2025-06-19,12:30:00,24810.05,24810.55,24801.55,24805.3,5509
NSE,NIFTY,2025-06-19,12:35:00,24805.7,24807.6,24801.65,24802.1,5510
NSE,NIFTY,2025-06-19,12:40:00,24801.9,24806.05,24788.15,24790.85,5511
NSE,NIFTY,2025-06-19,12:45:00,24790.95,24795.2,24786.8,24787.85,5512
NSE,NIFTY,2025-06-19,12:50:00,24790.6,24790.85,24772.2,24781.6,5513
NSE,NIFTY,2025-06-19,12:55:00,24782.2,24791.6,24775.3,24790.15,5514
NSE,NIFTY,2025-06-19,13:00:00,24789.55,24792.6,24785.25,24788.75,5515
NSE,NIFTY,2025-06-19,13:05:00,24788.95,24793.2,24781.95,24791.65,5516
NSE,NIFTY,2025-06-19,13:10:00,24792.05,24807.7,24790.35,24800.2,5517
NSE,NIFTY,2025-06-19,13:15:00,24800.35,24802.4,24789.05,24792.0,5518
NSE,NIFTY,2025-06-19,13:20:00,24791.55,24793.15,24783.1,24786.35,5519
NSE,NIFTY,2025-06-19,13:25:00,24788.0,24791.85,24784.45,24790.15,5520
NSE,NIFTY,2025-06-19,13:30:00,24790.9,24793.9,24780.8,24780.8,5521
NSE,NIFTY,2025-06-19,13:35:00,24782.05,24797.0,24780.55,24789.45,5522
NSE,NIFTY,2025-06-19,13:40:00,24791.05,24801.85,24781.35,24800.1,5523
NSE,NIFTY,2025-06-19,13:45:00,24799.9,24801.8,24785.65,24789.4,5524
NSE,NIFTY,2025-06-19,13:50:00,24789.35,24794.85,24786.7,24789.55,5525
NSE,NIFTY,2025-06-19,13:55:00,24790.35,24801.65,24789.9,24798.35,5526
NSE,NIFTY,2025-06-19,14:00:00,24799.0,24825.2,24792.35,24821.25,5527
NSE,NIFTY,2025-06-19,14:05:00,24820.4,24836.9,24811.55,24834.4,5528
NSE,NIFTY,2025-06-19,14:10:00,24833.1,24842.0,24825.6,24835.8,5529
NSE,NIFTY,2025-06-19,14:15:00,24835.35,24835.95,24824.35,24834.65,5530
NSE,NIFTY,2025-06-19,14:20:00,24832.65,24841.65,24829.9,24835.35,5531
NSE,NIFTY,2025-06-19,14:25:00,24835.8,24849.85,24829.6,24830.15,5532
NSE,NIFTY,2025-06-19,14:30:00,24830.55,24831.55,24812.55,24815.45,5533
NSE,NIFTY,2025-06-19,14:35:00,24815.5,24829.7,24813.35,24823.45,5534
NSE,NIFTY,2025-06-19,14:40:00,24824.0,24825.95,24816.4,24819.7,5535
NSE,NIFTY,2025-06-19,14:45:00,24819.7,24820.75,24787.75,24806.8,5536
NSE,NIFTY,2025-06-19,14:50:00,24806.9,24809.5,24801.6,24806.4,5537
NSE,NIFTY,2025-06-19,14:55:00,24807.15,24817.9,24803.8,24808.2,5538
NSE,NIFTY,2025-06-19,15:00:00,24807.8,24815.35,24798.1,24798.1,5539
NSE,NIFTY,2025-06-19,15:05:00,24799.3,24811.15,24791.1,24806.1,5540
NSE,NIFTY,2025-06-19,15:10:00,24805.75,24810.1,24791.6,24794.65,5541
NSE,NIFTY,2025-06-19,15:15:00,24793.9,24806.6,24789.75,24796.95,5542
NSE,NIFTY,2025-06-19,15:20:00,24795.2,24805.15,24785.95,24789.3,5543
NSE,NIFTY,2025-06-19,15:25:00,24791.2,24798.55,24774.8,24775.95,5544
NSE,NIFTY,2025-06-19,15:30:00,24775.75,24777.15,24734.0,24743.45,5545
NSE,NIFTY,2025-06-20,09:15:00,24787.65,24854.25,24787.45,24850.7,5573
NSE,NIFTY,2025-06-20,09:20:00,24849.75,24880.65,24845.2,24862.65,5574
NSE,NIFTY,2025-06-20,09:25:00,24862.0,24864.1,24823.85,24843.35,5575
NSE,NIFTY,2025-06-20,09:30:00,24844.55,24851.45,24814.85,24841.5,5576
NSE,NIFTY,2025-06-20,09:35:00,24842.55,24847.1,24818.2,24831.05,5577
NSE,NIFTY,2025-06-20,09:40:00,24831.5,24847.45,24831.3,24835.0,5578
NSE,NIFTY,2025-06-20,09:45:00,24835.1,24885.05,24835.1,24883.1,5579
NSE,NIFTY,2025-06-20,09:50:00,24884.4,24900.1,24882.95,24893.45,5580
NSE,NIFTY,2025-06-20,09:55:00,24892.8,24893.7,24863.8,24873.65,5581
NSE,NIFTY,2025-06-20,10:00:00,24874.2,24877.5,24853.0,24869.8,5582
NSE,NIFTY,2025-06-20,10:05:00,24870.15,24887.6,24861.0,24886.65,5583
NSE,NIFTY,2025-06-20,10:10:00,24887.95,24894.95,24877.45,24882.65,5584
NSE,NIFTY,2025-06-20,10:15:00,24882.8,24930.6,24882.1,24930.6,5585
NSE,NIFTY,2025-06-20,10:20:00,24932.2,24970.6,24930.7,24969.85,5586
NSE,NIFTY,2025-06-20,10:25:00,24971.15,24981.6,24965.7,24980.75,5587
NSE,NIFTY,2025-06-20,10:30:00,24981.3,25017.65,24980.65,25008.75,5588
NSE,NIFTY,2025-06-20,10:35:00,25008.15,25039.55,25006.9,25028.4,5589
NSE,NIFTY,2025-06-20,10:40:00,25028.3,25030.55,25003.45,25003.9,5590
NSE,NIFTY,2025-06-20,10:45:00,25004.85,25018.8,24996.5,25000.75,5591
NSE,NIFTY,2025-06-20,10:50:00,25000.25,25009.85,24996.1,25009.05,5592
NSE,NIFTY,2025-06-20,10:55:00,25008.6,25024.65,25006.3,25014.15,5593
NSE,NIFTY,2025-06-20,11:00:00,25013.7,25016.4,24991.4,24997.9,5594
NSE,NIFTY,2025-06-20,11:05:00,24998.15,25015.6,24996.6,25010.35,5595
NSE,NIFTY,2025-06-20,11:10:00,25010.65,25015.85,25008.4,25012.9,5596
NSE,NIFTY,2025-06-20,11:15:00,25012.7,25017.8,25002.8,25013.9,5597
NSE,NIFTY,2025-06-20,11:20:00,25014.05,25019.8,25005.65,25010.0,5598
NSE,NIFTY,2025-06-20,11:25:00,25010.9,25018.7,25005.05,25011.3,5599
NSE,NIFTY,2025-06-20,11:30:00,25011.05,25012.4,25002.9,25005.65,5600
NSE,NIFTY,2025-06-20,11:35:00,25006.45,25018.6,25006.0,25015.55,5601
NSE,NIFTY,2025-06-20,11:40:00,25016.8,25042.6,25011.65,25040.75,5602
NSE,NIFTY,2025-06-20,11:45:00,25041.75,25044.65,25016.65,25021.1,5603
NSE,NIFTY,2025-06-20,11:50:00,25020.6,25036.8,25017.9,25035.25,5604
NSE,NIFTY,2025-06-20,11:55:00,25035.4,25044.25,25031.35,25035.9,5605
NSE,NIFTY,2025-06-20,12:00:00,25037.0,25039.7,25027.4,25028.65,5606
NSE,NIFTY,2025-06-20,12:05:00,25029.05,25033.3,25022.35,25031.35,5607
NSE,NIFTY,2025-06-20,12:10:00,25031.45,25036.05,25026.45,25029.75,5608
NSE,NIFTY,2025-06-20,12:15:00,25029.75,25043.2,25028.3,25038.65,5609
NSE,NIFTY,2025-06-20,12:20:00,25039.4,25042.5,25018.45,25019.0,5610
NSE,NIFTY,2025-06-20,12:25:00,25019.35,25020.7,24992.6,24992.6,5611
NSE,NIFTY,2025-06-20,12:30:00,24993.15,24998.6,24979.85,24985.9,5612
NSE,NIFTY,2025-06-20,12:35:00,24985.7,24987.2,24964.05,24967.05,5613
NSE,NIFTY,2025-06-20,12:40:00,24967.05,24987.0,24966.0,24981.95,5614
NSE,NIFTY,2025-06-20,12:45:00,24981.25,25002.4,24981.0,24999.45,5615
NSE,NIFTY,2025-06-20,12:50:00,24998.65,25023.6,24997.85,25021.8,5616
NSE,NIFTY,2025-06-20,12:55:00,25022.35,25032.9,25020.1,25025.0,5617
NSE,NIFTY,2025-06-20,13:00:00,25024.75,25033.2,25018.65,25019.55,5618
NSE,NIFTY,2025-06-20,13:05:00,25021.1,25029.4,25018.1,25021.5,5619
NSE,NIFTY,2025-06-20,13:10:00,25022.85,25046.2,25017.65,25043.0,5620
NSE,NIFTY,2025-06-20,13:15:00,25043.0,25047.45,25035.25,25040.75,5621
NSE,NIFTY,2025-06-20,13:20:00,25040.5,25077.55,25039.7,25066.8,5622
NSE,NIFTY,2025-06-20,13:25:00,25067.1,25071.8,25053.9,25059.55,5623
NSE,NIFTY,2025-06-20,13:30:00,25059.0,25070.1,25057.0,25067.8,5624
NSE,NIFTY,2025-06-20,13:35:00,25068.1,25073.65,25058.8,25063.35,5625
NSE,NIFTY,2025-06-20,13:40:00,25064.15,25065.9,25048.25,25050.2,5626
NSE,NIFTY,2025-06-20,13:45:00,25050.05,25053.45,25034.55,25049.9,5627
NSE,NIFTY,2025-06-20,13:50:00,25048.8,25053.6,25042.8,25051.75,5628
NSE,NIFTY,2025-06-20,13:55:00,25050.95,25060.8,25045.6,25060.55,5629
NSE,NIFTY,2025-06-20,14:00:00,25059.85,25060.95,25035.7,25042.0,5630
NSE,NIFTY,2025-06-20,14:05:00,25042.35,25048.05,25037.6,25042.3,5631
NSE,NIFTY,2025-06-20,14:10:00,25042.25,25054.1,25041.45,25047.35,5632
NSE,NIFTY,2025-06-20,14:15:00,25047.2,25053.25,25038.55,25052.2,5633
NSE,NIFTY,2025-06-20,14:20:00,25052.35,25061.2,25047.1,25048.6,5634
NSE,NIFTY,2025-06-20,14:25:00,25048.8,25059.15,25038.55,25057.25,5635
NSE,NIFTY,2025-06-20,14:30:00,25057.05,25057.25,25035.15,25038.75,5636
NSE,NIFTY,2025-06-20,14:35:00,25039.2,25044.65,25031.4,25036.15,5637
NSE,NIFTY,2025-06-20,14:40:00,25037.6,25050.35,25036.0,25048.15,5638
NSE,NIFTY,2025-06-20,14:45:00,25048.65,25051.55,25043.55,25043.8,5639
NSE,NIFTY,2025-06-20,14:50:00,25043.5,25052.9,25036.55,25046.0,5640
NSE,NIFTY,2025-06-20,14:55:00,25046.7,25046.95,25034.7,25036.1,5641
NSE,NIFTY,2025-06-20,15:00:00,25035.5,25052.0,25031.75,25050.9,5642
NSE,NIFTY,2025-06-20,15:05:00,25050.4,25105.6,25049.2,25104.3,5643
NSE,NIFTY,2025-06-20,15:10:00,25101.95,25127.5,25101.15,25125.0,5644
NSE,NIFTY,2025-06-20,15:15:00,25126.25,25132.1,25111.9,25115.3,5645
NSE,NIFTY,2025-06-20,15:20:00,25113.5,25129.2,25109.45,25128.6,5646
NSE,NIFTY,2025-06-20,15:25:00,25129.15,25134.55,25115.05,25117.25,5647
NSE,NIFTY,2025-06-20,15:30:00,25117.1,25134.45,25072.8,25079.55,5648
NSE,NIFTY,2025-06-23,09:15:00,24939.75,24985.55,24932.35,24977.25,5676
NSE,NIFTY,2025-06-23,09:20:00,24981.8,24982.7,24912.2,24917.65,5677
NSE,NIFTY,2025-06-23,09:25:00,24917.35,24944.3,24917.35,24921.65,5678
NSE,NIFTY,2025-06-23,09:30:00,24921.25,24925.7,24891.2,24916.6,5679
NSE,NIFTY,2025-06-23,09:35:00,24915.0,24915.45,24859.6,24874.15,5680
NSE,NIFTY,2025-06-23,09:40:00,24873.4,24897.95,24870.55,24897.75,5681
NSE,NIFTY,2025-06-23,09:45:00,24897.7,24900.85,24853.85,24855.45,5682
NSE,NIFTY,2025-06-23,09:50:00,24855.7,24861.3,24835.2,24859.95,5683
NSE,NIFTY,2025-06-23,09:55:00,24859.95,24878.35,24857.75,24858.2,5684
NSE,NIFTY,2025-06-23,10:00:00,24857.8,24863.4,24843.05,24854.55,5685
NSE,NIFTY,2025-06-23,10:05:00,24854.2,24856.25,24824.9,24839.65,5686
NSE,NIFTY,2025-06-23,10:10:00,24840.65,24854.25,24839.3,24852.5,5687
NSE,NIFTY,2025-06-23,10:15:00,24852.6,24864.0,24847.5,24860.25,5688
NSE,NIFTY,2025-06-23,10:20:00,24861.35,24869.65,24856.75,24869.45,5689
NSE,NIFTY,2025-06-23,10:25:00,24869.6,24890.6,24868.5,24890.45,5690
NSE,NIFTY,2025-06-23,10:30:00,24890.75,24895.85,24877.6,24894.45,5691
NSE,NIFTY,2025-06-23,10:35:00,24894.3,24905.9,24891.7,24904.4,5692
NSE,NIFTY,2025-06-23,10:40:00,24904.7,24906.4,24885.55,24902.95,5693
NSE,NIFTY,2025-06-23,10:45:00,24903.4,24925.1,24898.2,24924.4,5694
NSE,NIFTY,2025-06-23,10:50:00,24923.8,24939.05,24922.55,24936.4,5695
NSE,NIFTY,2025-06-23,10:55:00,24936.35,24936.7,24911.15,24916.7,5696
NSE,NIFTY,2025-06-23,11:00:00,24916.4,24921.4,24908.4,24916.4,5697
NSE,NIFTY,2025-06-23,11:05:00,24916.85,24920.2,24909.4,24913.7,5698
NSE,NIFTY,2025-06-23,11:10:00,24914.35,24924.35,24902.6,24917.85,5699
NSE,NIFTY,2025-06-23,11:15:00,24917.9,24933.4,24914.7,24930.85,5700
NSE,NIFTY,2025-06-23,11:20:00,24931.2,24933.25,24921.4,24925.1,5701
NSE,NIFTY,2025-06-23,11:25:00,24924.5,24945.1,24920.35,24941.75,5702
NSE,NIFTY,2025-06-23,11:30:00,24941.8,24949.65,24936.95,24947.95,5703
NSE,NIFTY,2025-06-23,11:35:00,24948.5,24956.2,24944.95,24948.85,5704
NSE,NIFTY,2025-06-23,11:40:00,24949.5,24961.35,24946.85,24956.75,5705
NSE,NIFTY,2025-06-23,11:45:00,24956.7,24968.8,24953.15,24956.5,5706
NSE,NIFTY,2025-06-23,11:50:00,24956.1,24959.7,24946.1,24954.05,5707
NSE,NIFTY,2025-06-23,11:55:00,24954.4,24955.95,24928.8,24934.65,5708
NSE,NIFTY,2025-06-23,12:00:00,24935.05,24938.95,24929.7,24934.85,5709
NSE,NIFTY,2025-06-23,12:05:00,24936.45,24941.95,24932.3,24937.7,5710
NSE,NIFTY,2025-06-23,12:10:00,24938.3,24949.15,24936.65,24948.35,5711
NSE,NIFTY,2025-06-23,12:15:00,24948.25,24952.3,24939.8,24945.75,5712
NSE,NIFTY,2025-06-23,12:20:00,24945.8,24952.5,24945.0,24947.3,5713
NSE,NIFTY,2025-06-23,12:25:00,24947.2,24955.9,24943.2,24944.65,5714
NSE,NIFTY,2025-06-23,12:30:00,24945.4,24949.1,24939.6,24948.65,5715
NSE,NIFTY,2025-06-23,12:35:00,24947.1,24953.65,24940.8,24943.15,5716
NSE,NIFTY,2025-06-23,12:40:00,24942.25,24948.45,24938.3,24947.85,5717
NSE,NIFTY,2025-06-23,12:45:00,24948.05,24964.15,24946.3,24961.75,5718
NSE,NIFTY,2025-06-23,12:50:00,24961.5,24963.1,24942.1,24945.3,5719
NSE,NIFTY,2025-06-23,12:55:00,24945.05,24952.5,24944.7,24949.05,5720
NSE,NIFTY,2025-06-23,13:00:00,24949.3,24951.5,24944.9,24950.9,5721
NSE,NIFTY,2025-06-23,13:05:00,24948.7,24954.15,24947.75,24948.75,5722
NSE,NIFTY,2025-06-23,13:10:00,24948.25,24952.85,24945.4,24950.8,5723
NSE,NIFTY,2025-06-23,13:15:00,24951.75,24964.95,24949.75,24963.85,5724
NSE,NIFTY,2025-06-23,13:20:00,24964.75,24995.4,24964.15,24993.9,5725
NSE,NIFTY,2025-06-23,13:25:00,24995.0,25032.0,24992.35,25028.15,5726
NSE,NIFTY,2025-06-23,13:30:00,25028.25,25039.55,25019.9,25036.65,5727
NSE,NIFTY,2025-06-23,13:35:00,25037.45,25045.6,25024.65,25032.35,5728
NSE,NIFTY,2025-06-23,13:40:00,25031.25,25035.3,25018.2,25029.75,5729
NSE,NIFTY,2025-06-23,13:45:00,25030.2,25033.9,25015.95,25019.55,5730
NSE,NIFTY,2025-06-23,13:50:00,25020.35,25024.0,25013.35,25022.9,5731
NSE,NIFTY,2025-06-23,13:55:00,25022.9,25028.05,25013.95,25021.95,5732
NSE,NIFTY,2025-06-23,14:00:00,25020.95,25023.6,25013.6,25019.4,5733
NSE,NIFTY,2025-06-23,14:05:00,25020.35,25056.55,25018.75,25052.75,5734
NSE,NIFTY,2025-06-23,14:10:00,25051.25,25051.25,25028.45,25032.65,5735
NSE,NIFTY,2025-06-23,14:15:00,25031.05,25033.25,25010.5,25016.55,5736
NSE,NIFTY,2025-06-23,14:20:00,25015.65,25018.6,24999.95,25001.15,5737
NSE,NIFTY,2025-06-23,14:25:00,25000.5,25003.4,24986.7,24991.05,5738
NSE,NIFTY,2025-06-23,14:30:00,24990.4,25002.0,24984.3,24990.5,5739
NSE,NIFTY,2025-06-23,14:35:00,24989.65,24996.9,24982.0,24987.2,5740
NSE,NIFTY,2025-06-23,14:40:00,24988.05,24996.95,24978.7,24980.75,5741
NSE,NIFTY,2025-06-23,14:45:00,24981.9,24991.2,24978.0,24986.25,5742
NSE,NIFTY,2025-06-23,14:50:00,24985.0,24989.95,24972.5,24985.15,5743
NSE,NIFTY,2025-06-23,14:55:00,24985.15,24987.85,24975.5,24985.05,5744
NSE,NIFTY,2025-06-23,15:00:00,24985.3,24990.5,24981.0,24983.95,5745
NSE,NIFTY,2025-06-23,15:05:00,24985.2,24994.8,24984.55,24988.25,5746
NSE,NIFTY,2025-06-23,15:10:00,24988.7,24989.4,24976.85,24985.25,5747
NSE,NIFTY,2025-06-23,15:15:00,24985.7,24987.45,24978.05,24978.25,5748
NSE,NIFTY,2025-06-23,15:20:00,24978.8,24986.0,24970.2,24970.8,5749
NSE,NIFTY,2025-06-23,15:25:00,24973.7,24973.8,24964.0,24968.95,5750
NSE,NIFTY,2025-06-23,15:30:00,24968.4,24969.05,24951.7,24959.4,5751
NSE,NIFTY,2025-06-24,09:15:00,25179.9,25196.9,25158.5,25193.4,5779
NSE,NIFTY,2025-06-24,09:20:00,25193.8,25248.95,25193.8,25244.1,5780
NSE,NIFTY,2025-06-24,09:25:00,25243.9,25248.1,25222.95,25224.45,5781
NSE,NIFTY,2025-06-24,09:30:00,25225.35,25226.45,25194.3,25208.2,5782
NSE,NIFTY,2025-06-24,09:35:00,25207.55,25210.7,25193.05,25201.2,5783
NSE,NIFTY,2025-06-24,09:40:00,25200.1,25200.95,25140.85,25162.7,5784
NSE,NIFTY,2025-06-24,09:45:00,25163.0,25191.9,25147.9,25171.15,5785
NSE,NIFTY,2025-06-24,09:50:00,25171.95,25174.3,25119.05,25147.25,5786
NSE,NIFTY,2025-06-24,09:55:00,25147.0,25172.95,25138.45,25169.2,5787
NSE,NIFTY,2025-06-24,10:00:00,25170.7,25209.85,25166.15,25191.3,5788
NSE,NIFTY,2025-06-24,10:05:00,25191.9,25219.4,25191.75,25213.9,5789
NSE,NIFTY,2025-06-24,10:10:00,25215.3,25216.7,25189.75,25203.95,5790
NSE,NIFTY,2025-06-24,10:15:00,25203.3,25247.3,25203.0,25237.6,5791
NSE,NIFTY,2025-06-24,10:20:00,25237.45,25257.8,25229.7,25230.35,5792
NSE,NIFTY,2025-06-24,10:25:00,25230.5,25236.05,25206.65,25220.1,5793
NSE,NIFTY,2025-06-24,10:30:00,25220.2,25238.5,25215.15,25233.65,5794
NSE,NIFTY,2025-06-24,10:35:00,25234.0,25247.5,25212.35,25219.9,5795
NSE,NIFTY,2025-06-24,10:40:00,25223.5,25225.4,25213.35,25214.9,5796
NSE,NIFTY,2025-06-24,10:45:00,25215.35,25228.2,25191.25,25211.15,5797
NSE,NIFTY,2025-06-24,10:50:00,25210.2,25217.0,25191.75,25193.6,5798
NSE,NIFTY,2025-06-24,10:55:00,25192.15,25213.55,25167.1,25203.65,5799
NSE,NIFTY,2025-06-24,11:00:00,25203.05,25230.5,25202.45,25228.75,5800
NSE,NIFTY,2025-06-24,11:05:00,25230.8,25248.7,25220.55,25244.2,5801
NSE,NIFTY,2025-06-24,11:10:00,25245.8,25276.0,25244.45,25261.5,5802
NSE,NIFTY,2025-06-24,11:15:00,25261.85,25281.15,25251.45,25278.55,5803
NSE,NIFTY,2025-06-24,11:20:00,25277.1,25277.85,25247.9,25253.95,5804
NSE,NIFTY,2025-06-24,11:25:00,25253.25,25267.4,25250.25,25259.5,5805
NSE,NIFTY,2025-06-24,11:30:00,25258.7,25287.15,25258.55,25281.95,5806
NSE,NIFTY,2025-06-24,11:35:00,25281.55,25284.9,25267.9,25275.7,5807
NSE,NIFTY,2025-06-24,11:40:00,25274.9,25288.15,25266.65,25275.2,5808
NSE,NIFTY,2025-06-24,11:45:00,25274.5,25285.25,25267.35,25279.9,5809
NSE,NIFTY,2025-06-24,11:50:00,25279.6,25279.65,25266.7,25273.55,5810
NSE,NIFTY,2025-06-24,11:55:00,25273.0,25282.15,25269.7,25282.15,5811
NSE,NIFTY,2025-06-24,12:00:00,25281.5,25293.9,25279.4,25289.9,5812
NSE,NIFTY,2025-06-24,12:05:00,25289.3,25300.45,25285.85,25300.4,5813
NSE,NIFTY,2025-06-24,12:10:00,25299.3,25311.15,25295.7,25306.65,5814
NSE,NIFTY,2025-06-24,12:15:00,25306.25,25316.5,25297.8,25308.45,5815
NSE,NIFTY,2025-06-24,12:20:00,25307.75,25309.7,25282.7,25284.85,5816
NSE,NIFTY,2025-06-24,12:25:00,25284.55,25295.8,25283.85,25293.45,5817
NSE,NIFTY,2025-06-24,12:30:00,25293.3,25293.3,25267.7,25288.65,5818
NSE,NIFTY,2025-06-24,12:35:00,25288.45,25291.25,25275.65,25284.55,5819
NSE,NIFTY,2025-06-24,12:40:00,25284.65,25284.85,25231.25,25238.4,5820
NSE,NIFTY,2025-06-24,12:45:00,25235.9,25240.55,25143.95,25178.5,5821
NSE,NIFTY,2025-06-24,12:50:00,25176.55,25252.15,25171.9,25244.95,5822
NSE,NIFTY,2025-06-24,12:55:00,25244.1,25278.65,25241.3,25270.25,5823
NSE,NIFTY,2025-06-24,13:00:00,25270.1,25273.65,25222.8,25230.75,5824
NSE,NIFTY,2025-06-24,13:05:00,25229.8,25229.8,25201.6,25219.8,5825
NSE,NIFTY,2025-06-24,13:10:00,25220.1,25240.85,25215.85,25237.45,5826
NSE,NIFTY,2025-06-24,13:15:00,25237.1,25240.4,25181.1,25190.8,5827
NSE,NIFTY,2025-06-24,13:20:00,25191.55,25195.2,25163.7,25181.3,5828
NSE,NIFTY,2025-06-24,13:25:00,25180.45,25182.5,25117.95,25136.3,5829
NSE,NIFTY,2025-06-24,13:30:00,25134.75,25150.85,25130.5,25141.75,5830
NSE,NIFTY,2025-06-24,13:35:00,25141.15,25158.05,25083.35,25092.45,5831
NSE,NIFTY,2025-06-24,13:40:00,25092.2,25093.5,25031.7,25054.5,5832
NSE,NIFTY,2025-06-24,13:45:00,25054.7,25090.0,25037.0,25044.05,5833
NSE,NIFTY,2025-06-24,13:50:00,25040.5,25048.25,25008.0,25032.95,5834
NSE,NIFTY,2025-06-24,13:55:00,25034.4,25082.1,25029.15,25064.6,5835
NSE,NIFTY,2025-06-24,14:00:00,25064.05,25088.3,25051.5,25088.3,5836
NSE,NIFTY,2025-06-24,14:05:00,25089.95,25092.75,25018.05,25021.85,5837
NSE,NIFTY,2025-06-24,14:10:00,25022.35,25040.65,25000.35,25038.85,5838
NSE,NIFTY,2025-06-24,14:15:00,25038.35,25051.55,25013.0,25051.45,5839
NSE,NIFTY,2025-06-24,14:20:00,25050.3,25053.75,25033.2,25045.6,5840
NSE,NIFTY,2025-06-24,14:25:00,25045.3,25055.35,25015.9,25038.7,5841
NSE,NIFTY,2025-06-24,14:30:00,25038.75,25048.55,25019.25,25048.25,5842
NSE,NIFTY,2025-06-24,14:35:00,25048.1,25075.0,25043.0,25059.35,5843
NSE,NIFTY,2025-06-24,14:40:00,25058.5,25077.05,25050.4,25071.8,5844
NSE,NIFTY,2025-06-24,14:45:00,25071.1,25075.1,25051.0,25054.15,5845
NSE,NIFTY,2025-06-24,14:50:00,25054.0,25055.5,25029.65,25043.7,5846
NSE,NIFTY,2025-06-24,14:55:00,25043.6,25047.9,25029.9,25044.8,5847
NSE,NIFTY,2025-06-24,15:00:00,25045.3,25046.6,25015.5,25031.0,5848
NSE,NIFTY,2025-06-24,15:05:00,25031.45,25048.5,25022.6,25029.7,5849
NSE,NIFTY,2025-06-24,15:10:00,25031.15,25047.0,25025.35,25032.2,5850
NSE,NIFTY,2025-06-24,15:15:00,25033.45,25045.45,25032.55,25041.4,5851
NSE,NIFTY,2025-06-24,15:20:00,25041.65,25059.15,25038.85,25055.85,5852
NSE,NIFTY,2025-06-24,15:25:00,25056.95,25071.25,25051.1,25064.3,5853
NSE,NIFTY,2025-06-24,15:30:00,25063.85,25078.35,25062.3,25075.55,5854
NSE,NIFTY,2025-06-25,09:15:00,25150.35,25162.95,25142.15,25151.4,5882
NSE,NIFTY,2025-06-25,09:20:00,25155.35,25169.0,25126.6,25162.6,5883
NSE,NIFTY,2025-06-25,09:25:00,25162.9,25184.35,25148.95,25169.8,5884
NSE,NIFTY,2025-06-25,09:30:00,25170.2,25177.75,25155.25,25162.35,5885
NSE,NIFTY,2025-06-25,09:35:00,25161.65,25183.35,25161.3,25171.5,5886
NSE,NIFTY,2025-06-25,09:40:00,25170.7,25186.9,25167.05,25171.85,5887
NSE,NIFTY,2025-06-25,09:45:00,25171.65,25192.15,25171.2,25188.6,5888
NSE,NIFTY,2025-06-25,09:50:00,25189.55,25199.95,25178.75,25180.6,5889
NSE,NIFTY,2025-06-25,09:55:00,25180.9,25196.25,25179.45,25193.05,5890
NSE,NIFTY,2025-06-25,10:00:00,25192.15,25207.0,25188.5,25204.4,5891
NSE,NIFTY,2025-06-25,10:05:00,25204.3,25208.6,25193.75,25200.55,5892
NSE,NIFTY,2025-06-25,10:10:00,25200.35,25202.6,25188.15,25193.25,5893
NSE,NIFTY,2025-06-25,10:15:00,25193.25,25194.35,25172.65,25176.85,5894
NSE,NIFTY,2025-06-25,10:20:00,25177.15,25195.3,25173.2,25193.9,5895
NSE,NIFTY,2025-06-25,10:25:00,25194.45,25207.25,25192.0,25205.75,5896
NSE,NIFTY,2025-06-25,10:30:00,25205.7,25209.4,25202.2,25204.85,5897
NSE,NIFTY,2025-06-25,10:35:00,25205.15,25212.05,25202.7,25208.45,5898
NSE,NIFTY,2025-06-25,10:40:00,25210.05,25217.1,25208.75,25213.8,5899
NSE,NIFTY,2025-06-25,10:45:00,25213.5,25214.9,25194.7,25194.85,5900
NSE,NIFTY,2025-06-25,10:50:00,25196.2,25201.0,25188.15,25200.8,5901
NSE,NIFTY,2025-06-25,10:55:00,25201.25,25217.5,25199.85,25216.95,5902
NSE,NIFTY,2025-06-25,11:00:00,25216.5,25217.95,25200.45,25204.65,5903
NSE,NIFTY,2025-06-25,11:05:00,25204.95,25210.6,25203.65,25208.25,5904
NSE,NIFTY,2025-06-25,11:10:00,25208.85,25212.4,25203.9,25206.55,5905
NSE,NIFTY,2025-06-25,11:15:00,25206.65,25208.3,25190.7,25196.45,5906
NSE,NIFTY,2025-06-25,11:20:00,25196.35,25208.65,25194.45,25207.6,5907
NSE,NIFTY,2025-06-25,11:25:00,25207.15,25214.8,25205.05,25208.9,5908
NSE,NIFTY,2025-06-25,11:30:00,25209.85,25215.3,25208.35,25214.25,5909
NSE,NIFTY,2025-06-25,11:35:00,25214.35,25220.05,25212.45,25216.35,5910
NSE,NIFTY,2025-06-25,11:40:00,25216.4,25220.25,25207.45,25208.8,5911
NSE,NIFTY,2025-06-25,11:45:00,25208.75,25213.45,25207.2,25209.65,5912
NSE,NIFTY,2025-06-25,11:50:00,25209.95,25214.2,25204.85,25211.1,5913
NSE,NIFTY,2025-06-25,11:55:00,25211.0,25213.15,25207.25,25211.2,5914
NSE,NIFTY,2025-06-25,12:00:00,25210.6,25215.15,25209.55,25211.35,5915
NSE,NIFTY,2025-06-25,12:05:00,25211.25,25212.7,25189.95,25191.8,5916
NSE,NIFTY,2025-06-25,12:10:00,25192.5,25199.3,25191.1,25195.0,5917
NSE,NIFTY,2025-06-25,12:15:00,25194.65,25197.4,25190.55,25193.6,5918
NSE,NIFTY,2025-06-25,12:20:00,25193.5,25204.6,25180.3,25187.9,5919
NSE,NIFTY,2025-06-25,12:25:00,25188.05,25201.9,25186.9,25201.45,5920
NSE,NIFTY,2025-06-25,12:30:00,25200.35,25207.05,25199.1,25204.95,5921
NSE,NIFTY,2025-06-25,12:35:00,25205.0,25212.1,25200.45,25205.65,5922
NSE,NIFTY,2025-06-25,12:40:00,25207.15,25217.3,25203.0,25213.7,5923
NSE,NIFTY,2025-06-25,12:45:00,25213.35,25215.9,25201.5,25202.5,5924
NSE,NIFTY,2025-06-25,12:50:00,25204.0,25205.05,25189.45,25191.05,5925
NSE,NIFTY,2025-06-25,12:55:00,25191.25,25200.0,25188.65,25198.95,5926
NSE,NIFTY,2025-06-25,13:00:00,25198.35,25211.15,25196.85,25210.55,5927
NSE,NIFTY,2025-06-25,13:05:00,25211.35,25219.7,25205.95,25218.5,5928
NSE,NIFTY,2025-06-25,13:10:00,25219.55,25230.4,25217.75,25223.2,5929
NSE,NIFTY,2025-06-25,13:15:00,25224.95,25244.7,25223.9,25240.65,5930
NSE,NIFTY,2025-06-25,13:20:00,25240.7,25241.65,25227.35,25233.5,5931
NSE,NIFTY,2025-06-25,13:25:00,25234.3,25253.2,25233.2,25251.7,5932
NSE,NIFTY,2025-06-25,13:30:00,25252.85,25264.5,25246.25,25263.55,5933
NSE,NIFTY,2025-06-25,13:35:00,25265.95,25265.95,25247.15,25247.55,5934
NSE,NIFTY,2025-06-25,13:40:00,25247.7,25256.15,25244.5,25251.2,5935
NSE,NIFTY,2025-06-25,13:45:00,25252.7,25261.05,25248.5,25256.0,5936
NSE,NIFTY,2025-06-25,13:50:00,25256.45,25257.25,25250.4,25251.4,5937
NSE,NIFTY,2025-06-25,13:55:00,25252.9,25253.25,25238.0,25241.0,5938
NSE,NIFTY,2025-06-25,14:00:00,25241.75,25246.7,25231.7,25232.1,5939
NSE,NIFTY,2025-06-25,14:05:00,25233.3,25235.25,25224.3,25230.15,5940
NSE,NIFTY,2025-06-25,14:10:00,25229.8,25246.85,25229.35,25242.75,5941
NSE,NIFTY,2025-06-25,14:15:00,25243.2,25248.35,25238.4,25247.65,5942
NSE,NIFTY,2025-06-25,14:20:00,25248.25,25253.0,25244.8,25251.05,5943
NSE,NIFTY,2025-06-25,14:25:00,25252.0,25255.65,25247.6,25254.1,5944
NSE,NIFTY,2025-06-25,14:30:00,25254.15,25262.05,25252.4,25253.3,5945
NSE,NIFTY,2025-06-25,14:35:00,25255.05,25255.15,25215.75,25236.4,5946
NSE,NIFTY,2025-06-25,14:40:00,25236.95,25241.9,25234.65,25240.65,5947
NSE,NIFTY,2025-06-25,14:45:00,25241.2,25249.0,25238.55,25248.2,5948
NSE,NIFTY,2025-06-25,14:50:00,25247.7,25250.7,25222.65,25230.0,5949
NSE,NIFTY,2025-06-25,14:55:00,25230.35,25240.5,25227.55,25238.5,5950
NSE,NIFTY,2025-06-25,15:00:00,25239.3,25247.5,25233.25,25247.05,5951
NSE,NIFTY,2025-06-25,15:05:00,25247.6,25255.75,25242.95,25252.6,5952
NSE,NIFTY,2025-06-25,15:10:00,25253.4,25254.5,25237.85,25238.3,5953
NSE,NIFTY,2025-06-25,15:15:00,25238.45,25249.95,25237.95,25248.6,5954
NSE,NIFTY,2025-06-25,15:20:00,25246.9,25248.4,25241.35,25244.3,5955
NSE,NIFTY,2025-06-25,15:25:00,25243.75,25246.45,25239.0,25241.45,5956
NSE,NIFTY,2025-06-25,15:30:00,25241.3,25247.95,25234.65,25236.35,5957
NSE,NIFTY,2025-06-26,09:15:00,25268.95,25292.0,25260.4,25282.1,5985
NSE,NIFTY,2025-06-26,09:20:00,25289.25,25299.05,25277.65,25291.05,5986
NSE,NIFTY,2025-06-26,09:25:00,25291.9,25340.75,25288.05,25330.7,5987
NSE,NIFTY,2025-06-26,09:30:00,25333.7,25359.5,25321.55,25359.5,5988
NSE,NIFTY,2025-06-26,09:35:00,25360.1,25389.45,25358.0,25366.75,5989
NSE,NIFTY,2025-06-26,09:40:00,25365.25,25370.1,25350.85,25354.85,5990
NSE,NIFTY,2025-06-26,09:45:00,25355.95,25370.6,25336.7,25365.65,5991
NSE,NIFTY,2025-06-26,09:50:00,25368.1,25388.95,25360.15,25382.75,5992
NSE,NIFTY,2025-06-26,09:55:00,25387.15,25395.45,25371.7,25391.7,5993
NSE,NIFTY,2025-06-26,10:00:00,25390.85,25421.35,25390.85,25416.1,5994
NSE,NIFTY,2025-06-26,10:05:00,25417.25,25437.5,25409.65,25411.05,5995
NSE,NIFTY,2025-06-26,10:10:00,25411.3,25414.5,25384.55,25400.5,5996
NSE,NIFTY,2025-06-26,10:15:00,25400.85,25409.45,25384.75,25388.6,5997
NSE,NIFTY,2025-06-26,10:20:00,25388.5,25395.8,25371.25,25381.2,5998
NSE,NIFTY,2025-06-26,10:25:00,25381.3,25387.55,25361.75,25378.9,5999
NSE,NIFTY,2025-06-26,10:30:00,25378.3,25379.1,25361.05,25369.55,6000
NSE,NIFTY,2025-06-26,10:35:00,25369.95,25370.2,25351.85,25363.7,6001
NSE,NIFTY,2025-06-26,10:40:00,25364.0,25375.8,25362.25,25368.35,6002
NSE,NIFTY,2025-06-26,10:45:00,25368.9,25369.55,25304.05,25323.55,6003
NSE,NIFTY,2025-06-26,10:50:00,25323.6,25334.55,25292.5,25334.2,6004
NSE,NIFTY,2025-06-26,10:55:00,25334.3,25345.35,25318.3,25327.2,6005
NSE,NIFTY,2025-06-26,11:00:00,25327.7,25335.85,25316.45,25326.1,6006
NSE,NIFTY,2025-06-26,11:05:00,25327.65,25365.2,25323.05,25342.75,6007
NSE,NIFTY,2025-06-26,11:10:00,25343.35,25346.95,25326.9,25337.5,6008
NSE,NIFTY,2025-06-26,11:15:00,25338.7,25342.45,25322.35,25335.55,6009
NSE,NIFTY,2025-06-26,11:20:00,25334.7,25335.55,25313.9,25324.95,6010
NSE,NIFTY,2025-06-26,11:25:00,25326.2,25349.65,25323.5,25345.05,6011
NSE,NIFTY,2025-06-26,11:30:00,25345.65,25347.85,25328.85,25346.05,6012
NSE,NIFTY,2025-06-26,11:35:00,25347.95,25370.35,25346.45,25353.25,6013
NSE,NIFTY,2025-06-26,11:40:00,25352.75,25358.45,25336.55,25340.6,6014
NSE,NIFTY,2025-06-26,11:45:00,25340.35,25342.55,25306.35,25323.4,6015
NSE,NIFTY,2025-06-26,11:50:00,25324.75,25352.45,25323.25,25348.65,6016
NSE,NIFTY,2025-06-26,11:55:00,25349.1,25349.65,25338.35,25346.05,6017
NSE,NIFTY,2025-06-26,12:00:00,25345.35,25351.35,25338.9,25345.65,6018
NSE,NIFTY,2025-06-26,12:05:00,25344.85,25409.1,25343.4,25406.15,6019
NSE,NIFTY,2025-06-26,12:10:00,25406.3,25406.75,25381.2,25383.45,6020
NSE,NIFTY,2025-06-26,12:15:00,25383.3,25400.55,25378.7,25394.0,6021
NSE,NIFTY,2025-06-26,12:20:00,25393.8,25413.5,25391.65,25395.5,6022
NSE,NIFTY,2025-06-26,12:25:00,25395.8,25405.85,25391.55,25397.0,6023
NSE,NIFTY,2025-06-26,12:30:00,25397.05,25411.65,25395.8,25411.45,6024
NSE,NIFTY,2025-06-26,12:35:00,25412.8,25421.2,25398.35,25406.4,6025
NSE,NIFTY,2025-06-26,12:40:00,25405.05,25409.8,25399.7,25405.4,6026
NSE,NIFTY,2025-06-26,12:45:00,25404.3,25410.9,25389.95,25400.4,6027
NSE,NIFTY,2025-06-26,12:50:00,25397.95,25400.4,25365.0,25381.9,6028
NSE,NIFTY,2025-06-26,12:55:00,25379.75,25383.45,25351.3,25364.2,6029
NSE,NIFTY,2025-06-26,13:00:00,25364.65,25385.35,25361.0,25385.35,6030
NSE,NIFTY,2025-06-26,13:05:00,25387.8,25399.15,25383.0,25390.7,6031
NSE,NIFTY,2025-06-26,13:10:00,25389.7,25394.9,25377.2,25378.65,6032
NSE,NIFTY,2025-06-26,13:15:00,25377.3,25401.75,25370.2,25399.95,6033
NSE,NIFTY,2025-06-26,13:20:00,25398.85,25446.1,25398.8,25444.0,6034
NSE,NIFTY,2025-06-26,13:25:00,25444.3,25450.9,25408.65,25411.6,6035
NSE,NIFTY,2025-06-26,13:30:00,25409.65,25417.55,25389.3,25399.2,6036
NSE,NIFTY,2025-06-26,13:35:00,25399.85,25422.1,25399.2,25415.1,6037
NSE,NIFTY,2025-06-26,13:40:00,25416.4,25431.85,25410.6,25430.35,6038
NSE,NIFTY,2025-06-26,13:45:00,25431.4,25451.9,25427.85,25450.7,6039
NSE,NIFTY,2025-06-26,13:50:00,25450.2,25474.4,25446.35,25460.35,6040
NSE,NIFTY,2025-06-26,13:55:00,25460.9,25485.65,25459.7,25478.8,6041
NSE,NIFTY,2025-06-26,14:00:00,25477.85,25502.75,25469.15,25499.55,6042
NSE,NIFTY,2025-06-26,14:05:00,25498.0,25526.5,25494.55,25501.85,6043
NSE,NIFTY,2025-06-26,14:10:00,25503.3,25503.3,25475.3,25483.45,6044
NSE,NIFTY,2025-06-26,14:15:00,25483.0,25518.35,25477.1,25508.25,6045
NSE,NIFTY,2025-06-26,14:20:00,25508.75,25527.25,25508.1,25526.55,6046
NSE,NIFTY,2025-06-26,14:25:00,25527.35,25528.6,25496.5,25515.2,6047
NSE,NIFTY,2025-06-26,14:30:00,25515.65,25519.3,25507.05,25514.15,6048
NSE,NIFTY,2025-06-26,14:35:00,25510.2,25518.25,25497.05,25505.45,6049
NSE,NIFTY,2025-06-26,14:40:00,25504.6,25513.4,25501.15,25505.85,6050
NSE,NIFTY,2025-06-26,14:45:00,25502.85,25509.6,25492.6,25502.95,6051
NSE,NIFTY,2025-06-26,14:50:00,25504.05,25504.55,25489.55,25492.7,6052
NSE,NIFTY,2025-06-26,14:55:00,25492.95,25522.35,25480.35,25519.6,6053
NSE,NIFTY,2025-06-26,15:00:00,25518.35,25548.05,25517.3,25543.4,6054
NSE,NIFTY,2025-06-26,15:05:00,25544.1,25564.75,25538.4,25563.8,6055
NSE,NIFTY,2025-06-26,15:10:00,25562.15,25564.7,25538.25,25552.05,6056
NSE,NIFTY,2025-06-26,15:15:00,25552.6,25557.25,25534.95,25545.45,6057
NSE,NIFTY,2025-06-26,15:20:00,25543.95,25550.2,25534.75,25542.8,6058
NSE,NIFTY,2025-06-26,15:25:00,25542.4,25563.7,25540.75,25554.8,6059
NSE,NIFTY,2025-06-26,15:30:00,25554.8,25555.6,25528.6,25529.9,6060
NSE,NIFTY,2025-06-27,09:15:00,25576.65,25607.45,25545.1,25605.15,6088
NSE,NIFTY,2025-06-27,09:20:00,25606.25,25620.95,25582.15,25586.7,6089
NSE,NIFTY,2025-06-27,09:25:00,25586.15,25592.0,25570.2,25581.2,6090
NSE,NIFTY,2025-06-27,09:30:00,25582.0,25586.05,25524.1,25525.1,6091
NSE,NIFTY,2025-06-27,09:35:00,25525.65,25565.9,25524.5,25561.95,6092
NSE,NIFTY,2025-06-27,09:40:00,25562.0,25573.8,25553.85,25557.35,6093
NSE,NIFTY,2025-06-27,09:45:00,25558.05,25563.35,25529.05,25534.85,6094
NSE,NIFTY,2025-06-27,09:50:00,25533.4,25551.9,25528.45,25541.6,6095
NSE,NIFTY,2025-06-27,09:55:00,25542.0,25569.8,25535.1,25559.65,6096
NSE,NIFTY,2025-06-27,10:00:00,25559.5,25562.35,25536.1,25545.5,6097
NSE,NIFTY,2025-06-27,10:05:00,25545.7,25557.6,25545.15,25556.45,6098
NSE,NIFTY,2025-06-27,10:10:00,25557.0,25563.55,25554.2,25558.35,6099
NSE,NIFTY,2025-06-27,10:15:00,25557.65,25574.2,25554.6,25572.55,6100
NSE,NIFTY,2025-06-27,10:20:00,25575.05,25578.3,25566.4,25567.05,6101
NSE,NIFTY,2025-06-27,10:25:00,25568.2,25571.25,25558.15,25563.3,6102
NSE,NIFTY,2025-06-27,10:30:00,25563.4,25563.4,25553.55,25557.45,6103
NSE,NIFTY,2025-06-27,10:35:00,25557.75,25572.65,25554.35,25560.55,6104
NSE,NIFTY,2025-06-27,10:40:00,25561.15,25562.2,25539.6,25557.95,6105
NSE,NIFTY,2025-06-27,10:45:00,25558.0,25577.1,25555.1,25576.05,6106
NSE,NIFTY,2025-06-27,10:50:00,25576.25,25590.7,25575.45,25590.0,6107
NSE,NIFTY,2025-06-27,10:55:00,25590.45,25600.4,25585.45,25598.9,6108
NSE,NIFTY,2025-06-27,11:00:00,25599.3,25610.25,25598.85,25601.15,6109
NSE,NIFTY,2025-06-27,11:05:00,25600.7,25605.4,25594.3,25602.95,6110
NSE,NIFTY,2025-06-27,11:10:00,25602.55,25608.6,25599.4,25604.25,6111
NSE,NIFTY,2025-06-27,11:15:00,25603.85,25608.0,25598.3,25606.95,6112
NSE,NIFTY,2025-06-27,11:20:00,25606.4,25608.85,25596.55,25605.0,6113
NSE,NIFTY,2025-06-27,11:25:00,25605.0,25608.85,25598.0,25604.2,6114
NSE,NIFTY,2025-06-27,11:30:00,25604.25,25607.95,25597.65,25606.65,6115
NSE,NIFTY,2025-06-27,11:35:00,25606.5,25609.35,25595.65,25599.65,6116
NSE,NIFTY,2025-06-27,11:40:00,25599.45,25605.65,25596.0,25604.1,6117
NSE,NIFTY,2025-06-27,11:45:00,25604.35,25610.9,25602.35,25605.85,6118
NSE,NIFTY,2025-06-27,11:50:00,25605.3,25609.85,25597.5,25600.95,6119
NSE,NIFTY,2025-06-27,11:55:00,25601.95,25608.85,25597.45,25607.05,6120
NSE,NIFTY,2025-06-27,12:00:00,25608.4,25617.0,25605.5,25611.2,6121
NSE,NIFTY,2025-06-27,12:05:00,25610.55,25615.95,25609.05,25611.25,6122
NSE,NIFTY,2025-06-27,12:10:00,25611.45,25617.8,25608.8,25612.15,6123
NSE,NIFTY,2025-06-27,12:15:00,25612.3,25615.65,25607.95,25614.4,6124
NSE,NIFTY,2025-06-27,12:20:00,25614.6,25632.45,25612.4,25627.15,6125
NSE,NIFTY,2025-06-27,12:25:00,25626.55,25629.4,25614.05,25616.4,6126
NSE,NIFTY,2025-06-27,12:30:00,25616.35,25629.5,25612.45,25629.1,6127
NSE,NIFTY,2025-06-27,12:35:00,25628.55,25632.5,25622.7,25625.35,6128
NSE,NIFTY,2025-06-27,12:40:00,25625.8,25636.3,25625.3,25634.05,6129
NSE,NIFTY,2025-06-27,12:45:00,25635.3,25648.45,25634.0,25634.7,6130
NSE,NIFTY,2025-06-27,12:50:00,25635.65,25643.4,25635.0,25639.9,6131
NSE,NIFTY,2025-06-27,12:55:00,25639.25,25646.45,25639.1,25644.15,6132
NSE,NIFTY,2025-06-27,13:00:00,25643.15,25649.15,25639.15,25641.5,6133
NSE,NIFTY,2025-06-27,13:05:00,25641.65,25644.5,25623.15,25625.8,6134
NSE,NIFTY,2025-06-27,13:10:00,25624.45,25628.75,25617.15,25618.55,6135
NSE,NIFTY,2025-06-27,13:15:00,25619.25,25622.2,25613.05,25613.95,6136
NSE,NIFTY,2025-06-27,13:20:00,25614.65,25622.4,25611.25,25612.75,6137
NSE,NIFTY,2025-06-27,13:25:00,25612.4,25618.0,25608.8,25617.75,6138
NSE,NIFTY,2025-06-27,13:30:00,25617.75,25638.4,25615.95,25633.45,6139
NSE,NIFTY,2025-06-27,13:35:00,25633.25,25636.85,25627.6,25630.25,6140
NSE,NIFTY,2025-06-27,13:40:00,25630.35,25633.6,25623.95,25628.7,6141
NSE,NIFTY,2025-06-27,13:45:00,25628.75,25636.05,25621.3,25627.55,6142
NSE,NIFTY,2025-06-27,13:50:00,25627.4,25631.1,25623.4,25626.8,6143
NSE,NIFTY,2025-06-27,13:55:00,25626.8,25632.2,25620.35,25623.15,6144
NSE,NIFTY,2025-06-27,14:00:00,25623.9,25635.35,25621.25,25631.4,6145
NSE,NIFTY,2025-06-27,14:05:00,25631.35,25636.4,25629.4,25634.4,6146
NSE,NIFTY,2025-06-27,14:10:00,25634.5,25639.35,25629.75,25636.25,6147
NSE,NIFTY,2025-06-27,14:15:00,25635.45,25639.2,25631.35,25633.4,6148
NSE,NIFTY,2025-06-27,14:20:00,25632.25,25633.7,25619.45,25621.3,6149
NSE,NIFTY,2025-06-27,14:25:00,25619.65,25622.0,25612.75,25613.4,6150
NSE,NIFTY,2025-06-27,14:30:00,25613.0,25624.25,25611.25,25612.5,6151
NSE,NIFTY,2025-06-27,14:35:00,25613.15,25619.65,25612.35,25614.85,6152
NSE,NIFTY,2025-06-27,14:40:00,25616.05,25622.0,25614.7,25617.7,6153
NSE,NIFTY,2025-06-27,14:45:00,25618.0,25637.25,25616.65,25633.7,6154
NSE,NIFTY,2025-06-27,14:50:00,25633.5,25637.5,25628.25,25633.45,6155
NSE,NIFTY,2025-06-27,14:55:00,25633.65,25635.9,25627.5,25629.1,6156
NSE,NIFTY,2025-06-27,15:00:00,25629.55,25643.4,25624.85,25641.95,6157
NSE,NIFTY,2025-06-27,15:05:00,25641.35,25653.35,25630.7,25640.8,6158
NSE,NIFTY,2025-06-27,15:10:00,25641.5,25644.5,25624.25,25631.9,6159
NSE,NIFTY,2025-06-27,15:15:00,25631.15,25637.1,25626.45,25636.75,6160
NSE,NIFTY,2025-06-27,15:20:00,25636.7,25649.95,25635.7,25647.45,6161
NSE,NIFTY,2025-06-27,15:25:00,25646.8,25647.5,25638.8,25642.45,6162
NSE,NIFTY,2025-06-27,15:30:00,25641.9,25648.1,25629.6,25631.05,6163
NSE,NIFTY,2025-06-30,09:15:00,25661.65,25664.85,25625.65,25640.25,6191
NSE,NIFTY,2025-06-30,09:20:00,25639.0,25639.4,25592.3,25607.65,6192
NSE,NIFTY,2025-06-30,09:25:00,25607.85,25638.45,25598.55,25637.15,6193
NSE,NIFTY,2025-06-30,09:30:00,25636.55,25651.05,25624.95,25624.95,6194
NSE,NIFTY,2025-06-30,09:35:00,25624.55,25625.45,25597.95,25611.1,6195
NSE,NIFTY,2025-06-30,09:40:00,25610.3,25612.6,25591.5,25601.0,6196
NSE,NIFTY,2025-06-30,09:45:00,25600.8,25606.25,25572.6,25573.45,6197
NSE,NIFTY,2025-06-30,09:50:00,25572.45,25586.95,25568.65,25573.1,6198
NSE,NIFTY,2025-06-30,09:55:00,25573.7,25578.7,25560.2,25561.85,6199
NSE,NIFTY,2025-06-30,10:00:00,25560.6,25575.9,25555.3,25556.6,6200
NSE,NIFTY,2025-06-30,10:05:00,25556.85,25581.8,25543.8,25581.8,6201
NSE,NIFTY,2025-06-30,10:10:00,25581.6,25581.85,25556.5,25575.8,6202
NSE,NIFTY,2025-06-30,10:15:00,25576.15,25596.0,25575.75,25590.15,6203
NSE,NIFTY,2025-06-30,10:20:00,25590.5,25600.0,25583.3,25596.9,6204
NSE,NIFTY,2025-06-30,10:25:00,25596.5,25597.1,25562.4,25565.55,6205
NSE,NIFTY,2025-06-30,10:30:00,25565.55,25566.0,25553.0,25557.3,6206
NSE,NIFTY,2025-06-30,10:35:00,25557.85,25563.7,25549.6,25563.3,6207
NSE,NIFTY,2025-06-30,10:40:00,25564.0,25569.9,25556.65,25557.95,6208
NSE,NIFTY,2025-06-30,10:45:00,25558.85,25559.45,25541.75,25544.7,6209
NSE,NIFTY,2025-06-30,10:50:00,25544.6,25553.7,25540.45,25542.9,6210
NSE,NIFTY,2025-06-30,10:55:00,25542.55,25560.95,25537.05,25558.35,6211
NSE,NIFTY,2025-06-30,11:00:00,25560.1,25562.95,25555.8,25559.4,6212
NSE,NIFTY,2025-06-30,11:05:00,25559.2,25562.7,25551.9,25554.15,6213
NSE,NIFTY,2025-06-30,11:10:00,25554.8,25557.8,25551.1,25556.0,6214
NSE,NIFTY,2025-06-30,11:15:00,25555.9,25565.95,25546.55,25548.2,6215
NSE,NIFTY,2025-06-30,11:20:00,25547.6,25551.1,25539.0,25542.4,6216
NSE,NIFTY,2025-06-30,11:25:00,25542.35,25558.0,25541.0,25556.45,6217
NSE,NIFTY,2025-06-30,11:30:00,25556.5,25560.65,25552.85,25555.6,6218
NSE,NIFTY,2025-06-30,11:35:00,25556.8,25562.95,25554.1,25560.95,6219
NSE,NIFTY,2025-06-30,11:40:00,25561.6,25567.55,25554.3,25557.65,6220
NSE,NIFTY,2025-06-30,11:45:00,25557.0,25562.4,25555.2,25561.6,6221
NSE,NIFTY,2025-06-30,11:50:00,25562.15,25572.35,25559.9,25571.45,6222
NSE,NIFTY,2025-06-30,11:55:00,25571.05,25578.3,25569.65,25572.0,6223
NSE,NIFTY,2025-06-30,12:00:00,25571.65,25575.1,25568.2,25570.3,6224
NSE,NIFTY,2025-06-30,12:05:00,25570.45,25580.85,25564.95,25566.15,6225
NSE,NIFTY,2025-06-30,12:10:00,25565.3,25572.35,25564.4,25570.4,6226
NSE,NIFTY,2025-06-30,12:15:00,25570.65,25589.8,25569.65,25587.4,6227
NSE,NIFTY,2025-06-30,12:20:00,25586.65,25599.3,25584.75,25595.5,6228
NSE,NIFTY,2025-06-30,12:25:00,25595.15,25597.3,25589.7,25591.85,6229
NSE,NIFTY,2025-06-30,12:30:00,25592.05,25593.6,25570.6,25574.2,6230
NSE,NIFTY,2025-06-30,12:35:00,25573.0,25573.9,25558.6,25559.9,6231
NSE,NIFTY,2025-06-30,12:40:00,25559.3,25562.25,25545.85,25547.45,6232
NSE,NIFTY,2025-06-30,12:45:00,25548.45,25551.0,25540.6,25540.6,6233
NSE,NIFTY,2025-06-30,12:50:00,25543.5,25555.35,25538.8,25551.9,6234
NSE,NIFTY,2025-06-30,12:55:00,25551.3,25554.4,25540.55,25540.9,6235
NSE,NIFTY,2025-06-30,13:00:00,25539.85,25541.95,25522.7,25524.65,6236
NSE,NIFTY,2025-06-30,13:05:00,25524.85,25524.95,25499.25,25512.75,6237
NSE,NIFTY,2025-06-30,13:10:00,25513.3,25515.65,25505.4,25510.7,6238
NSE,NIFTY,2025-06-30,13:15:00,25510.65,25513.7,25496.0,25499.6,6239
NSE,NIFTY,2025-06-30,13:20:00,25499.9,25505.85,25490.7,25501.85,6240
NSE,NIFTY,2025-06-30,13:25:00,25502.6,25511.85,25499.15,25510.25,6241
NSE,NIFTY,2025-06-30,13:30:00,25511.35,25518.8,25507.45,25509.65,6242
NSE,NIFTY,2025-06-30,13:35:00,25509.4,25514.0,25507.9,25511.15,6243
NSE,NIFTY,2025-06-30,13:40:00,25510.75,25514.35,25500.55,25502.4,6244
NSE,NIFTY,2025-06-30,13:45:00,25502.6,25509.65,25500.15,25502.0,6245
NSE,NIFTY,2025-06-30,13:50:00,25502.15,25504.45,25485.6,25487.6,6246
NSE,NIFTY,2025-06-30,13:55:00,25486.65,25489.05,25473.3,25485.7,6247
NSE,NIFTY,2025-06-30,14:00:00,25485.65,25502.2,25480.1,25499.8,6248
NSE,NIFTY,2025-06-30,14:05:00,25499.15,25500.3,25480.75,25482.05,6249
NSE,NIFTY,2025-06-30,14:10:00,25481.25,25501.25,25478.7,25499.8,6250
NSE,NIFTY,2025-06-30,14:15:00,25499.05,25502.0,25485.75,25486.15,6251
NSE,NIFTY,2025-06-30,14:20:00,25485.3,25488.65,25478.0,25481.9,6252
NSE,NIFTY,2025-06-30,14:25:00,25482.5,25499.1,25478.65,25496.15,6253
NSE,NIFTY,2025-06-30,14:30:00,25495.35,25499.3,25485.95,25489.85,6254
NSE,NIFTY,2025-06-30,14:35:00,25490.65,25492.3,25478.8,25483.15,6255
NSE,NIFTY,2025-06-30,14:40:00,25483.5,25493.3,25477.6,25490.25,6256
NSE,NIFTY,2025-06-30,14:45:00,25490.95,25498.1,25478.95,25492.75,6257
NSE,NIFTY,2025-06-30,14:50:00,25492.4,25506.0,25492.25,25499.4,6258
NSE,NIFTY,2025-06-30,14:55:00,25498.9,25519.8,25497.65,25507.3,6259
NSE,NIFTY,2025-06-30,15:00:00,25507.75,25511.9,25499.35,25510.2,6260
NSE,NIFTY,2025-06-30,15:05:00,25510.05,25516.85,25504.45,25515.1,6261
NSE,NIFTY,2025-06-30,15:10:00,25515.65,25522.5,25514.7,25519.75,6262
NSE,NIFTY,2025-06-30,15:15:00,25518.9,25526.65,25516.1,25526.0,6263
NSE,NIFTY,2025-06-30,15:20:00,25525.15,25526.1,25507.25,25518.9,6264
NSE,NIFTY,2025-06-30,15:25:00,25517.15,25525.4,25512.6,25518.4,6265
NSE,NIFTY,2025-06-30,15:30:00,25518.55,25521.4,25505.35,25513.8,6266
NSE,NIFTY,2025-07-01,09:15:00,25551.35,25566.45,25537.15,25540.35,6294
NSE,NIFTY,2025-07-01,09:20:00,25538.15,25549.4,25513.8,25549.4,6295
NSE,NIFTY,2025-07-01,09:25:00,25549.7,25575.25,25543.4,25565.4,6296
NSE,NIFTY,2025-07-01,09:30:00,25565.45,25585.35,25563.15,25583.9,6297
NSE,NIFTY,2025-07-01,09:35:00,25583.8,25589.0,25571.15,25571.8,6298
NSE,NIFTY,2025-07-01,09:40:00,25572.2,25585.75,25570.1,25582.3,6299
NSE,NIFTY,2025-07-01,09:45:00,25582.05,25589.65,25577.7,25580.0,6300
NSE,NIFTY,2025-07-01,09:50:00,25580.2,25593.15,25567.1,25588.5,6301
NSE,NIFTY,2025-07-01,09:55:00,25588.35,25588.65,25556.1,25557.2,6302
NSE,NIFTY,2025-07-01,10:00:00,25557.6,25572.75,25551.3,25568.95,6303
NSE,NIFTY,2025-07-01,10:05:00,25568.85,25568.85,25538.3,25543.55,6304
NSE,NIFTY,2025-07-01,10:10:00,25543.95,25557.55,25541.4,25545.95,6305
NSE,NIFTY,2025-07-01,10:15:00,25545.95,25546.2,25526.55,25527.5,6306
NSE,NIFTY,2025-07-01,10:20:00,25528.75,25543.4,25527.3,25532.35,6307
NSE,NIFTY,2025-07-01,10:25:00,25532.65,25533.1,25522.85,25525.35,6308
NSE,NIFTY,2025-07-01,10:30:00,25526.1,25550.95,25524.45,25548.6,6309
NSE,NIFTY,2025-07-01,10:35:00,25548.5,25549.85,25540.9,25545.95,6310
NSE,NIFTY,2025-07-01,10:40:00,25545.4,25554.25,25535.75,25549.75,6311
NSE,NIFTY,2025-07-01,10:45:00,25549.95,25553.05,25538.7,25539.55,6312
NSE,NIFTY,2025-07-01,10:50:00,25539.35,25546.7,25536.3,25539.2,6313
NSE,NIFTY,2025-07-01,10:55:00,25538.75,25540.3,25526.65,25531.85,6314
NSE,NIFTY,2025-07-01,11:00:00,25531.5,25532.5,25519.65,25525.7,6315
NSE,NIFTY,2025-07-01,11:05:00,25525.8,25526.65,25513.8,25520.75,6316
NSE,NIFTY,2025-07-01,11:10:00,25521.3,25524.6,25517.65,25520.9,6317
NSE,NIFTY,2025-07-01,11:15:00,25520.5,25527.45,25518.75,25525.1,6318
NSE,NIFTY,2025-07-01,11:20:00,25524.7,25535.6,25517.2,25528.4,6319
NSE,NIFTY,2025-07-01,11:25:00,25528.35,25532.45,25522.0,25523.85,6320
NSE,NIFTY,2025-07-01,11:30:00,25523.75,25531.1,25521.75,25529.1,6321
NSE,NIFTY,2025-07-01,11:35:00,25530.0,25530.0,25518.0,25524.2,6322
NSE,NIFTY,2025-07-01,11:40:00,25524.05,25531.1,25523.15,25527.95,6323
NSE,NIFTY,2025-07-01,11:45:00,25528.0,25532.35,25521.55,25523.95,6324
NSE,NIFTY,2025-07-01,11:50:00,25525.05,25531.0,25521.4,25525.25,6325
NSE,NIFTY,2025-07-01,11:55:00,25524.9,25526.75,25511.5,25514.1,6326
NSE,NIFTY,2025-07-01,12:00:00,25514.65,25518.1,25502.7,25513.9,6327
NSE,NIFTY,2025-07-01,12:05:00,25513.5,25520.55,25511.1,25517.35,6328
NSE,NIFTY,2025-07-01,12:10:00,25517.4,25523.0,25512.4,25519.45,6329
NSE,NIFTY,2025-07-01,12:15:00,25518.7,25526.8,25516.2,25523.8,6330
NSE,NIFTY,2025-07-01,12:20:00,25523.1,25545.6,25522.45,25543.7,6331
NSE,NIFTY,2025-07-01,12:25:00,25542.9,25548.5,25535.85,25547.75,6332
NSE,NIFTY,2025-07-01,12:30:00,25547.3,25551.3,25539.95,25540.65,6333
NSE,NIFTY,2025-07-01,12:35:00,25540.95,25543.2,25525.05,25542.55,6334
NSE,NIFTY,2025-07-01,12:40:00,25542.65,25547.2,25540.7,25542.45,6335
NSE,NIFTY,2025-07-01,12:45:00,25543.15,25546.9,25537.35,25538.0,6336
NSE,NIFTY,2025-07-01,12:50:00,25538.3,25545.25,25534.35,25544.2,6337
NSE,NIFTY,2025-07-01,12:55:00,25544.15,25546.45,25531.7,25535.3,6338
NSE,NIFTY,2025-07-01,13:00:00,25535.1,25541.25,25532.7,25539.6,6339
NSE,NIFTY,2025-07-01,13:05:00,25539.1,25540.35,25529.7,25532.2,6340
NSE,NIFTY,2025-07-01,13:10:00,25531.45,25534.55,25525.95,25532.15,6341
NSE,NIFTY,2025-07-01,13:15:00,25532.45,25536.05,25530.0,25534.8,6342
NSE,NIFTY,2025-07-01,13:20:00,25534.15,25534.6,25525.8,25526.55,6343
NSE,NIFTY,2025-07-01,13:25:00,25526.35,25530.95,25523.2,25528.5,6344
NSE,NIFTY,2025-07-01,13:30:00,25529.55,25532.9,25523.9,25532.35,6345
NSE,NIFTY,2025-07-01,13:35:00,25532.7,25534.5,25525.8,25527.85,6346
NSE,NIFTY,2025-07-01,13:40:00,25528.85,25536.1,25528.0,25535.25,6347
NSE,NIFTY,2025-07-01,13:45:00,25534.85,25536.9,25527.75,25528.55,6348
NSE,NIFTY,2025-07-01,13:50:00,25528.3,25530.35,25524.0,25528.35,6349
NSE,NIFTY,2025-07-01,13:55:00,25527.85,25528.75,25523.65,25526.45,6350
NSE,NIFTY,2025-07-01,14:00:00,25526.75,25534.0,25509.2,25533.55,6351
NSE,NIFTY,2025-07-01,14:05:00,25533.0,25543.95,25526.25,25542.65,6352
NSE,NIFTY,2025-07-01,14:10:00,25542.75,25545.7,25537.45,25538.85,6353
NSE,NIFTY,2025-07-01,14:15:00,25539.15,25552.2,25537.8,25547.5,6354
NSE,NIFTY,2025-07-01,14:20:00,25547.45,25549.3,25539.35,25544.25,6355
NSE,NIFTY,2025-07-01,14:25:00,25544.2,25544.2,25536.9,25540.35,6356
NSE,NIFTY,2025-07-01,14:30:00,25540.05,25542.0,25533.5,25534.45,6357
NSE,NIFTY,2025-07-01,14:35:00,25534.45,25537.05,25528.55,25528.9,6358
NSE,NIFTY,2025-07-01,14:40:00,25528.9,25533.6,25515.05,25528.4,6359
NSE,NIFTY,2025-07-01,14:45:00,25527.4,25531.75,25524.8,25525.6,6360
NSE,NIFTY,2025-07-01,14:50:00,25525.65,25530.9,25523.95,25530.35,6361
NSE,NIFTY,2025-07-01,14:55:00,25530.7,25536.55,25525.2,25532.5,6362
NSE,NIFTY,2025-07-01,15:00:00,25532.65,25543.0,25530.5,25533.0,6363
NSE,NIFTY,2025-07-01,15:05:00,25533.95,25545.7,25532.35,25544.8,6364
NSE,NIFTY,2025-07-01,15:10:00,25544.6,25548.5,25535.05,25542.0,6365
NSE,NIFTY,2025-07-01,15:15:00,25542.5,25547.5,25530.5,25538.7,6366
NSE,NIFTY,2025-07-01,15:20:00,25539.95,25551.15,25537.2,25550.05,6367
NSE,NIFTY,2025-07-01,15:25:00,25550.85,25556.95,25530.7,25541.1,6368
NSE,NIFTY,2025-07-01,15:30:00,25542.75,25544.25,25527.0,25532.35,6369
NSE,NIFTY,2025-07-02,09:15:00,25588.3,25601.95,25574.35,25581.65,6397
NSE,NIFTY,2025-07-02,09:20:00,25580.85,25605.8,25579.55,25586.7,6398
NSE,NIFTY,2025-07-02,09:25:00,25588.25,25604.55,25575.85,25578.95,6399
NSE,NIFTY,2025-07-02,09:30:00,25578.3,25579.4,25559.75,25574.0,6400
NSE,NIFTY,2025-07-02,09:35:00,25573.45,25575.6,25545.7,25550.95,6401
NSE,NIFTY,2025-07-02,09:40:00,25550.65,25560.55,25549.4,25550.85,6402
NSE,NIFTY,2025-07-02,09:45:00,25550.95,25552.05,25533.6,25535.5,6403
NSE,NIFTY,2025-07-02,09:50:00,25535.05,25553.35,25531.5,25552.5,6404
NSE,NIFTY,2025-07-02,09:55:00,25553.35,25559.15,25540.05,25545.45,6405
NSE,NIFTY,2025-07-02,10:00:00,25545.85,25553.5,25532.05,25532.6,6406
NSE,NIFTY,2025-07-02,10:05:00,25533.55,25535.25,25517.3,25522.0,6407
NSE,NIFTY,2025-07-02,10:10:00,25521.3,25523.15,25513.3,25521.45,6408
NSE,NIFTY,2025-07-02,10:15:00,25521.8,25530.9,25518.4,25518.45,6409
NSE,NIFTY,2025-07-02,10:20:00,25519.25,25520.45,25497.25,25517.35,6410
NSE,NIFTY,2025-07-02,10:25:00,25517.85,25528.15,25516.25,25521.55,6411
NSE,NIFTY,2025-07-02,10:30:00,25521.45,25528.0,25515.0,25516.45,6412
NSE,NIFTY,2025-07-02,10:35:00,25516.55,25519.15,25511.3,25512.85,6413
NSE,NIFTY,2025-07-02,10:40:00,25512.85,25513.3,25488.5,25490.05,6414
NSE,NIFTY,2025-07-02,10:45:00,25490.9,25493.9,25482.7,25488.55,6415
NSE,NIFTY,2025-07-02,10:50:00,25488.7,25498.6,25485.6,25488.65,6416
NSE,NIFTY,2025-07-02,10:55:00,25489.05,25494.4,25487.4,25492.15,6417
NSE,NIFTY,2025-07-02,11:00:00,25491.95,25498.75,25488.85,25493.5,6418
NSE,NIFTY,2025-07-02,11:05:00,25493.55,25494.0,25475.4,25483.3,6419
NSE,NIFTY,2025-07-02,11:10:00,25483.6,25487.8,25470.85,25471.75,6420
NSE,NIFTY,2025-07-02,11:15:00,25471.95,25477.3,25466.75,25475.05,6421
NSE,NIFTY,2025-07-02,11:20:00,25475.95,25481.7,25463.7,25481.0,6422
NSE,NIFTY,2025-07-02,11:25:00,25481.55,25488.25,25476.2,25487.55,6423
NSE,NIFTY,2025-07-02,11:30:00,25487.1,25501.5,25486.05,25493.35,6424
NSE,NIFTY,2025-07-02,11:35:00,25493.4,25493.75,25473.25,25479.55,6425
NSE,NIFTY,2025-07-02,11:40:00,25478.85,25485.9,25473.75,25479.7,6426
NSE,NIFTY,2025-07-02,11:45:00,25479.95,25485.9,25472.95,25482.35,6427
NSE,NIFTY,2025-07-02,11:50:00,25481.9,25500.15,25480.45,25495.05,6428
NSE,NIFTY,2025-07-02,11:55:00,25494.95,25496.65,25485.25,25492.65,6429
NSE,NIFTY,2025-07-02,12:00:00,25492.4,25496.75,25487.35,25487.7,6430
NSE,NIFTY,2025-07-02,12:05:00,25489.7,25490.95,25480.1,25489.6,6431
NSE,NIFTY,2025-07-02,12:10:00,25488.5,25498.75,25487.7,25496.35,6432
NSE,NIFTY,2025-07-02,12:15:00,25496.8,25503.95,25493.15,25498.9,6433
NSE,NIFTY,2025-07-02,12:20:00,25499.25,25500.5,25488.95,25492.0,6434
NSE,NIFTY,2025-07-02,12:25:00,25491.75,25496.8,25491.15,25494.05,6435
NSE,NIFTY,2025-07-02,12:30:00,25494.2,25497.05,25488.8,25492.6,6436
NSE,NIFTY,2025-07-02,12:35:00,25493.75,25495.6,25485.25,25486.7,6437
NSE,NIFTY,2025-07-02,12:40:00,25486.8,25491.65,25484.7,25490.0,6438
NSE,NIFTY,2025-07-02,12:45:00,25490.7,25495.65,25484.65,25494.65,6439
NSE,NIFTY,2025-07-02,12:50:00,25494.55,25495.65,25480.15,25480.15,6440
NSE,NIFTY,2025-07-02,12:55:00,25480.45,25480.85,25460.5,25475.85,6441
NSE,NIFTY,2025-07-02,13:00:00,25475.8,25478.7,25471.4,25472.45,6442
NSE,NIFTY,2025-07-02,13:05:00,25471.7,25489.95,25471.7,25484.65,6443
NSE,NIFTY,2025-07-02,13:10:00,25484.9,25486.35,25477.3,25477.3,6444
NSE,NIFTY,2025-07-02,13:15:00,25477.35,25479.2,25455.45,25456.8,6445
NSE,NIFTY,2025-07-02,13:20:00,25457.1,25461.4,25436.9,25439.15,6446
NSE,NIFTY,2025-07-02,13:25:00,25440.25,25446.45,25427.4,25430.75,6447
NSE,NIFTY,2025-07-02,13:30:00,25429.1,25431.35,25390.0,25390.0,6448
NSE,NIFTY,2025-07-02,13:35:00,25390.75,25415.85,25390.55,25409.25,6449
NSE,NIFTY,2025-07-02,13:40:00,25409.45,25417.65,25405.95,25416.05,6450
NSE,NIFTY,2025-07-02,13:45:00,25414.2,25416.0,25385.15,25393.65,6451
NSE,NIFTY,2025-07-02,13:50:00,25393.8,25406.85,25384.15,25406.15,6452
NSE,NIFTY,2025-07-02,13:55:00,25405.25,25407.15,25392.4,25393.25,6453
NSE,NIFTY,2025-07-02,14:00:00,25394.45,25408.6,25387.75,25406.05,6454
NSE,NIFTY,2025-07-02,14:05:00,25406.8,25408.5,25397.25,25404.4,6455
NSE,NIFTY,2025-07-02,14:10:00,25405.4,25415.35,25402.85,25413.7,6456
NSE,NIFTY,2025-07-02,14:15:00,25414.6,25425.1,25413.45,25417.2,6457
NSE,NIFTY,2025-07-02,14:20:00,25416.55,25423.85,25413.2,25420.05,6458
NSE,NIFTY,2025-07-02,14:25:00,25419.95,25420.25,25398.65,25408.25,6459
NSE,NIFTY,2025-07-02,14:30:00,25407.45,25408.65,25400.45,25407.75,6460
NSE,NIFTY,2025-07-02,14:35:00,25408.25,25411.8,25399.55,25401.7,6461
NSE,NIFTY,2025-07-02,14:40:00,25401.75,25403.95,25388.85,25388.85,6462
NSE,NIFTY,2025-07-02,14:45:00,25389.8,25403.75,25379.4,25400.65,6463
NSE,NIFTY,2025-07-02,14:50:00,25400.1,25416.55,25397.05,25408.9,6464
NSE,NIFTY,2025-07-02,14:55:00,25409.7,25412.6,25400.8,25411.1,6465
NSE,NIFTY,2025-07-02,15:00:00,25411.2,25441.6,25406.35,25440.55,6466
NSE,NIFTY,2025-07-02,15:05:00,25440.35,25458.7,25438.1,25458.4,6467
NSE,NIFTY,2025-07-02,15:10:00,25458.0,25472.8,25450.35,25468.65,6468
NSE,NIFTY,2025-07-02,15:15:00,25467.1,25468.25,25458.25,25458.8,6469
NSE,NIFTY,2025-07-02,15:20:00,25459.5,25459.65,25440.05,25446.3,6470
NSE,NIFTY,2025-07-02,15:25:00,25447.2,25452.55,25443.15,25447.25,6471
NSE,NIFTY,2025-07-02,15:30:00,25447.2,25451.95,25441.3,25443.8,6472
NSE,NIFTY,2025-07-03,09:15:00,25505.1,25518.25,25493.5,25503.2,6500
NSE,NIFTY,2025-07-03,09:20:00,25504.35,25535.15,25485.45,25531.15,6501
NSE,NIFTY,2025-07-03,09:25:00,25530.7,25536.7,25459.85,25472.9,6502
NSE,NIFTY,2025-07-03,09:30:00,25472.65,25477.2,25429.9,25447.9,6503
NSE,NIFTY,2025-07-03,09:35:00,25444.4,25469.4,25436.25,25462.75,6504
NSE,NIFTY,2025-07-03,09:40:00,25461.8,25496.15,25453.85,25462.6,6505
NSE,NIFTY,2025-07-03,09:45:00,25462.3,25508.95,25462.0,25506.5,6506
NSE,NIFTY,2025-07-03,09:50:00,25506.6,25523.95,25495.2,25520.7,6507
NSE,NIFTY,2025-07-03,09:55:00,25521.8,25537.85,25502.35,25530.45,6508
NSE,NIFTY,2025-07-03,10:00:00,25530.55,25551.85,25528.9,25548.95,6509
NSE,NIFTY,2025-07-03,10:05:00,25548.6,25559.55,25533.4,25539.4,6510
NSE,NIFTY,2025-07-03,10:10:00,25540.6,25551.6,25529.6,25545.35,6511
NSE,NIFTY,2025-07-03,10:15:00,25547.05,25557.8,25533.95,25541.4,6512
NSE,NIFTY,2025-07-03,10:20:00,25541.45,25553.1,25534.1,25544.4,6513
NSE,NIFTY,2025-07-03,10:25:00,25543.8,25559.8,25532.15,25559.8,6514
NSE,NIFTY,2025-07-03,10:30:00,25559.55,25567.35,25551.6,25555.25,6515
NSE,NIFTY,2025-07-03,10:35:00,25555.85,25564.5,25553.75,25555.45,6516
NSE,NIFTY,2025-07-03,10:40:00,25555.15,25562.25,25547.95,25551.5,6517
NSE,NIFTY,2025-07-03,10:45:00,25551.85,25554.5,25544.7,25546.15,6518
NSE,NIFTY,2025-07-03,10:50:00,25545.45,25552.2,25537.55,25552.1,6519
NSE,NIFTY,2025-07-03,10:55:00,25552.15,25552.6,25531.2,25537.15,6520
NSE,NIFTY,2025-07-03,11:00:00,25535.45,25547.9,25526.45,25547.15,6521
NSE,NIFTY,2025-07-03,11:05:00,25546.7,25549.65,25541.2,25546.25,6522
NSE,NIFTY,2025-07-03,11:10:00,25545.35,25567.1,25543.55,25556.0,6523
NSE,NIFTY,2025-07-03,11:15:00,25555.45,25563.7,25549.6,25560.45,6524
NSE,NIFTY,2025-07-03,11:20:00,25559.2,25565.65,25549.3,25555.1,6525
NSE,NIFTY,2025-07-03,11:25:00,25554.0,25572.2,25551.75,25570.5,6526
NSE,NIFTY,2025-07-03,11:30:00,25570.7,25576.3,25538.35,25543.7,6527
NSE,NIFTY,2025-07-03,11:35:00,25544.35,25550.5,25538.95,25545.5,6528
NSE,NIFTY,2025-07-03,11:40:00,25544.75,25552.45,25535.4,25549.2,6529
NSE,NIFTY,2025-07-03,11:45:00,25548.9,25549.9,25504.1,25514.65,6530
NSE,NIFTY,2025-07-03,11:50:00,25514.0,25514.55,25484.85,25502.55,6531
NSE,NIFTY,2025-07-03,11:55:00,25502.6,25516.65,25501.3,25514.35,6532
NSE,NIFTY,2025-07-03,12:00:00,25512.95,25521.4,25507.25,25515.3,6533
NSE,NIFTY,2025-07-03,12:05:00,25514.15,25517.8,25501.05,25508.65,6534
NSE,NIFTY,2025-07-03,12:10:00,25508.75,25510.0,25502.45,25505.55,6535
NSE,NIFTY,2025-07-03,12:15:00,25505.25,25508.6,25499.85,25501.5,6536
NSE,NIFTY,2025-07-03,12:20:00,25500.9,25501.05,25486.45,25496.4,6537
NSE,NIFTY,2025-07-03,12:25:00,25495.2,25505.95,25490.5,25501.3,6538
NSE,NIFTY,2025-07-03,12:30:00,25499.65,25515.45,25498.45,25510.2,6539
NSE,NIFTY,2025-07-03,12:35:00,25509.95,25514.6,25505.75,25510.2,6540
NSE,NIFTY,2025-07-03,12:40:00,25509.8,25514.0,25505.05,25513.6,6541
NSE,NIFTY,2025-07-03,12:45:00,25513.0,25538.55,25511.4,25517.15,6542
NSE,NIFTY,2025-07-03,12:50:00,25516.85,25526.9,25512.75,25520.5,6543
NSE,NIFTY,2025-07-03,12:55:00,25519.9,25521.9,25512.1,25518.6,6544
NSE,NIFTY,2025-07-03,13:00:00,25517.7,25519.3,25510.05,25512.6,6545
NSE,NIFTY,2025-07-03,13:05:00,25511.6,25511.6,25496.6,25503.0,6546
NSE,NIFTY,2025-07-03,13:10:00,25502.4,25506.8,25496.9,25504.9,6547
NSE,NIFTY,2025-07-03,13:15:00,25503.45,25509.3,25500.2,25509.15,6548
NSE,NIFTY,2025-07-03,13:20:00,25507.45,25509.95,25479.75,25501.15,6549
NSE,NIFTY,2025-07-03,13:25:00,25500.05,25505.65,25497.2,25504.2,6550
NSE,NIFTY,2025-07-03,13:30:00,25502.5,25504.95,25497.2,25504.45,6551
NSE,NIFTY,2025-07-03,13:35:00,25503.25,25525.1,25495.6,25521.7,6552
NSE,NIFTY,2025-07-03,13:40:00,25521.8,25586.95,25521.8,25581.25,6553
NSE,NIFTY,2025-07-03,13:45:00,25580.85,25587.15,25559.1,25568.9,6554
NSE,NIFTY,2025-07-03,13:50:00,25567.0,25570.2,25493.95,25499.9,6555
NSE,NIFTY,2025-07-03,13:55:00,25500.3,25511.95,25500.25,25511.1,6556
NSE,NIFTY,2025-07-03,14:00:00,25509.75,25513.35,25480.0,25499.1,6557
NSE,NIFTY,2025-07-03,14:05:00,25498.9,25509.15,25497.75,25506.0,6558
NSE,NIFTY,2025-07-03,14:10:00,25504.5,25506.6,25493.6,25505.25,6559
NSE,NIFTY,2025-07-03,14:15:00,25501.35,25505.6,25490.05,25495.15,6560
NSE,NIFTY,2025-07-03,14:20:00,25494.1,25495.15,25481.25,25484.25,6561
NSE,NIFTY,2025-07-03,14:25:00,25483.8,25485.35,25465.7,25468.85,6562
NSE,NIFTY,2025-07-03,14:30:00,25468.25,25472.55,25438.15,25446.7,6563
NSE,NIFTY,2025-07-03,14:35:00,25446.35,25447.6,25408.95,25415.8,6564
NSE,NIFTY,2025-07-03,14:40:00,25415.6,25421.95,25384.65,25409.45,6565
NSE,NIFTY,2025-07-03,14:45:00,25407.6,25415.9,25398.65,25411.95,6566
NSE,NIFTY,2025-07-03,14:50:00,25410.85,25448.6,25395.95,25402.0,6567
NSE,NIFTY,2025-07-03,14:55:00,25401.15,25418.9,25393.3,25415.65,6568
NSE,NIFTY,2025-07-03,15:00:00,25416.2,25420.95,25401.45,25414.95,6569
NSE,NIFTY,2025-07-03,15:05:00,25414.15,25420.0,25397.7,25401.9,6570
NSE,NIFTY,2025-07-03,15:10:00,25401.35,25421.8,25398.4,25419.9,6571
NSE,NIFTY,2025-07-03,15:15:00,25419.1,25424.35,25395.95,25398.85,6572
NSE,NIFTY,2025-07-03,15:20:00,25398.2,25418.45,25397.6,25402.95,6573
NSE,NIFTY,2025-07-03,15:25:00,25403.15,25404.1,25392.55,25395.9,6574
NSE,NIFTY,2025-07-03,15:30:00,25395.3,25402.8,25388.65,25397.3,6575
NSE,NIFTY,2025-07-04,09:15:00,25428.85,25458.65,25412.2,25433.9,6603
NSE,NIFTY,2025-07-04,09:20:00,25430.2,25445.7,25406.4,25414.6,6604
NSE,NIFTY,2025-07-04,09:25:00,25415.3,25428.35,25393.95,25423.55,6605
NSE,NIFTY,2025-07-04,09:30:00,25423.25,25442.95,25421.8,25427.75,6606
NSE,NIFTY,2025-07-04,09:35:00,25427.45,25427.85,25397.1,25398.6,6607
NSE,NIFTY,2025-07-04,09:40:00,25399.1,25401.25,25370.55,25371.35,6608
NSE,NIFTY,2025-07-04,09:45:00,25371.45,25396.5,25371.2,25393.05,6609
NSE,NIFTY,2025-07-04,09:50:00,25393.3,25403.25,25390.5,25391.65,6610
NSE,NIFTY,2025-07-04,09:55:00,25391.45,25411.25,25387.3,25407.55,6611
NSE,NIFTY,2025-07-04,10:00:00,25407.9,25421.05,25394.9,25421.05,6612
NSE,NIFTY,2025-07-04,10:05:00,25420.05,25423.55,25403.35,25405.3,6613
NSE,NIFTY,2025-07-04,10:10:00,25405.6,25415.2,25397.75,25411.7,6614
NSE,NIFTY,2025-07-04,10:15:00,25411.65,25414.75,25400.3,25408.15,6615
NSE,NIFTY,2025-07-04,10:20:00,25408.55,25417.45,25395.75,25403.35,6616
NSE,NIFTY,2025-07-04,10:25:00,25403.5,25420.15,25402.85,25419.25,6617
NSE,NIFTY,2025-07-04,10:30:00,25420.3,25420.55,25407.0,25409.4,6618
NSE,NIFTY,2025-07-04,10:35:00,25409.3,25413.85,25401.1,25407.1,6619
NSE,NIFTY,2025-07-04,10:40:00,25407.25,25415.25,25404.15,25414.5,6620
NSE,NIFTY,2025-07-04,10:45:00,25413.6,25418.4,25409.65,25418.0,6621
NSE,NIFTY,2025-07-04,10:50:00,25418.25,25421.4,25406.7,25414.15,6622
NSE,NIFTY,2025-07-04,10:55:00,25415.55,25423.85,25410.05,25422.25,6623
NSE,NIFTY,2025-07-04,11:00:00,25422.75,25424.35,25415.7,25421.6,6624
NSE,NIFTY,2025-07-04,11:05:00,25421.3,25426.85,25417.65,25424.65,6625
NSE,NIFTY,2025-07-04,11:10:00,25424.5,25424.8,25412.0,25412.9,6626
NSE,NIFTY,2025-07-04,11:15:00,25412.5,25424.4,25410.25,25422.25,6627
NSE,NIFTY,2025-07-04,11:20:00,25422.95,25424.95,25413.1,25413.9,6628
NSE,NIFTY,2025-07-04,11:25:00,25413.7,25415.85,25389.25,25396.45,6629
NSE,NIFTY,2025-07-04,11:30:00,25396.2,25404.95,25394.65,25404.25,6630
NSE,NIFTY,2025-07-04,11:35:00,25404.8,25405.05,25395.0,25395.0,6631
NSE,NIFTY,2025-07-04,11:40:00,25395.15,25396.25,25374.8,25377.75,6632
NSE,NIFTY,2025-07-04,11:45:00,25378.35,25378.35,25347.7,25349.5,6633
NSE,NIFTY,2025-07-04,11:50:00,25349.9,25353.5,25333.95,25346.2,6634
NSE,NIFTY,2025-07-04,11:55:00,25347.45,25355.65,25336.35,25339.45,6635
NSE,NIFTY,2025-07-04,12:00:00,25338.55,25348.1,25334.9,25340.35,6636
NSE,NIFTY,2025-07-04,12:05:00,25341.15,25353.6,25333.6,25346.5,6637
NSE,NIFTY,2025-07-04,12:10:00,25346.2,25355.6,25335.3,25353.75,6638
NSE,NIFTY,2025-07-04,12:15:00,25352.7,25359.45,25347.7,25351.6,6639
NSE,NIFTY,2025-07-04,12:20:00,25351.75,25360.6,25347.5,25353.5,6640
NSE,NIFTY,2025-07-04,12:25:00,25351.85,25359.5,25350.0,25351.45,6641
NSE,NIFTY,2025-07-04,12:30:00,25349.8,25353.1,25345.45,25350.95,6642
NSE,NIFTY,2025-07-04,12:35:00,25352.0,25367.15,25350.95,25358.75,6643
NSE,NIFTY,2025-07-04,12:40:00,25358.45,25363.6,25352.9,25359.15,6644
NSE,NIFTY,2025-07-04,12:45:00,25359.55,25365.2,25358.15,25359.8,6645
NSE,NIFTY,2025-07-04,12:50:00,25361.25,25368.0,25356.3,25358.0,6646
NSE,NIFTY,2025-07-04,12:55:00,25359.5,25361.35,25352.45,25355.45,6647
NSE,NIFTY,2025-07-04,13:00:00,25356.1,25362.6,25353.4,25358.35,6648
NSE,NIFTY,2025-07-04,13:05:00,25357.5,25363.9,25354.25,25360.95,6649
NSE,NIFTY,2025-07-04,13:10:00,25360.8,25370.25,25360.3,25362.0,6650
NSE,NIFTY,2025-07-04,13:15:00,25362.75,25374.95,25358.7,25370.9,6651
NSE,NIFTY,2025-07-04,13:20:00,25371.35,25372.9,25358.45,25358.95,6652
NSE,NIFTY,2025-07-04,13:25:00,25359.85,25369.4,25358.5,25367.25,6653
NSE,NIFTY,2025-07-04,13:30:00,25367.35,25372.25,25362.6,25364.15,6654
NSE,NIFTY,2025-07-04,13:35:00,25364.4,25376.9,25363.65,25374.05,6655
NSE,NIFTY,2025-07-04,13:40:00,25373.7,25381.1,25370.8,25372.4,6656
NSE,NIFTY,2025-07-04,13:45:00,25372.8,25378.3,25369.9,25375.05,6657
NSE,NIFTY,2025-07-04,13:50:00,25375.05,25377.3,25365.8,25373.85,6658
NSE,NIFTY,2025-07-04,13:55:00,25374.5,25380.75,25371.1,25372.1,6659
NSE,NIFTY,2025-07-04,14:00:00,25373.15,25388.7,25366.1,25386.05,6660
NSE,NIFTY,2025-07-04,14:05:00,25386.45,25388.35,25366.2,25375.85,6661
NSE,NIFTY,2025-07-04,14:10:00,25376.65,25385.4,25375.5,25383.1,6662
NSE,NIFTY,2025-07-04,14:15:00,25382.75,25388.4,25379.35,25382.95,6663
NSE,NIFTY,2025-07-04,14:20:00,25382.4,25385.85,25376.85,25382.15,6664
NSE,NIFTY,2025-07-04,14:25:00,25381.95,25388.15,25373.5,25384.45,6665
NSE,NIFTY,2025-07-04,14:30:00,25384.75,25391.8,25383.4,25387.6,6666
NSE,NIFTY,2025-07-04,14:35:00,25386.85,25413.35,25385.75,25412.75,6667
NSE,NIFTY,2025-07-04,14:40:00,25412.55,25454.05,25412.0,25450.1,6668
NSE,NIFTY,2025-07-04,14:45:00,25450.7,25460.15,25438.0,25457.0,6669
NSE,NIFTY,2025-07-04,14:50:00,25456.8,25462.95,25443.15,25447.85,6670
NSE,NIFTY,2025-07-04,14:55:00,25448.25,25450.9,25438.85,25444.45,6671
NSE,NIFTY,2025-07-04,15:00:00,25445.85,25457.95,25442.75,25456.4,6672
NSE,NIFTY,2025-07-04,15:05:00,25457.95,25462.1,25452.4,25461.55,6673
NSE,NIFTY,2025-07-04,15:10:00,25461.55,25464.65,25454.35,25462.05,6674
NSE,NIFTY,2025-07-04,15:15:00,25463.05,25466.4,25458.55,25462.7,6675
NSE,NIFTY,2025-07-04,15:20:00,25462.8,25464.2,25449.3,25455.3,6676
NSE,NIFTY,2025-07-04,15:25:00,25457.85,25465.1,25453.85,25461.05,6677
NSE,NIFTY,2025-07-04,15:30:00,25462.3,25469.75,25459.15,25467.1,6678
NSE,NIFTY,2025-07-07,09:15:00,25450.45,25460.95,25416.8,25440.15,6706
NSE,NIFTY,2025-07-07,09:20:00,25438.55,25454.25,25408.2,25453.85,6707
NSE,NIFTY,2025-07-07,09:25:00,25454.15,25478.1,25444.35,25448.15,6708
NSE,NIFTY,2025-07-07,09:30:00,25447.05,25452.75,25433.7,25447.6,6709
NSE,NIFTY,2025-07-07,09:35:00,25447.8,25482.75,25443.05,25481.0,6710
NSE,NIFTY,2025-07-07,09:40:00,25481.55,25489.65,25470.45,25475.7,6711
NSE,NIFTY,2025-07-07,09:45:00,25474.2,25474.75,25446.7,25448.95,6712
NSE,NIFTY,2025-07-07,09:50:00,25448.15,25452.95,25440.95,25443.05,6713
NSE,NIFTY,2025-07-07,09:55:00,25442.7,25471.7,25438.9,25471.5,6714
NSE,NIFTY,2025-07-07,10:00:00,25470.25,25473.3,25459.0,25465.5,6715
NSE,NIFTY,2025-07-07,10:05:00,25466.2,25469.3,25453.05,25454.25,6716
NSE,NIFTY,2025-07-07,10:10:00,25453.9,25455.0,25417.05,25419.9,6717
NSE,NIFTY,2025-07-07,10:15:00,25421.3,25439.55,25421.3,25436.5,6718
NSE,NIFTY,2025-07-07,10:20:00,25436.4,25446.25,25427.45,25433.25,6719
NSE,NIFTY,2025-07-07,10:25:00,25432.0,25443.1,25431.05,25440.9,6720
NSE,NIFTY,2025-07-07,10:30:00,25440.9,25444.65,25432.7,25435.8,6721
NSE,NIFTY,2025-07-07,10:35:00,25435.65,25452.7,25435.4,25440.2,6722
NSE,NIFTY,2025-07-07,10:40:00,25439.05,25445.25,25434.8,25440.45,6723
NSE,NIFTY,2025-07-07,10:45:00,25441.7,25455.4,25438.55,25449.95,6724
NSE,NIFTY,2025-07-07,10:50:00,25450.45,25459.4,25447.55,25449.7,6725
NSE,NIFTY,2025-07-07,10:55:00,25449.55,25468.45,25448.85,25462.1,6726
NSE,NIFTY,2025-07-07,11:00:00,25461.8,25478.0,25456.15,25472.95,6727
NSE,NIFTY,2025-07-07,11:05:00,25472.55,25478.75,25465.8,25469.65,6728
NSE,NIFTY,2025-07-07,11:10:00,25468.7,25474.35,25467.7,25472.2,6729
NSE,NIFTY,2025-07-07,11:15:00,25473.25,25473.6,25450.05,25457.15,6730
NSE,NIFTY,2025-07-07,11:20:00,25457.8,25461.65,25453.6,25454.8,6731
NSE,NIFTY,2025-07-07,11:25:00,25455.45,25457.5,25447.15,25453.4,6732
NSE,NIFTY,2025-07-07,11:30:00,25453.0,25455.55,25447.8,25454.85,6733
NSE,NIFTY,2025-07-07,11:35:00,25453.15,25454.8,25446.8,25451.5,6734
NSE,NIFTY,2025-07-07,11:40:00,25451.4,25454.95,25447.3,25450.75,6735
NSE,NIFTY,2025-07-07,11:45:00,25450.2,25456.25,25449.25,25451.3,6736
NSE,NIFTY,2025-07-07,11:50:00,25451.6,25453.0,25433.95,25439.3,6737
NSE,NIFTY,2025-07-07,11:55:00,25440.4,25445.4,25435.95,25438.3,6738
NSE,NIFTY,2025-07-07,12:00:00,25437.55,25442.2,25434.4,25442.05,6739
NSE,NIFTY,2025-07-07,12:05:00,25441.05,25443.8,25428.1,25431.95,6740
NSE,NIFTY,2025-07-07,12:10:00,25432.6,25436.8,25425.2,25426.0,6741
NSE,NIFTY,2025-07-07,12:15:00,25426.65,25433.25,25423.15,25425.55,6742
NSE,NIFTY,2025-07-07,12:20:00,25424.9,25433.15,25421.25,25431.6,6743
NSE,NIFTY,2025-07-07,12:25:00,25432.55,25452.1,25431.7,25451.25,6744
NSE,NIFTY,2025-07-07,12:30:00,25450.65,25452.85,25445.3,25450.85,6745
NSE,NIFTY,2025-07-07,12:35:00,25449.6,25453.25,25444.5,25447.05,6746
NSE,NIFTY,2025-07-07,12:40:00,25446.8,25447.45,25441.85,25443.25,6747
NSE,NIFTY,2025-07-07,12:45:00,25443.0,25450.5,25441.95,25448.5,6748
NSE,NIFTY,2025-07-07,12:50:00,25448.35,25448.8,25435.4,25440.75,6749
NSE,NIFTY,2025-07-07,12:55:00,25439.65,25447.25,25437.3,25445.5,6750
NSE,NIFTY,2025-07-07,13:00:00,25445.15,25446.65,25417.15,25419.1,6751
NSE,NIFTY,2025-07-07,13:05:00,25418.75,25435.5,25418.25,25431.9,6752
NSE,NIFTY,2025-07-07,13:10:00,25431.85,25444.65,25430.2,25442.9,6753
NSE,NIFTY,2025-07-07,13:15:00,25442.9,25455.35,25439.25,25447.95,6754
NSE,NIFTY,2025-07-07,13:20:00,25447.1,25460.4,25446.55,25457.55,6755
NSE,NIFTY,2025-07-07,13:25:00,25456.75,25459.3,25453.3,25457.15,6756
NSE,NIFTY,2025-07-07,13:30:00,25455.7,25458.1,25444.25,25447.25,6757
NSE,NIFTY,2025-07-07,13:35:00,25446.7,25453.1,25444.05,25450.75,6758
NSE,NIFTY,2025-07-07,13:40:00,25449.25,25454.15,25447.5,25452.75,6759
NSE,NIFTY,2025-07-07,13:45:00,25452.85,25455.7,25444.35,25454.6,6760
NSE,NIFTY,2025-07-07,13:50:00,25453.5,25458.1,25451.75,25456.2,6761
NSE,NIFTY,2025-07-07,13:55:00,25455.8,25458.35,25438.7,25449.4,6762
NSE,NIFTY,2025-07-07,14:00:00,25449.75,25455.95,25447.55,25449.55,6763
NSE,NIFTY,2025-07-07,14:05:00,25449.6,25467.8,25446.8,25466.2,6764
NSE,NIFTY,2025-07-07,14:10:00,25465.4,25467.35,25453.05,25455.45,6765
NSE,NIFTY,2025-07-07,14:15:00,25456.0,25461.3,25450.45,25452.15,6766
NSE,NIFTY,2025-07-07,14:20:00,25452.4,25458.6,25449.45,25457.0,6767
NSE,NIFTY,2025-07-07,14:25:00,25456.4,25465.25,25455.15,25458.4,6768
NSE,NIFTY,2025-07-07,14:30:00,25458.95,25463.35,25451.85,25454.8,6769
NSE,NIFTY,2025-07-07,14:35:00,25455.45,25455.45,25415.85,25434.3,6770
NSE,NIFTY,2025-07-07,14:40:00,25435.9,25440.85,25424.65,25428.35,6771
NSE,NIFTY,2025-07-07,14:45:00,25429.3,25433.7,25421.3,25425.6,6772
NSE,NIFTY,2025-07-07,14:50:00,25425.65,25429.55,25419.55,25425.55,6773
NSE,NIFTY,2025-07-07,14:55:00,25425.0,25430.55,25421.55,25424.35,6774
NSE,NIFTY,2025-07-07,15:00:00,25424.25,25456.15,25422.6,25455.55,6775
NSE,NIFTY,2025-07-07,15:05:00,25455.45,25464.25,25454.0,25458.7,6776
NSE,NIFTY,2025-07-07,15:10:00,25459.25,25466.6,25452.4,25460.85,6777
NSE,NIFTY,2025-07-07,15:15:00,25461.2,25463.8,25456.15,25459.75,6778
NSE,NIFTY,2025-07-07,15:20:00,25460.1,25461.75,25455.6,25458.4,6779
NSE,NIFTY,2025-07-07,15:25:00,25458.65,25467.2,25458.3,25463.55,6780
NSE,NIFTY,2025-07-07,15:30:00,25464.35,25473.2,25453.35,25454.35,6781
NSE,NIFTY,2025-07-08,09:15:00,25427.85,25452.15,25427.85,25438.6,6809
NSE,NIFTY,2025-07-08,09:20:00,25437.55,25466.5,25432.9,25463.25,6810
NSE,NIFTY,2025-07-08,09:25:00,25465.7,25488.0,25461.8,25486.65,6811
NSE,NIFTY,2025-07-08,09:30:00,25486.3,25489.2,25471.45,25485.15,6812
NSE,NIFTY,2025-07-08,09:35:00,25486.65,25494.7,25458.35,25463.05,6813
NSE,NIFTY,2025-07-08,09:40:00,25463.25,25475.8,25458.5,25475.0,6814
NSE,NIFTY,2025-07-08,09:45:00,25475.3,25484.3,25467.05,25468.5,6815
NSE,NIFTY,2025-07-08,09:50:00,25468.35,25484.85,25467.65,25480.85,6816
NSE,NIFTY,2025-07-08,09:55:00,25481.7,25484.6,25466.1,25468.0,6817
NSE,NIFTY,2025-07-08,10:00:00,25468.65,25472.85,25448.55,25448.6,6818
NSE,NIFTY,2025-07-08,10:05:00,25447.6,25462.7,25446.05,25455.75,6819
NSE,NIFTY,2025-07-08,10:10:00,25454.8,25458.4,25446.35,25449.05,6820
NSE,NIFTY,2025-07-08,10:15:00,25448.2,25453.6,25442.95,25448.7,6821
NSE,NIFTY,2025-07-08,10:20:00,25448.25,25460.55,25441.75,25458.6,6822
NSE,NIFTY,2025-07-08,10:25:00,25459.3,25459.7,25445.6,25448.45,6823
NSE,NIFTY,2025-07-08,10:30:00,25449.1,25452.85,25445.9,25447.8,6824
NSE,NIFTY,2025-07-08,10:35:00,25446.65,25450.95,25439.8,25449.65,6825
NSE,NIFTY,2025-07-08,10:40:00,25450.3,25454.95,25448.85,25451.8,6826
NSE,NIFTY,2025-07-08,10:45:00,25452.1,25455.6,25444.6,25446.8,6827
NSE,NIFTY,2025-07-08,10:50:00,25445.9,25449.2,25432.3,25441.15,6828
NSE,NIFTY,2025-07-08,10:55:00,25440.45,25446.2,25438.55,25442.8,6829
NSE,NIFTY,2025-07-08,11:00:00,25443.65,25454.95,25441.6,25451.45,6830
NSE,NIFTY,2025-07-08,11:05:00,25451.05,25452.45,25435.0,25436.1,6831
NSE,NIFTY,2025-07-08,11:10:00,25436.55,25440.6,25431.05,25433.6,6832
NSE,NIFTY,2025-07-08,11:15:00,25433.6,25443.15,25433.2,25438.1,6833
NSE,NIFTY,2025-07-08,11:20:00,25438.15,25440.85,25434.1,25438.45,6834
NSE,NIFTY,2025-07-08,11:25:00,25438.05,25440.55,25432.3,25435.5,6835
NSE,NIFTY,2025-07-08,11:30:00,25435.55,25449.6,25434.25,25449.1,6836
NSE,NIFTY,2025-07-08,11:35:00,25448.8,25455.5,25445.65,25447.35,6837
NSE,NIFTY,2025-07-08,11:40:00,25446.75,25448.15,25439.7,25441.15,6838
NSE,NIFTY,2025-07-08,11:45:00,25441.9,25441.9,25434.75,25439.55,6839
NSE,NIFTY,2025-07-08,11:50:00,25439.3,25444.15,25433.7,25439.35,6840
NSE,NIFTY,2025-07-08,11:55:00,25438.6,25446.3,25434.15,25443.95,6841
NSE,NIFTY,2025-07-08,12:00:00,25443.6,25453.1,25443.15,25448.85,6842
NSE,NIFTY,2025-07-08,12:05:00,25448.3,25453.95,25445.4,25453.95,6843
NSE,NIFTY,2025-07-08,12:10:00,25453.4,25461.1,25450.45,25459.0,6844
NSE,NIFTY,2025-07-08,12:15:00,25458.6,25459.65,25449.85,25452.7,6845
NSE,NIFTY,2025-07-08,12:20:00,25452.05,25456.55,25450.05,25454.85,6846
NSE,NIFTY,2025-07-08,12:25:00,25454.25,25460.35,25449.4,25460.35,6847
NSE,NIFTY,2025-07-08,12:30:00,25458.9,25470.55,25458.1,25467.2,6848
NSE,NIFTY,2025-07-08,12:35:00,25467.1,25477.0,25466.2,25475.95,6849
NSE,NIFTY,2025-07-08,12:40:00,25475.8,25477.55,25469.75,25471.7,6850
NSE,NIFTY,2025-07-08,12:45:00,25471.15,25471.9,25441.6,25471.3,6851
NSE,NIFTY,2025-07-08,12:50:00,25471.65,25474.1,25464.9,25472.3,6852
NSE,NIFTY,2025-07-08,12:55:00,25471.05,25477.65,25469.3,25474.6,6853
NSE,NIFTY,2025-07-08,13:00:00,25474.25,25478.7,25467.45,25470.0,6854
NSE,NIFTY,2025-07-08,13:05:00,25470.55,25476.4,25466.35,25468.7,6855
NSE,NIFTY,2025-07-08,13:10:00,25467.75,25480.25,25466.9,25469.9,6856
NSE,NIFTY,2025-07-08,13:15:00,25470.3,25476.8,25468.5,25475.7,6857
NSE,NIFTY,2025-07-08,13:20:00,25475.85,25477.4,25471.4,25476.5,6858
NSE,NIFTY,2025-07-08,13:25:00,25476.25,25477.85,25467.5,25469.35,6859
NSE,NIFTY,2025-07-08,13:30:00,25468.85,25474.05,25464.5,25471.85,6860
NSE,NIFTY,2025-07-08,13:35:00,25471.3,25472.9,25447.15,25460.05,6861
NSE,NIFTY,2025-07-08,13:40:00,25459.35,25464.25,25457.0,25461.35,6862
NSE,NIFTY,2025-07-08,13:45:00,25462.25,25473.25,25459.8,25472.2,6863
NSE,NIFTY,2025-07-08,13:50:00,25473.15,25475.6,25470.15,25473.7,6864
NSE,NIFTY,2025-07-08,13:55:00,25473.8,25478.8,25471.85,25477.75,6865
NSE,NIFTY,2025-07-08,14:00:00,25477.45,25478.0,25471.1,25474.6,6866
NSE,NIFTY,2025-07-08,14:05:00,25473.9,25476.7,25469.7,25471.15,6867
NSE,NIFTY,2025-07-08,14:10:00,25471.2,25473.6,25466.15,25472.15,6868
NSE,NIFTY,2025-07-08,14:15:00,25473.4,25475.0,25448.85,25460.6,6869
NSE,NIFTY,2025-07-08,14:20:00,25460.5,25463.95,25456.85,25458.25,6870
NSE,NIFTY,2025-07-08,14:25:00,25456.5,25461.8,25455.65,25460.5,6871
NSE,NIFTY,2025-07-08,14:30:00,25460.25,25465.4,25457.05,25457.2,6872
NSE,NIFTY,2025-07-08,14:35:00,25458.45,25466.15,25456.6,25463.1,6873
NSE,NIFTY,2025-07-08,14:40:00,25464.05,25465.2,25447.45,25455.05,6874
NSE,NIFTY,2025-07-08,14:45:00,25455.8,25459.1,25452.25,25453.2,6875
NSE,NIFTY,2025-07-08,14:50:00,25453.8,25459.05,25450.75,25455.3,6876
NSE,NIFTY,2025-07-08,14:55:00,25457.6,25474.0,25451.95,25472.35,6877
NSE,NIFTY,2025-07-08,15:00:00,25473.1,25487.65,25467.2,25487.65,6878
NSE,NIFTY,2025-07-08,15:05:00,25487.6,25507.4,25486.65,25506.95,6879
NSE,NIFTY,2025-07-08,15:10:00,25507.25,25529.25,25506.9,25521.5,6880
NSE,NIFTY,2025-07-08,15:15:00,25521.65,25538.9,25515.35,25535.2,6881
NSE,NIFTY,2025-07-08,15:20:00,25535.4,25547.4,25517.3,25521.35,6882
NSE,NIFTY,2025-07-08,15:25:00,25520.5,25524.85,25517.95,25524.8,6883
NSE,NIFTY,2025-07-08,15:30:00,25524.7,25535.45,25519.6,25524.5,6884
NSE,NIFTY,2025-07-09,09:15:00,25514.6,25522.6,25497.3,25503.95,6912
NSE,NIFTY,2025-07-09,09:20:00,25507.1,25512.8,25478.7,25484.8,6913
NSE,NIFTY,2025-07-09,09:25:00,25485.25,25500.7,25484.55,25491.25,6914
NSE,NIFTY,2025-07-09,09:30:00,25491.75,25494.3,25476.85,25484.65,6915
NSE,NIFTY,2025-07-09,09:35:00,25484.35,25495.9,25472.05,25495.75,6916
NSE,NIFTY,2025-07-09,09:40:00,25495.05,25495.55,25487.6,25489.9,6917
NSE,NIFTY,2025-07-09,09:45:00,25490.1,25490.8,25477.65,25480.45,6918
NSE,NIFTY,2025-07-09,09:50:00,25478.85,25490.55,25478.55,25489.45,6919
NSE,NIFTY,2025-07-09,09:55:00,25489.0,25497.0,25486.5,25490.9,6920
NSE,NIFTY,2025-07-09,10:00:00,25491.7,25519.45,25491.6,25516.4,6921
NSE,NIFTY,2025-07-09,10:05:00,25515.9,25517.4,25504.25,25506.7,6922
NSE,NIFTY,2025-07-09,10:10:00,25506.9,25514.0,25503.6,25513.75,6923
NSE,NIFTY,2025-07-09,10:15:00,25512.95,25536.3,25512.95,25535.5,6924
NSE,NIFTY,2025-07-09,10:20:00,25535.45,25537.1,25522.45,25532.45,6925
NSE,NIFTY,2025-07-09,10:25:00,25532.65,25533.5,25527.05,25533.1,6926
NSE,NIFTY,2025-07-09,10:30:00,25532.6,25537.25,25516.15,25521.6,6927
NSE,NIFTY,2025-07-09,10:35:00,25521.1,25527.5,25517.9,25524.35,6928
NSE,NIFTY,2025-07-09,10:40:00,25524.4,25527.0,25521.0,25525.05,6929
NSE,NIFTY,2025-07-09,10:45:00,25525.9,25530.6,25521.6,25530.35,6930
NSE,NIFTY,2025-07-09,10:50:00,25530.05,25531.5,25516.5,25528.75,6931
NSE,NIFTY,2025-07-09,10:55:00,25529.4,25530.05,25523.75,25525.85,6932
NSE,NIFTY,2025-07-09,11:00:00,25525.95,25527.6,25521.95,25524.75,6933
NSE,NIFTY,2025-07-09,11:05:00,25524.8,25526.8,25515.75,25521.5,6934
NSE,NIFTY,2025-07-09,11:10:00,25520.3,25525.95,25519.7,25524.3,6935
NSE,NIFTY,2025-07-09,11:15:00,25524.35,25548.7,25522.55,25544.9,6936
NSE,NIFTY,2025-07-09,11:20:00,25545.35,25545.75,25536.8,25538.6,6937
NSE,NIFTY,2025-07-09,11:25:00,25539.6,25540.25,25533.15,25540.25,6938
NSE,NIFTY,2025-07-09,11:30:00,25539.7,25546.55,25537.45,25546.05,6939
NSE,NIFTY,2025-07-09,11:35:00,25545.95,25547.3,25538.5,25541.45,6940
NSE,NIFTY,2025-07-09,11:40:00,25541.45,25544.45,25534.4,25536.75,6941
NSE,NIFTY,2025-07-09,11:45:00,25535.75,25539.65,25528.45,25530.15,6942
NSE,NIFTY,2025-07-09,11:50:00,25530.35,25534.1,25527.2,25528.15,6943
NSE,NIFTY,2025-07-09,11:55:00,25527.9,25528.2,25503.25,25520.05,6944
NSE,NIFTY,2025-07-09,12:00:00,25520.5,25524.85,25518.3,25519.25,6945
NSE,NIFTY,2025-07-09,12:05:00,25519.15,25522.15,25515.65,25521.7,6946
NSE,NIFTY,2025-07-09,12:10:00,25520.4,25533.95,25517.5,25533.95,6947
NSE,NIFTY,2025-07-09,12:15:00,25532.65,25541.65,25530.5,25541.25,6948
NSE,NIFTY,2025-07-09,12:20:00,25541.25,25542.1,25534.8,25536.65,6949
NSE,NIFTY,2025-07-09,12:25:00,25536.65,25541.1,25530.7,25540.65,6950
NSE,NIFTY,2025-07-09,12:30:00,25540.65,25541.95,25537.05,25541.55,6951
NSE,NIFTY,2025-07-09,12:35:00,25541.1,25544.25,25534.65,25539.15,6952
NSE,NIFTY,2025-07-09,12:40:00,25538.2,25545.1,25536.7,25544.35,6953
NSE,NIFTY,2025-07-09,12:45:00,25543.9,25545.95,25530.2,25531.2,6954
NSE,NIFTY,2025-07-09,12:50:00,25531.6,25536.9,25523.0,25535.65,6955
NSE,NIFTY,2025-07-09,12:55:00,25535.0,25537.4,25531.6,25533.0,6956
NSE,NIFTY,2025-07-09,13:00:00,25533.65,25533.85,25528.0,25529.9,6957
NSE,NIFTY,2025-07-09,13:05:00,25529.05,25531.75,25490.5,25514.05,6958
NSE,NIFTY,2025-07-09,13:10:00,25513.8,25518.9,25510.85,25514.7,6959
NSE,NIFTY,2025-07-09,13:15:00,25513.85,25527.55,25512.3,25525.8,6960
NSE,NIFTY,2025-07-09,13:20:00,25526.1,25529.1,25521.8,25526.65,6961
NSE,NIFTY,2025-07-09,13:25:00,25525.45,25537.8,25522.85,25533.7,6962
NSE,NIFTY,2025-07-09,13:30:00,25533.45,25534.2,25526.85,25532.7,6963
NSE,NIFTY,2025-07-09,13:35:00,25532.65,25534.55,25527.95,25530.25,6964
NSE,NIFTY,2025-07-09,13:40:00,25530.6,25531.95,25523.5,25528.35,6965
NSE,NIFTY,2025-07-09,13:45:00,25528.3,25532.85,25525.1,25527.35,6966
NSE,NIFTY,2025-07-09,13:50:00,25526.8,25529.55,25520.85,25522.5,6967
NSE,NIFTY,2025-07-09,13:55:00,25522.05,25526.05,25516.85,25522.3,6968
NSE,NIFTY,2025-07-09,14:00:00,25522.8,25532.55,25521.8,25531.65,6969
NSE,NIFTY,2025-07-09,14:05:00,25531.35,25531.95,25524.35,25525.2,6970
NSE,NIFTY,2025-07-09,14:10:00,25525.4,25526.85,25517.6,25525.95,6971
NSE,NIFTY,2025-07-09,14:15:00,25526.05,25533.2,25522.3,25531.6,6972
NSE,NIFTY,2025-07-09,14:20:00,25532.55,25532.95,25510.85,25519.2,6973
NSE,NIFTY,2025-07-09,14:25:00,25519.6,25521.95,25498.85,25503.05,6974
NSE,NIFTY,2025-07-09,14:30:00,25504.05,25510.8,25480.8,25484.2,6975
NSE,NIFTY,2025-07-09,14:35:00,25484.95,25488.3,25456.35,25467.8,6976
NSE,NIFTY,2025-07-09,14:40:00,25469.7,25480.5,25464.3,25477.35,6977
NSE,NIFTY,2025-07-09,14:45:00,25477.35,25478.25,25463.4,25465.6,6978
NSE,NIFTY,2025-07-09,14:50:00,25466.35,25467.1,25454.4,25460.55,6979
NSE,NIFTY,2025-07-09,14:55:00,25462.2,25462.2,25424.8,25444.9,6980
NSE,NIFTY,2025-07-09,15:00:00,25444.65,25476.0,25443.85,25474.95,6981
NSE,NIFTY,2025-07-09,15:05:00,25474.55,25477.2,25469.35,25476.5,6982
NSE,NIFTY,2025-07-09,15:10:00,25477.0,25480.35,25473.9,25479.5,6983
NSE,NIFTY,2025-07-09,15:15:00,25479.5,25483.1,25477.9,25481.05,6984
NSE,NIFTY,2025-07-09,15:20:00,25481.55,25482.35,25469.0,25475.35,6985
NSE,NIFTY,2025-07-09,15:25:00,25474.0,25479.6,25472.05,25479.45,6986
NSE,NIFTY,2025-07-09,15:30:00,25479.35,25480.3,25464.35,25464.35,6987
NSE,NIFTY,2025-07-10,09:15:00,25511.65,25521.85,25486.5,25495.15,7015
NSE,NIFTY,2025-07-10,09:20:00,25492.75,25503.7,25458.85,25461.65,7016
NSE,NIFTY,2025-07-10,09:25:00,25462.3,25465.95,25447.45,25454.65,7017
NSE,NIFTY,2025-07-10,09:30:00,25456.05,25466.8,25448.0,25453.0,7018
NSE,NIFTY,2025-07-10,09:35:00,25452.6,25455.6,25433.0,25451.65,7019
NSE,NIFTY,2025-07-10,09:40:00,25453.35,25457.15,25431.45,25438.65,7020
NSE,NIFTY,2025-07-10,09:45:00,25438.85,25443.8,25434.15,25443.2,7021
NSE,NIFTY,2025-07-10,09:50:00,25443.15,25454.15,25441.15,25452.45,7022
NSE,NIFTY,2025-07-10,09:55:00,25452.5,25452.7,25413.7,25414.3,7023
NSE,NIFTY,2025-07-10,10:00:00,25414.45,25432.15,25410.5,25432.15,7024
NSE,NIFTY,2025-07-10,10:05:00,25432.15,25436.65,25419.65,25429.25,7025
NSE,NIFTY,2025-07-10,10:10:00,25428.5,25436.1,25417.5,25420.2,7026
NSE,NIFTY,2025-07-10,10:15:00,25419.35,25419.95,25402.9,25418.15,7027
NSE,NIFTY,2025-07-10,10:20:00,25417.8,25419.7,25400.6,25414.25,7028
NSE,NIFTY,2025-07-10,10:25:00,25415.45,25424.7,25411.1,25421.95,7029
NSE,NIFTY,2025-07-10,10:30:00,25421.05,25424.6,25414.7,25418.85,7030
NSE,NIFTY,2025-07-10,10:35:00,25418.7,25427.55,25418.15,25422.35,7031
NSE,NIFTY,2025-07-10,10:40:00,25422.5,25424.85,25417.75,25421.95,7032
NSE,NIFTY,2025-07-10,10:45:00,25421.15,25423.0,25409.7,25413.8,7033
NSE,NIFTY,2025-07-10,10:50:00,25415.45,25423.45,25397.1,25397.85,7034
NSE,NIFTY,2025-07-10,10:55:00,25397.1,25397.75,25382.8,25388.95,7035
NSE,NIFTY,2025-07-10,11:00:00,25388.5,25393.0,25381.5,25388.2,7036
NSE,NIFTY,2025-07-10,11:05:00,25388.55,25391.7,25375.8,25381.1,7037
NSE,NIFTY,2025-07-10,11:10:00,25380.85,25384.35,25377.45,25379.65,7038
NSE,NIFTY,2025-07-10,11:15:00,25380.0,25401.7,25380.0,25398.45,7039
NSE,NIFTY,2025-07-10,11:20:00,25398.2,25398.55,25385.2,25388.65,7040
NSE,NIFTY,2025-07-10,11:25:00,25387.5,25388.9,25363.8,25364.9,7041
NSE,NIFTY,2025-07-10,11:30:00,25365.0,25382.1,25364.0,25381.75,7042
NSE,NIFTY,2025-07-10,11:35:00,25381.6,25383.65,25370.0,25370.7,7043
NSE,NIFTY,2025-07-10,11:40:00,25371.05,25379.8,25370.0,25375.4,7044
NSE,NIFTY,2025-07-10,11:45:00,25374.85,25382.2,25371.95,25373.25,7045
NSE,NIFTY,2025-07-10,11:50:00,25374.45,25384.65,25372.5,25378.9,7046
NSE,NIFTY,2025-07-10,11:55:00,25379.05,25385.05,25374.2,25384.55,7047
NSE,NIFTY,2025-07-10,12:00:00,25384.55,25384.95,25360.5,25367.35,7048
NSE,NIFTY,2025-07-10,12:05:00,25366.15,25374.45,25363.6,25366.5,7049
NSE,NIFTY,2025-07-10,12:10:00,25366.35,25368.35,25357.4,25361.45,7050
NSE,NIFTY,2025-07-10,12:15:00,25360.7,25373.1,25358.25,25367.25,7051
NSE,NIFTY,2025-07-10,12:20:00,25367.25,25381.7,25365.65,25381.7,7052
NSE,NIFTY,2025-07-10,12:25:00,25381.25,25398.45,25379.1,25393.3,7053
NSE,NIFTY,2025-07-10,12:30:00,25393.25,25407.25,25387.9,25405.95,7054
NSE,NIFTY,2025-07-10,12:35:00,25406.75,25407.25,25392.75,25404.45,7055
NSE,NIFTY,2025-07-10,12:40:00,25404.8,25410.75,25400.95,25404.65,7056
NSE,NIFTY,2025-07-10,12:45:00,25403.4,25404.85,25388.55,25390.05,7057
NSE,NIFTY,2025-07-10,12:50:00,25389.7,25393.45,25384.65,25391.3,7058
NSE,NIFTY,2025-07-10,12:55:00,25391.0,25402.7,25388.25,25392.0,7059
NSE,NIFTY,2025-07-10,13:00:00,25393.65,25404.3,25390.35,25398.65,7060
NSE,NIFTY,2025-07-10,13:05:00,25397.55,25398.3,25387.15,25388.55,7061
NSE,NIFTY,2025-07-10,13:10:00,25388.6,25388.6,25378.05,25380.7,7062
NSE,NIFTY,2025-07-10,13:15:00,25379.8,25389.35,25378.65,25383.45,7063
NSE,NIFTY,2025-07-10,13:20:00,25382.45,25397.5,25379.45,25396.6,7064
NSE,NIFTY,2025-07-10,13:25:00,25396.25,25399.05,25385.0,25386.2,7065
NSE,NIFTY,2025-07-10,13:30:00,25385.05,25396.0,25382.9,25394.8,7066
NSE,NIFTY,2025-07-10,13:35:00,25394.7,25399.05,25385.85,25387.65,7067
NSE,NIFTY,2025-07-10,13:40:00,25387.0,25392.45,25380.2,25380.75,7068
NSE,NIFTY,2025-07-10,13:45:00,25380.05,25385.6,25357.1,25362.5,7069
NSE,NIFTY,2025-07-10,13:50:00,25361.5,25388.8,25360.9,25387.7,7070
NSE,NIFTY,2025-07-10,13:55:00,25387.3,25387.95,25374.65,25375.7,7071
NSE,NIFTY,2025-07-10,14:00:00,25375.3,25378.6,25358.45,25375.05,7072
NSE,NIFTY,2025-07-10,14:05:00,25374.7,25389.8,25373.95,25383.85,7073
NSE,NIFTY,2025-07-10,14:10:00,25384.3,25431.05,25383.1,25408.25,7074
NSE,NIFTY,2025-07-10,14:15:00,25407.85,25411.45,25387.25,25396.6,7075
NSE,NIFTY,2025-07-10,14:20:00,25396.5,25407.65,25392.85,25401.05,7076
NSE,NIFTY,2025-07-10,14:25:00,25400.55,25405.2,25397.75,25403.85,7077
NSE,NIFTY,2025-07-10,14:30:00,25403.05,25416.6,25401.55,25411.65,7078
NSE,NIFTY,2025-07-10,14:35:00,25411.15,25411.5,25400.4,25410.65,7079
NSE,NIFTY,2025-07-10,14:40:00,25411.4,25414.5,25402.1,25407.1,7080
NSE,NIFTY,2025-07-10,14:45:00,25405.5,25411.0,25400.05,25410.2,7081
NSE,NIFTY,2025-07-10,14:50:00,25410.0,25410.0,25368.65,25391.2,7082
NSE,NIFTY,2025-07-10,14:55:00,25389.1,25398.35,25380.45,25387.05,7083
NSE,NIFTY,2025-07-10,15:00:00,25386.6,25393.1,25343.35,25344.9,7084
NSE,NIFTY,2025-07-10,15:05:00,25345.7,25372.5,25344.35,25371.55,7085
NSE,NIFTY,2025-07-10,15:10:00,25371.8,25377.4,25354.3,25375.6,7086
NSE,NIFTY,2025-07-10,15:15:00,25374.7,25376.6,25358.8,25360.15,7087
NSE,NIFTY,2025-07-10,15:20:00,25359.85,25374.7,25353.55,25366.7,7088
NSE,NIFTY,2025-07-10,15:25:00,25366.75,25366.75,25345.55,25350.95,7089
NSE,NIFTY,2025-07-10,15:30:00,25351.15,25358.7,25345.95,25348.3,7090
NSE,NIFTY,2025-07-11,09:15:00,25255.5,25282.3,25247.1,25258.9,7118
NSE,NIFTY,2025-07-11,09:20:00,25261.95,25297.05,25254.5,25294.2,7119
NSE,NIFTY,2025-07-11,09:25:00,25294.8,25312.9,25287.85,25310.45,7120
NSE,NIFTY,2025-07-11,09:30:00,25310.6,25317.9,25301.85,25303.9,7121
NSE,NIFTY,2025-07-11,09:35:00,25304.25,25305.7,25285.45,25288.3,7122
NSE,NIFTY,2025-07-11,09:40:00,25287.15,25311.15,25285.65,25310.3,7123
NSE,NIFTY,2025-07-11,09:45:00,25309.95,25322.4,25306.25,25308.15,7124
NSE,NIFTY,2025-07-11,09:50:00,25307.2,25307.4,25294.4,25297.5,7125
NSE,NIFTY,2025-07-11,09:55:00,25297.8,25303.9,25289.55,25299.85,7126
NSE,NIFTY,2025-07-11,10:00:00,25299.45,25301.0,25278.45,25278.95,7127
NSE,NIFTY,2025-07-11,10:05:00,25278.5,25278.95,25255.4,25264.9,7128
NSE,NIFTY,2025-07-11,10:10:00,25264.95,25271.5,25260.05,25266.3,7129
NSE,NIFTY,2025-07-11,10:15:00,25266.45,25266.45,25252.4,25254.5,7130
NSE,NIFTY,2025-07-11,10:20:00,25254.5,25256.4,25238.85,25245.1,7131
NSE,NIFTY,2025-07-11,10:25:00,25244.8,25246.7,25231.8,25243.05,7132
NSE,NIFTY,2025-07-11,10:30:00,25243.9,25245.6,25233.55,25233.55,7133
NSE,NIFTY,2025-07-11,10:35:00,25234.1,25234.1,25214.0,25217.75,7134
NSE,NIFTY,2025-07-11,10:40:00,25217.9,25230.45,25215.3,25227.55,7135
NSE,NIFTY,2025-07-11,10:45:00,25226.95,25228.85,25203.6,25204.85,7136
NSE,NIFTY,2025-07-11,10:50:00,25204.3,25204.6,25190.0,25192.5,7137
NSE,NIFTY,2025-07-11,10:55:00,25193.0,25208.65,25192.8,25199.65,7138
NSE,NIFTY,2025-07-11,11:00:00,25200.15,25202.0,25170.55,25176.05,7139
NSE,NIFTY,2025-07-11,11:05:00,25175.5,25175.9,25157.5,25164.15,7140
NSE,NIFTY,2025-07-11,11:10:00,25164.3,25177.3,25149.85,25152.95,7141
NSE,NIFTY,2025-07-11,11:15:00,25152.8,25214.85,25152.75,25179.05,7142
NSE,NIFTY,2025-07-11,11:20:00,25177.7,25178.85,25167.1,25167.15,7143
NSE,NIFTY,2025-07-11,11:25:00,25168.3,25170.85,25157.75,25159.5,7144
NSE,NIFTY,2025-07-11,11:30:00,25157.65,25165.4,25153.15,25164.75,7145
NSE,NIFTY,2025-07-11,11:35:00,25164.4,25176.05,25161.45,25170.05,7146
NSE,NIFTY,2025-07-11,11:40:00,25170.15,25180.65,25169.35,25176.75,7147
NSE,NIFTY,2025-07-11,11:45:00,25177.0,25178.9,25165.65,25167.0,7148
NSE,NIFTY,2025-07-11,11:50:00,25167.75,25176.3,25166.5,25170.0,7149
NSE,NIFTY,2025-07-11,11:55:00,25169.95,25179.45,25167.4,25172.45,7150
NSE,NIFTY,2025-07-11,12:00:00,25173.7,25173.7,25161.05,25163.05,7151
NSE,NIFTY,2025-07-11,12:05:00,25162.85,25163.85,25136.75,25154.4,7152
NSE,NIFTY,2025-07-11,12:10:00,25154.55,25164.7,25145.65,25152.9,7153
NSE,NIFTY,2025-07-11,12:15:00,25154.5,25167.8,25151.1,25164.3,7154
NSE,NIFTY,2025-07-11,12:20:00,25163.3,25169.15,25156.85,25163.4,7155
NSE,NIFTY,2025-07-11,12:25:00,25164.4,25164.8,25157.25,25160.2,7156
NSE,NIFTY,2025-07-11,12:30:00,25159.3,25172.0,25155.7,25167.85,7157
NSE,NIFTY,2025-07-11,12:35:00,25171.4,25182.05,25165.4,25180.7,7158
NSE,NIFTY,2025-07-11,12:40:00,25181.65,25189.55,25175.75,25178.2,7159
NSE,NIFTY,2025-07-11,12:45:00,25178.55,25205.15,25175.4,25182.2,7160
NSE,NIFTY,2025-07-11,12:50:00,25183.4,25184.2,25177.6,25179.25,7161
NSE,NIFTY,2025-07-11,12:55:00,25179.85,25181.55,25162.6,25163.9,7162
NSE,NIFTY,2025-07-11,13:00:00,25164.45,25168.8,25159.25,25165.75,7163
NSE,NIFTY,2025-07-11,13:05:00,25167.05,25167.15,25159.05,25162.65,7164
NSE,NIFTY,2025-07-11,13:10:00,25163.05,25163.45,25140.5,25144.1,7165
NSE,NIFTY,2025-07-11,13:15:00,25145.65,25157.85,25144.85,25156.7,7166
NSE,NIFTY,2025-07-11,13:20:00,25157.35,25162.2,25150.25,25157.2,7167
NSE,NIFTY,2025-07-11,13:25:00,25157.2,25161.1,25151.35,25155.85,7168
NSE,NIFTY,2025-07-11,13:30:00,25156.25,25163.65,25151.7,25156.05,7169
NSE,NIFTY,2025-07-11,13:35:00,25157.1,25159.0,25150.85,25152.9,7170
NSE,NIFTY,2025-07-11,13:40:00,25154.5,25159.0,25151.35,25151.65,7171
NSE,NIFTY,2025-07-11,13:45:00,25151.75,25152.4,25144.0,25144.85,7172
NSE,NIFTY,2025-07-11,13:50:00,25145.85,25163.85,25144.7,25159.85,7173
NSE,NIFTY,2025-07-11,13:55:00,25160.25,25169.15,25157.85,25165.75,7174
NSE,NIFTY,2025-07-11,14:00:00,25166.4,25172.65,25164.55,25166.75,7175
NSE,NIFTY,2025-07-11,14:05:00,25166.2,25166.65,25158.6,25163.65,7176
NSE,NIFTY,2025-07-11,14:10:00,25163.05,25164.5,25152.45,25153.05,7177
NSE,NIFTY,2025-07-11,14:15:00,25153.05,25191.55,25150.05,25167.9,7178
NSE,NIFTY,2025-07-11,14:20:00,25168.5,25171.65,25154.65,25155.7,7179
NSE,NIFTY,2025-07-11,14:25:00,25155.0,25159.5,25152.6,25155.9,7180
NSE,NIFTY,2025-07-11,14:30:00,25155.45,25159.7,25150.5,25151.3,7181
NSE,NIFTY,2025-07-11,14:35:00,25151.25,25165.75,25150.4,25162.05,7182
NSE,NIFTY,2025-07-11,14:40:00,25164.05,25168.1,25157.75,25166.7,7183
NSE,NIFTY,2025-07-11,14:45:00,25166.85,25172.4,25165.05,25171.2,7184
NSE,NIFTY,2025-07-11,14:50:00,25170.8,25175.8,25164.4,25164.4,7185
NSE,NIFTY,2025-07-11,14:55:00,25165.6,25166.35,25157.4,25162.25,7186
NSE,NIFTY,2025-07-11,15:00:00,25162.7,25172.05,25158.55,25169.3,7187
NSE,NIFTY,2025-07-11,15:05:00,25167.5,25169.5,25157.15,25162.7,7188
NSE,NIFTY,2025-07-11,15:10:00,25163.35,25167.0,25159.6,25160.45,7189
NSE,NIFTY,2025-07-11,15:15:00,25162.25,25163.45,25148.35,25149.55,7190
NSE,NIFTY,2025-07-11,15:20:00,25150.35,25153.6,25136.45,25142.55,7191
NSE,NIFTY,2025-07-11,15:25:00,25143.6,25145.75,25137.5,25140.35,7192
NSE,NIFTY,2025-07-11,15:30:00,25140.25,25143.9,25130.45,25140.7,7193
NSE,NIFTY,2025-07-14,09:15:00,25149.5,25149.5,25115.5,25132.35,7221
NSE,NIFTY,2025-07-14,09:20:00,25134.55,25135.7,25087.1,25096.4,7222
NSE,NIFTY,2025-07-14,09:25:00,25097.45,25104.65,25052.6,25057.0,7223
NSE,NIFTY,2025-07-14,09:30:00,25055.75,25079.15,25051.75,25075.55,7224
NSE,NIFTY,2025-07-14,09:35:00,25075.5,25075.55,25047.05,25047.8,7225
NSE,NIFTY,2025-07-14,09:40:00,25048.1,25075.7,25042.1,25072.9,7226
NSE,NIFTY,2025-07-14,09:45:00,25071.9,25093.7,25070.4,25089.85,7227
NSE,NIFTY,2025-07-14,09:50:00,25091.15,25091.15,25077.0,25082.95,7228
NSE,NIFTY,2025-07-14,09:55:00,25082.4,25115.1,25082.4,25110.4,7229
NSE,NIFTY,2025-07-14,10:00:00,25107.85,25124.95,25103.45,25123.7,7230
NSE,NIFTY,2025-07-14,10:05:00,25124.4,25127.2,25102.6,25103.05,7231
NSE,NIFTY,2025-07-14,10:10:00,25103.45,25109.0,25086.4,25103.75,7232
NSE,NIFTY,2025-07-14,10:15:00,25103.35,25122.5,25096.85,25122.1,7233
NSE,NIFTY,2025-07-14,10:20:00,25123.1,25125.35,25106.95,25119.45,7234
NSE,NIFTY,2025-07-14,10:25:00,25119.8,25127.05,25112.85,25114.2,7235
NSE,NIFTY,2025-07-14,10:30:00,25114.3,25122.0,25105.2,25105.55,7236
NSE,NIFTY,2025-07-14,10:35:00,25104.45,25105.95,25085.9,25088.8,7237
NSE,NIFTY,2025-07-14,10:40:00,25089.55,25090.35,25072.0,25073.05,7238
NSE,NIFTY,2025-07-14,10:45:00,25073.5,25088.9,25071.85,25084.3,7239
NSE,NIFTY,2025-07-14,10:50:00,25084.6,25087.05,25081.05,25085.45,7240
NSE,NIFTY,2025-07-14,10:55:00,25085.45,25087.45,25077.7,25079.6,7241
NSE,NIFTY,2025-07-14,11:00:00,25079.3,25095.2,25072.35,25073.25,7242
NSE,NIFTY,2025-07-14,11:05:00,25073.5,25085.1,25072.9,25080.2,7243
NSE,NIFTY,2025-07-14,11:10:00,25079.8,25079.95,25062.05,25064.55,7244
NSE,NIFTY,2025-07-14,11:15:00,25064.2,25068.4,25061.85,25064.7,7245
NSE,NIFTY,2025-07-14,11:20:00,25064.3,25066.4,25057.15,25060.2,7246
NSE,NIFTY,2025-07-14,11:25:00,25060.55,25061.1,25043.65,25044.05,7247
NSE,NIFTY,2025-07-14,11:30:00,25044.45,25051.15,25019.8,25043.0,7248
NSE,NIFTY,2025-07-14,11:35:00,25043.45,25049.5,25035.35,25036.45,7249
NSE,NIFTY,2025-07-14,11:40:00,25036.15,25037.85,25028.1,25035.3,7250
NSE,NIFTY,2025-07-14,11:45:00,25035.5,25041.8,25024.25,25030.85,7251
NSE,NIFTY,2025-07-14,11:50:00,25030.95,25044.5,25028.55,25040.45,7252
NSE,NIFTY,2025-07-14,11:55:00,25040.8,25043.55,25031.1,25037.2,7253
NSE,NIFTY,2025-07-14,12:00:00,25037.7,25040.4,25033.15,25037.95,7254
NSE,NIFTY,2025-07-14,12:05:00,25037.6,25039.1,25029.25,25035.7,7255
NSE,NIFTY,2025-07-14,12:10:00,25035.9,25055.65,25035.3,25052.95,7256
NSE,NIFTY,2025-07-14,12:15:00,25053.1,25053.55,25043.3,25046.25,7257
NSE,NIFTY,2025-07-14,12:20:00,25046.2,25056.55,25044.9,25052.65,7258
NSE,NIFTY,2025-07-14,12:25:00,25054.3,25055.45,25039.45,25040.2,7259
NSE,NIFTY,2025-07-14,12:30:00,25039.35,25048.45,25035.75,25047.5,7260
NSE,NIFTY,2025-07-14,12:35:00,25047.55,25055.5,25041.6,25049.45,7261
NSE,NIFTY,2025-07-14,12:40:00,25050.05,25051.9,25039.9,25049.45,7262
NSE,NIFTY,2025-07-14,12:45:00,25050.25,25059.15,25049.3,25056.65,7263
NSE,NIFTY,2025-07-14,12:50:00,25057.7,25060.95,25049.2,25051.35,7264
NSE,NIFTY,2025-07-14,12:55:00,25051.15,25054.2,25037.05,25037.9,7265
NSE,NIFTY,2025-07-14,13:00:00,25038.45,25041.55,25033.8,25040.95,7266
NSE,NIFTY,2025-07-14,13:05:00,25039.4,25050.45,25039.4,25045.65,7267
NSE,NIFTY,2025-07-14,13:10:00,25045.7,25047.25,25002.75,25018.25,7268
NSE,NIFTY,2025-07-14,13:15:00,25019.5,25029.75,25017.15,25029.75,7269
NSE,NIFTY,2025-07-14,13:20:00,25028.65,25040.9,25028.0,25036.85,7270
NSE,NIFTY,2025-07-14,13:25:00,25037.3,25056.5,25037.1,25051.55,7271
NSE,NIFTY,2025-07-14,13:30:00,25051.3,25058.55,25045.4,25056.45,7272
NSE,NIFTY,2025-07-14,13:35:00,25056.35,25058.3,25048.3,25049.6,7273
NSE,NIFTY,2025-07-14,13:40:00,25049.9,25050.45,25038.0,25042.0,7274
NSE,NIFTY,2025-07-14,13:45:00,25041.6,25049.7,25039.65,25046.65,7275
NSE,NIFTY,2025-07-14,13:50:00,25048.3,25054.75,25044.05,25044.1,7276
NSE,NIFTY,2025-07-14,13:55:00,25045.25,25048.45,25037.55,25038.75,7277
NSE,NIFTY,2025-07-14,14:00:00,25040.35,25040.35,25012.9,25031.1,7278
NSE,NIFTY,2025-07-14,14:05:00,25031.55,25034.3,25027.5,25033.85,7279
NSE,NIFTY,2025-07-14,14:10:00,25033.65,25043.75,25030.75,25040.75,7280
NSE,NIFTY,2025-07-14,14:15:00,25041.2,25047.8,25032.95,25046.1,7281
NSE,NIFTY,2025-07-14,14:20:00,25046.15,25047.95,25038.15,25043.5,7282
NSE,NIFTY,2025-07-14,14:25:00,25043.1,25055.1,25041.5,25050.7,7283
NSE,NIFTY,2025-07-14,14:30:00,25049.95,25060.8,25049.3,25057.1,7284
NSE,NIFTY,2025-07-14,14:35:00,25056.35,25057.2,25042.1,25043.0,7285
NSE,NIFTY,2025-07-14,14:40:00,25045.65,25050.5,25037.2,25041.75,7286
NSE,NIFTY,2025-07-14,14:45:00,25041.55,25053.4,25041.55,25050.7,7287
NSE,NIFTY,2025-07-14,14:50:00,25051.6,25054.75,25045.35,25053.8,7288
NSE,NIFTY,2025-07-14,14:55:00,25054.95,25086.4,25051.35,25081.6,7289
NSE,NIFTY,2025-07-14,15:00:00,25081.9,25108.5,25074.8,25099.9,7290
NSE,NIFTY,2025-07-14,15:05:00,25099.2,25100.25,25077.75,25078.0,7291
NSE,NIFTY,2025-07-14,15:10:00,25078.05,25082.45,25069.5,25071.3,7292
NSE,NIFTY,2025-07-14,15:15:00,25070.75,25085.75,25066.75,25079.2,7293
NSE,NIFTY,2025-07-14,15:20:00,25078.75,25083.85,25077.1,25082.4,7294
NSE,NIFTY,2025-07-14,15:25:00,25081.85,25090.65,25080.85,25088.45,7295
NSE,NIFTY,2025-07-14,15:30:00,25087.95,25092.7,25081.3,25087.15,7296
NSE,NIFTY,2025-07-15,09:15:00,25089.5,25145.6,25089.5,25140.9,7322
NSE,NIFTY,2025-07-15,09:20:00,25141.1,25150.45,25123.05,25137.3,7323
NSE,NIFTY,2025-07-15,09:25:00,25137.3,25149.65,25133.55,25143.9,7324
NSE,NIFTY,2025-07-15,09:30:00,25143.0,25155.7,25132.65,25146.2,7325
NSE,NIFTY,2025-07-15,09:35:00,25145.65,25145.65,25125.1,25130.6,7326
NSE,NIFTY,2025-07-15,09:40:00,25130.0,25132.6,25117.75,25123.4,7327
NSE,NIFTY,2025-07-15,09:45:00,25123.35,25123.55,25096.85,25096.85,7328
NSE,NIFTY,2025-07-15,09:50:00,25095.95,25111.2,25089.25,25106.15,7329
NSE,NIFTY,2025-07-15,09:55:00,25106.3,25122.7,25096.8,25104.3,7330
NSE,NIFTY,2025-07-15,10:00:00,25105.15,25111.3,25096.2,25105.4,7331
NSE,NIFTY,2025-07-15,10:05:00,25105.1,25122.8,25103.0,25119.2,7332
NSE,NIFTY,2025-07-15,10:10:00,25118.3,25128.65,25115.3,25118.95,7333
NSE,NIFTY,2025-07-15,10:15:00,25120.0,25132.25,25118.6,25132.0,7334
NSE,NIFTY,2025-07-15,10:20:00,25132.1,25132.55,25100.8,25115.25,7335
NSE,NIFTY,2025-07-15,10:25:00,25115.5,25120.85,25108.75,25113.35,7336
NSE,NIFTY,2025-07-15,10:30:00,25112.4,25131.0,25112.4,25130.25,7337
NSE,NIFTY,2025-07-15,10:35:00,25129.65,25147.6,25129.65,25147.35,7338
NSE,NIFTY,2025-07-15,10:40:00,25146.6,25164.65,25142.5,25160.5,7339
NSE,NIFTY,2025-07-15,10:45:00,25159.15,25168.65,25155.15,25165.35,7340
NSE,NIFTY,2025-07-15,10:50:00,25165.6,25169.35,25158.15,25169.05,7341
NSE,NIFTY,2025-07-15,10:55:00,25168.4,25195.5,25167.7,25193.3,7342
NSE,NIFTY,2025-07-15,11:00:00,25193.1,25197.05,25185.75,25191.9,7343
NSE,NIFTY,2025-07-15,11:05:00,25190.45,25222.3,25190.45,25221.8,7344
NSE,NIFTY,2025-07-15,11:10:00,25222.6,25232.9,25221.5,25228.0,7345
NSE,NIFTY,2025-07-15,11:15:00,25228.1,25243.7,25216.95,25225.85,7346
NSE,NIFTY,2025-07-15,11:20:00,25224.1,25227.45,25204.15,25207.1,7347
NSE,NIFTY,2025-07-15,11:25:00,25207.3,25220.45,25205.9,25217.7,7348
NSE,NIFTY,2025-07-15,11:30:00,25216.9,25219.25,25210.25,25212.85,7349
NSE,NIFTY,2025-07-15,11:35:00,25212.4,25226.65,25212.4,25220.95,7350
NSE,NIFTY,2025-07-15,11:40:00,25220.55,25228.3,25204.5,25217.4,7351
NSE,NIFTY,2025-07-15,11:45:00,25217.0,25227.3,25215.85,25222.35,7352
NSE,NIFTY,2025-07-15,11:50:00,25222.2,25223.85,25215.1,25217.2,7353
NSE,NIFTY,2025-07-15,11:55:00,25217.45,25217.6,25201.75,25206.5,7354
NSE,NIFTY,2025-07-15,12:00:00,25206.6,25207.75,25199.55,25206.6,7355
NSE,NIFTY,2025-07-15,12:05:00,25206.7,25213.65,25202.15,25203.8,7356
NSE,NIFTY,2025-07-15,12:10:00,25203.8,25208.25,25200.7,25204.5,7357
NSE,NIFTY,2025-07-15,12:15:00,25204.85,25210.8,25203.25,25204.95,7358
NSE,NIFTY,2025-07-15,12:20:00,25203.65,25206.25,25192.8,25193.65,7359
NSE,NIFTY,2025-07-15,12:25:00,25193.3,25197.25,25173.1,25194.9,7360
NSE,NIFTY,2025-07-15,12:30:00,25194.95,25208.85,25193.7,25208.45,7361
NSE,NIFTY,2025-07-15,12:35:00,25207.8,25216.3,25207.8,25208.9,7362
NSE,NIFTY,2025-07-15,12:40:00,25208.85,25219.9,25207.8,25218.1,7363
NSE,NIFTY,2025-07-15,12:45:00,25218.45,25218.5,25213.65,25216.55,7364
NSE,NIFTY,2025-07-15,12:50:00,25217.0,25219.9,25211.75,25214.4,7365
NSE,NIFTY,2025-07-15,12:55:00,25214.3,25220.4,25206.95,25208.45,7366
NSE,NIFTY,2025-07-15,13:00:00,25208.65,25211.0,25205.95,25208.65,7367
NSE,NIFTY,2025-07-15,13:05:00,25207.65,25220.35,25207.65,25216.85,7368
NSE,NIFTY,2025-07-15,13:10:00,25216.1,25218.2,25208.8,25210.15,7369
NSE,NIFTY,2025-07-15,13:15:00,25209.6,25211.15,25203.65,25206.8,7370
NSE,NIFTY,2025-07-15,13:20:00,25206.5,25207.45,25193.85,25195.45,7371
NSE,NIFTY,2025-07-15,13:25:00,25195.1,25202.55,25194.7,25196.55,7372
NSE,NIFTY,2025-07-15,13:30:00,25196.4,25196.75,25181.2,25188.85,7373
NSE,NIFTY,2025-07-15,13:35:00,25189.9,25193.8,25173.45,25178.25,7374
NSE,NIFTY,2025-07-15,13:40:00,25175.7,25183.9,25169.55,25179.85,7375
NSE,NIFTY,2025-07-15,13:45:00,25179.75,25189.7,25178.7,25186.15,7376
NSE,NIFTY,2025-07-15,13:50:00,25185.95,25196.45,25184.95,25194.65,7377
NSE,NIFTY,2025-07-15,13:55:00,25194.15,25197.3,25187.9,25195.55,7378
NSE,NIFTY,2025-07-15,14:00:00,25194.85,25198.0,25192.2,25192.2,7379
NSE,NIFTY,2025-07-15,14:05:00,25192.0,25193.6,25176.3,25176.3,7380
NSE,NIFTY,2025-07-15,14:10:00,25176.55,25182.95,25159.5,25174.35,7381
NSE,NIFTY,2025-07-15,14:15:00,25174.95,25188.75,25174.15,25185.6,7382
NSE,NIFTY,2025-07-15,14:20:00,25185.95,25193.05,25184.1,25189.85,7383
NSE,NIFTY,2025-07-15,14:25:00,25188.55,25190.05,25177.15,25178.05,7384
NSE,NIFTY,2025-07-15,14:30:00,25178.75,25186.1,25177.5,25184.45,7385
NSE,NIFTY,2025-07-15,14:35:00,25184.3,25194.65,25184.3,25192.15,7386
NSE,NIFTY,2025-07-15,14:40:00,25191.85,25194.2,25162.45,25170.55,7387
NSE,NIFTY,2025-07-15,14:45:00,25170.7,25180.75,25170.7,25176.0,7388
NSE,NIFTY,2025-07-15,14:50:00,25176.0,25178.1,25164.65,25171.75,7389
NSE,NIFTY,2025-07-15,14:55:00,25171.9,25173.3,25156.75,25159.4,7390
NSE,NIFTY,2025-07-15,15:00:00,25159.75,25178.1,25156.05,25176.0,7391
NSE,NIFTY,2025-07-15,15:05:00,25176.45,25177.5,25164.7,25174.6,7392
NSE,NIFTY,2025-07-15,15:10:00,25174.6,25190.7,25173.6,25188.15,7393
NSE,NIFTY,2025-07-15,15:15:00,25188.05,25203.45,25186.65,25201.5,7394
NSE,NIFTY,2025-07-15,15:20:00,25202.05,25208.2,25198.1,25203.9,7395
NSE,NIFTY,2025-07-15,15:25:00,25204.2,25223.25,25202.3,25221.65,7396
NSE,NIFTY,2025-07-15,15:30:00,25222.8,25225.05,25210.0,25217.5,7397
NSE,NIFTY,2025-07-16,09:15:00,25196.6,25213.35,25162.1,25166.6,7425
NSE,NIFTY,2025-07-16,09:20:00,25165.3,25187.95,25145.65,25153.45,7426
NSE,NIFTY,2025-07-16,09:25:00,25152.7,25163.35,25139.35,25140.7,7427
NSE,NIFTY,2025-07-16,09:30:00,25140.6,25149.1,25127.85,25142.6,7428
NSE,NIFTY,2025-07-16,09:35:00,25141.6,25159.05,25140.3,25151.4,7429
NSE,NIFTY,2025-07-16,09:40:00,25151.1,25167.8,25145.45,25163.2,7430
NSE,NIFTY,2025-07-16,09:45:00,25163.4,25166.85,25149.55,25149.7,7431
NSE,NIFTY,2025-07-16,09:50:00,25152.75,25157.9,25135.0,25157.2,7432
NSE,NIFTY,2025-07-16,09:55:00,25156.8,25165.85,25147.95,25159.5,7433
NSE,NIFTY,2025-07-16,10:00:00,25158.05,25161.6,25148.75,25150.35,7434
NSE,NIFTY,2025-07-16,10:05:00,25150.7,25155.1,25144.9,25153.1,7435
NSE,NIFTY,2025-07-16,10:10:00,25153.45,25153.45,25139.35,25146.15,7436
NSE,NIFTY,2025-07-16,10:15:00,25146.6,25148.6,25136.8,25138.85,7437
NSE,NIFTY,2025-07-16,10:20:00,25139.75,25145.25,25132.7,25144.85,7438
NSE,NIFTY,2025-07-16,10:25:00,25144.5,25154.65,25141.25,25154.55,7439
NSE,NIFTY,2025-07-16,10:30:00,25153.55,25156.8,25141.75,25152.55,7440
NSE,NIFTY,2025-07-16,10:35:00,25153.85,25154.4,25132.25,25139.1,7441
NSE,NIFTY,2025-07-16,10:40:00,25138.6,25139.3,25128.15,25132.65,7442
NSE,NIFTY,2025-07-16,10:45:00,25132.0,25135.55,25123.45,25128.35,7443
NSE,NIFTY,2025-07-16,10:50:00,25128.4,25130.0,25121.2,25125.65,7444
NSE,NIFTY,2025-07-16,10:55:00,25125.65,25136.3,25125.15,25132.45,7445
NSE,NIFTY,2025-07-16,11:00:00,25132.75,25141.75,25126.4,25140.2,7446
NSE,NIFTY,2025-07-16,11:05:00,25140.85,25145.95,25136.7,25141.45,7447
NSE,NIFTY,2025-07-16,11:10:00,25141.85,25144.25,25139.8,25142.4,7448
NSE,NIFTY,2025-07-16,11:15:00,25142.25,25149.05,25134.45,25147.0,7449
NSE,NIFTY,2025-07-16,11:20:00,25147.05,25148.9,25127.75,25131.05,7450
NSE,NIFTY,2025-07-16,11:25:00,25131.05,25143.05,25128.35,25141.55,7451
NSE,NIFTY,2025-07-16,11:30:00,25141.3,25148.1,25139.6,25146.55,7452
NSE,NIFTY,2025-07-16,11:35:00,25146.9,25153.2,25140.25,25150.0,7453
NSE,NIFTY,2025-07-16,11:40:00,25150.35,25155.05,25146.15,25150.05,7454
NSE,NIFTY,2025-07-16,11:45:00,25149.65,25156.2,25149.1,25154.1,7455
NSE,NIFTY,2025-07-16,11:50:00,25153.9,25166.45,25151.4,25165.8,7456
NSE,NIFTY,2025-07-16,11:55:00,25165.3,25210.0,25165.15,25192.5,7457
NSE,NIFTY,2025-07-16,12:00:00,25191.15,25192.1,25181.45,25185.6,7458
NSE,NIFTY,2025-07-16,12:05:00,25185.8,25188.15,25177.9,25182.45,7459
NSE,NIFTY,2025-07-16,12:10:00,25182.7,25191.95,25181.8,25186.2,7460
NSE,NIFTY,2025-07-16,12:15:00,25185.8,25191.2,25177.6,25183.1,7461
NSE,NIFTY,2025-07-16,12:20:00,25183.55,25191.65,25182.8,25185.0,7462
NSE,NIFTY,2025-07-16,12:25:00,25185.2,25187.8,25171.4,25175.4,7463
NSE,NIFTY,2025-07-16,12:30:00,25175.8,25187.9,25175.5,25187.0,7464
NSE,NIFTY,2025-07-16,12:35:00,25187.85,25207.05,25185.85,25205.45,7465
NSE,NIFTY,2025-07-16,12:40:00,25205.0,25205.5,25194.05,25196.5,7466
NSE,NIFTY,2025-07-16,12:45:00,25198.25,25209.3,25187.3,25207.25,7467
NSE,NIFTY,2025-07-16,12:50:00,25205.65,25233.4,25203.2,25215.95,7468
NSE,NIFTY,2025-07-16,12:55:00,25216.6,25220.6,25206.35,25207.05,7469
NSE,NIFTY,2025-07-16,13:00:00,25207.25,25211.0,25201.8,25208.45,7470
NSE,NIFTY,2025-07-16,13:05:00,25209.05,25217.0,25207.2,25214.4,7471
NSE,NIFTY,2025-07-16,13:10:00,25213.55,25216.15,25209.8,25211.7,7472
NSE,NIFTY,2025-07-16,13:15:00,25212.8,25216.45,25207.75,25213.4,7473
NSE,NIFTY,2025-07-16,13:20:00,25214.0,25220.5,25210.0,25210.55,7474
NSE,NIFTY,2025-07-16,13:25:00,25212.1,25215.4,25208.3,25208.45,7475
NSE,NIFTY,2025-07-16,13:30:00,25208.9,25210.0,25203.0,25206.5,7476
NSE,NIFTY,2025-07-16,13:35:00,25206.75,25207.4,25188.95,25189.2,7477
NSE,NIFTY,2025-07-16,13:40:00,25188.7,25210.45,25186.0,25209.2,7478
NSE,NIFTY,2025-07-16,13:45:00,25209.8,25218.45,25208.25,25214.35,7479
NSE,NIFTY,2025-07-16,13:50:00,25214.1,25223.45,25210.15,25223.2,7480
NSE,NIFTY,2025-07-16,13:55:00,25223.25,25231.3,25212.2,25215.2,7481
NSE,NIFTY,2025-07-16,14:00:00,25215.85,25223.6,25214.35,25217.8,7482
NSE,NIFTY,2025-07-16,14:05:00,25218.05,25229.55,25216.3,25228.45,7483
NSE,NIFTY,2025-07-16,14:10:00,25229.1,25229.35,25222.9,25226.7,7484
NSE,NIFTY,2025-07-16,14:15:00,25226.75,25255.3,25224.0,25244.65,7485
NSE,NIFTY,2025-07-16,14:20:00,25244.2,25252.6,25237.4,25250.25,7486
NSE,NIFTY,2025-07-16,14:25:00,25251.55,25252.85,25233.25,25236.25,7487
NSE,NIFTY,2025-07-16,14:30:00,25236.55,25237.4,25223.15,25229.9,7488
NSE,NIFTY,2025-07-16,14:35:00,25229.9,25233.55,25225.15,25228.15,7489
NSE,NIFTY,2025-07-16,14:40:00,25227.6,25233.5,25224.1,25227.75,7490
NSE,NIFTY,2025-07-16,14:45:00,25228.7,25236.5,25225.2,25233.55,7491
NSE,NIFTY,2025-07-16,14:50:00,25234.05,25239.2,25228.9,25230.05,7492
NSE,NIFTY,2025-07-16,14:55:00,25229.4,25232.15,25219.6,25221.55,7493
NSE,NIFTY,2025-07-16,15:00:00,25222.05,25234.75,25220.55,25230.4,7494
NSE,NIFTY,2025-07-16,15:05:00,25230.65,25231.4,25212.9,25215.15,7495
NSE,NIFTY,2025-07-16,15:10:00,25215.1,25217.2,25209.05,25211.05,7496
NSE,NIFTY,2025-07-16,15:15:00,25212.65,25215.65,25207.25,25208.45,7497
NSE,NIFTY,2025-07-16,15:20:00,25209.6,25215.65,25207.1,25210.05,7498
NSE,NIFTY,2025-07-16,15:25:00,25210.35,25212.65,25195.6,25201.65,7499
NSE,NIFTY,2025-07-16,15:30:00,25202.75,25206.45,25190.6,25202.2,7500
NSE,NIFTY,2025-07-17,09:15:00,25230.75,25233.7,25205.3,25209.5,7528
NSE,NIFTY,2025-07-17,09:20:00,25213.05,25232.9,25206.5,25211.0,7529
NSE,NIFTY,2025-07-17,09:25:00,25210.1,25227.7,25199.3,25217.55,7530
NSE,NIFTY,2025-07-17,09:30:00,25218.0,25225.4,25201.05,25201.45,7531
NSE,NIFTY,2025-07-17,09:35:00,25200.5,25202.4,25178.85,25181.5,7532
NSE,NIFTY,2025-07-17,09:40:00,25179.85,25192.95,25179.3,25189.8,7533
NSE,NIFTY,2025-07-17,09:45:00,25189.35,25199.4,25182.1,25188.3,7534
NSE,NIFTY,2025-07-17,09:50:00,25187.95,25193.85,25180.85,25183.2,7535
NSE,NIFTY,2025-07-17,09:55:00,25182.7,25196.65,25181.0,25192.0,7536
NSE,NIFTY,2025-07-17,10:00:00,25192.45,25196.3,25186.15,25186.5,7537
NSE,NIFTY,2025-07-17,10:05:00,25187.7,25191.8,25183.3,25186.5,7538
NSE,NIFTY,2025-07-17,10:10:00,25187.1,25187.75,25163.6,25169.55,7539
NSE,NIFTY,2025-07-17,10:15:00,25171.15,25175.65,25159.7,25160.95,7540
NSE,NIFTY,2025-07-17,10:20:00,25161.7,25165.2,25150.7,25157.25,7541
NSE,NIFTY,2025-07-17,10:25:00,25158.15,25162.5,25152.35,25161.75,7542
NSE,NIFTY,2025-07-17,10:30:00,25161.3,25165.25,25152.6,25153.35,7543
NSE,NIFTY,2025-07-17,10:35:00,25152.95,25159.85,25144.0,25153.8,7544
NSE,NIFTY,2025-07-17,10:40:00,25153.55,25158.8,25146.65,25150.1,7545
NSE,NIFTY,2025-07-17,10:45:00,25149.85,25153.8,25147.55,25149.3,7546
NSE,NIFTY,2025-07-17,10:50:00,25149.6,25158.9,25149.6,25156.45,7547
NSE,NIFTY,2025-07-17,10:55:00,25155.95,25167.6,25152.7,25165.1,7548
NSE,NIFTY,2025-07-17,11:00:00,25165.35,25171.1,25160.5,25167.6,7549
NSE,NIFTY,2025-07-17,11:05:00,25166.7,25167.65,25157.3,25158.15,7550
NSE,NIFTY,2025-07-17,11:10:00,25158.6,25162.7,25150.95,25152.75,7551
NSE,NIFTY,2025-07-17,11:15:00,25153.4,25200.1,25151.25,25170.9,7552
NSE,NIFTY,2025-07-17,11:20:00,25171.1,25181.8,25167.1,25180.15,7553
NSE,NIFTY,2025-07-17,11:25:00,25179.7,25186.15,25174.75,25181.85,7554
NSE,NIFTY,2025-07-17,11:30:00,25181.85,25188.9,25179.5,25182.85,7555
NSE,NIFTY,2025-07-17,11:35:00,25183.5,25189.7,25178.45,25182.6,7556
NSE,NIFTY,2025-07-17,11:40:00,25181.95,25205.1,25180.2,25197.9,7557
NSE,NIFTY,2025-07-17,11:45:00,25198.95,25205.2,25189.8,25195.8,7558
NSE,NIFTY,2025-07-17,11:50:00,25195.75,25199.3,25189.55,25192.45,7559
NSE,NIFTY,2025-07-17,11:55:00,25192.65,25196.3,25184.45,25189.1,7560
NSE,NIFTY,2025-07-17,12:00:00,25188.95,25193.45,25182.25,25190.0,7561
NSE,NIFTY,2025-07-17,12:05:00,25190.3,25193.45,25186.2,25189.5,7562
NSE,NIFTY,2025-07-17,12:10:00,25189.7,25192.35,25181.15,25187.4,7563
NSE,NIFTY,2025-07-17,12:15:00,25187.55,25189.25,25182.85,25184.6,7564
NSE,NIFTY,2025-07-17,12:20:00,25185.1,25186.65,25175.25,25180.95,7565
NSE,NIFTY,2025-07-17,12:25:00,25181.05,25182.8,25173.95,25177.3,7566
NSE,NIFTY,2025-07-17,12:30:00,25177.05,25183.0,25174.1,25179.1,7567
NSE,NIFTY,2025-07-17,12:35:00,25178.8,25180.85,25172.7,25176.9,7568
NSE,NIFTY,2025-07-17,12:40:00,25176.75,25179.3,25168.45,25171.85,7569
NSE,NIFTY,2025-07-17,12:45:00,25172.0,25210.45,25169.7,25188.25,7570
NSE,NIFTY,2025-07-17,12:50:00,25187.65,25192.1,25174.45,25177.6,7571
NSE,NIFTY,2025-07-17,12:55:00,25178.1,25184.3,25174.85,25180.2,7572
NSE,NIFTY,2025-07-17,13:00:00,25180.15,25180.5,25174.65,25176.9,7573
NSE,NIFTY,2025-07-17,13:05:00,25176.9,25182.75,25169.45,25172.45,7574
NSE,NIFTY,2025-07-17,13:10:00,25172.45,25172.45,25163.65,25171.2,7575
NSE,NIFTY,2025-07-17,13:15:00,25170.75,25170.85,25163.6,25168.35,7576
NSE,NIFTY,2025-07-17,13:20:00,25168.5,25174.35,25162.35,25163.3,7577
NSE,NIFTY,2025-07-17,13:25:00,25165.0,25168.0,25155.55,25160.75,7578
NSE,NIFTY,2025-07-17,13:30:00,25161.3,25167.8,25157.15,25165.15,7579
NSE,NIFTY,2025-07-17,13:35:00,25165.05,25167.75,25160.4,25167.45,7580
NSE,NIFTY,2025-07-17,13:40:00,25167.25,25172.75,25165.9,25168.5,7581
NSE,NIFTY,2025-07-17,13:45:00,25167.75,25172.45,25166.0,25166.8,7582
NSE,NIFTY,2025-07-17,13:50:00,25166.7,25167.3,25160.7,25163.65,7583
NSE,NIFTY,2025-07-17,13:55:00,25162.95,25194.5,25162.05,25178.75,7584
NSE,NIFTY,2025-07-17,14:00:00,25177.4,25182.0,25175.45,25182.0,7585
NSE,NIFTY,2025-07-17,14:05:00,25180.75,25181.45,25164.65,25168.15,7586
NSE,NIFTY,2025-07-17,14:10:00,25168.25,25177.15,25164.35,25166.7,7587
NSE,NIFTY,2025-07-17,14:15:00,25166.45,25167.25,25149.25,25160.9,7588
NSE,NIFTY,2025-07-17,14:20:00,25161.35,25163.05,25140.85,25146.3,7589
NSE,NIFTY,2025-07-17,14:25:00,25146.65,25152.1,25136.95,25151.55,7590
NSE,NIFTY,2025-07-17,14:30:00,25150.7,25151.95,25124.45,25127.85,7591
NSE,NIFTY,2025-07-17,14:35:00,25129.6,25145.25,25126.8,25138.8,7592
NSE,NIFTY,2025-07-17,14:40:00,25139.05,25151.75,25137.7,25145.25,7593
NSE,NIFTY,2025-07-17,14:45:00,25145.5,25145.85,25132.4,25135.6,7594
NSE,NIFTY,2025-07-17,14:50:00,25135.5,25139.3,25115.85,25121.8,7595
NSE,NIFTY,2025-07-17,14:55:00,25121.45,25126.6,25107.25,25120.8,7596
NSE,NIFTY,2025-07-17,15:00:00,25119.5,25127.9,25110.4,25116.7,7597
NSE,NIFTY,2025-07-17,15:05:00,25117.2,25118.1,25102.3,25112.0,7598
NSE,NIFTY,2025-07-17,15:10:00,25113.1,25120.85,25103.9,25115.45,7599
NSE,NIFTY,2025-07-17,15:15:00,25114.35,25122.8,25107.25,25114.15,7600
NSE,NIFTY,2025-07-17,15:20:00,25114.65,25118.6,25109.3,25111.8,7601
NSE,NIFTY,2025-07-17,15:25:00,25111.5,25114.7,25106.25,25111.8,7602
NSE,NIFTY,2025-07-17,15:30:00,25112.25,25121.9,25106.6,25110.25,7603
NSE,NIFTY,2025-07-18,09:15:00,25108.55,25144.2,25103.75,25118.55,7631
NSE,NIFTY,2025-07-18,09:20:00,25120.9,25123.3,25083.4,25090.05,7632
NSE,NIFTY,2025-07-18,09:25:00,25090.25,25097.0,25077.8,25078.85,7633
NSE,NIFTY,2025-07-18,09:30:00,25079.4,25079.55,25061.6,25075.15,7634
NSE,NIFTY,2025-07-18,09:35:00,25074.1,25080.85,25070.15,25071.75,7635
NSE,NIFTY,2025-07-18,09:40:00,25071.5,25086.15,25070.0,25073.15,7636
NSE,NIFTY,2025-07-18,09:45:00,25072.4,25073.05,25039.7,25039.7,7637
NSE,NIFTY,2025-07-18,09:50:00,25039.5,25041.15,25026.45,25032.9,7638
NSE,NIFTY,2025-07-18,09:55:00,25032.2,25050.2,25031.85,25045.05,7639
NSE,NIFTY,2025-07-18,10:00:00,25044.3,25047.25,25036.25,25037.1,7640
NSE,NIFTY,2025-07-18,10:05:00,25036.95,25037.35,25018.15,25023.85,7641
NSE,NIFTY,2025-07-18,10:10:00,25024.05,25027.2,25011.9,25013.75,7642
NSE,NIFTY,2025-07-18,10:15:00,25012.6,25017.2,25004.25,25004.5,7643
NSE,NIFTY,2025-07-18,10:20:00,25004.25,25004.25,24952.4,24952.65,7644
NSE,NIFTY,2025-07-18,10:25:00,24950.75,24965.8,24938.6,24962.0,7645
NSE,NIFTY,2025-07-18,10:30:00,24964.9,24967.8,24940.9,24941.05,7646
NSE,NIFTY,2025-07-18,10:35:00,24942.75,24951.3,24931.4,24947.2,7647
NSE,NIFTY,2025-07-18,10:40:00,24947.4,24962.6,24946.8,24951.8,7648
NSE,NIFTY,2025-07-18,10:45:00,24951.55,24951.55,24938.1,24939.4,7649
NSE,NIFTY,2025-07-18,10:50:00,24940.0,24952.95,24936.5,24944.85,7650
NSE,NIFTY,2025-07-18,10:55:00,24943.9,24952.4,24942.2,24947.1,7651
NSE,NIFTY,2025-07-18,11:00:00,24946.95,24953.05,24927.0,24927.4,7652
NSE,NIFTY,2025-07-18,11:05:00,24927.55,24955.95,24925.6,24952.75,7653
NSE,NIFTY,2025-07-18,11:10:00,24952.5,24958.1,24948.4,24951.55,7654
NSE,NIFTY,2025-07-18,11:15:00,24951.2,24961.45,24949.35,24959.55,7655
NSE,NIFTY,2025-07-18,11:20:00,24959.3,24962.0,24954.55,24954.9,7656
NSE,NIFTY,2025-07-18,11:25:00,24954.35,24968.95,24954.15,24965.7,7657
NSE,NIFTY,2025-07-18,11:30:00,24965.15,24976.55,24963.95,24968.9,7658
NSE,NIFTY,2025-07-18,11:35:00,24968.5,24972.9,24956.4,24958.45,7659
NSE,NIFTY,2025-07-18,11:40:00,24958.55,24958.75,24948.65,24951.0,7660
NSE,NIFTY,2025-07-18,11:45:00,24951.15,24952.9,24920.65,24936.15,7661
NSE,NIFTY,2025-07-18,11:50:00,24936.55,24953.3,24935.5,24952.9,7662
NSE,NIFTY,2025-07-18,11:55:00,24952.55,24963.55,24949.2,24958.2,7663
NSE,NIFTY,2025-07-18,12:00:00,24958.05,24961.2,24948.15,24950.85,7664
NSE,NIFTY,2025-07-18,12:05:00,24951.95,24953.55,24939.45,24946.85,7665
NSE,NIFTY,2025-07-18,12:10:00,24946.85,24949.15,24940.55,24943.95,7666
NSE,NIFTY,2025-07-18,12:15:00,24943.55,24944.8,24932.1,24933.05,7667
NSE,NIFTY,2025-07-18,12:20:00,24932.3,24938.55,24919.0,24922.5,7668
NSE,NIFTY,2025-07-18,12:25:00,24922.9,24937.1,24922.1,24933.7,7669
NSE,NIFTY,2025-07-18,12:30:00,24933.75,24943.75,24932.75,24943.1,7670
NSE,NIFTY,2025-07-18,12:35:00,24943.05,24944.0,24935.55,24937.25,7671
NSE,NIFTY,2025-07-18,12:40:00,24937.5,24946.75,24929.3,24943.35,7672
NSE,NIFTY,2025-07-18,12:45:00,24942.65,24951.8,24933.25,24934.85,7673
NSE,NIFTY,2025-07-18,12:50:00,24934.95,24942.9,24932.5,24940.9,7674
NSE,NIFTY,2025-07-18,12:55:00,24941.2,24941.5,24931.05,24934.5,7675
NSE,NIFTY,2025-07-18,13:00:00,24933.9,24959.65,24932.25,24959.65,7676
NSE,NIFTY,2025-07-18,13:05:00,24959.4,24991.2,24949.55,24953.05,7677
NSE,NIFTY,2025-07-18,13:10:00,24953.15,24953.9,24941.05,24944.8,7678
NSE,NIFTY,2025-07-18,13:15:00,24945.2,24951.7,24941.9,24948.8,7679
NSE,NIFTY,2025-07-18,13:20:00,24948.5,24951.65,24937.8,24940.25,7680
NSE,NIFTY,2025-07-18,13:25:00,24940.15,24946.6,24935.55,24946.4,7681
NSE,NIFTY,2025-07-18,13:30:00,24946.0,24949.35,24943.0,24945.15,7682
NSE,NIFTY,2025-07-18,13:35:00,24944.55,24957.2,24941.8,24954.75,7683
NSE,NIFTY,2025-07-18,13:40:00,24954.55,24962.65,24953.85,24962.65,7684
NSE,NIFTY,2025-07-18,13:45:00,24961.9,24971.35,24958.45,24969.4,7685
NSE,NIFTY,2025-07-18,13:50:00,24971.3,24971.3,24951.65,24954.4,7686
NSE,NIFTY,2025-07-18,13:55:00,24954.25,24959.35,24949.65,24950.7,7687
NSE,NIFTY,2025-07-18,14:00:00,24950.35,24994.25,24949.3,24959.75,7688
NSE,NIFTY,2025-07-18,14:05:00,24959.75,24970.65,24959.15,24965.95,7689
NSE,NIFTY,2025-07-18,14:10:00,24965.75,24969.5,24959.75,24965.15,7690
NSE,NIFTY,2025-07-18,14:15:00,24965.2,24972.4,24963.7,24968.8,7691
NSE,NIFTY,2025-07-18,14:20:00,24968.3,24971.7,24958.1,24967.25,7692
NSE,NIFTY,2025-07-18,14:25:00,24966.75,24976.75,24964.85,24976.1,7693
NSE,NIFTY,2025-07-18,14:30:00,24976.5,24990.8,24968.65,24988.9,7694
NSE,NIFTY,2025-07-18,14:35:00,24988.95,25005.2,24983.85,25001.7,7695
NSE,NIFTY,2025-07-18,14:40:00,25001.1,25002.0,24976.3,24981.9,7696
NSE,NIFTY,2025-07-18,14:45:00,24981.8,24984.0,24956.1,24957.4,7697
NSE,NIFTY,2025-07-18,14:50:00,24957.7,24971.1,24952.95,24963.2,7698
NSE,NIFTY,2025-07-18,14:55:00,24964.2,24972.95,24959.85,24969.35,7699
NSE,NIFTY,2025-07-18,15:00:00,24970.45,24980.9,24963.1,24977.0,7700
NSE,NIFTY,2025-07-18,15:05:00,24976.55,24977.35,24962.7,24965.65,7701
NSE,NIFTY,2025-07-18,15:10:00,24965.8,24973.35,24962.95,24967.95,7702
NSE,NIFTY,2025-07-18,15:15:00,24967.35,24975.7,24966.35,24971.4,7703
NSE,NIFTY,2025-07-18,15:20:00,24971.85,24973.25,24964.4,24967.1,7704
NSE,NIFTY,2025-07-18,15:25:00,24967.4,24976.35,24963.55,24974.65,7705
NSE,NIFTY,2025-07-18,15:30:00,24975.55,24978.4,24963.3,24967.4,7706
NSE,NIFTY,2025-07-21,09:15:00,24999.0,25031.2,24964.25,24970.3,7734
NSE,NIFTY,2025-07-21,09:20:00,24969.0,24973.9,24946.8,24948.4,7735
NSE,NIFTY,2025-07-21,09:25:00,24949.7,24952.65,24904.55,24904.55,7736
NSE,NIFTY,2025-07-21,09:30:00,24906.4,24911.9,24895.1,24908.9,7737
NSE,NIFTY,2025-07-21,09:35:00,24907.3,24916.05,24882.5,24894.1,7738
NSE,NIFTY,2025-07-21,09:40:00,24892.6,24916.9,24892.4,24911.1,7739
NSE,NIFTY,2025-07-21,09:45:00,24910.4,24944.5,24910.1,24934.55,7740
NSE,NIFTY,2025-07-21,09:50:00,24934.75,25010.85,24934.75,25010.1,7741
NSE,NIFTY,2025-07-21,09:55:00,25008.0,25044.7,25000.6,25039.75,7742
NSE,NIFTY,2025-07-21,10:00:00,25039.5,25048.75,25031.5,25040.3,7743
NSE,NIFTY,2025-07-21,10:05:00,25039.15,25046.05,25024.2,25042.0,7744
NSE,NIFTY,2025-07-21,10:10:00,25040.95,25062.8,25033.75,25062.5,7745
NSE,NIFTY,2025-07-21,10:15:00,25062.4,25070.75,25047.9,25053.2,7746
NSE,NIFTY,2025-07-21,10:20:00,25052.7,25054.1,25040.6,25050.85,7747
NSE,NIFTY,2025-07-21,10:25:00,25051.4,25051.95,25035.45,25039.05,7748
NSE,NIFTY,2025-07-21,10:30:00,25038.55,25052.35,25037.45,25046.1,7749
NSE,NIFTY,2025-07-21,10:35:00,25046.55,25063.4,25046.45,25058.8,7750
NSE,NIFTY,2025-07-21,10:40:00,25059.55,25061.95,25048.45,25053.35,7751
NSE,NIFTY,2025-07-21,10:45:00,25053.25,25061.65,25047.0,25056.65,7752
NSE,NIFTY,2025-07-21,10:50:00,25056.8,25058.15,25045.3,25050.9,7753
NSE,NIFTY,2025-07-21,10:55:00,25050.2,25051.15,25036.5,25049.95,7754
NSE,NIFTY,2025-07-21,11:00:00,25049.7,25066.4,25047.1,25064.5,7755
NSE,NIFTY,2025-07-21,11:05:00,25065.5,25070.45,25054.95,25065.15,7756
NSE,NIFTY,2025-07-21,11:10:00,25063.6,25079.3,25061.7,25076.75,7757
NSE,NIFTY,2025-07-21,11:15:00,25076.15,25076.5,25061.8,25065.15,7758
NSE,NIFTY,2025-07-21,11:20:00,25064.45,25071.3,25060.25,25062.3,7759
NSE,NIFTY,2025-07-21,11:25:00,25062.0,25066.05,25054.25,25058.15,7760
NSE,NIFTY,2025-07-21,11:30:00,25058.05,25060.25,25052.3,25057.45,7761
NSE,NIFTY,2025-07-21,11:35:00,25058.25,25066.45,25056.85,25066.35,7762
NSE,NIFTY,2025-07-21,11:40:00,25066.75,25066.75,25041.75,25043.4,7763
NSE,NIFTY,2025-07-21,11:45:00,25043.65,25045.9,25000.1,25017.9,7764
NSE,NIFTY,2025-07-21,11:50:00,25018.6,25029.2,25009.55,25019.45,7765
NSE,NIFTY,2025-07-21,11:55:00,25019.3,25037.7,25017.95,25037.25,7766
NSE,NIFTY,2025-07-21,12:00:00,25039.15,25047.5,25033.95,25043.95,7767
NSE,NIFTY,2025-07-21,12:05:00,25043.75,25044.35,25033.2,25037.3,7768
NSE,NIFTY,2025-07-21,12:10:00,25036.95,25043.8,25033.85,25042.95,7769
NSE,NIFTY,2025-07-21,12:15:00,25043.65,25047.45,25039.4,25044.0,7770
NSE,NIFTY,2025-07-21,12:20:00,25043.35,25048.2,25028.1,25047.4,7771
NSE,NIFTY,2025-07-21,12:25:00,25046.65,25049.9,25043.45,25048.15,7772
NSE,NIFTY,2025-07-21,12:30:00,25048.25,25050.7,25019.65,25019.75,7773
NSE,NIFTY,2025-07-21,12:35:00,25019.3,25044.45,25010.0,25043.6,7774
NSE,NIFTY,2025-07-21,12:40:00,25043.35,25044.4,25040.65,25041.6,7775
NSE,NIFTY,2025-07-21,12:45:00,25042.1,25048.15,25038.7,25048.0,7776
NSE,NIFTY,2025-07-21,12:50:00,25048.85,25056.7,25047.6,25056.25,7777
NSE,NIFTY,2025-07-21,12:55:00,25056.4,25056.75,25044.3,25048.65,7778
NSE,NIFTY,2025-07-21,13:00:00,25049.15,25049.25,25039.3,25044.5,7779
NSE,NIFTY,2025-07-21,13:05:00,25045.55,25054.0,25040.25,25053.45,7780
NSE,NIFTY,2025-07-21,13:10:00,25054.15,25059.2,25048.5,25057.85,7781
NSE,NIFTY,2025-07-21,13:15:00,25058.65,25058.7,25041.6,25044.15,7782
NSE,NIFTY,2025-07-21,13:20:00,25044.75,25051.95,25039.95,25046.0,7783
NSE,NIFTY,2025-07-21,13:25:00,25046.7,25048.5,25039.5,25039.7,7784
NSE,NIFTY,2025-07-21,13:30:00,25039.95,25046.8,25037.35,25043.0,7785
NSE,NIFTY,2025-07-21,13:35:00,25042.85,25052.35,25041.9,25051.55,7786
NSE,NIFTY,2025-07-21,13:40:00,25052.45,25053.1,25043.65,25045.65,7787
NSE,NIFTY,2025-07-21,13:45:00,25047.55,25051.3,25040.5,25042.6,7788
NSE,NIFTY,2025-07-21,13:50:00,25044.3,25044.65,25028.05,25028.05,7789
NSE,NIFTY,2025-07-21,13:55:00,25030.45,25030.45,25018.25,25022.4,7790
NSE,NIFTY,2025-07-21,14:00:00,25022.25,25026.25,24988.1,25012.45,7791
NSE,NIFTY,2025-07-21,14:05:00,25012.7,25024.9,25006.6,25020.7,7792
NSE,NIFTY,2025-07-21,14:10:00,25020.5,25030.4,25019.55,25028.65,7793
NSE,NIFTY,2025-07-21,14:15:00,25029.05,25034.95,25022.15,25026.25,7794
NSE,NIFTY,2025-07-21,14:20:00,25025.9,25030.9,25022.35,25028.85,7795
NSE,NIFTY,2025-07-21,14:25:00,25029.4,25039.95,25027.7,25035.95,7796
NSE,NIFTY,2025-07-21,14:30:00,25035.55,25036.35,25030.25,25034.5,7797
NSE,NIFTY,2025-07-21,14:35:00,25034.9,25036.0,25022.7,25022.8,7798
NSE,NIFTY,2025-07-21,14:40:00,25022.65,25023.8,25000.0,25015.2,7799
NSE,NIFTY,2025-07-21,14:45:00,25015.7,25031.95,25014.5,25030.15,7800
NSE,NIFTY,2025-07-21,14:50:00,25030.5,25035.9,25029.9,25034.7,7801
NSE,NIFTY,2025-07-21,14:55:00,25034.65,25045.05,25033.75,25040.55,7802
NSE,NIFTY,2025-07-21,15:00:00,25039.7,25068.5,25039.7,25067.15,7803
NSE,NIFTY,2025-07-21,15:05:00,25069.15,25084.45,25067.5,25079.45,7804
NSE,NIFTY,2025-07-21,15:10:00,25081.2,25085.15,25070.35,25078.3,7805
NSE,NIFTY,2025-07-21,15:15:00,25079.3,25090.55,25074.6,25089.0,7806
NSE,NIFTY,2025-07-21,15:20:00,25090.2,25099.8,25084.25,25099.4,7807
NSE,NIFTY,2025-07-21,15:25:00,25099.2,25111.35,25098.5,25099.5,7808
NSE,NIFTY,2025-07-21,15:30:00,25101.65,25107.0,25089.85,25095.65,7809
NSE,NIFTY,2025-07-22,09:15:00,25166.65,25171.45,25128.95,25138.1,7837
NSE,NIFTY,2025-07-22,09:20:00,25137.8,25165.35,25123.1,25125.35,7838
NSE,NIFTY,2025-07-22,09:25:00,25122.5,25145.65,25116.6,25140.7,7839
NSE,NIFTY,2025-07-22,09:30:00,25139.75,25140.65,25116.45,25120.1,7840
NSE,NIFTY,2025-07-22,09:35:00,25121.7,25140.95,25113.85,25115.55,7841
NSE,NIFTY,2025-07-22,09:40:00,25115.45,25123.15,25102.3,25107.95,7842
NSE,NIFTY,2025-07-22,09:45:00,25108.85,25113.05,25089.6,25106.8,7843
NSE,NIFTY,2025-07-22,09:50:00,25105.8,25131.6,25105.8,25117.9,7844
NSE,NIFTY,2025-07-22,09:55:00,25118.25,25125.9,25110.05,25111.8,7845
NSE,NIFTY,2025-07-22,10:00:00,25112.05,25113.0,25090.7,25101.4,7846
NSE,NIFTY,2025-07-22,10:05:00,25101.2,25102.25,25086.1,25087.2,7847
NSE,NIFTY,2025-07-22,10:10:00,25087.7,25102.7,25086.65,25095.65,7848
NSE,NIFTY,2025-07-22,10:15:00,25096.3,25113.2,25095.9,25113.2,7849
NSE,NIFTY,2025-07-22,10:20:00,25112.95,25121.85,25104.45,25121.85,7850
NSE,NIFTY,2025-07-22,10:25:00,25121.2,25123.8,25114.75,25120.9,7851
NSE,NIFTY,2025-07-22,10:30:00,25121.1,25121.8,25097.45,25099.8,7852
NSE,NIFTY,2025-07-22,10:35:00,25098.65,25105.85,25096.35,25098.35,7853
NSE,NIFTY,2025-07-22,10:40:00,25098.2,25104.8,25091.95,25095.3,7854
NSE,NIFTY,2025-07-22,10:45:00,25096.6,25096.85,25076.6,25080.35,7855
NSE,NIFTY,2025-07-22,10:50:00,25081.4,25100.05,25081.05,25097.85,7856
NSE,NIFTY,2025-07-22,10:55:00,25097.55,25100.2,25086.1,25093.3,7857
NSE,NIFTY,2025-07-22,11:00:00,25093.4,25093.95,25080.85,25082.95,7858
NSE,NIFTY,2025-07-22,11:05:00,25082.7,25088.3,25075.1,25076.9,7859
NSE,NIFTY,2025-07-22,11:10:00,25076.05,25077.6,25055.85,25060.35,7860
NSE,NIFTY,2025-07-22,11:15:00,25059.5,25072.45,25059.5,25070.95,7861
NSE,NIFTY,2025-07-22,11:20:00,25070.1,25072.35,25047.15,25054.5,7862
NSE,NIFTY,2025-07-22,11:25:00,25055.2,25063.0,25051.45,25061.95,7863
NSE,NIFTY,2025-07-22,11:30:00,25062.0,25064.6,25057.75,25059.65,7864
NSE,NIFTY,2025-07-22,11:35:00,25059.0,25061.1,25048.75,25058.25,7865
NSE,NIFTY,2025-07-22,11:40:00,25058.55,25061.25,25053.45,25059.7,7866
NSE,NIFTY,2025-07-22,11:45:00,25058.75,25064.5,25053.85,25064.1,7867
NSE,NIFTY,2025-07-22,11:50:00,25063.8,25071.0,25059.9,25061.0,7868
NSE,NIFTY,2025-07-22,11:55:00,25060.55,25070.65,25035.75,25070.1,7869
NSE,NIFTY,2025-07-22,12:00:00,25069.5,25087.6,25069.5,25085.3,7870
NSE,NIFTY,2025-07-22,12:05:00,25085.8,25086.2,25078.85,25083.65,7871
NSE,NIFTY,2025-07-22,12:10:00,25083.85,25083.85,25072.1,25075.85,7872
NSE,NIFTY,2025-07-22,12:15:00,25076.35,25080.55,25071.1,25074.15,7873
NSE,NIFTY,2025-07-22,12:20:00,25073.95,25085.25,25073.35,25085.15,7874
NSE,NIFTY,2025-07-22,12:25:00,25085.25,25101.85,25082.0,25093.95,7875
NSE,NIFTY,2025-07-22,12:30:00,25094.95,25107.2,25091.85,25105.6,7876
NSE,NIFTY,2025-07-22,12:35:00,25106.3,25111.85,25103.3,25107.95,7877
NSE,NIFTY,2025-07-22,12:40:00,25108.0,25108.6,25100.55,25107.85,7878
NSE,NIFTY,2025-07-22,12:45:00,25107.4,25110.75,25097.25,25109.6,7879
NSE,NIFTY,2025-07-22,12:50:00,25109.6,25114.15,25103.75,25109.15,7880
NSE,NIFTY,2025-07-22,12:55:00,25109.1,25113.8,25105.35,25107.45,7881
NSE,NIFTY,2025-07-22,13:00:00,25107.35,25118.3,25106.25,25117.8,7882
NSE,NIFTY,2025-07-22,13:05:00,25117.5,25119.7,25104.05,25104.05,7883
NSE,NIFTY,2025-07-22,13:10:00,25102.95,25104.3,25078.85,25099.55,7884
NSE,NIFTY,2025-07-22,13:15:00,25098.9,25100.9,25087.9,25091.95,7885
NSE,NIFTY,2025-07-22,13:20:00,25092.8,25095.05,25085.3,25089.3,7886
NSE,NIFTY,2025-07-22,13:25:00,25089.55,25097.05,25089.1,25090.1,7887
NSE,NIFTY,2025-07-22,13:30:00,25089.35,25090.25,25075.8,25077.75,7888
NSE,NIFTY,2025-07-22,13:35:00,25077.5,25085.0,25074.15,25082.5,7889
NSE,NIFTY,2025-07-22,13:40:00,25082.25,25089.15,25079.05,25080.7,7890
NSE,NIFTY,2025-07-22,13:45:00,25080.75,25083.3,25073.5,25075.95,7891
NSE,NIFTY,2025-07-22,13:50:00,25075.7,25081.6,25073.9,25074.7,7892
NSE,NIFTY,2025-07-22,13:55:00,25074.6,25089.05,25074.4,25089.05,7893
NSE,NIFTY,2025-07-22,14:00:00,25089.5,25107.3,25085.05,25089.55,7894
NSE,NIFTY,2025-07-22,14:05:00,25089.05,25102.3,25088.1,25100.6,7895
NSE,NIFTY,2025-07-22,14:10:00,25100.1,25107.65,25097.6,25104.0,7896
NSE,NIFTY,2025-07-22,14:15:00,25104.55,25104.55,25085.5,25089.3,7897
NSE,NIFTY,2025-07-22,14:20:00,25088.5,25089.55,25079.55,25082.75,7898
NSE,NIFTY,2025-07-22,14:25:00,25082.35,25083.45,25061.45,25068.25,7899
NSE,NIFTY,2025-07-22,14:30:00,25068.7,25072.65,25064.35,25066.75,7900
NSE,NIFTY,2025-07-22,14:35:00,25065.25,25073.9,25063.2,25067.6,7901
NSE,NIFTY,2025-07-22,14:40:00,25066.8,25073.9,25044.85,25061.5,7902
NSE,NIFTY,2025-07-22,14:45:00,25061.85,25068.7,25059.25,25066.9,7903
NSE,NIFTY,2025-07-22,14:50:00,25067.2,25077.6,25066.5,25076.3,7904
NSE,NIFTY,2025-07-22,14:55:00,25075.95,25080.0,25070.95,25075.35,7905
NSE,NIFTY,2025-07-22,15:00:00,25075.85,25077.85,25055.95,25063.55,7906
NSE,NIFTY,2025-07-22,15:05:00,25063.8,25067.4,25047.9,25055.3,7907
NSE,NIFTY,2025-07-22,15:10:00,25055.95,25063.5,25048.5,25055.95,7908
NSE,NIFTY,2025-07-22,15:15:00,25056.55,25065.0,25055.75,25060.4,7909
NSE,NIFTY,2025-07-22,15:20:00,25061.1,25065.4,25054.95,25060.4,7910
NSE,NIFTY,2025-07-22,15:25:00,25060.05,25071.05,25058.55,25068.5,7911
NSE,NIFTY,2025-07-22,15:30:00,25067.5,25070.85,25056.85,25066.2,7912
NSE,NIFTY,2025-07-23,09:15:00,25139.35,25145.4,25113.05,25127.6,7940
NSE,NIFTY,2025-07-23,09:20:00,25130.9,25143.5,25120.4,25142.3,7941
NSE,NIFTY,2025-07-23,09:25:00,25141.8,25142.4,25116.9,25122.3,7942
NSE,NIFTY,2025-07-23,09:30:00,25121.55,25127.2,25105.45,25126.05,7943
NSE,NIFTY,2025-07-23,09:35:00,25126.0,25127.4,25105.05,25111.25,7944
NSE,NIFTY,2025-07-23,09:40:00,25111.55,25122.65,25104.55,25113.1,7945
NSE,NIFTY,2025-07-23,09:45:00,25112.85,25113.4,25090.95,25096.3,7946
NSE,NIFTY,2025-07-23,09:50:00,25096.8,25111.6,25085.9,25110.7,7947
NSE,NIFTY,2025-07-23,09:55:00,25110.05,25113.4,25094.45,25102.85,7948
NSE,NIFTY,2025-07-23,10:00:00,25102.5,25120.4,25102.5,25116.15,7949
NSE,NIFTY,2025-07-23,10:05:00,25115.55,25115.55,25094.0,25094.65,7950
NSE,NIFTY,2025-07-23,10:10:00,25094.55,25102.1,25090.85,25097.45,7951
NSE,NIFTY,2025-07-23,10:15:00,25096.9,25113.15,25096.05,25106.05,7952
NSE,NIFTY,2025-07-23,10:20:00,25105.5,25110.95,25102.1,25110.05,7953
NSE,NIFTY,2025-07-23,10:25:00,25110.65,25110.65,25095.95,25108.1,7954
NSE,NIFTY,2025-07-23,10:30:00,25108.05,25112.5,25105.35,25107.7,7955
NSE,NIFTY,2025-07-23,10:35:00,25107.85,25109.85,25102.05,25105.1,7956
NSE,NIFTY,2025-07-23,10:40:00,25104.35,25108.35,25097.8,25106.0,7957
NSE,NIFTY,2025-07-23,10:45:00,25105.35,25120.55,25103.0,25118.05,7958
NSE,NIFTY,2025-07-23,10:50:00,25117.6,25117.9,25112.45,25115.4,7959
NSE,NIFTY,2025-07-23,10:55:00,25116.75,25132.05,25111.25,25130.3,7960
NSE,NIFTY,2025-07-23,11:00:00,25129.25,25130.8,25119.55,25122.95,7961
NSE,NIFTY,2025-07-23,11:05:00,25122.9,25142.3,25122.3,25136.05,7962
NSE,NIFTY,2025-07-23,11:10:00,25135.55,25136.55,25128.45,25131.1,7963
NSE,NIFTY,2025-07-23,11:15:00,25131.45,25131.55,25124.6,25128.25,7964
NSE,NIFTY,2025-07-23,11:20:00,25127.3,25138.1,25126.05,25128.45,7965
NSE,NIFTY,2025-07-23,11:25:00,25127.25,25127.8,25102.8,25124.4,7966
NSE,NIFTY,2025-07-23,11:30:00,25124.8,25127.5,25122.7,25126.85,7967
NSE,NIFTY,2025-07-23,11:35:00,25126.75,25129.45,25123.85,25127.75,7968
NSE,NIFTY,2025-07-23,11:40:00,25126.85,25130.45,25123.35,25124.35,7969
NSE,NIFTY,2025-07-23,11:45:00,25124.45,25126.25,25117.25,25124.8,7970
NSE,NIFTY,2025-07-23,11:50:00,25124.85,25132.9,25123.5,25130.75,7971
NSE,NIFTY,2025-07-23,11:55:00,25130.4,25132.0,25123.75,25129.4,7972
NSE,NIFTY,2025-07-23,12:00:00,25129.3,25138.85,25128.45,25138.85,7973
NSE,NIFTY,2025-07-23,12:05:00,25138.75,25156.4,25138.55,25155.3,7974
NSE,NIFTY,2025-07-23,12:10:00,25153.9,25162.65,25150.35,25162.65,7975
NSE,NIFTY,2025-07-23,12:15:00,25161.8,25162.15,25130.55,25151.8,7976
NSE,NIFTY,2025-07-23,12:20:00,25154.3,25170.25,25154.3,25168.85,7977
NSE,NIFTY,2025-07-23,12:25:00,25168.6,25176.5,25167.2,25171.75,7978
NSE,NIFTY,2025-07-23,12:30:00,25171.1,25175.45,25166.55,25173.0,7979
NSE,NIFTY,2025-07-23,12:35:00,25171.65,25173.95,25165.8,25173.95,7980
NSE,NIFTY,2025-07-23,12:40:00,25173.45,25188.5,25170.2,25184.65,7981
NSE,NIFTY,2025-07-23,12:45:00,25184.15,25185.7,25170.75,25175.35,7982
NSE,NIFTY,2025-07-23,12:50:00,25175.0,25176.3,25164.75,25170.8,7983
NSE,NIFTY,2025-07-23,12:55:00,25171.25,25173.95,25164.05,25166.4,7984
NSE,NIFTY,2025-07-23,13:00:00,25166.35,25171.4,25164.65,25168.55,7985
NSE,NIFTY,2025-07-23,13:05:00,25168.55,25183.05,25168.55,25176.95,7986
NSE,NIFTY,2025-07-23,13:10:00,25176.35,25178.5,25166.85,25167.1,7987
NSE,NIFTY,2025-07-23,13:15:00,25166.65,25167.85,25157.6,25157.6,7988
NSE,NIFTY,2025-07-23,13:20:00,25157.75,25168.75,25157.0,25164.9,7989
NSE,NIFTY,2025-07-23,13:25:00,25163.75,25172.2,25139.95,25157.4,7990
NSE,NIFTY,2025-07-23,13:30:00,25156.45,25168.05,25155.85,25166.8,7991
NSE,NIFTY,2025-07-23,13:35:00,25168.15,25178.25,25166.95,25177.5,7992
NSE,NIFTY,2025-07-23,13:40:00,25178.2,25182.0,25172.05,25173.65,7993
NSE,NIFTY,2025-07-23,13:45:00,25173.5,25178.0,25169.9,25173.4,7994
NSE,NIFTY,2025-07-23,13:50:00,25173.6,25177.0,25169.25,25174.5,7995
NSE,NIFTY,2025-07-23,13:55:00,25174.05,25186.05,25173.75,25182.3,7996
NSE,NIFTY,2025-07-23,14:00:00,25181.75,25195.55,25179.95,25189.0,7997
NSE,NIFTY,2025-07-23,14:05:00,25189.4,25191.45,25184.25,25184.75,7998
NSE,NIFTY,2025-07-23,14:10:00,25184.3,25190.15,25182.65,25186.4,7999
NSE,NIFTY,2025-07-23,14:15:00,25185.45,25214.35,25185.1,25212.8,8000
NSE,NIFTY,2025-07-23,14:20:00,25213.65,25218.65,25201.75,25208.4,8001
NSE,NIFTY,2025-07-23,14:25:00,25208.6,25210.0,25199.55,25199.9,8002
NSE,NIFTY,2025-07-23,14:30:00,25200.45,25200.75,25192.0,25198.75,8003
NSE,NIFTY,2025-07-23,14:35:00,25199.65,25207.55,25197.45,25207.35,8004
NSE,NIFTY,2025-07-23,14:40:00,25206.95,25212.7,25202.45,25205.75,8005
NSE,NIFTY,2025-07-23,14:45:00,25205.4,25211.5,25200.9,25208.8,8006
NSE,NIFTY,2025-07-23,14:50:00,25209.15,25212.8,25205.95,25210.9,8007
NSE,NIFTY,2025-07-23,14:55:00,25210.2,25210.95,25203.05,25205.55,8008
NSE,NIFTY,2025-07-23,15:00:00,25206.25,25223.5,25204.15,25223.15,8009
NSE,NIFTY,2025-07-23,15:05:00,25223.15,25230.25,25219.7,25226.65,8010
NSE,NIFTY,2025-07-23,15:10:00,25227.45,25231.95,25227.05,25228.8,8011
NSE,NIFTY,2025-07-23,15:15:00,25227.95,25233.4,25223.55,25224.9,8012
NSE,NIFTY,2025-07-23,15:20:00,25226.15,25230.5,25215.7,25217.7,8013
NSE,NIFTY,2025-07-23,15:25:00,25217.75,25226.4,25217.4,25220.4,8014
NSE,NIFTY,2025-07-23,15:30:00,25220.25,25223.85,25205.8,25208.0,8015
NSE,NIFTY,2025-07-24,09:15:00,25243.3,25243.3,25228.35,25229.6,8043
NSE,NIFTY,2025-07-24,09:20:00,25229.1,25230.0,25198.4,25206.35,8044
NSE,NIFTY,2025-07-24,09:25:00,25208.0,25214.4,25195.7,25200.75,8045
NSE,NIFTY,2025-07-24,09:30:00,25203.15,25206.6,25183.75,25192.45,8046
NSE,NIFTY,2025-07-24,09:35:00,25192.45,25195.8,25181.0,25187.85,8047
NSE,NIFTY,2025-07-24,09:40:00,25187.85,25196.45,25183.6,25186.45,8048
NSE,NIFTY,2025-07-24,09:45:00,25186.35,25192.05,25179.35,25186.05,8049
NSE,NIFTY,2025-07-24,09:50:00,25185.8,25195.9,25172.05,25173.85,8050
NSE,NIFTY,2025-07-24,09:55:00,25174.2,25175.45,25164.55,25166.3,8051
NSE,NIFTY,2025-07-24,10:00:00,25165.25,25176.0,25164.9,25174.35,8052
NSE,NIFTY,2025-07-24,10:05:00,25173.6,25175.2,25163.0,25166.7,8053
NSE,NIFTY,2025-07-24,10:10:00,25167.05,25171.7,25157.95,25160.65,8054
NSE,NIFTY,2025-07-24,10:15:00,25159.6,25162.1,25155.15,25159.5,8055
NSE,NIFTY,2025-07-24,10:20:00,25159.0,25170.7,25154.65,25169.6,8056
NSE,NIFTY,2025-07-24,10:25:00,25169.25,25172.25,25162.15,25165.0,8057
NSE,NIFTY,2025-07-24,10:30:00,25164.7,25175.25,25162.9,25170.8,8058
NSE,NIFTY,2025-07-24,10:35:00,25169.3,25182.9,25168.05,25179.6,8059
NSE,NIFTY,2025-07-24,10:40:00,25179.8,25180.3,25168.4,25171.9,8060
NSE,NIFTY,2025-07-24,10:45:00,25171.95,25173.1,25161.75,25172.85,8061
NSE,NIFTY,2025-07-24,10:50:00,25172.85,25174.85,25166.25,25169.0,8062
NSE,NIFTY,2025-07-24,10:55:00,25169.2,25174.3,25165.95,25170.35,8063
NSE,NIFTY,2025-07-24,11:00:00,25169.8,25169.8,25163.0,25166.5,8064
NSE,NIFTY,2025-07-24,11:05:00,25167.0,25169.6,25156.4,25160.25,8065
NSE,NIFTY,2025-07-24,11:10:00,25160.35,25164.35,25154.15,25154.6,8066
NSE,NIFTY,2025-07-24,11:15:00,25153.75,25159.5,25142.1,25143.95,8067
NSE,NIFTY,2025-07-24,11:20:00,25143.75,25148.7,25139.4,25143.1,8068
NSE,NIFTY,2025-07-24,11:25:00,25143.1,25143.8,25105.95,25108.1,8069
NSE,NIFTY,2025-07-24,11:30:00,25109.15,25117.35,25102.05,25111.3,8070
NSE,NIFTY,2025-07-24,11:35:00,25110.95,25116.5,25095.9,25098.4,8071
NSE,NIFTY,2025-07-24,11:40:00,25098.75,25103.0,25089.8,25100.2,8072
NSE,NIFTY,2025-07-24,11:45:00,25099.9,25104.4,25094.9,25098.7,8073
NSE,NIFTY,2025-07-24,11:50:00,25098.7,25114.6,25096.45,25102.45,8074
NSE,NIFTY,2025-07-24,11:55:00,25103.65,25103.65,25089.9,25096.9,8075
NSE,NIFTY,2025-07-24,12:00:00,25095.75,25098.05,25067.4,25069.2,8076
NSE,NIFTY,2025-07-24,12:05:00,25069.6,25071.45,25028.25,25030.2,8077
NSE,NIFTY,2025-07-24,12:10:00,25029.3,25046.3,25019.3,25035.95,8078
NSE,NIFTY,2025-07-24,12:15:00,25035.55,25053.35,25026.35,25049.45,8079
NSE,NIFTY,2025-07-24,12:20:00,25049.4,25071.65,25047.25,25067.5,8080
NSE,NIFTY,2025-07-24,12:25:00,25067.0,25075.4,25053.5,25074.55,8081
NSE,NIFTY,2025-07-24,12:30:00,25074.1,25080.95,25063.6,25079.85,8082
NSE,NIFTY,2025-07-24,12:35:00,25079.35,25091.2,25072.2,25081.85,8083
NSE,NIFTY,2025-07-24,12:40:00,25082.2,25083.0,25068.35,25075.3,8084
NSE,NIFTY,2025-07-24,12:45:00,25074.85,25084.7,25070.05,25083.6,8085
NSE,NIFTY,2025-07-24,12:50:00,25083.4,25088.5,25066.65,25072.15,8086
NSE,NIFTY,2025-07-24,12:55:00,25071.95,25083.45,25068.95,25069.75,8087
NSE,NIFTY,2025-07-24,13:00:00,25068.85,25071.8,25030.9,25031.4,8088
NSE,NIFTY,2025-07-24,13:05:00,25030.65,25055.0,25030.65,25051.9,8089
NSE,NIFTY,2025-07-24,13:10:00,25052.0,25060.05,25051.35,25057.35,8090
NSE,NIFTY,2025-07-24,13:15:00,25055.9,25070.85,25053.0,25067.4,8091
NSE,NIFTY,2025-07-24,13:20:00,25067.55,25067.55,25052.55,25057.05,8092
NSE,NIFTY,2025-07-24,13:25:00,25056.95,25058.45,25050.45,25054.2,8093
NSE,NIFTY,2025-07-24,13:30:00,25053.55,25063.6,25051.4,25063.5,8094
NSE,NIFTY,2025-07-24,13:35:00,25063.35,25065.05,25054.65,25063.45,8095
NSE,NIFTY,2025-07-24,13:40:00,25062.9,25062.9,25051.5,25058.65,8096
NSE,NIFTY,2025-07-24,13:45:00,25058.85,25081.1,25056.2,25078.55,8097
NSE,NIFTY,2025-07-24,13:50:00,25078.6,25100.5,25074.25,25096.75,8098
NSE,NIFTY,2025-07-24,13:55:00,25097.8,25101.6,25089.9,25093.0,8099
NSE,NIFTY,2025-07-24,14:00:00,25093.95,25094.75,25053.85,25064.5,8100
NSE,NIFTY,2025-07-24,14:05:00,25064.95,25101.2,25063.3,25094.05,8101
NSE,NIFTY,2025-07-24,14:10:00,25094.5,25100.7,25084.85,25095.5,8102
NSE,NIFTY,2025-07-24,14:15:00,25094.5,25095.85,25087.7,25093.1,8103
NSE,NIFTY,2025-07-24,14:20:00,25092.45,25100.9,25088.55,25100.3,8104
NSE,NIFTY,2025-07-24,14:25:00,25101.05,25103.25,25075.5,25081.25,8105
NSE,NIFTY,2025-07-24,14:30:00,25080.0,25084.2,25072.4,25080.65,8106
NSE,NIFTY,2025-07-24,14:35:00,25081.05,25088.05,25079.55,25086.65,8107
NSE,NIFTY,2025-07-24,14:40:00,25086.85,25093.0,25082.15,25083.8,8108
NSE,NIFTY,2025-07-24,14:45:00,25084.05,25087.1,25068.5,25076.55,8109
NSE,NIFTY,2025-07-24,14:50:00,25076.3,25076.7,25047.65,25064.45,8110
NSE,NIFTY,2025-07-24,14:55:00,25063.75,25065.55,25052.25,25058.8,8111
NSE,NIFTY,2025-07-24,15:00:00,25059.3,25060.35,25046.9,25059.7,8112
NSE,NIFTY,2025-07-24,15:05:00,25060.2,25071.05,25057.6,25069.9,8113
NSE,NIFTY,2025-07-24,15:10:00,25069.45,25070.55,25063.35,25068.95,8114
NSE,NIFTY,2025-07-24,15:15:00,25069.9,25069.9,25063.5,25069.1,8115
NSE,NIFTY,2025-07-24,15:20:00,25068.4,25069.45,25056.4,25058.75,8116
NSE,NIFTY,2025-07-24,15:25:00,25058.0,25060.85,25055.85,25058.35,8117
NSE,NIFTY,2025-07-24,15:30:00,25059.0,25060.8,25046.3,25051.1,8118
NSE,NIFTY,2025-07-25,09:15:00,25010.35,25010.35,24940.9,24952.95,8146
NSE,NIFTY,2025-07-25,09:20:00,24954.45,24962.15,24924.3,24925.75,8147
NSE,NIFTY,2025-07-25,09:25:00,24927.9,24933.05,24907.6,24929.7,8148
NSE,NIFTY,2025-07-25,09:30:00,24930.35,24993.85,24924.35,24974.9,8149
NSE,NIFTY,2025-07-25,09:35:00,24975.05,24984.35,24946.35,24952.65,8150
NSE,NIFTY,2025-07-25,09:40:00,24953.95,24978.75,24953.95,24966.75,8151
NSE,NIFTY,2025-07-25,09:45:00,24965.85,24966.5,24923.4,24936.15,8152
NSE,NIFTY,2025-07-25,09:50:00,24936.75,24939.65,24912.7,24939.65,8153
NSE,NIFTY,2025-07-25,09:55:00,24940.2,24943.35,24919.85,24927.3,8154
NSE,NIFTY,2025-07-25,10:00:00,24927.05,24946.85,24920.9,24927.35,8155
NSE,NIFTY,2025-07-25,10:05:00,24928.0,24940.75,24919.55,24927.8,8156
NSE,NIFTY,2025-07-25,10:10:00,24927.45,24929.0,24907.5,24910.95,8157
NSE,NIFTY,2025-07-25,10:15:00,24911.95,24925.1,24885.4,24885.7,8158
NSE,NIFTY,2025-07-25,10:20:00,24883.95,24889.5,24863.5,24867.75,8159
NSE,NIFTY,2025-07-25,10:25:00,24867.6,24883.05,24867.6,24872.0,8160
NSE,NIFTY,2025-07-25,10:30:00,24872.15,24877.05,24866.8,24874.05,8161
NSE,NIFTY,2025-07-25,10:35:00,24874.55,24875.2,24854.15,24867.4,8162
NSE,NIFTY,2025-07-25,10:40:00,24867.5,24868.15,24844.45,24852.95,8163
NSE,NIFTY,2025-07-25,10:45:00,24852.65,24873.5,24845.1,24871.45,8164
NSE,NIFTY,2025-07-25,10:50:00,24871.85,24878.2,24864.35,24877.8,8165
NSE,NIFTY,2025-07-25,10:55:00,24877.5,24880.2,24859.7,24865.55,8166
NSE,NIFTY,2025-07-25,11:00:00,24864.6,24880.6,24862.45,24879.05,8167
NSE,NIFTY,2025-07-25,11:05:00,24879.4,24881.8,24862.7,24875.7,8168
NSE,NIFTY,2025-07-25,11:10:00,24876.2,24891.6,24876.2,24878.4,8169
NSE,NIFTY,2025-07-25,11:15:00,24878.6,24879.65,24861.35,24864.6,8170
NSE,NIFTY,2025-07-25,11:20:00,24864.1,24881.05,24854.8,24880.05,8171
NSE,NIFTY,2025-07-25,11:25:00,24880.35,24889.45,24879.2,24884.9,8172
NSE,NIFTY,2025-07-25,11:30:00,24884.35,24890.25,24876.05,24889.3,8173
NSE,NIFTY,2025-07-25,11:35:00,24889.5,24916.85,24867.8,24872.0,8174
NSE,NIFTY,2025-07-25,11:40:00,24872.4,24872.95,24859.75,24862.7,8175
NSE,NIFTY,2025-07-25,11:45:00,24862.1,24868.25,24855.85,24863.35,8176
NSE,NIFTY,2025-07-25,11:50:00,24863.5,24864.1,24831.35,24837.85,8177
NSE,NIFTY,2025-07-25,11:55:00,24838.2,24848.75,24833.15,24846.55,8178
NSE,NIFTY,2025-07-25,12:00:00,24846.35,24847.75,24841.0,24843.5,8179
NSE,NIFTY,2025-07-25,12:05:00,24843.3,24847.9,24833.8,24846.55,8180
NSE,NIFTY,2025-07-25,12:10:00,24847.25,24848.25,24833.1,24834.65,8181
NSE,NIFTY,2025-07-25,12:15:00,24834.85,24847.7,24833.65,24843.95,8182
NSE,NIFTY,2025-07-25,12:20:00,24843.4,24844.1,24828.25,24828.95,8183
NSE,NIFTY,2025-07-25,12:25:00,24829.85,24835.1,24812.75,24824.15,8184
NSE,NIFTY,2025-07-25,12:30:00,24823.65,24830.2,24817.3,24829.6,8185
NSE,NIFTY,2025-07-25,12:35:00,24830.0,24844.0,24829.3,24833.95,8186
NSE,NIFTY,2025-07-25,12:40:00,24833.5,24882.95,24832.45,24882.95,8187
NSE,NIFTY,2025-07-25,12:45:00,24883.1,24886.6,24855.55,24867.95,8188
NSE,NIFTY,2025-07-25,12:50:00,24867.8,24875.6,24865.05,24872.75,8189
NSE,NIFTY,2025-07-25,12:55:00,24873.3,24875.55,24854.9,24858.9,8190
NSE,NIFTY,2025-07-25,13:00:00,24859.15,24861.6,24852.35,24860.15,8191
NSE,NIFTY,2025-07-25,13:05:00,24861.2,24868.3,24848.45,24851.05,8192
NSE,NIFTY,2025-07-25,13:10:00,24851.3,24868.5,24847.45,24857.3,8193
NSE,NIFTY,2025-07-25,13:15:00,24857.45,24860.7,24847.35,24858.05,8194
NSE,NIFTY,2025-07-25,13:20:00,24859.15,24865.05,24847.85,24863.1,8195
NSE,NIFTY,2025-07-25,13:25:00,24863.85,24872.85,24857.4,24866.8,8196
NSE,NIFTY,2025-07-25,13:30:00,24867.1,24869.45,24855.15,24855.45,8197
NSE,NIFTY,2025-07-25,13:35:00,24855.85,24858.1,24807.55,24824.1,8198
NSE,NIFTY,2025-07-25,13:40:00,24825.35,24853.95,24824.35,24847.75,8199
NSE,NIFTY,2025-07-25,13:45:00,24847.2,24864.55,24847.2,24859.0,8200
NSE,NIFTY,2025-07-25,13:50:00,24860.65,24870.35,24857.05,24864.8,8201
NSE,NIFTY,2025-07-25,13:55:00,24865.95,24880.05,24859.65,24867.45,8202
NSE,NIFTY,2025-07-25,14:00:00,24867.6,24876.5,24866.7,24875.15,8203
NSE,NIFTY,2025-07-25,14:05:00,24875.9,24879.85,24856.15,24857.85,8204
NSE,NIFTY,2025-07-25,14:10:00,24857.35,24858.7,24840.3,24847.15,8205
NSE,NIFTY,2025-07-25,14:15:00,24847.95,24848.8,24835.9,24842.15,8206
NSE,NIFTY,2025-07-25,14:20:00,24843.65,24848.9,24837.1,24840.55,8207
NSE,NIFTY,2025-07-25,14:25:00,24840.45,24854.35,24839.9,24849.95,8208
NSE,NIFTY,2025-07-25,14:30:00,24850.15,24850.4,24813.85,24835.0,8209
NSE,NIFTY,2025-07-25,14:35:00,24835.3,24837.8,24825.25,24832.95,8210
NSE,NIFTY,2025-07-25,14:40:00,24831.85,24847.75,24829.8,24847.05,8211
NSE,NIFTY,2025-07-25,14:45:00,24847.4,24848.3,24827.4,24834.6,8212
NSE,NIFTY,2025-07-25,14:50:00,24834.8,24836.3,24822.4,24825.85,8213
NSE,NIFTY,2025-07-25,14:55:00,24824.75,24830.4,24818.15,24826.05,8214
NSE,NIFTY,2025-07-25,15:00:00,24826.05,24839.75,24808.4,24822.25,8215
NSE,NIFTY,2025-07-25,15:05:00,24824.0,24834.5,24822.2,24831.3,8216
NSE,NIFTY,2025-07-25,15:10:00,24831.95,24849.0,24829.45,24846.8,8217
NSE,NIFTY,2025-07-25,15:15:00,24847.15,24849.0,24841.0,24843.3,8218
NSE,NIFTY,2025-07-25,15:20:00,24843.0,24844.75,24832.5,24841.15,8219
NSE,NIFTY,2025-07-25,15:25:00,24842.15,24844.1,24836.3,24837.9,8220
NSE,NIFTY,2025-07-25,15:30:00,24837.9,24841.05,24823.05,24832.1,8221
NSE,NIFTY,2025-07-28,09:15:00,24782.45,24790.9,24756.95,24765.15,8252
NSE,NIFTY,2025-07-28,09:20:00,24767.45,24796.7,24733.4,24796.7,8253
NSE,NIFTY,2025-07-28,09:25:00,24796.15,24796.15,24761.35,24784.4,8254
NSE,NIFTY,2025-07-28,09:30:00,24783.8,24791.3,24773.05,24788.65,8255
NSE,NIFTY,2025-07-28,09:35:00,24788.85,24853.1,24788.75,24840.6,8256
NSE,NIFTY,2025-07-28,09:40:00,24840.45,24844.35,24822.35,24824.5,8257
NSE,NIFTY,2025-07-28,09:45:00,24824.8,24825.4,24781.15,24795.45,8258
NSE,NIFTY,2025-07-28,09:50:00,24796.5,24815.65,24788.6,24806.9,8259
NSE,NIFTY,2025-07-28,09:55:00,24806.85,24827.0,24805.65,24823.4,8260
NSE,NIFTY,2025-07-28,10:00:00,24823.95,24823.95,24794.8,24806.75,8261
NSE,NIFTY,2025-07-28,10:05:00,24807.3,24818.8,24802.6,24815.5,8262
NSE,NIFTY,2025-07-28,10:10:00,24813.7,24833.1,24809.55,24832.9,8263
NSE,NIFTY,2025-07-28,10:15:00,24833.0,24874.0,24823.65,24871.65,8264
NSE,NIFTY,2025-07-28,10:20:00,24871.15,24877.25,24863.95,24866.5,8265
NSE,NIFTY,2025-07-28,10:25:00,24866.8,24888.0,24865.55,24870.1,8266
NSE,NIFTY,2025-07-28,10:30:00,24869.8,24882.05,24867.85,24878.5,8267
NSE,NIFTY,2025-07-28,10:35:00,24878.25,24885.4,24861.6,24861.95,8268
NSE,NIFTY,2025-07-28,10:40:00,24862.0,24862.45,24826.95,24835.3,8269
NSE,NIFTY,2025-07-28,10:45:00,24835.55,24838.6,24805.05,24807.4,8270
NSE,NIFTY,2025-07-28,10:50:00,24805.1,24811.7,24775.4,24789.2,8271
NSE,NIFTY,2025-07-28,10:55:00,24789.6,24812.95,24784.2,24811.65,8272
NSE,NIFTY,2025-07-28,11:00:00,24812.2,24833.6,24808.7,24832.8,8273
NSE,NIFTY,2025-07-28,11:05:00,24834.1,24844.65,24806.55,24809.1,8274
NSE,NIFTY,2025-07-28,11:10:00,24809.15,24811.8,24797.05,24806.85,8275
NSE,NIFTY,2025-07-28,11:15:00,24807.55,24815.5,24802.5,24808.6,8276
NSE,NIFTY,2025-07-28,11:20:00,24809.35,24815.25,24803.95,24805.1,8277
NSE,NIFTY,2025-07-28,11:25:00,24804.95,24819.25,24804.35,24815.25,8278
NSE,NIFTY,2025-07-28,11:30:00,24816.0,24822.8,24806.1,24809.0,8279
NSE,NIFTY,2025-07-28,11:35:00,24809.4,24823.15,24808.4,24820.85,8280
NSE,NIFTY,2025-07-28,11:40:00,24820.9,24824.6,24805.0,24806.0,8281
NSE,NIFTY,2025-07-28,11:45:00,24805.05,24805.45,24779.45,24796.65,8282
NSE,NIFTY,2025-07-28,11:50:00,24796.1,24801.25,24791.75,24799.5,8283
NSE,NIFTY,2025-07-28,11:55:00,24799.3,24807.35,24793.85,24806.4,8284
NSE,NIFTY,2025-07-28,12:00:00,24806.65,24820.4,24804.95,24816.0,8285
NSE,NIFTY,2025-07-28,12:05:00,24816.2,24816.2,24797.45,24799.95,8286
NSE,NIFTY,2025-07-28,12:10:00,24799.65,24802.4,24791.3,24794.85,8287
NSE,NIFTY,2025-07-28,12:15:00,24794.8,24798.45,24783.1,24785.6,8288
NSE,NIFTY,2025-07-28,12:20:00,24785.15,24785.15,24778.95,24781.3,8289
NSE,NIFTY,2025-07-28,12:25:00,24782.3,24791.1,24777.45,24785.95,8290
NSE,NIFTY,2025-07-28,12:30:00,24784.4,24795.25,24779.75,24793.35,8291
NSE,NIFTY,2025-07-28,12:35:00,24793.1,24794.1,24793.0,24794.1,8292
NSE,NIFTY,2025-07-28,12:40:00,24793.05,24796.65,24787.75,24790.2,8293
NSE,NIFTY,2025-07-28,12:45:00,24790.35,24792.1,24769.85,24771.0,8294
NSE,NIFTY,2025-07-28,12:50:00,24771.25,24772.4,24734.65,24735.05,8295
NSE,NIFTY,2025-07-28,12:55:00,24735.8,24746.65,24715.15,24741.0,8296
NSE,NIFTY,2025-07-28,13:00:00,24739.75,24745.95,24731.7,24731.9,8297
NSE,NIFTY,2025-07-28,13:05:00,24731.3,24734.0,24707.3,24715.75,8298
NSE,NIFTY,2025-07-28,13:10:00,24716.2,24729.0,24714.85,24719.95,8299
NSE,NIFTY,2025-07-28,13:15:00,24719.4,24727.6,24701.05,24709.55,8300
NSE,NIFTY,2025-07-28,13:20:00,24709.15,24714.1,24695.3,24696.3,8301
NSE,NIFTY,2025-07-28,13:25:00,24695.65,24709.6,24689.8,24698.5,8302
NSE,NIFTY,2025-07-28,13:30:00,24698.35,24703.1,24685.25,24689.25,8303
NSE,NIFTY,2025-07-28,13:35:00,24689.0,24696.6,24664.3,24665.55,8304
NSE,NIFTY,2025-07-28,13:40:00,24666.0,24681.5,24661.1,24680.35,8305
NSE,NIFTY,2025-07-28,13:45:00,24681.55,24684.0,24664.9,24665.5,8306
NSE,NIFTY,2025-07-28,13:50:00,24665.25,24687.35,24663.85,24684.25,8307
NSE,NIFTY,2025-07-28,13:55:00,24684.6,24698.95,24679.5,24689.4,8308
NSE,NIFTY,2025-07-28,14:00:00,24689.5,24690.3,24675.95,24676.35,8309
NSE,NIFTY,2025-07-28,14:05:00,24677.15,24680.85,24668.05,24670.3,8310
NSE,NIFTY,2025-07-28,14:10:00,24669.8,24686.45,24664.15,24680.2,8311
NSE,NIFTY,2025-07-28,14:15:00,24679.4,24687.4,24646.75,24678.5,8312
NSE,NIFTY,2025-07-28,14:20:00,24679.65,24686.8,24674.1,24675.4,8313
NSE,NIFTY,2025-07-28,14:25:00,24676.0,24693.55,24675.6,24689.4,8314
NSE,NIFTY,2025-07-28,14:30:00,24689.7,24692.95,24671.65,24678.45,8315
NSE,NIFTY,2025-07-28,14:35:00,24677.9,24684.3,24670.2,24674.3,8316
NSE,NIFTY,2025-07-28,14:40:00,24675.2,24692.7,24674.2,24691.6,8317
NSE,NIFTY,2025-07-28,14:45:00,24693.25,24701.05,24690.35,24698.5,8318
NSE,NIFTY,2025-07-28,14:50:00,24697.7,24698.3,24694.8,24694.85,8319
NSE,NIFTY,2025-07-28,14:55:00,24694.95,24705.4,24678.0,24689.05,8320
NSE,NIFTY,2025-07-28,15:00:00,24689.55,24703.75,24672.2,24675.6,8321
NSE,NIFTY,2025-07-28,15:05:00,24676.7,24693.4,24675.15,24687.1,8322
NSE,NIFTY,2025-07-28,15:10:00,24686.85,24689.85,24678.5,24686.8,8323
NSE,NIFTY,2025-07-28,15:15:00,24687.65,24689.55,24675.1,24675.45,8324
NSE,NIFTY,2025-07-28,15:20:00,24675.35,24684.6,24670.95,24675.6,8325
NSE,NIFTY,2025-07-28,15:25:00,24677.35,24683.3,24673.85,24676.85,8326
NSE,NIFTY,2025-07-28,15:30:00,24677.3,24687.85,24675.95,24683.55,8327
NSE,NIFTY,2025-07-29,09:15:00,24609.65,24650.75,24608.3,24650.45,8354
NSE,NIFTY,2025-07-29,09:20:00,24647.2,24691.25,24620.5,24678.1,8355
NSE,NIFTY,2025-07-29,09:25:00,24676.6,24691.9,24653.7,24676.25,8356
NSE,NIFTY,2025-07-29,09:30:00,24676.35,24712.1,24668.35,24700.45,8357
NSE,NIFTY,2025-07-29,09:35:00,24698.95,24710.55,24683.15,24687.5,8358
NSE,NIFTY,2025-07-29,09:40:00,24685.15,24692.95,24668.8,24687.35,8359
NSE,NIFTY,2025-07-29,09:45:00,24688.85,24702.9,24680.35,24698.1,8360
NSE,NIFTY,2025-07-29,09:50:00,24698.0,24711.9,24682.9,24689.7,8361
NSE,NIFTY,2025-07-29,09:55:00,24689.45,24726.95,24687.5,24723.45,8362
NSE,NIFTY,2025-07-29,10:00:00,24722.7,24724.3,24694.65,24703.75,8363
NSE,NIFTY,2025-07-29,10:05:00,24703.05,24715.4,24699.45,24714.65,8364
NSE,NIFTY,2025-07-29,10:10:00,24715.9,24717.25,24695.3,24696.4,8365
NSE,NIFTY,2025-07-29,10:15:00,24698.15,24700.6,24661.75,24662.35,8366
NSE,NIFTY,2025-07-29,10:20:00,24661.4,24670.9,24654.45,24657.85,8367
NSE,NIFTY,2025-07-29,10:25:00,24657.9,24658.3,24649.8,24652.1,8368
NSE,NIFTY,2025-07-29,10:30:00,24652.15,24657.8,24628.05,24635.95,8369
NSE,NIFTY,2025-07-29,10:35:00,24635.5,24647.65,24634.1,24641.05,8370
NSE,NIFTY,2025-07-29,10:40:00,24641.25,24649.8,24634.25,24636.1,8371
NSE,NIFTY,2025-07-29,10:45:00,24635.8,24644.2,24633.75,24633.9,8372
NSE,NIFTY,2025-07-29,10:50:00,24633.35,24634.75,24614.3,24627.4,8373
NSE,NIFTY,2025-07-29,10:55:00,24627.5,24639.7,24625.5,24636.25,8374
NSE,NIFTY,2025-07-29,11:00:00,24635.75,24646.4,24616.45,24645.05,8375
NSE,NIFTY,2025-07-29,11:05:00,24645.45,24653.9,24638.45,24645.85,8376
NSE,NIFTY,2025-07-29,11:10:00,24645.7,24652.7,24635.45,24648.05,8377
NSE,NIFTY,2025-07-29,11:15:00,24648.1,24663.85,24646.2,24663.85,8378
NSE,NIFTY,2025-07-29,11:20:00,24664.95,24692.1,24664.0,24688.8,8379
NSE,NIFTY,2025-07-29,11:25:00,24688.95,24692.4,24676.15,24682.05,8380
NSE,NIFTY,2025-07-29,11:30:00,24681.85,24697.55,24680.2,24685.6,8381
NSE,NIFTY,2025-07-29,11:35:00,24684.9,24705.45,24684.1,24704.5,8382
NSE,NIFTY,2025-07-29,11:40:00,24704.7,24704.7,24691.15,24691.45,8383
NSE,NIFTY,2025-07-29,11:45:00,24692.75,24692.75,24673.4,24681.7,8384
NSE,NIFTY,2025-07-29,11:50:00,24681.2,24682.85,24665.9,24675.0,8385
NSE,NIFTY,2025-07-29,11:55:00,24673.95,24688.8,24669.55,24673.35,8386
NSE,NIFTY,2025-07-29,12:00:00,24672.95,24675.8,24667.2,24672.25,8387
NSE,NIFTY,2025-07-29,12:05:00,24671.9,24676.8,24662.95,24664.5,8388
NSE,NIFTY,2025-07-29,12:10:00,24664.55,24690.85,24664.0,24690.35,8389
NSE,NIFTY,2025-07-29,12:15:00,24688.45,24702.15,24686.75,24696.1,8390
NSE,NIFTY,2025-07-29,12:20:00,24697.25,24705.4,24690.1,24702.8,8391
NSE,NIFTY,2025-07-29,12:25:00,24703.65,24707.4,24688.95,24689.9,8392
NSE,NIFTY,2025-07-29,12:30:00,24690.5,24701.45,24685.65,24700.9,8393
NSE,NIFTY,2025-07-29,12:35:00,24700.85,24703.25,24694.45,24698.6,8394
NSE,NIFTY,2025-07-29,12:40:00,24698.7,24709.0,24695.45,24705.0,8395
NSE,NIFTY,2025-07-29,12:45:00,24706.4,24715.9,24683.7,24702.55,8396
NSE,NIFTY,2025-07-29,12:50:00,24702.9,24705.7,24694.9,24699.5,8397
NSE,NIFTY,2025-07-29,12:55:00,24699.5,24712.55,24698.15,24711.95,8398
NSE,NIFTY,2025-07-29,13:00:00,24714.2,24714.45,24705.05,24709.3,8399
NSE,NIFTY,2025-07-29,13:05:00,24708.5,24711.85,24702.95,24708.75,8400
NSE,NIFTY,2025-07-29,13:10:00,24708.5,24730.7,24707.55,24730.5,8401
NSE,NIFTY,2025-07-29,13:15:00,24730.65,24737.75,24721.5,24732.3,8402
NSE,NIFTY,2025-07-29,13:20:00,24732.9,24742.0,24731.5,24736.7,8403
NSE,NIFTY,2025-07-29,13:25:00,24737.85,24742.15,24727.2,24732.35,8404
NSE,NIFTY,2025-07-29,13:30:00,24732.5,24739.3,24729.6,24738.05,8405
NSE,NIFTY,2025-07-29,13:35:00,24737.7,24764.95,24735.95,24758.55,8406
NSE,NIFTY,2025-07-29,13:40:00,24758.4,24763.45,24736.6,24758.65,8407
NSE,NIFTY,2025-07-29,13:45:00,24758.6,24762.3,24750.65,24760.55,8408
NSE,NIFTY,2025-07-29,13:50:00,24760.6,24778.6,24760.6,24776.35,8409
NSE,NIFTY,2025-07-29,13:55:00,24776.05,24795.95,24768.6,24793.75,8410
NSE,NIFTY,2025-07-29,14:00:00,24794.1,24795.25,24780.3,24789.25,8411
NSE,NIFTY,2025-07-29,14:05:00,24789.0,24810.0,24788.05,24803.75,8412
NSE,NIFTY,2025-07-29,14:10:00,24805.0,24805.25,24793.05,24794.15,8413
NSE,NIFTY,2025-07-29,14:15:00,24794.95,24803.15,24790.35,24799.6,8414
NSE,NIFTY,2025-07-29,14:20:00,24800.2,24814.55,24799.6,24803.8,8415
NSE,NIFTY,2025-07-29,14:25:00,24802.8,24818.35,24794.25,24816.3,8416
NSE,NIFTY,2025-07-29,14:30:00,24816.7,24825.5,24808.05,24821.6,8417
NSE,NIFTY,2025-07-29,14:35:00,24820.5,24827.95,24811.8,24811.9,8418
NSE,NIFTY,2025-07-29,14:40:00,24811.75,24812.1,24772.7,24787.3,8419
NSE,NIFTY,2025-07-29,14:45:00,24787.4,24791.5,24778.35,24789.75,8420
NSE,NIFTY,2025-07-29,14:50:00,24790.5,24794.3,24774.3,24775.45,8421
NSE,NIFTY,2025-07-29,14:55:00,24775.7,24791.0,24771.8,24791.0,8422
NSE,NIFTY,2025-07-29,15:00:00,24790.75,24803.55,24771.7,24787.5,8423
NSE,NIFTY,2025-07-29,15:05:00,24787.3,24810.2,24786.35,24810.2,8424
NSE,NIFTY,2025-07-29,15:10:00,24810.85,24819.55,24810.0,24818.2,8425
NSE,NIFTY,2025-07-29,15:15:00,24817.8,24823.45,24810.5,24818.8,8426
NSE,NIFTY,2025-07-29,15:20:00,24819.8,24834.8,24818.3,24834.2,8427
NSE,NIFTY,2025-07-29,15:25:00,24833.95,24846.35,24830.65,24844.1,8428
NSE,NIFTY,2025-07-29,15:30:00,24845.15,24845.8,24820.9,24822.25,8429
NSE,NIFTY,2025-07-30,09:15:00,24890.4,24890.4,24890.4,24890.4,8457
NSE,NIFTY,2025-07-30,09:20:00,24890.4,24890.4,24835.75,24835.9,8458
NSE,NIFTY,2025-07-30,09:25:00,24839.95,24868.75,24817.45,24848.3,8459
NSE,NIFTY,2025-07-30,09:30:00,24847.6,24854.2,24825.55,24832.35,8460
NSE,NIFTY,2025-07-30,09:35:00,24831.9,24858.8,24825.0,24845.1,8461
NSE,NIFTY,2025-07-30,09:40:00,24864.5,24873.05,24836.35,24868.85,8462
NSE,NIFTY,2025-07-30,09:45:00,24869.35,24879.25,24860.45,24870.85,8463
NSE,NIFTY,2025-07-30,09:50:00,24872.35,24874.85,24855.15,24856.7,8464
NSE,NIFTY,2025-07-30,09:55:00,24858.45,24858.9,24818.45,24819.25,8465
NSE,NIFTY,2025-07-30,10:00:00,24819.6,24856.0,24815.05,24842.15,8466
NSE,NIFTY,2025-07-30,10:05:00,24841.8,24842.75,24830.65,24838.15,8467
NSE,NIFTY,2025-07-30,10:10:00,24838.1,24847.35,24837.3,24847.35,8468
NSE,NIFTY,2025-07-30,10:15:00,24847.15,24848.3,24834.6,24845.4,8469
NSE,NIFTY,2025-07-30,10:20:00,24845.05,24853.15,24837.65,24852.55,8470
NSE,NIFTY,2025-07-30,10:25:00,24852.25,24858.15,24837.45,24839.25,8471
NSE,NIFTY,2025-07-30,10:30:00,24838.4,24839.2,24822.85,24824.25,8472
NSE,NIFTY,2025-07-30,10:35:00,24823.5,24826.6,24809.4,24824.05,8473
NSE,NIFTY,2025-07-30,10:40:00,24823.8,24824.4,24807.9,24808.1,8474
NSE,NIFTY,2025-07-30,10:45:00,24808.5,24808.6,24786.85,24806.8,8475
NSE,NIFTY,2025-07-30,10:50:00,24803.05,24803.05,24773.15,24796.7,8476
NSE,NIFTY,2025-07-30,10:55:00,24797.9,24816.9,24797.9,24813.6,8477
NSE,NIFTY,2025-07-30,11:00:00,24813.5,24821.7,24813.1,24821.05,8478
NSE,NIFTY,2025-07-30,11:05:00,24820.65,24821.75,24810.1,24815.05,8479
NSE,NIFTY,2025-07-30,11:10:00,24815.5,24829.9,24809.65,24811.85,8480
NSE,NIFTY,2025-07-30,11:15:00,24811.1,24821.65,24809.65,24820.05,8481
NSE,NIFTY,2025-07-30,11:20:00,24820.6,24871.55,24820.6,24867.35,8482
NSE,NIFTY,2025-07-30,11:25:00,24867.45,24885.3,24864.4,24879.45,8483
NSE,NIFTY,2025-07-30,11:30:00,24878.95,24902.3,24874.55,24897.15,8484
NSE,NIFTY,2025-07-30,11:35:00,24896.9,24897.4,24883.3,24883.3,8485
NSE,NIFTY,2025-07-30,11:40:00,24882.75,24887.8,24844.85,24846.0,8486
NSE,NIFTY,2025-07-30,11:45:00,24845.6,24876.15,24840.9,24869.95,8487
NSE,NIFTY,2025-07-30,11:50:00,24870.15,24871.25,24859.55,24863.7,8488
NSE,NIFTY,2025-07-30,11:55:00,24863.6,24865.1,24861.65,24862.5,8489
NSE,NIFTY,2025-07-30,12:00:00,24862.05,24884.2,24862.05,24875.9,8490
NSE,NIFTY,2025-07-30,12:05:00,24875.9,24877.65,24868.45,24869.55,8491
NSE,NIFTY,2025-07-30,12:10:00,24869.9,24873.8,24863.3,24866.25,8492
NSE,NIFTY,2025-07-30,12:15:00,24865.85,24868.25,24849.6,24854.5,8493
NSE,NIFTY,2025-07-30,12:20:00,24852.95,24874.6,24852.75,24871.25,8494
NSE,NIFTY,2025-07-30,12:25:00,24871.6,24873.25,24867.45,24870.35,8495
NSE,NIFTY,2025-07-30,12:30:00,24868.6,24874.25,24859.85,24873.75,8496
NSE,NIFTY,2025-07-30,12:35:00,24873.1,24874.85,24857.6,24865.5,8497
NSE,NIFTY,2025-07-30,12:40:00,24865.55,24867.4,24860.25,24866.5,8498
NSE,NIFTY,2025-07-30,12:45:00,24867.6,24871.75,24854.3,24854.3,8499
NSE,NIFTY,2025-07-30,12:50:00,24854.9,24867.3,24853.7,24857.3,8500
NSE,NIFTY,2025-07-30,12:55:00,24857.5,24874.45,24855.9,24871.95,8501
NSE,NIFTY,2025-07-30,13:00:00,24872.5,24875.0,24862.95,24867.15,8502
NSE,NIFTY,2025-07-30,13:05:00,24866.55,24872.55,24865.0,24869.45,8503
NSE,NIFTY,2025-07-30,13:10:00,24869.3,24872.3,24861.9,24864.7,8504
NSE,NIFTY,2025-07-30,13:15:00,24864.85,24865.1,24832.65,24851.75,8505
NSE,NIFTY,2025-07-30,13:20:00,24851.3,24858.25,24848.95,24849.9,8506
NSE,NIFTY,2025-07-30,13:25:00,24850.65,24851.15,24833.25,24839.75,8507
NSE,NIFTY,2025-07-30,13:30:00,24839.5,24845.95,24833.3,24834.15,8508
NSE,NIFTY,2025-07-30,13:35:00,24834.55,24858.4,24831.6,24853.4,8509
NSE,NIFTY,2025-07-30,13:40:00,24853.4,24861.95,24850.85,24858.25,8510
NSE,NIFTY,2025-07-30,13:45:00,24858.85,24867.45,24857.55,24865.35,8511
NSE,NIFTY,2025-07-30,13:50:00,24864.4,24867.9,24856.0,24857.85,8512
NSE,NIFTY,2025-07-30,13:55:00,24858.85,24862.35,24849.55,24861.95,8513
NSE,NIFTY,2025-07-30,14:00:00,24860.65,24871.6,24855.6,24870.75,8514
NSE,NIFTY,2025-07-30,14:05:00,24870.75,24871.55,24859.55,24869.1,8515
NSE,NIFTY,2025-07-30,14:10:00,24868.3,24874.9,24845.9,24862.9,8516
NSE,NIFTY,2025-07-30,14:15:00,24861.6,24866.25,24856.4,24861.2,8517
NSE,NIFTY,2025-07-30,14:20:00,24860.9,24862.85,24854.9,24857.05,8518
NSE,NIFTY,2025-07-30,14:25:00,24857.35,24861.0,24853.35,24859.05,8519
NSE,NIFTY,2025-07-30,14:35:00,24878.9,24880.9,24858.65,24859.9,8520
NSE,NIFTY,2025-07-30,14:40:00,24879.2,24889.8,24858.25,24886.05,8521
NSE,NIFTY,2025-07-30,14:45:00,24884.7,24885.75,24875.0,24882.05,8522
NSE,NIFTY,2025-07-30,14:50:00,24881.5,24883.3,24876.1,24879.95,8523
NSE,NIFTY,2025-07-30,14:55:00,24878.7,24880.85,24870.7,24873.65,8524
NSE,NIFTY,2025-07-30,15:00:00,24874.35,24878.15,24864.55,24869.75,8525
NSE,NIFTY,2025-07-30,15:05:00,24868.9,24870.85,24854.45,24862.95,8526
NSE,NIFTY,2025-07-30,15:10:00,24862.65,24863.8,24856.65,24857.55,8527
NSE,NIFTY,2025-07-30,15:15:00,24856.3,24859.6,24850.55,24859.1,8528
NSE,NIFTY,2025-07-30,15:20:00,24859.45,24860.35,24856.4,24858.5,8529
NSE,NIFTY,2025-07-30,15:25:00,24857.85,24860.45,24851.7,24854.95,8530
NSE,NIFTY,2025-07-30,15:30:00,24855.4,24857.15,24842.55,24846.3,8531
NSE,NIFTY,2025-07-31,09:15:00,24642.25,24693.0,24642.25,24685.2,8560
NSE,NIFTY,2025-07-31,09:20:00,24686.65,24699.4,24639.55,24687.2,8561
NSE,NIFTY,2025-07-31,09:25:00,24691.2,24728.55,24686.55,24699.25,8562
NSE,NIFTY,2025-07-31,09:30:00,24699.95,24725.85,24693.7,24696.3,8563
NSE,NIFTY,2025-07-31,09:35:00,24696.9,24719.25,24694.75,24699.95,8564
NSE,NIFTY,2025-07-31,09:40:00,24699.6,24701.0,24684.65,24689.0,8565
NSE,NIFTY,2025-07-31,09:45:00,24688.45,24710.7,24688.1,24706.7,8566
NSE,NIFTY,2025-07-31,09:50:00,24705.75,24705.85,24687.8,24693.65,8567
NSE,NIFTY,2025-07-31,09:55:00,24693.5,24707.35,24688.65,24703.05,8568
NSE,NIFTY,2025-07-31,10:00:00,24702.85,24709.35,24682.3,24682.45,8569
NSE,NIFTY,2025-07-31,10:05:00,24682.2,24682.9,24653.6,24662.05,8570
NSE,NIFTY,2025-07-31,10:10:00,24661.55,24687.0,24659.5,24673.45,8571
NSE,NIFTY,2025-07-31,10:15:00,24673.45,24683.45,24665.3,24668.05,8572
NSE,NIFTY,2025-07-31,10:20:00,24667.95,24682.95,24667.15,24669.5,8573
NSE,NIFTY,2025-07-31,10:25:00,24669.95,24687.45,24666.7,24684.95,8574
NSE,NIFTY,2025-07-31,10:30:00,24684.3,24692.8,24671.8,24681.45,8575
NSE,NIFTY,2025-07-31,10:35:00,24681.65,24685.7,24669.0,24674.6,8576
NSE,NIFTY,2025-07-31,10:40:00,24673.65,24683.4,24662.6,24682.55,8577
NSE,NIFTY,2025-07-31,10:45:00,24683.1,24703.0,24676.95,24703.0,8578
NSE,NIFTY,2025-07-31,10:50:00,24702.9,24722.95,24701.0,24720.85,8579
NSE,NIFTY,2025-07-31,10:55:00,24721.25,24728.45,24711.35,24723.6,8580
NSE,NIFTY,2025-07-31,11:00:00,24723.8,24728.7,24695.0,24718.6,8581
NSE,NIFTY,2025-07-31,11:05:00,24717.55,24764.75,24717.55,24760.15,8582
NSE,NIFTY,2025-07-31,11:10:00,24761.2,24776.2,24749.6,24750.0,8583
NSE,NIFTY,2025-07-31,11:15:00,24749.55,24752.8,24740.7,24747.7,8584
NSE,NIFTY,2025-07-31,11:20:00,24747.85,24766.0,24742.05,24765.05,8585
NSE,NIFTY,2025-07-31,11:25:00,24764.85,24805.25,24763.65,24798.15,8586
NSE,NIFTY,2025-07-31,11:30:00,24793.4,24795.05,24779.5,24784.75,8587
NSE,NIFTY,2025-07-31,11:35:00,24784.15,24814.1,24782.55,24802.05,8588
NSE,NIFTY,2025-07-31,11:40:00,24801.4,24802.8,24788.65,24796.9,8589
NSE,NIFTY,2025-07-31,11:45:00,24796.45,24819.8,24795.65,24803.3,8590
NSE,NIFTY,2025-07-31,11:50:00,24801.8,24821.8,24793.0,24809.25,8591
NSE,NIFTY,2025-07-31,11:55:00,24809.1,24814.6,24797.65,24800.2,8592
NSE,NIFTY,2025-07-31,12:00:00,24801.2,24802.35,24800.7,24801.3,8593
NSE,NIFTY,2025-07-31,12:05:00,24802.75,24803.9,24802.0,24802.85,8594
NSE,NIFTY,2025-07-31,12:10:00,24803.95,24804.6,24802.4,24802.45,8595
NSE,NIFTY,2025-07-31,12:15:00,24803.1,24808.7,24799.7,24806.25,8596
NSE,NIFTY,2025-07-31,12:20:00,24804.35,24806.85,24755.6,24761.05,8597
NSE,NIFTY,2025-07-31,12:25:00,24760.65,24819.35,24758.6,24818.95,8598
NSE,NIFTY,2025-07-31,12:30:00,24819.35,24840.85,24819.25,24838.95,8599
NSE,NIFTY,2025-07-31,12:35:00,24839.3,24848.55,24833.7,24833.7,8600
NSE,NIFTY,2025-07-31,12:40:00,24834.65,24836.65,24826.75,24830.45,8601
NSE,NIFTY,2025-07-31,12:45:00,24829.5,24872.9,24827.65,24858.8,8602
NSE,NIFTY,2025-07-31,12:50:00,24857.1,24859.85,24846.25,24856.3,8603
NSE,NIFTY,2025-07-31,12:55:00,24855.6,24859.55,24855.6,24858.2,8604
NSE,NIFTY,2025-07-31,13:00:00,24857.95,24864.95,24857.95,24864.95,8605
NSE,NIFTY,2025-07-31,13:05:00,24864.1,24906.05,24863.3,24894.75,8606
NSE,NIFTY,2025-07-31,13:10:00,24893.25,24902.9,24886.2,24897.1,8607
NSE,NIFTY,2025-07-31,13:15:00,24897.6,24927.95,24896.45,24906.85,8608
NSE,NIFTY,2025-07-31,13:20:00,24905.95,24913.5,24896.25,24899.8,8609
NSE,NIFTY,2025-07-31,13:25:00,24899.55,24909.2,24894.1,24899.95,8610
NSE,NIFTY,2025-07-31,13:30:00,24900.35,24927.45,24890.1,24919.65,8611
NSE,NIFTY,2025-07-31,13:35:00,24919.0,24935.0,24918.85,24933.75,8612
NSE,NIFTY,2025-07-31,13:40:00,24932.95,24955.8,24931.15,24946.55,8613
NSE,NIFTY,2025-07-31,13:45:00,24946.8,24947.15,24916.7,24923.85,8614
NSE,NIFTY,2025-07-31,13:50:00,24922.2,24935.05,24916.2,24920.7,8615
NSE,NIFTY,2025-07-31,13:55:00,24920.15,24920.3,24905.1,24915.25,8616
NSE,NIFTY,2025-07-31,14:00:00,24915.05,24924.8,24901.3,24908.75,8617
NSE,NIFTY,2025-07-31,14:05:00,24907.8,24928.05,24906.7,24919.55,8618
NSE,NIFTY,2025-07-31,14:10:00,24918.7,24952.7,24917.4,24941.7,8619
NSE,NIFTY,2025-07-31,14:15:00,24940.25,24951.7,24918.55,24924.7,8620
NSE,NIFTY,2025-07-31,14:20:00,24922.65,24923.8,24905.6,24910.2,8621
NSE,NIFTY,2025-07-31,14:25:00,24910.55,24914.05,24889.95,24891.25,8622
NSE,NIFTY,2025-07-31,14:30:00,24890.25,24892.65,24849.1,24853.8,8623
NSE,NIFTY,2025-07-31,14:35:00,24851.6,24882.5,24843.05,24869.35,8624
NSE,NIFTY,2025-07-31,14:40:00,24868.45,24890.8,24861.65,24886.85,8625
NSE,NIFTY,2025-07-31,14:45:00,24887.55,24893.35,24853.1,24872.4,8626
NSE,NIFTY,2025-07-31,14:50:00,24871.9,24875.25,24850.05,24855.9,8627
NSE,NIFTY,2025-07-31,14:55:00,24855.75,24861.65,24835.1,24840.65,8628
NSE,NIFTY,2025-07-31,15:00:00,24840.9,24852.5,24839.8,24848.75,8629
NSE,NIFTY,2025-07-31,15:05:00,24849.1,24862.35,24784.4,24785.65,8630
NSE,NIFTY,2025-07-31,15:10:00,24784.45,24785.65,24752.5,24760.1,8631
NSE,NIFTY,2025-07-31,15:15:00,24761.35,24780.95,24757.75,24759.95,8632
NSE,NIFTY,2025-07-31,15:20:00,24760.95,24762.2,24749.25,24753.8,8633
NSE,NIFTY,2025-07-31,15:25:00,24755.2,24758.95,24749.3,24754.0,8634
NSE,NIFTY,2025-07-31,15:30:00,24753.05,24760.75,24749.25,24752.8,8635
NSE,NIFTY,2025-08-01,09:15:00,24734.9,24759.2,24701.1,24742.45,8659
NSE,NIFTY,2025-08-01,09:20:00,24736.7,24738.9,24709.05,24716.9,8660
NSE,NIFTY,2025-08-01,09:25:00,24718.4,24732.6,24701.5,24701.55,8661
NSE,NIFTY,2025-08-01,09:30:00,24702.35,24704.05,24673.35,24674.25,8662
NSE,NIFTY,2025-08-01,09:35:00,24673.6,24738.7,24672.3,24716.8,8663
NSE,NIFTY,2025-08-01,09:40:00,24716.25,24724.95,24695.6,24700.6,8664
NSE,NIFTY,2025-08-01,09:45:00,24701.0,24725.3,24699.6,24703.15,8665
NSE,NIFTY,2025-08-01,09:50:00,24703.75,24722.7,24694.6,24710.55,8666
NSE,NIFTY,2025-08-01,09:55:00,24710.2,24724.65,24696.05,24696.9,8667
NSE,NIFTY,2025-08-01,10:00:00,24696.5,24703.65,24684.65,24686.75,8668
NSE,NIFTY,2025-08-01,10:05:00,24687.5,24729.35,24685.8,24717.0,8669
NSE,NIFTY,2025-08-01,10:10:00,24717.25,24728.7,24712.45,24723.75,8670
NSE,NIFTY,2025-08-01,10:15:00,24724.15,24748.75,24723.65,24744.05,8671
NSE,NIFTY,2025-08-01,10:20:00,24744.5,24752.65,24735.1,24749.65,8672
NSE,NIFTY,2025-08-01,10:25:00,24750.15,24777.55,24748.5,24762.65,8673
NSE,NIFTY,2025-08-01,10:30:00,24763.4,24770.2,24754.7,24768.75,8674
NSE,NIFTY,2025-08-01,10:35:00,24767.6,24782.35,24756.25,24775.3,8675
NSE,NIFTY,2025-08-01,10:40:00,24775.4,24784.1,24769.3,24773.75,8676
NSE,NIFTY,2025-08-01,10:45:00,24772.05,24776.6,24756.0,24770.95,8677
NSE,NIFTY,2025-08-01,10:50:00,24770.85,24772.15,24749.0,24751.95,8678
NSE,NIFTY,2025-08-01,10:55:00,24750.0,24753.5,24735.3,24740.1,8679
NSE,NIFTY,2025-08-01,11:00:00,24740.6,24753.25,24735.95,24751.5,8680
NSE,NIFTY,2025-08-01,11:05:00,24752.1,24771.35,24749.15,24764.65,8681
NSE,NIFTY,2025-08-01,11:10:00,24763.75,24763.75,24716.05,24716.05,8682
NSE,NIFTY,2025-08-01,11:15:00,24716.35,24725.85,24707.1,24708.95,8683
NSE,NIFTY,2025-08-01,11:20:00,24707.8,24718.0,24670.25,24689.55,8684
NSE,NIFTY,2025-08-01,11:25:00,24689.6,24706.65,24689.05,24705.95,8685
NSE,NIFTY,2025-08-01,11:30:00,24705.6,24706.35,24688.2,24688.6,8686
NSE,NIFTY,2025-08-01,11:35:00,24687.95,24689.4,24674.0,24681.2,8687
NSE,NIFTY,2025-08-01,11:40:00,24681.55,24685.3,24667.1,24668.35,8688
NSE,NIFTY,2025-08-01,11:45:00,24669.3,24674.35,24644.65,24659.45,8689
NSE,NIFTY,2025-08-01,11:50:00,24659.6,24668.9,24652.65,24664.35,8690
NSE,NIFTY,2025-08-01,11:55:00,24663.6,24675.75,24660.85,24664.35,8691
NSE,NIFTY,2025-08-01,12:00:00,24664.75,24669.0,24656.2,24658.55,8692
NSE,NIFTY,2025-08-01,12:05:00,24659.0,24659.25,24646.15,24652.85,8693
NSE,NIFTY,2025-08-01,12:10:00,24652.75,24671.2,24651.15,24664.3,8694
NSE,NIFTY,2025-08-01,12:15:00,24665.1,24667.7,24649.9,24651.3,8695
NSE,NIFTY,2025-08-01,12:20:00,24651.55,24660.05,24647.1,24655.35,8696
NSE,NIFTY,2025-08-01,12:25:00,24655.5,24675.2,24653.75,24674.95,8697
NSE,NIFTY,2025-08-01,12:30:00,24674.8,24675.95,24660.2,24665.85,8698
NSE,NIFTY,2025-08-01,12:35:00,24665.95,24665.95,24663.9,24664.45,8699
NSE,NIFTY,2025-08-01,12:40:00,24664.6,24697.1,24642.3,24643.7,8700
NSE,NIFTY,2025-08-01,12:45:00,24644.85,24647.45,24611.15,24636.35,8701
NSE,NIFTY,2025-08-01,12:50:00,24636.0,24648.65,24632.9,24637.55,8702
NSE,NIFTY,2025-08-01,12:55:00,24639.85,24650.65,24636.65,24648.5,8703
NSE,NIFTY,2025-08-01,13:00:00,24649.45,24655.85,24640.0,24644.2,8704
NSE,NIFTY,2025-08-01,13:05:00,24644.75,24647.4,24634.5,24647.4,8705
NSE,NIFTY,2025-08-01,13:10:00,24650.05,24666.95,24646.9,24649.75,8706
NSE,NIFTY,2025-08-01,13:15:00,24649.65,24663.05,24645.25,24657.1,8707
NSE,NIFTY,2025-08-01,13:20:00,24657.3,24660.2,24648.5,24650.2,8708
NSE,NIFTY,2025-08-01,13:25:00,24650.95,24665.2,24648.45,24664.45,8709
NSE,NIFTY,2025-08-01,13:30:00,24665.35,24684.75,24663.85,24683.4,8710
NSE,NIFTY,2025-08-01,13:35:00,24683.85,24692.65,24669.85,24670.4,8711
NSE,NIFTY,2025-08-01,13:40:00,24670.95,24671.2,24615.6,24644.45,8712
NSE,NIFTY,2025-08-01,13:45:00,24643.45,24671.75,24639.2,24669.8,8713
NSE,NIFTY,2025-08-01,13:50:00,24669.05,24672.45,24661.45,24661.85,8714
NSE,NIFTY,2025-08-01,13:55:00,24662.9,24666.65,24656.8,24662.05,8715
NSE,NIFTY,2025-08-01,14:00:00,24663.2,24663.2,24637.5,24650.3,8716
NSE,NIFTY,2025-08-01,14:05:00,24650.6,24651.6,24636.9,24648.55,8717
NSE,NIFTY,2025-08-01,14:10:00,24647.9,24650.6,24638.45,24643.65,8718
NSE,NIFTY,2025-08-01,14:15:00,24644.55,24663.95,24642.85,24646.85,8719
NSE,NIFTY,2025-08-01,14:20:00,24648.05,24659.7,24640.7,24643.6,8720
NSE,NIFTY,2025-08-01,14:25:00,24643.8,24646.4,24629.7,24632.4,8721
NSE,NIFTY,2025-08-01,14:30:00,24632.3,24634.35,24618.45,24625.9,8722
NSE,NIFTY,2025-08-01,14:35:00,24624.9,24651.05,24622.45,24650.0,8723
NSE,NIFTY,2025-08-01,14:40:00,24651.25,24652.1,24605.55,24628.25,8724
NSE,NIFTY,2025-08-01,14:45:00,24626.15,24628.8,24614.25,24620.65,8725
NSE,NIFTY,2025-08-01,14:50:00,24619.9,24641.3,24616.25,24635.9,8726
NSE,NIFTY,2025-08-01,14:55:00,24636.05,24640.0,24621.4,24624.9,8727
NSE,NIFTY,2025-08-01,15:00:00,24624.55,24625.55,24605.2,24605.2,8728
NSE,NIFTY,2025-08-01,15:05:00,24604.6,24617.7,24594.2,24597.4,8729
NSE,NIFTY,2025-08-01,15:10:00,24597.2,24598.8,24549.8,24550.85,8730
NSE,NIFTY,2025-08-01,15:15:00,24550.65,24551.85,24535.35,24545.0,8731
NSE,NIFTY,2025-08-01,15:20:00,24545.05,24560.6,24539.9,24559.45,8732
NSE,NIFTY,2025-08-01,15:25:00,24559.95,24566.5,24550.7,24565.6,8733
NSE,NIFTY,2025-08-01,15:30:00,24565.4,24575.2,24546.8,24570.8,8734
NSE,NIFTY,2025-08-04,09:15:00,24596.05,24610.45,24566.0,24606.9,8762
NSE,NIFTY,2025-08-04,09:20:00,24608.4,24648.15,24600.6,24638.6,8763
NSE,NIFTY,2025-08-04,09:25:00,24636.9,24653.2,24624.35,24649.0,8764
NSE,NIFTY,2025-08-04,09:30:00,24650.5,24667.85,24640.65,24664.2,8765
NSE,NIFTY,2025-08-04,09:35:00,24663.85,24669.75,24641.75,24654.4,8766
NSE,NIFTY,2025-08-04,09:40:00,24655.35,24658.05,24642.5,24644.9,8767
NSE,NIFTY,2025-08-04,09:45:00,24644.85,24651.2,24582.4,24588.75,8768
NSE,NIFTY,2025-08-04,09:50:00,24586.7,24646.35,24555.35,24636.15,8769
NSE,NIFTY,2025-08-04,09:55:00,24635.95,24636.65,24597.15,24610.1,8770
NSE,NIFTY,2025-08-04,10:00:00,24610.05,24617.15,24600.2,24616.6,8771
NSE,NIFTY,2025-08-04,10:05:00,24616.2,24630.15,24597.0,24629.8,8772
NSE,NIFTY,2025-08-04,10:10:00,24629.95,24638.35,24618.6,24625.0,8773
NSE,NIFTY,2025-08-04,10:15:00,24622.65,24630.7,24616.75,24628.7,8774
NSE,NIFTY,2025-08-04,10:20:00,24627.75,24645.3,24624.7,24632.7,8775
NSE,NIFTY,2025-08-04,10:25:00,24633.4,24652.3,24627.85,24639.15,8776
NSE,NIFTY,2025-08-04,10:30:00,24639.85,24640.0,24609.2,24627.75,8777
NSE,NIFTY,2025-08-04,10:35:00,24627.15,24640.05,24625.5,24636.4,8778
NSE,NIFTY,2025-08-04,10:40:00,24635.8,24652.8,24633.5,24646.9,8779
NSE,NIFTY,2025-08-04,10:45:00,24647.15,24656.0,24639.8,24640.4,8780
NSE,NIFTY,2025-08-04,10:50:00,24640.8,24641.3,24609.55,24614.85,8781
NSE,NIFTY,2025-08-04,10:55:00,24614.85,24630.85,24603.55,24625.75,8782
NSE,NIFTY,2025-08-04,11:00:00,24625.9,24632.1,24617.5,24624.35,8783
NSE,NIFTY,2025-08-04,11:05:00,24625.0,24663.15,24623.0,24661.55,8784
NSE,NIFTY,2025-08-04,11:10:00,24661.2,24669.5,24642.4,24653.25,8785
NSE,NIFTY,2025-08-04,11:15:00,24653.2,24671.05,24650.25,24667.3,8786
NSE,NIFTY,2025-08-04,11:20:00,24666.75,24677.35,24662.35,24673.65,8787
NSE,NIFTY,2025-08-04,11:25:00,24673.55,24682.2,24668.6,24674.9,8788
NSE,NIFTY,2025-08-04,11:30:00,24675.2,24679.55,24665.1,24670.75,8789
NSE,NIFTY,2025-08-04,11:35:00,24671.2,24683.85,24669.6,24672.05,8790
NSE,NIFTY,2025-08-04,11:40:00,24671.85,24672.5,24632.55,24655.85,8791
NSE,NIFTY,2025-08-04,11:45:00,24656.3,24670.45,24652.25,24670.1,8792
NSE,NIFTY,2025-08-04,11:50:00,24669.5,24676.35,24669.05,24675.2,8793
NSE,NIFTY,2025-08-04,11:55:00,24675.75,24677.9,24670.1,24670.7,8794
NSE,NIFTY,2025-08-04,12:00:00,24671.0,24684.4,24670.2,24680.9,8795
NSE,NIFTY,2025-08-04,12:05:00,24680.3,24681.65,24659.55,24675.8,8796
NSE,NIFTY,2025-08-04,12:10:00,24675.35,24679.1,24667.35,24671.35,8797
NSE,NIFTY,2025-08-04,12:15:00,24671.5,24681.45,24670.1,24678.9,8798
NSE,NIFTY,2025-08-04,12:20:00,24677.9,24680.6,24669.85,24671.25,8799
NSE,NIFTY,2025-08-04,12:25:00,24672.35,24676.45,24667.3,24674.8,8800
NSE,NIFTY,2025-08-04,12:30:00,24674.1,24696.75,24669.5,24695.45,8801
NSE,NIFTY,2025-08-04,12:35:00,24698.2,24698.9,24691.05,24696.3,8802
NSE,NIFTY,2025-08-04,12:40:00,24695.8,24720.8,24693.7,24717.55,8803
NSE,NIFTY,2025-08-04,12:45:00,24715.35,24717.75,24689.65,24696.55,8804
NSE,NIFTY,2025-08-04,12:50:00,24696.45,24701.25,24686.75,24695.55,8805
NSE,NIFTY,2025-08-04,12:55:00,24695.55,24703.95,24691.75,24693.1,8806
NSE,NIFTY,2025-08-04,13:00:00,24692.55,24709.6,24691.9,24709.6,8807
NSE,NIFTY,2025-08-04,13:05:00,24709.4,24722.0,24709.15,24717.35,8808
NSE,NIFTY,2025-08-04,13:10:00,24718.1,24718.4,24703.95,24708.3,8809
NSE,NIFTY,2025-08-04,13:15:00,24707.1,24712.05,24693.05,24696.4,8810
NSE,NIFTY,2025-08-04,13:20:00,24696.55,24704.5,24692.5,24698.8,8811
NSE,NIFTY,2025-08-04,13:25:00,24698.5,24701.1,24685.8,24685.8,8812
NSE,NIFTY,2025-08-04,13:30:00,24686.3,24687.55,24644.1,24673.7,8813
NSE,NIFTY,2025-08-04,13:35:00,24673.0,24691.25,24673.0,24684.9,8814
NSE,NIFTY,2025-08-04,13:40:00,24684.1,24689.85,24677.5,24689.15,8815
NSE,NIFTY,2025-08-04,13:45:00,24688.3,24707.35,24686.15,24706.95,8816
NSE,NIFTY,2025-08-04,13:50:00,24707.15,24734.3,24706.4,24719.6,8817
NSE,NIFTY,2025-08-04,13:55:00,24720.0,24723.45,24712.65,24720.6,8818
NSE,NIFTY,2025-08-04,14:00:00,24719.9,24721.0,24712.45,24718.2,8819
NSE,NIFTY,2025-08-04,14:05:00,24719.55,24725.25,24682.2,24701.75,8820
NSE,NIFTY,2025-08-04,14:10:00,24702.0,24723.2,24700.05,24719.9,8821
NSE,NIFTY,2025-08-04,14:15:00,24719.8,24724.15,24714.15,24724.1,8822
NSE,NIFTY,2025-08-04,14:20:00,24722.35,24723.35,24714.85,24718.3,8823
NSE,NIFTY,2025-08-04,14:25:00,24717.9,24726.5,24714.25,24714.25,8824
NSE,NIFTY,2025-08-04,14:30:00,24713.95,24725.3,24713.8,24724.4,8825
NSE,NIFTY,2025-08-04,14:35:00,24724.3,24734.35,24717.4,24723.2,8826
NSE,NIFTY,2025-08-04,14:40:00,24722.8,24725.2,24708.25,24722.35,8827
NSE,NIFTY,2025-08-04,14:45:00,24721.35,24722.55,24690.05,24692.0,8828
NSE,NIFTY,2025-08-04,14:50:00,24691.1,24719.35,24689.1,24716.9,8829
NSE,NIFTY,2025-08-04,14:55:00,24717.0,24729.45,24716.35,24720.0,8830
NSE,NIFTY,2025-08-04,15:00:00,24719.9,24729.65,24701.7,24702.05,8831
NSE,NIFTY,2025-08-04,15:05:00,24703.5,24722.95,24702.9,24719.25,8832
NSE,NIFTY,2025-08-04,15:10:00,24719.65,24725.75,24716.35,24724.8,8833
NSE,NIFTY,2025-08-04,15:15:00,24725.25,24726.0,24713.75,24720.25,8834
NSE,NIFTY,2025-08-04,15:20:00,24719.85,24726.9,24718.55,24726.55,8835
NSE,NIFTY,2025-08-04,15:25:00,24725.6,24734.15,24723.75,24725.95,8836
NSE,NIFTY,2025-08-04,15:30:00,24726.1,24735.8,24722.35,24726.9,8837
NSE,NIFTY,2025-08-05,09:15:00,24720.25,24720.25,24720.25,24720.25,8863
NSE,NIFTY,2025-08-05,09:20:00,24718.7,24719.7,24681.15,24703.5,8864
NSE,NIFTY,2025-08-05,09:25:00,24703.0,24706.9,24677.15,24692.35,8865
NSE,NIFTY,2025-08-05,09:30:00,24692.9,24697.95,24670.1,24672.05,8866
NSE,NIFTY,2025-08-05,09:35:00,24672.8,24684.05,24660.25,24660.25,8867
NSE,NIFTY,2025-08-05,09:40:00,24661.75,24675.65,24642.25,24645.6,8868
NSE,NIFTY,2025-08-05,09:45:00,24645.35,24647.5,24628.55,24636.25,8869
NSE,NIFTY,2025-08-05,09:50:00,24636.75,24637.9,24610.4,24616.05,8870
NSE,NIFTY,2025-08-05,09:55:00,24616.15,24621.2,24608.9,24613.05,8871
NSE,NIFTY,2025-08-05,10:00:00,24613.0,24623.15,24610.15,24616.35,8872
NSE,NIFTY,2025-08-05,10:05:00,24612.05,24615.8,24593.2,24614.2,8873
NSE,NIFTY,2025-08-05,10:10:00,24614.3,24622.85,24609.5,24621.45,8874
NSE,NIFTY,2025-08-05,10:15:00,24622.6,24634.55,24613.15,24613.15,8875
NSE,NIFTY,2025-08-05,10:20:00,24614.0,24636.1,24608.25,24635.55,8876
NSE,NIFTY,2025-08-05,10:25:00,24635.25,24644.2,24627.7,24643.55,8877
NSE,NIFTY,2025-08-05,10:30:00,24643.6,24644.6,24630.45,24635.0,8878
NSE,NIFTY,2025-08-05,10:35:00,24635.05,24637.1,24605.35,24610.7,8879
NSE,NIFTY,2025-08-05,10:40:00,24610.9,24633.4,24610.2,24626.25,8880
NSE,NIFTY,2025-08-05,10:45:00,24625.85,24626.95,24596.85,24610.45,8881
NSE,NIFTY,2025-08-05,10:50:00,24610.95,24615.75,24605.05,24615.4,8882
NSE,NIFTY,2025-08-05,10:55:00,24616.2,24629.35,24615.55,24621.85,8883
NSE,NIFTY,2025-08-05,11:00:00,24621.65,24624.5,24616.45,24619.2,8884
NSE,NIFTY,2025-08-05,11:05:00,24619.45,24626.75,24615.25,24621.6,8885
NSE,NIFTY,2025-08-05,11:10:00,24621.65,24624.6,24604.15,24609.05,8886
NSE,NIFTY,2025-08-05,11:15:00,24608.35,24635.05,24607.85,24633.35,8887
NSE,NIFTY,2025-08-05,11:20:00,24632.95,24642.15,24625.75,24635.85,8888
NSE,NIFTY,2025-08-05,11:25:00,24636.45,24646.45,24631.75,24645.75,8889
NSE,NIFTY,2025-08-05,11:30:00,24645.95,24646.6,24633.35,24634.3,8890
NSE,NIFTY,2025-08-05,11:35:00,24633.4,24633.6,24618.25,24623.35,8891
NSE,NIFTY,2025-08-05,11:40:00,24622.85,24634.2,24621.65,24629.4,8892
NSE,NIFTY,2025-08-05,11:45:00,24628.7,24636.1,24624.15,24631.55,8893
NSE,NIFTY,2025-08-05,11:50:00,24631.2,24635.0,24625.1,24633.9,8894
NSE,NIFTY,2025-08-05,11:55:00,24634.6,24636.1,24620.7,24622.85,8895
NSE,NIFTY,2025-08-05,12:00:00,24623.3,24627.05,24615.7,24622.5,8896
NSE,NIFTY,2025-08-05,12:05:00,24623.05,24628.05,24619.3,24621.45,8897
NSE,NIFTY,2025-08-05,12:10:00,24622.4,24631.95,24621.2,24630.2,8898
NSE,NIFTY,2025-08-05,12:15:00,24630.8,24668.7,24629.7,24654.8,8899
NSE,NIFTY,2025-08-05,12:20:00,24655.2,24662.0,24651.85,24658.2,8900
NSE,NIFTY,2025-08-05,12:25:00,24657.85,24665.05,24654.2,24660.55,8901
NSE,NIFTY,2025-08-05,12:30:00,24660.2,24661.3,24647.85,24656.1,8902
NSE,NIFTY,2025-08-05,12:35:00,24656.0,24656.95,24620.95,24644.75,8903
NSE,NIFTY,2025-08-05,12:40:00,24643.15,24648.45,24635.55,24646.75,8904
NSE,NIFTY,2025-08-05,12:45:00,24646.45,24652.1,24644.35,24648.85,8905
NSE,NIFTY,2025-08-05,12:50:00,24648.85,24650.0,24636.7,24637.45,8906
NSE,NIFTY,2025-08-05,12:55:00,24636.2,24640.0,24629.6,24631.75,8907
NSE,NIFTY,2025-08-05,13:00:00,24630.75,24642.35,24630.15,24641.2,8908
NSE,NIFTY,2025-08-05,13:05:00,24641.2,24641.5,24622.2,24624.1,8909
NSE,NIFTY,2025-08-05,13:10:00,24625.35,24629.85,24622.4,24627.85,8910
NSE,NIFTY,2025-08-05,13:15:00,24628.35,24634.4,24617.0,24624.1,8911
NSE,NIFTY,2025-08-05,13:20:00,24624.4,24629.3,24617.95,24624.75,8912
NSE,NIFTY,2025-08-05,13:25:00,24625.0,24625.5,24594.3,24599.0,8913
NSE,NIFTY,2025-08-05,13:30:00,24599.75,24607.2,24598.4,24603.4,8914
NSE,NIFTY,2025-08-05,13:35:00,24605.6,24615.0,24593.5,24611.95,8915
NSE,NIFTY,2025-08-05,13:40:00,24612.95,24618.65,24608.3,24612.2,8916
NSE,NIFTY,2025-08-05,13:45:00,24612.5,24617.65,24605.85,24608.0,8917
NSE,NIFTY,2025-08-05,13:50:00,24608.2,24620.55,24606.25,24620.2,8918
NSE,NIFTY,2025-08-05,13:55:00,24618.1,24628.1,24615.85,24623.4,8919
NSE,NIFTY,2025-08-05,14:00:00,24624.3,24629.05,24619.9,24628.2,8920
NSE,NIFTY,2025-08-05,14:05:00,24627.05,24628.25,24610.9,24613.15,8921
NSE,NIFTY,2025-08-05,14:10:00,24614.1,24615.4,24592.35,24601.5,8922
NSE,NIFTY,2025-08-05,14:15:00,24601.1,24614.3,24598.35,24603.65,8923
NSE,NIFTY,2025-08-05,14:20:00,24605.65,24620.6,24603.95,24616.7,8924
NSE,NIFTY,2025-08-05,14:25:00,24616.15,24618.8,24603.25,24606.15,8925
NSE,NIFTY,2025-08-05,14:30:00,24606.75,24622.35,24604.1,24620.15,8926
NSE,NIFTY,2025-08-05,14:35:00,24620.55,24631.85,24594.6,24617.8,8927
NSE,NIFTY,2025-08-05,14:40:00,24617.4,24622.7,24613.85,24621.35,8928
NSE,NIFTY,2025-08-05,14:45:00,24620.15,24631.7,24618.3,24627.5,8929
NSE,NIFTY,2025-08-05,14:50:00,24628.75,24629.9,24592.65,24604.05,8930
NSE,NIFTY,2025-08-05,14:55:00,24605.0,24611.3,24596.75,24601.2,8931
NSE,NIFTY,2025-08-05,15:00:00,24600.45,24614.95,24597.9,24607.45,8932
NSE,NIFTY,2025-08-05,15:05:00,24609.6,24626.05,24606.2,24624.3,8933
NSE,NIFTY,2025-08-05,15:10:00,24624.4,24658.9,24624.4,24657.0,8934
NSE,NIFTY,2025-08-05,15:15:00,24656.75,24669.5,24650.0,24659.65,8935
NSE,NIFTY,2025-08-05,15:20:00,24659.25,24666.95,24646.85,24663.15,8936
NSE,NIFTY,2025-08-05,15:25:00,24665.45,24667.8,24649.6,24651.25,8937
NSE,NIFTY,2025-08-05,15:30:00,24652.85,24660.6,24646.4,24650.05,8938
NSE,NIFTY,2025-08-06,09:15:00,24641.35,24664.5,24641.35,24658.7,8965
NSE,NIFTY,2025-08-06,09:20:00,24656.75,24664.65,24634.55,24653.4,8966
NSE,NIFTY,2025-08-06,09:25:00,24651.85,24671.3,24649.2,24656.0,8967
NSE,NIFTY,2025-08-06,09:30:00,24654.9,24661.5,24645.95,24652.15,8968
NSE,NIFTY,2025-08-06,09:35:00,24651.75,24655.05,24630.25,24631.6,8969
NSE,NIFTY,2025-08-06,09:40:00,24631.3,24636.9,24617.05,24620.3,8970
NSE,NIFTY,2025-08-06,09:45:00,24619.85,24627.25,24618.65,24627.15,8971
NSE,NIFTY,2025-08-06,09:50:00,24626.8,24627.45,24606.35,24609.1,8972
NSE,NIFTY,2025-08-06,09:55:00,24607.35,24643.4,24606.5,24624.9,8973
NSE,NIFTY,2025-08-06,10:00:00,24624.95,24626.05,24612.7,24622.65,8974
NSE,NIFTY,2025-08-06,10:05:00,24622.2,24641.5,24579.8,24592.6,8975
NSE,NIFTY,2025-08-06,10:10:00,24591.65,24613.8,24590.8,24598.8,8976
NSE,NIFTY,2025-08-06,10:15:00,24599.2,24606.25,24585.8,24600.45,8977
NSE,NIFTY,2025-08-06,10:20:00,24599.0,24634.8,24594.45,24632.55,8978
NSE,NIFTY,2025-08-06,10:25:00,24633.3,24649.45,24626.55,24628.25,8979
NSE,NIFTY,2025-08-06,10:30:00,24628.8,24629.2,24598.45,24602.05,8980
NSE,NIFTY,2025-08-06,10:35:00,24600.8,24610.5,24574.3,24577.45,8981
NSE,NIFTY,2025-08-06,10:40:00,24573.65,24577.0,24544.55,24570.2,8982
NSE,NIFTY,2025-08-06,10:45:00,24568.9,24577.2,24559.45,24559.9,8983
NSE,NIFTY,2025-08-06,10:50:00,24559.9,24571.8,24554.95,24564.5,8984
NSE,NIFTY,2025-08-06,10:55:00,24563.2,24569.4,24556.65,24557.85,8985
NSE,NIFTY,2025-08-06,11:00:00,24557.7,24558.5,24548.65,24555.9,8986
NSE,NIFTY,2025-08-06,11:05:00,24557.1,24563.0,24552.7,24560.15,8987
NSE,NIFTY,2025-08-06,11:10:00,24560.0,24560.95,24548.7,24551.15,8988
NSE,NIFTY,2025-08-06,11:15:00,24551.5,24561.95,24548.2,24561.7,8989
NSE,NIFTY,2025-08-06,11:20:00,24561.2,24561.9,24550.3,24553.25,8990
NSE,NIFTY,2025-08-06,11:25:00,24553.35,24560.95,24551.1,24557.0,8991
NSE,NIFTY,2025-08-06,11:30:00,24556.95,24572.75,24553.0,24570.05,8992
NSE,NIFTY,2025-08-06,11:35:00,24570.3,24570.6,24554.9,24555.75,8993
NSE,NIFTY,2025-08-06,11:40:00,24555.7,24578.45,24553.55,24564.75,8994
NSE,NIFTY,2025-08-06,11:45:00,24564.5,24566.65,24554.8,24563.7,8995
NSE,NIFTY,2025-08-06,11:50:00,24563.45,24582.45,24560.25,24581.1,8996
NSE,NIFTY,2025-08-06,11:55:00,24580.65,24590.6,24579.15,24589.1,8997
NSE,NIFTY,2025-08-06,12:00:00,24588.4,24589.9,24558.3,24580.35,8998
NSE,NIFTY,2025-08-06,12:05:00,24580.25,24600.1,24577.3,24594.35,8999
NSE,NIFTY,2025-08-06,12:10:00,24594.55,24599.35,24587.45,24593.75,9000
NSE,NIFTY,2025-08-06,12:15:00,24593.15,24594.05,24584.8,24587.75,9001
NSE,NIFTY,2025-08-06,12:20:00,24588.1,24609.65,24586.2,24606.8,9002
NSE,NIFTY,2025-08-06,12:25:00,24607.8,24633.6,24606.4,24613.65,9003
NSE,NIFTY,2025-08-06,12:30:00,24613.7,24618.6,24606.1,24616.6,9004
NSE,NIFTY,2025-08-06,12:35:00,24616.75,24623.05,24612.9,24621.0,9005
NSE,NIFTY,2025-08-06,12:40:00,24620.9,24623.3,24596.1,24597.5,9006
NSE,NIFTY,2025-08-06,12:45:00,24597.45,24603.3,24595.55,24602.55,9007
NSE,NIFTY,2025-08-06,12:50:00,24602.65,24610.65,24601.45,24602.8,9008
NSE,NIFTY,2025-08-06,12:55:00,24602.3,24603.6,24583.25,24592.4,9009
NSE,NIFTY,2025-08-06,13:00:00,24592.5,24612.5,24590.75,24608.05,9010
NSE,NIFTY,2025-08-06,13:05:00,24607.2,24616.35,24604.85,24607.9,9011
NSE,NIFTY,2025-08-06,13:10:00,24607.2,24609.9,24604.4,24609.1,9012
NSE,NIFTY,2025-08-06,13:15:00,24609.15,24620.7,24607.4,24611.75,9013
NSE,NIFTY,2025-08-06,13:20:00,24612.1,24619.55,24611.3,24612.95,9014
NSE,NIFTY,2025-08-06,13:25:00,24612.8,24618.65,24607.65,24609.55,9015
NSE,NIFTY,2025-08-06,13:30:00,24609.8,24623.1,24608.0,24621.4,9016
NSE,NIFTY,2025-08-06,13:35:00,24621.15,24627.0,24612.95,24618.85,9017
NSE,NIFTY,2025-08-06,13:40:00,24618.6,24628.8,24614.65,24622.55,9018
NSE,NIFTY,2025-08-06,13:45:00,24622.55,24625.6,24584.5,24605.8,9019
NSE,NIFTY,2025-08-06,13:50:00,24605.2,24610.9,24601.7,24603.65,9020
NSE,NIFTY,2025-08-06,13:55:00,24602.45,24604.65,24595.35,24597.95,9021
NSE,NIFTY,2025-08-06,14:00:00,24597.7,24606.7,24596.95,24597.45,9022
NSE,NIFTY,2025-08-06,14:05:00,24596.95,24597.65,24585.9,24587.35,9023
NSE,NIFTY,2025-08-06,14:10:00,24587.75,24599.75,24584.85,24590.85,9024
NSE,NIFTY,2025-08-06,14:15:00,24590.4,24598.65,24578.45,24583.25,9025
NSE,NIFTY,2025-08-06,14:20:00,24582.9,24592.55,24579.35,24592.3,9026
NSE,NIFTY,2025-08-06,14:25:00,24592.2,24596.15,24590.95,24593.35,9027
NSE,NIFTY,2025-08-06,14:30:00,24593.0,24601.25,24569.8,24571.4,9028
NSE,NIFTY,2025-08-06,14:35:00,24571.3,24572.3,24564.0,24564.7,9029
NSE,NIFTY,2025-08-06,14:40:00,24564.35,24565.05,24539.85,24553.7,9030
NSE,NIFTY,2025-08-06,14:45:00,24553.7,24563.0,24550.6,24562.2,9031
NSE,NIFTY,2025-08-06,14:50:00,24561.9,24567.2,24556.85,24565.25,9032
NSE,NIFTY,2025-08-06,14:55:00,24565.0,24580.25,24563.75,24578.75,9033
NSE,NIFTY,2025-08-06,15:00:00,24579.05,24585.6,24556.35,24562.4,9034
NSE,NIFTY,2025-08-06,15:05:00,24562.8,24574.3,24562.65,24570.95,9035
NSE,NIFTY,2025-08-06,15:10:00,24570.85,24581.5,24570.7,24578.2,9036
NSE,NIFTY,2025-08-06,15:15:00,24578.35,24581.95,24573.0,24574.95,9037
NSE,NIFTY,2025-08-06,15:20:00,24575.9,24577.5,24568.0,24575.2,9038
NSE,NIFTY,2025-08-06,15:25:00,24576.7,24585.75,24573.9,24576.35,9039
NSE,NIFTY,2025-08-06,15:30:00,24577.75,24578.95,24563.4,24569.45,9040
NSE,NIFTY,2025-08-07,09:15:00,24464.2,24513.05,24464.2,24501.3,9059
NSE,NIFTY,2025-08-07,09:20:00,24505.8,24528.8,24490.15,24515.25,9060
NSE,NIFTY,2025-08-07,09:25:00,24515.95,24533.6,24496.65,24511.55,9061
NSE,NIFTY,2025-08-07,09:30:00,24512.3,24529.3,24502.7,24519.75,9062
NSE,NIFTY,2025-08-07,09:35:00,24519.6,24542.7,24512.3,24515.0,9063
NSE,NIFTY,2025-08-07,09:40:00,24515.15,24521.15,24500.25,24521.0,9064
NSE,NIFTY,2025-08-07,09:45:00,24520.3,24522.5,24498.5,24502.4,9065
NSE,NIFTY,2025-08-07,09:50:00,24503.5,24519.35,24499.75,24501.85,9066
NSE,NIFTY,2025-08-07,09:55:00,24500.55,24510.8,24499.35,24505.95,9067
NSE,NIFTY,2025-08-07,10:00:00,24506.35,24506.55,24479.1,24486.65,9068
NSE,NIFTY,2025-08-07,10:05:00,24487.2,24487.85,24473.45,24477.3,9069
NSE,NIFTY,2025-08-07,10:10:00,24477.4,24482.35,24468.0,24476.65,9070
NSE,NIFTY,2025-08-07,10:15:00,24477.1,24480.2,24470.85,24478.0,9071
NSE,NIFTY,2025-08-07,10:20:00,24477.85,24486.65,24471.55,24486.0,9072
NSE,NIFTY,2025-08-07,10:25:00,24486.3,24486.3,24474.3,24479.95,9073
NSE,NIFTY,2025-08-07,10:30:00,24479.75,24484.1,24434.25,24435.7,9074
NSE,NIFTY,2025-08-07,10:35:00,24435.85,24443.65,24425.5,24436.55,9075
NSE,NIFTY,2025-08-07,10:40:00,24436.3,24443.85,24432.8,24433.4,9076
NSE,NIFTY,2025-08-07,10:45:00,24433.15,24439.05,24428.9,24430.0,9077
NSE,NIFTY,2025-08-07,10:50:00,24429.85,24430.4,24413.6,24420.55,9078
NSE,NIFTY,2025-08-07,10:55:00,24420.55,24423.65,24416.0,24418.2,9079
NSE,NIFTY,2025-08-07,11:00:00,24418.1,24433.8,24417.5,24427.6,9080
NSE,NIFTY,2025-08-07,11:05:00,24427.55,24427.7,24401.25,24406.6,9081
NSE,NIFTY,2025-08-07,11:10:00,24406.2,24415.05,24388.55,24415.05,9082
NSE,NIFTY,2025-08-07,11:15:00,24414.3,24416.45,24408.2,24413.55,9083
NSE,NIFTY,2025-08-07,11:20:00,24413.1,24428.7,24411.9,24420.7,9084
NSE,NIFTY,2025-08-07,11:25:00,24420.3,24432.05,24416.7,24430.6,9085
NSE,NIFTY,2025-08-07,11:30:00,24429.0,24433.5,24420.8,24423.1,9086
NSE,NIFTY,2025-08-07,11:35:00,24421.5,24429.45,24412.5,24426.0,9087
NSE,NIFTY,2025-08-07,11:40:00,24425.9,24448.2,24420.55,24443.0,9088
NSE,NIFTY,2025-08-07,11:45:00,24442.45,24443.65,24421.2,24423.85,9089
NSE,NIFTY,2025-08-07,11:50:00,24424.4,24429.5,24419.8,24423.4,9090
NSE,NIFTY,2025-08-07,11:55:00,24421.95,24430.45,24416.9,24429.6,9091
NSE,NIFTY,2025-08-07,12:00:00,24429.45,24432.05,24424.05,24428.25,9092
NSE,NIFTY,2025-08-07,12:05:00,24428.6,24437.85,24421.15,24435.2,9093
NSE,NIFTY,2025-08-07,12:10:00,24436.45,24438.95,24421.55,24433.1,9094
NSE,NIFTY,2025-08-07,12:15:00,24433.5,24449.7,24430.35,24447.45,9095
NSE,NIFTY,2025-08-07,12:20:00,24447.4,24452.5,24438.95,24442.45,9096
NSE,NIFTY,2025-08-07,12:25:00,24442.3,24443.6,24430.85,24433.35,9097
NSE,NIFTY,2025-08-07,12:30:00,24432.55,24440.6,24430.65,24438.95,9098
NSE,NIFTY,2025-08-07,12:35:00,24439.65,24442.1,24426.7,24432.9,9099
NSE,NIFTY,2025-08-07,12:40:00,24433.1,24447.35,24429.65,24444.5,9100
NSE,NIFTY,2025-08-07,12:45:00,24443.85,24445.0,24417.85,24438.1,9101
NSE,NIFTY,2025-08-07,12:50:00,24438.1,24438.8,24424.25,24427.45,9102
NSE,NIFTY,2025-08-07,12:55:00,24427.8,24433.85,24425.35,24431.3,9103
NSE,NIFTY,2025-08-07,13:00:00,24431.1,24438.75,24426.7,24435.15,9104
NSE,NIFTY,2025-08-07,13:05:00,24435.3,24436.4,24427.6,24431.5,9105
NSE,NIFTY,2025-08-07,13:10:00,24430.4,24430.8,24408.95,24410.7,9106
NSE,NIFTY,2025-08-07,13:15:00,24411.1,24413.65,24398.7,24404.0,9107
NSE,NIFTY,2025-08-07,13:20:00,24403.8,24405.6,24381.8,24397.75,9108
NSE,NIFTY,2025-08-07,13:25:00,24398.2,24398.7,24357.05,24362.1,9109
NSE,NIFTY,2025-08-07,13:30:00,24363.75,24370.75,24355.0,24356.7,9110
NSE,NIFTY,2025-08-07,13:35:00,24355.7,24366.35,24344.5,24350.45,9111
NSE,NIFTY,2025-08-07,13:40:00,24350.15,24359.4,24345.2,24356.35,9112
NSE,NIFTY,2025-08-07,13:45:00,24356.3,24395.5,24354.3,24393.1,9113
NSE,NIFTY,2025-08-07,13:50:00,24391.85,24393.4,24370.05,24377.4,9114
NSE,NIFTY,2025-08-07,13:55:00,24377.45,24385.2,24371.35,24382.7,9115
NSE,NIFTY,2025-08-07,14:00:00,24383.7,24394.45,24379.35,24392.35,9116
NSE,NIFTY,2025-08-07,14:05:00,24391.8,24413.7,24390.1,24413.25,9117
NSE,NIFTY,2025-08-07,14:10:00,24412.0,24422.85,24406.25,24417.3,9118
NSE,NIFTY,2025-08-07,14:15:00,24418.0,24442.75,24413.8,24434.0,9119
NSE,NIFTY,2025-08-07,14:20:00,24433.55,24486.55,24432.5,24486.55,9120
NSE,NIFTY,2025-08-07,14:25:00,24486.35,24513.7,24452.45,24458.05,9121
NSE,NIFTY,2025-08-07,14:30:00,24457.0,24477.95,24436.95,24476.5,9122
NSE,NIFTY,2025-08-07,14:35:00,24476.2,24483.5,24465.7,24478.15,9123
NSE,NIFTY,2025-08-07,14:40:00,24478.45,24507.65,24469.45,24490.3,9124
NSE,NIFTY,2025-08-07,14:45:00,24490.1,24521.65,24479.1,24518.0,9125
NSE,NIFTY,2025-08-07,14:50:00,24518.15,24540.45,24504.25,24531.3,9126
NSE,NIFTY,2025-08-07,14:55:00,24532.85,24542.6,24522.7,24523.4,9127
NSE,NIFTY,2025-08-07,15:00:00,24520.4,24549.1,24517.4,24549.1,9128
NSE,NIFTY,2025-08-07,15:05:00,24548.8,24575.0,24541.8,24574.0,9129
NSE,NIFTY,2025-08-07,15:10:00,24575.35,24596.35,24572.6,24582.55,9130
NSE,NIFTY,2025-08-07,15:15:00,24582.65,24602.5,24581.3,24601.8,9131
NSE,NIFTY,2025-08-07,15:20:00,24601.85,24610.4,24596.3,24602.9,9132
NSE,NIFTY,2025-08-07,15:25:00,24604.4,24631.1,24601.15,24630.35,9133
NSE,NIFTY,2025-08-07,15:30:00,24629.85,24633.8,24620.0,24623.45,9134
NSE,NIFTY,2025-08-08,09:15:00,24544.25,24572.45,24544.25,24561.4,9163
NSE,NIFTY,2025-08-08,09:20:00,24560.6,24585.3,24546.35,24577.4,9164
NSE,NIFTY,2025-08-08,09:25:00,24576.65,24581.95,24554.95,24557.35,9165
NSE,NIFTY,2025-08-08,09:30:00,24559.0,24560.4,24511.85,24521.45,9166
NSE,NIFTY,2025-08-08,09:35:00,24522.35,24523.15,24503.65,24508.0,9167
NSE,NIFTY,2025-08-08,09:40:00,24508.0,24532.95,24502.15,24510.8,9168
NSE,NIFTY,2025-08-08,09:45:00,24510.15,24514.0,24490.65,24493.1,9169
NSE,NIFTY,2025-08-08,09:50:00,24493.8,24506.6,24483.85,24485.0,9170
NSE,NIFTY,2025-08-08,09:55:00,24485.5,24494.0,24477.1,24493.25,9171
NSE,NIFTY,2025-08-08,10:00:00,24493.3,24496.8,24476.5,24479.2,9172
NSE,NIFTY,2025-08-08,10:05:00,24479.05,24479.7,24449.85,24452.2,9173
NSE,NIFTY,2025-08-08,10:10:00,24451.65,24456.3,24437.55,24454.85,9174
NSE,NIFTY,2025-08-08,10:15:00,24454.55,24459.05,24446.45,24452.85,9175
NSE,NIFTY,2025-08-08,10:20:00,24452.7,24464.15,24443.2,24453.7,9176
NSE,NIFTY,2025-08-08,10:25:00,24453.35,24470.75,24443.15,24469.75,9177
NSE,NIFTY,2025-08-08,10:30:00,24469.75,24481.25,24463.95,24463.95,9178
NSE,NIFTY,2025-08-08,10:35:00,24464.75,24465.8,24435.85,24443.8,9179
NSE,NIFTY,2025-08-08,10:40:00,24444.05,24444.35,24433.1,24435.15,9180
NSE,NIFTY,2025-08-08,10:45:00,24434.45,24450.95,24433.25,24438.45,9181
NSE,NIFTY,2025-08-08,10:50:00,24438.45,24440.7,24423.75,24428.85,9182
NSE,NIFTY,2025-08-08,10:55:00,24428.2,24439.55,24419.4,24437.45,9183
NSE,NIFTY,2025-08-08,11:00:00,24437.6,24439.7,24409.0,24421.4,9184
NSE,NIFTY,2025-08-08,11:05:00,24422.3,24434.2,24418.8,24424.1,9185
NSE,NIFTY,2025-08-08,11:10:00,24423.6,24435.35,24422.4,24431.25,9186
NSE,NIFTY,2025-08-08,11:15:00,24431.7,24446.2,24428.15,24441.45,9187
NSE,NIFTY,2025-08-08,11:20:00,24440.95,24452.75,24440.55,24449.55,9188
NSE,NIFTY,2025-08-08,11:25:00,24449.3,24452.75,24430.3,24432.35,9189
NSE,NIFTY,2025-08-08,11:30:00,24432.2,24439.85,24429.7,24430.7,9190
NSE,NIFTY,2025-08-08,11:35:00,24430.8,24443.65,24427.45,24442.9,9191
NSE,NIFTY,2025-08-08,11:40:00,24442.25,24445.95,24424.3,24424.8,9192
NSE,NIFTY,2025-08-08,11:45:00,24424.95,24434.1,24422.3,24428.95,9193
NSE,NIFTY,2025-08-08,11:50:00,24428.1,24441.7,24428.1,24435.3,9194
NSE,NIFTY,2025-08-08,11:55:00,24435.55,24446.45,24434.8,24443.3,9195
NSE,NIFTY,2025-08-08,12:00:00,24442.7,24445.4,24416.3,24431.25,9196
NSE,NIFTY,2025-08-08,12:05:00,24430.4,24431.65,24403.05,24405.05,9197
NSE,NIFTY,2025-08-08,12:10:00,24404.8,24417.7,24403.5,24409.25,9198
NSE,NIFTY,2025-08-08,12:15:00,24408.85,24424.0,24408.85,24423.6,9199
NSE,NIFTY,2025-08-08,12:20:00,24424.0,24424.0,24411.8,24416.85,9200
NSE,NIFTY,2025-08-08,12:25:00,24416.1,24424.0,24411.6,24420.5,9201
NSE,NIFTY,2025-08-08,12:30:00,24420.75,24438.3,24415.9,24437.35,9202
NSE,NIFTY,2025-08-08,12:35:00,24437.5,24441.9,24430.3,24435.45,9203
NSE,NIFTY,2025-08-08,12:40:00,24435.7,24438.2,24424.35,24430.65,9204
NSE,NIFTY,2025-08-08,12:45:00,24431.5,24440.5,24429.8,24435.3,9205
NSE,NIFTY,2025-08-08,12:50:00,24436.5,24456.5,24434.65,24456.35,9206
NSE,NIFTY,2025-08-08,12:55:00,24457.95,24472.85,24452.15,24471.3,9207
NSE,NIFTY,2025-08-08,13:00:00,24472.9,24481.35,24456.65,24462.25,9208
NSE,NIFTY,2025-08-08,13:05:00,24463.0,24463.0,24439.1,24447.2,9209
NSE,NIFTY,2025-08-08,13:10:00,24447.8,24454.85,24419.55,24431.7,9210
NSE,NIFTY,2025-08-08,13:15:00,24432.2,24438.0,24427.1,24436.65,9211
NSE,NIFTY,2025-08-08,13:20:00,24436.55,24453.1,24435.15,24439.7,9212
NSE,NIFTY,2025-08-08,13:25:00,24440.0,24445.35,24435.9,24438.75,9213
NSE,NIFTY,2025-08-08,13:30:00,24439.65,24439.65,24417.85,24420.1,9214
NSE,NIFTY,2025-08-08,13:35:00,24420.3,24454.6,24418.6,24453.3,9215
NSE,NIFTY,2025-08-08,13:40:00,24453.85,24461.15,24443.65,24454.8,9216
NSE,NIFTY,2025-08-08,13:45:00,24455.8,24463.5,24447.35,24455.75,9217
NSE,NIFTY,2025-08-08,13:50:00,24455.5,24455.55,24418.3,24428.4,9218
NSE,NIFTY,2025-08-08,13:55:00,24429.25,24438.35,24424.55,24425.4,9219
NSE,NIFTY,2025-08-08,14:00:00,24426.45,24429.25,24418.65,24428.05,9220
NSE,NIFTY,2025-08-08,14:05:00,24427.6,24449.45,24427.25,24434.65,9221
NSE,NIFTY,2025-08-08,14:10:00,24435.35,24436.0,24422.5,24427.7,9222
NSE,NIFTY,2025-08-08,14:15:00,24427.95,24428.65,24388.25,24412.6,9223
NSE,NIFTY,2025-08-08,14:20:00,24412.8,24434.85,24406.6,24428.7,9224
NSE,NIFTY,2025-08-08,14:25:00,24428.6,24432.85,24415.8,24417.05,9225
NSE,NIFTY,2025-08-08,14:30:00,24417.2,24417.2,24395.0,24400.8,9226
NSE,NIFTY,2025-08-08,14:35:00,24400.8,24408.9,24383.25,24405.3,9227
NSE,NIFTY,2025-08-08,14:40:00,24407.65,24415.05,24402.65,24411.0,9228
NSE,NIFTY,2025-08-08,14:45:00,24411.55,24424.9,24410.25,24418.35,9229
NSE,NIFTY,2025-08-08,14:50:00,24419.25,24420.6,24405.55,24411.4,9230
NSE,NIFTY,2025-08-08,14:55:00,24412.2,24414.4,24405.85,24408.05,9231
NSE,NIFTY,2025-08-08,15:00:00,24408.55,24409.6,24395.6,24400.15,9232
NSE,NIFTY,2025-08-08,15:05:00,24399.8,24400.95,24383.25,24393.9,9233
NSE,NIFTY,2025-08-08,15:10:00,24394.55,24399.35,24376.2,24379.5,9234
NSE,NIFTY,2025-08-08,15:15:00,24379.55,24380.25,24337.95,24347.05,9235
NSE,NIFTY,2025-08-08,15:20:00,24349.75,24365.35,24341.9,24344.6,9236
NSE,NIFTY,2025-08-08,15:25:00,24344.7,24350.45,24339.2,24350.3,9237
NSE,NIFTY,2025-08-08,15:30:00,24351.1,24356.35,24345.65,24350.9,9238
NSE,NIFTY,2025-08-11,09:15:00,24371.5,24382.1,24349.2,24360.35,9265
NSE,NIFTY,2025-08-11,09:20:00,24360.4,24412.3,24351.2,24405.75,9266
NSE,NIFTY,2025-08-11,09:25:00,24402.65,24418.95,24400.1,24416.5,9267
NSE,NIFTY,2025-08-11,09:30:00,24416.6,24428.35,24397.25,24397.25,9268
NSE,NIFTY,2025-08-11,09:35:00,24399.1,24419.9,24361.4,24408.9,9269
NSE,NIFTY,2025-08-11,09:40:00,24408.55,24414.95,24372.8,24377.35,9270
NSE,NIFTY,2025-08-11,09:45:00,24377.9,24390.05,24367.45,24376.75,9271
NSE,NIFTY,2025-08-11,09:50:00,24376.2,24384.55,24356.15,24364.85,9272
NSE,NIFTY,2025-08-11,09:55:00,24366.05,24400.45,24364.25,24400.0,9273
NSE,NIFTY,2025-08-11,10:00:00,24400.35,24406.3,24392.55,24403.1,9274
NSE,NIFTY,2025-08-11,10:05:00,24403.0,24415.65,24402.55,24409.1,9275
NSE,NIFTY,2025-08-11,10:10:00,24408.2,24414.25,24396.8,24405.2,9276
NSE,NIFTY,2025-08-11,10:15:00,24404.7,24422.85,24382.0,24420.8,9277
NSE,NIFTY,2025-08-11,10:20:00,24420.35,24425.95,24404.35,24416.15,9278
NSE,NIFTY,2025-08-11,10:25:00,24416.55,24436.6,24406.25,24434.65,9279
NSE,NIFTY,2025-08-11,10:30:00,24434.4,24445.2,24431.6,24441.2,9280
NSE,NIFTY,2025-08-11,10:35:00,24439.8,24452.85,24428.8,24444.7,9281
NSE,NIFTY,2025-08-11,10:40:00,24445.05,24460.1,24444.05,24455.7,9282
NSE,NIFTY,2025-08-11,10:45:00,24455.8,24459.95,24446.45,24454.45,9283
NSE,NIFTY,2025-08-11,10:50:00,24454.6,24456.65,24443.4,24451.05,9284
NSE,NIFTY,2025-08-11,10:55:00,24450.8,24467.75,24449.95,24463.15,9285
NSE,NIFTY,2025-08-11,11:00:00,24463.35,24464.25,24449.3,24456.65,9286
NSE,NIFTY,2025-08-11,11:05:00,24458.15,24463.8,24448.95,24452.0,9287
NSE,NIFTY,2025-08-11,11:10:00,24452.65,24461.4,24445.15,24447.0,9288
NSE,NIFTY,2025-08-11,11:15:00,24446.95,24454.35,24425.35,24440.4,9289
NSE,NIFTY,2025-08-11,11:20:00,24440.85,24463.9,24435.95,24459.3,9290
NSE,NIFTY,2025-08-11,11:25:00,24460.35,24475.15,24459.45,24470.2,9291
NSE,NIFTY,2025-08-11,11:30:00,24470.85,24474.45,24459.05,24461.95,9292
NSE,NIFTY,2025-08-11,11:35:00,24463.0,24467.5,24423.15,24425.85,9293
NSE,NIFTY,2025-08-11,11:40:00,24427.2,24437.25,24421.25,24427.05,9294
NSE,NIFTY,2025-08-11,11:45:00,24427.3,24429.45,24409.65,24409.65,9295
NSE,NIFTY,2025-08-11,11:50:00,24410.9,24424.35,24410.45,24416.5,9296
NSE,NIFTY,2025-08-11,11:55:00,24416.55,24419.9,24402.1,24411.9,9297
NSE,NIFTY,2025-08-11,12:00:00,24412.1,24426.9,24412.1,24423.4,9298
NSE,NIFTY,2025-08-11,12:05:00,24424.25,24437.75,24421.1,24424.75,9299
NSE,NIFTY,2025-08-11,12:10:00,24425.5,24451.55,24424.7,24451.4,9300
NSE,NIFTY,2025-08-11,12:15:00,24445.95,24450.4,24431.4,24447.65,9301
NSE,NIFTY,2025-08-11,12:20:00,24448.0,24453.9,24435.75,24436.2,9302
NSE,NIFTY,2025-08-11,12:25:00,24436.2,24446.15,24434.45,24440.8,9303
NSE,NIFTY,2025-08-11,12:30:00,24440.55,24449.85,24439.8,24443.65,9304
NSE,NIFTY,2025-08-11,12:35:00,24443.75,24444.6,24429.05,24433.15,9305
NSE,NIFTY,2025-08-11,12:40:00,24432.55,24457.9,24431.95,24456.9,9306
NSE,NIFTY,2025-08-11,12:45:00,24456.55,24463.65,24453.05,24463.1,9307
NSE,NIFTY,2025-08-11,12:50:00,24462.55,24466.8,24458.55,24461.15,9308
NSE,NIFTY,2025-08-11,12:55:00,24461.65,24480.95,24460.3,24478.4,9309
NSE,NIFTY,2025-08-11,13:00:00,24479.35,24480.35,24466.95,24478.2,9310
NSE,NIFTY,2025-08-11,13:05:00,24479.15,24506.9,24478.95,24485.65,9311
NSE,NIFTY,2025-08-11,13:10:00,24486.1,24486.75,24470.35,24474.05,9312
NSE,NIFTY,2025-08-11,13:15:00,24474.55,24480.85,24463.6,24480.05,9313
NSE,NIFTY,2025-08-11,13:20:00,24480.1,24481.55,24468.75,24476.2,9314
NSE,NIFTY,2025-08-11,13:25:00,24475.7,24480.4,24467.9,24475.3,9315
NSE,NIFTY,2025-08-11,13:30:00,24475.1,24501.45,24474.7,24489.3,9316
NSE,NIFTY,2025-08-11,13:35:00,24489.6,24498.95,24482.35,24494.2,9317
NSE,NIFTY,2025-08-11,13:40:00,24496.65,24507.75,24493.5,24505.35,9318
NSE,NIFTY,2025-08-11,13:45:00,24506.2,24508.8,24499.6,24505.1,9319
NSE,NIFTY,2025-08-11,13:50:00,24504.65,24517.95,24501.9,24514.2,9320
NSE,NIFTY,2025-08-11,13:55:00,24514.55,24514.9,24495.0,24504.25,9321
NSE,NIFTY,2025-08-11,14:00:00,24505.5,24523.95,24501.05,24522.65,9322
NSE,NIFTY,2025-08-11,14:05:00,24524.15,24535.1,24523.0,24533.35,9323
NSE,NIFTY,2025-08-11,14:10:00,24534.3,24541.5,24533.25,24536.95,9324
NSE,NIFTY,2025-08-11,14:15:00,24538.05,24543.3,24529.55,24540.05,9325
NSE,NIFTY,2025-08-11,14:20:00,24541.0,24545.8,24524.2,24533.95,9326
NSE,NIFTY,2025-08-11,14:25:00,24535.15,24540.45,24526.6,24535.95,9327
NSE,NIFTY,2025-08-11,14:30:00,24538.45,24550.65,24535.6,24549.1,9328
NSE,NIFTY,2025-08-11,14:35:00,24549.8,24572.25,24549.65,24557.8,9329
NSE,NIFTY,2025-08-11,14:40:00,24558.05,24583.3,24557.5,24570.4,9330
NSE,NIFTY,2025-08-11,14:45:00,24571.2,24573.4,24550.9,24559.4,9331
NSE,NIFTY,2025-08-11,14:50:00,24562.25,24581.85,24560.6,24578.65,9332
NSE,NIFTY,2025-08-11,14:55:00,24578.5,24580.85,24570.7,24576.2,9333
NSE,NIFTY,2025-08-11,15:00:00,24576.45,24590.6,24570.95,24589.9,9334
NSE,NIFTY,2025-08-11,15:05:00,24589.95,24590.75,24575.0,24590.5,9335
NSE,NIFTY,2025-08-11,15:10:00,24590.95,24600.75,24589.9,24597.3,9336
NSE,NIFTY,2025-08-11,15:15:00,24598.0,24598.0,24583.2,24583.8,9337
NSE,NIFTY,2025-08-11,15:20:00,24584.35,24584.45,24570.25,24572.0,9338
NSE,NIFTY,2025-08-11,15:25:00,24573.0,24587.15,24571.15,24573.1,9339
NSE,NIFTY,2025-08-11,15:30:00,24573.25,24573.4,24544.55,24562.15,9340
NSE,NIFTY,2025-08-12,09:15:00,24563.35,24563.35,24535.7,24556.85,9368
NSE,NIFTY,2025-08-12,09:20:00,24555.55,24587.15,24540.6,24574.65,9369
NSE,NIFTY,2025-08-12,09:25:00,24574.35,24618.85,24573.7,24618.7,9370
NSE,NIFTY,2025-08-12,09:30:00,24619.8,24627.0,24609.75,24612.3,9371
NSE,NIFTY,2025-08-12,09:35:00,24612.6,24640.55,24607.05,24628.75,9372
NSE,NIFTY,2025-08-12,09:40:00,24628.5,24636.75,24622.7,24623.95,9373
NSE,NIFTY,2025-08-12,09:45:00,24623.65,24653.9,24623.65,24653.05,9374
NSE,NIFTY,2025-08-12,09:50:00,24654.35,24661.6,24645.9,24657.85,9375
NSE,NIFTY,2025-08-12,09:55:00,24658.05,24674.95,24647.8,24672.05,9376
NSE,NIFTY,2025-08-12,10:00:00,24671.85,24686.7,24669.0,24678.5,9377
NSE,NIFTY,2025-08-12,10:05:00,24678.05,24702.5,24676.45,24690.5,9378
NSE,NIFTY,2025-08-12,10:10:00,24691.25,24695.6,24683.35,24688.1,9379
NSE,NIFTY,2025-08-12,10:15:00,24687.55,24691.55,24648.3,24656.65,9380
NSE,NIFTY,2025-08-12,10:20:00,24658.55,24682.0,24643.55,24658.15,9381
NSE,NIFTY,2025-08-12,10:25:00,24660.75,24666.0,24650.25,24657.6,9382
NSE,NIFTY,2025-08-12,10:30:00,24656.85,24658.05,24602.8,24602.8,9383
NSE,NIFTY,2025-08-12,10:35:00,24603.1,24603.1,24562.25,24589.75,9384
NSE,NIFTY,2025-08-12,10:40:00,24589.9,24609.0,24589.4,24594.05,9385
NSE,NIFTY,2025-08-12,10:45:00,24594.15,24611.35,24576.05,24577.95,9386
NSE,NIFTY,2025-08-12,10:50:00,24578.05,24596.15,24570.4,24585.55,9387
NSE,NIFTY,2025-08-12,10:55:00,24586.0,24603.0,24578.9,24601.95,9388
NSE,NIFTY,2025-08-12,11:00:00,24600.95,24604.45,24575.95,24576.45,9389
NSE,NIFTY,2025-08-12,11:05:00,24576.65,24581.2,24551.9,24556.2,9390
NSE,NIFTY,2025-08-12,11:10:00,24555.8,24561.8,24532.7,24542.25,9391
NSE,NIFTY,2025-08-12,11:15:00,24541.75,24549.4,24538.5,24546.15,9392
NSE,NIFTY,2025-08-12,11:20:00,24546.25,24593.25,24545.85,24577.8,9393
NSE,NIFTY,2025-08-12,11:25:00,24577.6,24584.15,24570.45,24571.1,9394
NSE,NIFTY,2025-08-12,11:30:00,24571.0,24571.95,24551.05,24564.7,9395
NSE,NIFTY,2025-08-12,11:35:00,24565.0,24571.9,24556.8,24561.15,9396
NSE,NIFTY,2025-08-12,11:40:00,24561.1,24568.75,24559.85,24562.05,9397
NSE,NIFTY,2025-08-12,11:45:00,24561.8,24567.55,24554.4,24559.9,9398
NSE,NIFTY,2025-08-12,11:50:00,24559.85,24562.45,24531.45,24536.35,9399
NSE,NIFTY,2025-08-12,11:55:00,24536.05,24554.45,24535.2,24553.8,9400
NSE,NIFTY,2025-08-12,12:00:00,24553.45,24569.75,24550.2,24569.15,9401
NSE,NIFTY,2025-08-12,12:05:00,24569.1,24569.2,24552.75,24554.05,9402
NSE,NIFTY,2025-08-12,12:10:00,24554.65,24567.85,24552.7,24566.65,9403
NSE,NIFTY,2025-08-12,12:15:00,24566.0,24566.65,24553.5,24564.9,9404
NSE,NIFTY,2025-08-12,12:20:00,24564.2,24599.65,24559.1,24592.8,9405
NSE,NIFTY,2025-08-12,12:25:00,24591.6,24618.95,24591.6,24613.85,9406
NSE,NIFTY,2025-08-12,12:30:00,24614.3,24623.6,24594.75,24613.15,9407
NSE,NIFTY,2025-08-12,12:35:00,24611.45,24625.95,24609.65,24622.2,9408
NSE,NIFTY,2025-08-12,12:40:00,24622.5,24640.35,24621.1,24634.65,9409
NSE,NIFTY,2025-08-12,12:45:00,24633.95,24636.95,24627.35,24632.35,9410
NSE,NIFTY,2025-08-12,12:50:00,24631.35,24631.35,24607.45,24614.75,9411
NSE,NIFTY,2025-08-12,12:55:00,24614.45,24616.45,24597.75,24599.65,9412
NSE,NIFTY,2025-08-12,13:00:00,24599.65,24603.3,24590.0,24593.5,9413
NSE,NIFTY,2025-08-12,13:05:00,24593.65,24619.7,24592.2,24614.15,9414
NSE,NIFTY,2025-08-12,13:10:00,24613.4,24613.6,24600.15,24607.7,9415
NSE,NIFTY,2025-08-12,13:15:00,24606.55,24609.0,24583.45,24584.55,9416
NSE,NIFTY,2025-08-12,13:20:00,24584.15,24588.55,24572.45,24575.35,9417
NSE,NIFTY,2025-08-12,13:25:00,24574.95,24585.6,24572.55,24580.3,9418
NSE,NIFTY,2025-08-12,13:30:00,24580.85,24581.7,24549.5,24577.05,9419
NSE,NIFTY,2025-08-12,13:35:00,24576.9,24577.6,24563.0,24565.95,9420
NSE,NIFTY,2025-08-12,13:40:00,24566.2,24574.4,24563.9,24567.75,9421
NSE,NIFTY,2025-08-12,13:45:00,24567.7,24569.3,24558.4,24565.7,9422
NSE,NIFTY,2025-08-12,13:50:00,24566.1,24577.7,24563.35,24567.75,9423
NSE,NIFTY,2025-08-12,13:55:00,24567.65,24577.15,24563.9,24571.5,9424
NSE,NIFTY,2025-08-12,14:00:00,24572.0,24607.6,24569.3,24597.1,9425
NSE,NIFTY,2025-08-12,14:05:00,24596.45,24598.9,24557.85,24559.35,9426
NSE,NIFTY,2025-08-12,14:10:00,24559.15,24564.05,24539.95,24544.55,9427
NSE,NIFTY,2025-08-12,14:15:00,24546.6,24551.65,24534.85,24539.8,9428
NSE,NIFTY,2025-08-12,14:20:00,24539.55,24548.25,24522.7,24528.0,9429
NSE,NIFTY,2025-08-12,14:25:00,24528.65,24550.1,24526.4,24546.9,9430
NSE,NIFTY,2025-08-12,14:30:00,24546.7,24562.3,24535.9,24535.9,9431
NSE,NIFTY,2025-08-12,14:35:00,24536.8,24539.75,24518.25,24519.2,9432
NSE,NIFTY,2025-08-12,14:40:00,24518.1,24533.85,24516.6,24529.6,9433
NSE,NIFTY,2025-08-12,14:45:00,24528.8,24529.65,24501.35,24504.15,9434
NSE,NIFTY,2025-08-12,14:50:00,24505.2,24511.8,24482.0,24483.55,9435
NSE,NIFTY,2025-08-12,14:55:00,24486.6,24503.2,24486.6,24491.5,9436
NSE,NIFTY,2025-08-12,15:00:00,24491.8,24524.65,24489.1,24494.05,9437
NSE,NIFTY,2025-08-12,15:05:00,24493.7,24500.05,24466.35,24474.05,9438
NSE,NIFTY,2025-08-12,15:10:00,24474.3,24494.15,24471.85,24489.85,9439
NSE,NIFTY,2025-08-12,15:15:00,24489.65,24499.9,24484.6,24497.75,9440
NSE,NIFTY,2025-08-12,15:20:00,24499.4,24501.2,24485.25,24490.6,9441
NSE,NIFTY,2025-08-12,15:25:00,24491.65,24496.35,24484.8,24492.3,9442
NSE,NIFTY,2025-08-12,15:30:00,24492.7,24492.9,24477.75,24485.85,9443
NSE,NIFTY,2025-08-13,09:15:00,24586.2,24586.2,24570.55,24584.9,9471
NSE,NIFTY,2025-08-13,09:20:00,24583.7,24598.7,24561.3,24571.3,9472
NSE,NIFTY,2025-08-13,09:25:00,24572.55,24574.8,24544.5,24569.8,9473
NSE,NIFTY,2025-08-13,09:30:00,24568.75,24569.75,24543.5,24553.95,9474
NSE,NIFTY,2025-08-13,09:35:00,24553.95,24562.65,24535.6,24557.35,9475
NSE,NIFTY,2025-08-13,09:40:00,24556.2,24578.45,24553.65,24578.05,9476
NSE,NIFTY,2025-08-13,09:45:00,24576.85,24585.15,24569.55,24580.05,9477
NSE,NIFTY,2025-08-13,09:50:00,24580.1,24596.75,24576.1,24592.55,9478
NSE,NIFTY,2025-08-13,09:55:00,24592.8,24595.05,24579.25,24582.65,9479
NSE,NIFTY,2025-08-13,10:00:00,24583.8,24613.6,24583.0,24601.65,9480
NSE,NIFTY,2025-08-13,10:05:00,24601.75,24602.25,24587.6,24600.0,9481
NSE,NIFTY,2025-08-13,10:10:00,24599.8,24600.4,24585.85,24595.6,9482
NSE,NIFTY,2025-08-13,10:15:00,24595.8,24597.1,24579.45,24582.5,9483
NSE,NIFTY,2025-08-13,10:20:00,24582.85,24596.25,24573.9,24578.0,9484
NSE,NIFTY,2025-08-13,10:25:00,24577.35,24583.65,24570.9,24572.75,9485
NSE,NIFTY,2025-08-13,10:30:00,24572.85,24605.8,24571.65,24592.15,9486
NSE,NIFTY,2025-08-13,10:35:00,24592.25,24594.0,24580.35,24580.8,9487
NSE,NIFTY,2025-08-13,10:40:00,24580.7,24583.4,24573.15,24574.4,9488
NSE,NIFTY,2025-08-13,10:45:00,24574.45,24575.55,24563.85,24563.85,9489
NSE,NIFTY,2025-08-13,10:50:00,24563.95,24574.8,24554.4,24573.2,9490
NSE,NIFTY,2025-08-13,10:55:00,24573.2,24584.75,24568.8,24582.25,9491
NSE,NIFTY,2025-08-13,11:00:00,24581.95,24593.25,24576.1,24591.05,9492
NSE,NIFTY,2025-08-13,11:05:00,24592.3,24601.9,24583.35,24592.4,9493
NSE,NIFTY,2025-08-13,11:10:00,24592.45,24596.0,24585.0,24587.05,9494
NSE,NIFTY,2025-08-13,11:15:00,24587.2,24588.4,24564.85,24585.15,9495
NSE,NIFTY,2025-08-13,11:20:00,24585.75,24595.35,24585.1,24586.25,9496
NSE,NIFTY,2025-08-13,11:25:00,24587.35,24589.25,24577.55,24582.4,9497
NSE,NIFTY,2025-08-13,11:30:00,24582.8,24582.9,24570.15,24575.0,9498
NSE,NIFTY,2025-08-13,11:35:00,24575.5,24580.35,24572.6,24577.95,9499
NSE,NIFTY,2025-08-13,11:40:00,24577.95,24586.1,24573.7,24574.75,9500
NSE,NIFTY,2025-08-13,11:45:00,24574.9,24575.95,24565.35,24568.7,9501
NSE,NIFTY,2025-08-13,11:50:00,24567.75,24574.05,24564.4,24569.65,9502
NSE,NIFTY,2025-08-13,11:55:00,24570.25,24583.2,24565.4,24577.4,9503
NSE,NIFTY,2025-08-13,12:00:00,24578.0,24578.85,24551.7,24554.25,9504
NSE,NIFTY,2025-08-13,12:05:00,24555.2,24560.6,24538.9,24558.35,9505
NSE,NIFTY,2025-08-13,12:10:00,24558.25,24570.65,24558.25,24566.2,9506
NSE,NIFTY,2025-08-13,12:15:00,24565.55,24581.25,24564.4,24578.95,9507
NSE,NIFTY,2025-08-13,12:20:00,24579.05,24580.25,24567.65,24575.65,9508
NSE,NIFTY,2025-08-13,12:25:00,24575.2,24609.25,24574.65,24592.7,9509
NSE,NIFTY,2025-08-13,12:30:00,24592.45,24600.4,24583.8,24598.4,9510
NSE,NIFTY,2025-08-13,12:35:00,24597.45,24620.3,24595.3,24609.15,9511
NSE,NIFTY,2025-08-13,12:40:00,24609.05,24610.35,24600.5,24609.3,9512
NSE,NIFTY,2025-08-13,12:45:00,24609.8,24622.0,24609.25,24619.8,9513
NSE,NIFTY,2025-08-13,12:50:00,24618.7,24627.5,24618.05,24624.0,9514
NSE,NIFTY,2025-08-13,12:55:00,24624.05,24628.6,24619.35,24624.05,9515
NSE,NIFTY,2025-08-13,13:00:00,24623.45,24630.8,24614.95,24630.55,9516
NSE,NIFTY,2025-08-13,13:05:00,24630.35,24634.85,24625.65,24633.7,9517
NSE,NIFTY,2025-08-13,13:10:00,24633.05,24637.8,24629.7,24631.15,9518
NSE,NIFTY,2025-08-13,13:15:00,24631.55,24633.65,24617.0,24624.05,9519
NSE,NIFTY,2025-08-13,13:20:00,24624.4,24631.15,24611.2,24611.35,9520
NSE,NIFTY,2025-08-13,13:25:00,24612.0,24619.35,24603.7,24619.35,9521
NSE,NIFTY,2025-08-13,13:30:00,24618.9,24619.4,24608.45,24614.85,9522
NSE,NIFTY,2025-08-13,13:35:00,24616.0,24626.3,24594.65,24617.8,9523
NSE,NIFTY,2025-08-13,13:40:00,24617.2,24631.35,24616.6,24628.1,9524
NSE,NIFTY,2025-08-13,13:45:00,24627.9,24632.85,24609.6,24629.6,9525
NSE,NIFTY,2025-08-13,13:50:00,24629.55,24645.1,24626.95,24643.6,9526
NSE,NIFTY,2025-08-13,13:55:00,24644.65,24653.35,24642.5,24647.1,9527
NSE,NIFTY,2025-08-13,14:00:00,24648.2,24653.4,24644.6,24649.15,9528
NSE,NIFTY,2025-08-13,14:05:00,24649.9,24664.3,24642.45,24650.5,9529
NSE,NIFTY,2025-08-13,14:10:00,24650.85,24653.25,24645.9,24651.45,9530
NSE,NIFTY,2025-08-13,14:15:00,24652.55,24663.25,24642.55,24653.4,9531
NSE,NIFTY,2025-08-13,14:20:00,24654.0,24655.9,24641.9,24648.6,9532
NSE,NIFTY,2025-08-13,14:25:00,24649.3,24650.25,24635.05,24639.9,9533
NSE,NIFTY,2025-08-13,14:30:00,24641.15,24646.35,24617.85,24632.85,9534
NSE,NIFTY,2025-08-13,14:35:00,24634.15,24645.25,24631.7,24639.1,9535
NSE,NIFTY,2025-08-13,14:40:00,24640.05,24643.0,24631.9,24640.6,9536
NSE,NIFTY,2025-08-13,14:45:00,24642.45,24646.5,24636.25,24645.1,9537
NSE,NIFTY,2025-08-13,14:50:00,24646.2,24652.6,24634.1,24644.75,9538
NSE,NIFTY,2025-08-13,14:55:00,24646.15,24654.05,24635.95,24648.25,9539
NSE,NIFTY,2025-08-13,15:00:00,24648.15,24651.45,24633.7,24634.05,9540
NSE,NIFTY,2025-08-13,15:05:00,24635.05,24635.45,24617.65,24618.55,9541
NSE,NIFTY,2025-08-13,15:10:00,24619.1,24623.05,24614.4,24616.3,9542
NSE,NIFTY,2025-08-13,15:15:00,24616.3,24624.4,24611.65,24618.25,9543
NSE,NIFTY,2025-08-13,15:20:00,24619.25,24622.3,24613.5,24614.0,9544
NSE,NIFTY,2025-08-13,15:25:00,24615.35,24618.95,24610.15,24615.5,9545
NSE,NIFTY,2025-08-13,15:30:00,24616.25,24635.65,24614.4,24632.4,9546
NSE,NIFTY,2025-08-18,09:15:00,24938.2,24938.2,24884.5,24922.65,9574
NSE,NIFTY,2025-08-18,09:20:00,24923.85,24953.85,24916.9,24949.3,9575
NSE,NIFTY,2025-08-18,09:25:00,24951.5,24957.0,24937.4,24939.85,9576
NSE,NIFTY,2025-08-18,09:30:00,24940.1,24982.15,24937.85,24980.8,9577
NSE,NIFTY,2025-08-18,09:35:00,24982.95,24995.15,24977.35,24989.1,9578
NSE,NIFTY,2025-08-18,09:40:00,24987.65,24997.95,24983.45,24992.1,9579
NSE,NIFTY,2025-08-18,09:45:00,24993.55,25004.25,24990.35,25000.55,9580
NSE,NIFTY,2025-08-18,09:50:00,25000.35,25021.25,25000.35,25019.4,9581
NSE,NIFTY,2025-08-18,09:55:00,25019.65,25020.25,24990.15,24991.05,9582
NSE,NIFTY,2025-08-18,10:00:00,24990.4,25007.5,24989.5,25005.1,9583
NSE,NIFTY,2025-08-18,10:05:00,25005.8,25009.7,24997.9,25001.2,9584
NSE,NIFTY,2025-08-18,10:10:00,25001.55,25003.55,24985.7,24989.15,9585
NSE,NIFTY,2025-08-18,10:15:00,24989.4,24992.9,24982.2,24987.3,9586
NSE,NIFTY,2025-08-18,10:20:00,24988.4,24998.9,24980.4,24996.8,9587
NSE,NIFTY,2025-08-18,10:25:00,24997.1,25001.15,24982.45,24983.05,9588
NSE,NIFTY,2025-08-18,10:30:00,24982.25,24990.75,24971.7,24990.75,9589
NSE,NIFTY,2025-08-18,10:35:00,24992.85,24992.85,24970.75,24976.05,9590
NSE,NIFTY,2025-08-18,10:40:00,24975.8,24987.65,24975.7,24986.5,9591
NSE,NIFTY,2025-08-18,10:45:00,24986.1,24996.55,24979.25,24980.5,9592
NSE,NIFTY,2025-08-18,10:50:00,24979.75,24981.55,24967.35,24969.55,9593
NSE,NIFTY,2025-08-18,10:55:00,24969.6,24970.7,24955.5,24956.65,9594
NSE,NIFTY,2025-08-18,11:00:00,24955.95,24964.6,24954.2,24964.6,9595
NSE,NIFTY,2025-08-18,11:05:00,24965.25,24972.5,24949.95,24950.25,9596
NSE,NIFTY,2025-08-18,11:10:00,24950.45,24957.05,24946.9,24955.55,9597
NSE,NIFTY,2025-08-18,11:15:00,24954.55,24974.05,24951.55,24973.65,9598
NSE,NIFTY,2025-08-18,11:20:00,24973.65,24973.65,24949.55,24953.25,9599
NSE,NIFTY,2025-08-18,11:25:00,24952.0,24968.4,24952.0,24962.35,9600
NSE,NIFTY,2025-08-18,11:30:00,24961.8,24968.5,24952.05,24961.1,9601
NSE,NIFTY,2025-08-18,11:35:00,24962.05,24963.0,24940.0,24944.35,9602
NSE,NIFTY,2025-08-18,11:40:00,24944.65,24945.05,24932.3,24942.0,9603
NSE,NIFTY,2025-08-18,11:45:00,24941.55,24951.8,24940.95,24947.35,9604
NSE,NIFTY,2025-08-18,11:50:00,24947.55,24951.9,24940.35,24941.4,9605
NSE,NIFTY,2025-08-18,11:55:00,24940.55,24948.35,24931.6,24933.0,9606
NSE,NIFTY,2025-08-18,12:00:00,24933.2,24942.85,24912.75,24912.85,9607
NSE,NIFTY,2025-08-18,12:05:00,24913.0,24921.65,24913.0,24920.45,9608
NSE,NIFTY,2025-08-18,12:10:00,24920.7,24922.4,24890.3,24890.65,9609
NSE,NIFTY,2025-08-18,12:15:00,24889.2,24895.35,24861.35,24868.25,9610
NSE,NIFTY,2025-08-18,12:20:00,24868.35,24887.1,24852.85,24886.1,9611
NSE,NIFTY,2025-08-18,12:25:00,24886.6,24895.5,24882.85,24892.7,9612
NSE,NIFTY,2025-08-18,12:30:00,24891.8,24899.2,24891.55,24893.2,9613
NSE,NIFTY,2025-08-18,12:35:00,24892.85,24893.6,24882.6,24888.6,9614
NSE,NIFTY,2025-08-18,12:40:00,24889.05,24889.6,24876.45,24886.5,9615
NSE,NIFTY,2025-08-18,12:45:00,24886.9,24907.55,24886.55,24907.2,9616
NSE,NIFTY,2025-08-18,12:50:00,24906.6,24916.0,24904.1,24909.25,9617
NSE,NIFTY,2025-08-18,12:55:00,24908.7,24931.6,24908.7,24923.65,9618
NSE,NIFTY,2025-08-18,13:00:00,24923.35,24942.2,24920.8,24926.3,9619
NSE,NIFTY,2025-08-18,13:05:00,24926.8,24939.4,24926.7,24935.8,9620
NSE,NIFTY,2025-08-18,13:10:00,24936.3,24947.05,24932.85,24943.95,9621
NSE,NIFTY,2025-08-18,13:15:00,24944.0,24953.65,24943.4,24948.2,9622
NSE,NIFTY,2025-08-18,13:20:00,24948.25,24951.7,24941.0,24944.35,9623
NSE,NIFTY,2025-08-18,13:25:00,24943.3,24959.25,24930.55,24931.65,9624
NSE,NIFTY,2025-08-18,13:30:00,24932.45,24936.6,24927.5,24929.4,9625
NSE,NIFTY,2025-08-18,13:35:00,24928.65,24930.6,24915.75,24922.85,9626
NSE,NIFTY,2025-08-18,13:40:00,24923.75,24936.35,24920.7,24932.65,9627
NSE,NIFTY,2025-08-18,13:45:00,24931.85,24945.15,24926.35,24928.4,9628
NSE,NIFTY,2025-08-18,13:50:00,24927.55,24929.3,24921.65,24921.65,9629
NSE,NIFTY,2025-08-18,13:55:00,24922.8,24929.6,24921.35,24925.55,9630
NSE,NIFTY,2025-08-18,14:00:00,24925.85,24928.5,24909.0,24912.45,9631
NSE,NIFTY,2025-08-18,14:05:00,24911.55,24919.55,24892.4,24918.1,9632
NSE,NIFTY,2025-08-18,14:10:00,24918.55,24938.65,24917.9,24932.35,9633
NSE,NIFTY,2025-08-18,14:15:00,24933.0,24939.5,24925.65,24931.5,9634
NSE,NIFTY,2025-08-18,14:20:00,24931.75,24935.15,24923.85,24926.65,9635
NSE,NIFTY,2025-08-18,14:25:00,24927.95,24928.9,24921.65,24925.35,9636
NSE,NIFTY,2025-08-18,14:30:00,24925.8,24941.05,24924.35,24929.45,9637
NSE,NIFTY,2025-08-18,14:35:00,24929.7,24943.8,24914.85,24916.9,9638
NSE,NIFTY,2025-08-18,14:40:00,24916.2,24921.0,24905.95,24919.1,9639
NSE,NIFTY,2025-08-18,14:45:00,24918.7,24923.6,24911.45,24917.15,9640
NSE,NIFTY,2025-08-18,14:50:00,24915.4,24920.15,24899.15,24919.75,9641
NSE,NIFTY,2025-08-18,14:55:00,24920.45,24921.9,24911.25,24915.6,9642
NSE,NIFTY,2025-08-18,15:00:00,24916.35,24919.1,24900.0,24902.0,9643
NSE,NIFTY,2025-08-18,15:05:00,24901.5,24902.45,24878.85,24880.5,9644
NSE,NIFTY,2025-08-18,15:10:00,24880.15,24883.35,24874.7,24876.75,9645
NSE,NIFTY,2025-08-18,15:15:00,24876.75,24883.0,24868.6,24874.85,9646
NSE,NIFTY,2025-08-18,15:20:00,24876.8,24884.1,24866.9,24866.95,9647
NSE,NIFTY,2025-08-18,15:25:00,24869.2,24881.35,24868.35,24881.35,9648
NSE,NIFTY,2025-08-18,15:30:00,24880.0,24890.4,24871.7,24883.55,9649
NSE,NIFTY,2025-08-19,09:15:00,24891.35,24927.75,24888.6,24902.75,9677
NSE,NIFTY,2025-08-19,09:20:00,24902.05,24925.9,24897.05,24900.15,9678
NSE,NIFTY,2025-08-19,09:25:00,24901.15,24935.55,24893.15,24933.9,9679
NSE,NIFTY,2025-08-19,09:30:00,24933.65,24934.25,24912.95,24917.0,9680
NSE,NIFTY,2025-08-19,09:35:00,24916.15,24917.5,24900.55,24903.9,9681
NSE,NIFTY,2025-08-19,09:40:00,24902.5,24904.35,24889.85,24896.8,9682
NSE,NIFTY,2025-08-19,09:45:00,24897.8,24903.15,24874.8,24876.2,9683
NSE,NIFTY,2025-08-19,09:50:00,24877.1,24899.0,24874.05,24898.8,9684
NSE,NIFTY,2025-08-19,09:55:00,24899.45,24916.65,24898.2,24902.1,9685
NSE,NIFTY,2025-08-19,10:00:00,24901.65,24910.5,24899.45,24905.85,9686
NSE,NIFTY,2025-08-19,10:05:00,24907.45,24912.35,24896.85,24904.1,9687
NSE,NIFTY,2025-08-19,10:10:00,24904.15,24906.25,24897.9,24903.5,9688
NSE,NIFTY,2025-08-19,10:15:00,24903.55,24925.05,24903.55,24919.95,9689
NSE,NIFTY,2025-08-19,10:20:00,24919.1,24926.1,24902.85,24925.45,9690
NSE,NIFTY,2025-08-19,10:25:00,24925.8,24927.5,24918.6,24922.7,9691
NSE,NIFTY,2025-08-19,10:30:00,24922.8,24926.1,24909.55,24912.65,9692
NSE,NIFTY,2025-08-19,10:35:00,24913.45,24924.85,24911.2,24921.85,9693
NSE,NIFTY,2025-08-19,10:40:00,24921.65,24922.25,24902.2,24910.5,9694
NSE,NIFTY,2025-08-19,10:45:00,24911.35,24927.05,24909.2,24925.3,9695
NSE,NIFTY,2025-08-19,10:50:00,24925.9,24932.95,24907.65,24930.1,9696
NSE,NIFTY,2025-08-19,10:55:00,24930.45,24931.2,24920.7,24922.25,9697
NSE,NIFTY,2025-08-19,11:00:00,24922.35,24927.55,24920.5,24926.15,9698
NSE,NIFTY,2025-08-19,11:05:00,24926.25,24932.25,24924.35,24928.9,9699
NSE,NIFTY,2025-08-19,11:10:00,24928.5,24943.45,24927.1,24934.7,9700
NSE,NIFTY,2025-08-19,11:15:00,24935.8,24941.1,24931.35,24932.05,9701
NSE,NIFTY,2025-08-19,11:20:00,24932.4,24939.15,24930.0,24937.6,9702
NSE,NIFTY,2025-08-19,11:25:00,24937.5,24939.6,24933.4,24935.2,9703
NSE,NIFTY,2025-08-19,11:30:00,24935.6,24937.2,24927.3,24936.8,9704
NSE,NIFTY,2025-08-19,11:35:00,24936.95,24950.3,24936.6,24937.95,9705
NSE,NIFTY,2025-08-19,11:40:00,24938.25,24958.65,24937.8,24953.5,9706
NSE,NIFTY,2025-08-19,11:45:00,24954.15,24954.15,24945.75,24948.6,9707
NSE,NIFTY,2025-08-19,11:50:00,24949.4,24956.2,24949.2,24952.45,9708
NSE,NIFTY,2025-08-19,11:55:00,24951.9,24959.1,24951.4,24958.25,9709
NSE,NIFTY,2025-08-19,12:00:00,24958.35,24960.75,24953.55,24953.55,9710
NSE,NIFTY,2025-08-19,12:05:00,24954.35,24973.7,24951.9,24962.65,9711
NSE,NIFTY,2025-08-19,12:10:00,24963.05,24968.8,24960.75,24967.15,9712
NSE,NIFTY,2025-08-19,12:15:00,24967.5,24975.65,24965.4,24973.55,9713
NSE,NIFTY,2025-08-19,12:20:00,24973.05,24988.9,24971.65,24988.55,9714
NSE,NIFTY,2025-08-19,12:25:00,24989.35,25011.95,24988.75,24990.1,9715
NSE,NIFTY,2025-08-19,12:30:00,24990.3,25000.5,24989.75,24997.8,9716
NSE,NIFTY,2025-08-19,12:35:00,24997.7,25005.65,24997.15,25002.45,9717
NSE,NIFTY,2025-08-19,12:40:00,25001.9,25010.75,24998.2,25004.4,9718
NSE,NIFTY,2025-08-19,12:45:00,25003.5,25004.65,24970.9,24985.2,9719
NSE,NIFTY,2025-08-19,12:50:00,24983.9,24986.65,24978.3,24983.45,9720
NSE,NIFTY,2025-08-19,12:55:00,24983.15,24993.2,24980.95,24993.2,9721
NSE,NIFTY,2025-08-19,13:00:00,24991.95,25003.65,24987.3,24989.85,9722
NSE,NIFTY,2025-08-19,13:05:00,24988.25,24988.7,24982.75,24988.55,9723
NSE,NIFTY,2025-08-19,13:10:00,24988.0,24993.1,24980.9,24983.45,9724
NSE,NIFTY,2025-08-19,13:15:00,24983.4,24986.6,24982.0,24985.9,9725
NSE,NIFTY,2025-08-19,13:20:00,24985.45,25004.55,24985.45,24989.7,9726
NSE,NIFTY,2025-08-19,13:25:00,24989.25,24992.95,24982.15,24984.65,9727
NSE,NIFTY,2025-08-19,13:30:00,24983.8,24995.4,24978.55,24994.6,9728
NSE,NIFTY,2025-08-19,13:35:00,24993.15,24993.15,24969.9,24973.25,9729
NSE,NIFTY,2025-08-19,13:40:00,24972.7,24977.95,24965.05,24967.45,9730
NSE,NIFTY,2025-08-19,13:45:00,24967.85,24978.75,24956.65,24975.05,9731
NSE,NIFTY,2025-08-19,13:50:00,24975.0,24976.2,24958.65,24969.3,9732
NSE,NIFTY,2025-08-19,13:55:00,24969.3,24970.9,24939.55,24953.05,9733
NSE,NIFTY,2025-08-19,14:00:00,24953.8,24956.9,24944.5,24946.45,9734
NSE,NIFTY,2025-08-19,14:05:00,24946.4,24957.15,24946.3,24949.75,9735
NSE,NIFTY,2025-08-19,14:10:00,24949.25,24950.0,24919.4,24937.8,9736
NSE,NIFTY,2025-08-19,14:15:00,24938.35,24946.1,24935.05,24940.7,9737
NSE,NIFTY,2025-08-19,14:20:00,24940.4,24952.65,24922.55,24947.25,9738
NSE,NIFTY,2025-08-19,14:25:00,24948.7,24965.7,24948.6,24963.65,9739
NSE,NIFTY,2025-08-19,14:30:00,24964.4,24981.3,24961.7,24971.55,9740
NSE,NIFTY,2025-08-19,14:35:00,24971.8,24983.55,24970.2,24982.8,9741
NSE,NIFTY,2025-08-19,14:40:00,24983.0,24995.4,24981.5,24987.8,9742
NSE,NIFTY,2025-08-19,14:45:00,24988.4,24993.75,24970.05,24971.95,9743
NSE,NIFTY,2025-08-19,14:50:00,24972.2,24974.1,24950.35,24972.45,9744
NSE,NIFTY,2025-08-19,14:55:00,24973.4,24978.3,24953.6,24968.25,9745
NSE,NIFTY,2025-08-19,15:00:00,24969.2,24975.55,24966.8,24974.5,9746
NSE,NIFTY,2025-08-19,15:05:00,24974.3,24980.45,24968.0,24972.3,9747
NSE,NIFTY,2025-08-19,15:10:00,24972.75,24979.3,24969.4,24971.0,9748
NSE,NIFTY,2025-08-19,15:15:00,24970.75,24978.1,24970.15,24975.85,9749
NSE,NIFTY,2025-08-19,15:20:00,24975.85,24986.25,24973.05,24983.5,9750
NSE,NIFTY,2025-08-19,15:25:00,24984.85,24994.6,24983.25,24991.85,9751
NSE,NIFTY,2025-08-19,15:30:00,24991.65,24995.65,24983.9,24989.55,9752
NSE,NIFTY,2025-08-20,09:15:00,24965.8,24976.3,24946.2,24956.4,9780
NSE,NIFTY,2025-08-20,09:20:00,24953.85,24965.15,24934.2,24936.75,9781
NSE,NIFTY,2025-08-20,09:25:00,24935.75,24951.65,24933.95,24938.35,9782
NSE,NIFTY,2025-08-20,09:30:00,24938.0,24946.1,24933.2,24936.25,9783
NSE,NIFTY,2025-08-20,09:35:00,24935.65,24959.65,24930.05,24957.6,9784
NSE,NIFTY,2025-08-20,09:40:00,24957.9,24958.95,24942.55,24950.55,9785
NSE,NIFTY,2025-08-20,09:45:00,24950.8,24973.8,24945.35,24973.1,9786
NSE,NIFTY,2025-08-20,09:50:00,24972.65,24986.85,24970.2,24986.4,9787
NSE,NIFTY,2025-08-20,09:55:00,24987.65,24991.5,24968.05,24972.55,9788
NSE,NIFTY,2025-08-20,10:00:00,24970.9,24982.35,24947.35,24980.55,9789
NSE,NIFTY,2025-08-20,10:05:00,24979.15,24990.1,24973.7,24987.45,9790
NSE,NIFTY,2025-08-20,10:10:00,24986.85,24989.05,24979.4,24982.35,9791
NSE,NIFTY,2025-08-20,10:15:00,24982.5,24997.8,24976.7,24995.25,9792
NSE,NIFTY,2025-08-20,10:20:00,24993.9,25001.3,24985.95,24999.15,9793
NSE,NIFTY,2025-08-20,10:25:00,24999.1,25001.45,24988.3,24997.55,9794
NSE,NIFTY,2025-08-20,10:30:00,24997.0,25003.05,24992.35,25000.0,9795
NSE,NIFTY,2025-08-20,10:35:00,24999.55,25004.7,24992.8,25003.8,9796
NSE,NIFTY,2025-08-20,10:40:00,25003.5,25015.0,24995.6,24999.25,9797
NSE,NIFTY,2025-08-20,10:45:00,25001.25,25018.85,24999.05,25007.45,9798
NSE,NIFTY,2025-08-20,10:50:00,25008.25,25020.0,25006.15,25018.55,9799
NSE,NIFTY,2025-08-20,10:55:00,25017.7,25018.3,24999.1,24999.65,9800
NSE,NIFTY,2025-08-20,11:00:00,24999.5,25005.45,24990.8,24992.4,9801
NSE,NIFTY,2025-08-20,11:05:00,24991.65,25005.1,24987.2,25004.4,9802
NSE,NIFTY,2025-08-20,11:10:00,25004.95,25015.45,25003.8,25011.0,9803
NSE,NIFTY,2025-08-20,11:15:00,25011.65,25030.65,25009.1,25025.05,9804
NSE,NIFTY,2025-08-20,11:20:00,25025.0,25025.0,25012.45,25013.1,9805
NSE,NIFTY,2025-08-20,11:25:00,25012.2,25022.2,25009.35,25010.85,9806
NSE,NIFTY,2025-08-20,11:30:00,25011.1,25024.1,25008.7,25022.75,9807
NSE,NIFTY,2025-08-20,11:35:00,25024.1,25027.35,25018.65,25023.6,9808
NSE,NIFTY,2025-08-20,11:40:00,25023.2,25024.6,25015.9,25016.75,9809
NSE,NIFTY,2025-08-20,11:45:00,25017.25,25021.2,25013.05,25018.45,9810
NSE,NIFTY,2025-08-20,11:50:00,25018.75,25025.55,25015.3,25022.05,9811
NSE,NIFTY,2025-08-20,11:55:00,25021.75,25023.75,25015.9,25017.85,9812
NSE,NIFTY,2025-08-20,12:00:00,25017.75,25036.65,25017.75,25035.05,9813
NSE,NIFTY,2025-08-20,12:05:00,25035.75,25039.75,25029.45,25030.9,9814
NSE,NIFTY,2025-08-20,12:10:00,25030.95,25035.4,25025.55,25033.9,9815
NSE,NIFTY,2025-08-20,12:15:00,25033.4,25045.9,25032.45,25044.7,9816
NSE,NIFTY,2025-08-20,12:20:00,25044.1,25045.0,25029.9,25038.1,9817
NSE,NIFTY,2025-08-20,12:25:00,25036.6,25042.15,25034.3,25038.05,9818
NSE,NIFTY,2025-08-20,12:30:00,25037.25,25050.45,25032.1,25040.8,9819
NSE,NIFTY,2025-08-20,12:35:00,25039.35,25043.05,25035.95,25042.45,9820
NSE,NIFTY,2025-08-20,12:40:00,25042.15,25049.6,25040.65,25047.5,9821
NSE,NIFTY,2025-08-20,12:45:00,25047.5,25048.55,25041.1,25044.6,9822
NSE,NIFTY,2025-08-20,12:50:00,25043.7,25053.3,25041.5,25053.3,9823
NSE,NIFTY,2025-08-20,12:55:00,25051.75,25056.95,25050.3,25056.2,9824
NSE,NIFTY,2025-08-20,13:00:00,25055.6,25059.5,25051.45,25057.35,9825
NSE,NIFTY,2025-08-20,13:05:00,25055.65,25060.0,25052.25,25058.85,9826
NSE,NIFTY,2025-08-20,13:10:00,25060.05,25063.25,25042.7,25045.4,9827
NSE,NIFTY,2025-08-20,13:15:00,25045.8,25054.9,25042.9,25050.25,9828
NSE,NIFTY,2025-08-20,13:20:00,25047.9,25062.75,25047.1,25058.95,9829
NSE,NIFTY,2025-08-20,13:25:00,25058.85,25060.1,25031.35,25042.45,9830
NSE,NIFTY,2025-08-20,13:30:00,25042.4,25043.2,25031.85,25036.9,9831
NSE,NIFTY,2025-08-20,13:35:00,25036.05,25049.85,25036.05,25049.3,9832
NSE,NIFTY,2025-08-20,13:40:00,25049.75,25057.2,25048.25,25055.2,9833
NSE,NIFTY,2025-08-20,13:45:00,25054.5,25059.95,25044.6,25047.55,9834
NSE,NIFTY,2025-08-20,13:50:00,25045.85,25060.45,25045.55,25059.25,9835
NSE,NIFTY,2025-08-20,13:55:00,25058.85,25066.05,25057.15,25057.7,9836
NSE,NIFTY,2025-08-20,14:00:00,25058.05,25064.75,25052.2,25062.9,9837
NSE,NIFTY,2025-08-20,14:05:00,25062.35,25073.05,25061.35,25070.15,9838
NSE,NIFTY,2025-08-20,14:10:00,25069.7,25078.05,25069.15,25073.35,9839
NSE,NIFTY,2025-08-20,14:15:00,25073.3,25084.95,25069.3,25069.65,9840
NSE,NIFTY,2025-08-20,14:20:00,25069.9,25075.3,25067.7,25073.75,9841
NSE,NIFTY,2025-08-20,14:25:00,25075.3,25076.05,25064.4,25065.75,9842
NSE,NIFTY,2025-08-20,14:30:00,25064.95,25070.7,25060.5,25062.65,9843
NSE,NIFTY,2025-08-20,14:35:00,25062.55,25067.8,25044.65,25066.55,9844
NSE,NIFTY,2025-08-20,14:40:00,25067.7,25074.25,25064.75,25073.05,9845
NSE,NIFTY,2025-08-20,14:45:00,25074.1,25079.2,25070.0,25075.5,9846
NSE,NIFTY,2025-08-20,14:50:00,25075.25,25080.45,25067.85,25074.9,9847
NSE,NIFTY,2025-08-20,14:55:00,25077.1,25087.85,25071.35,25077.6,9848
NSE,NIFTY,2025-08-20,15:00:00,25076.6,25082.4,25063.3,25063.65,9849
NSE,NIFTY,2025-08-20,15:05:00,25062.85,25063.4,25052.4,25055.95,9850
NSE,NIFTY,2025-08-20,15:10:00,25055.1,25063.25,25054.25,25056.85,9851
NSE,NIFTY,2025-08-20,15:15:00,25056.1,25056.7,25045.0,25045.1,9852
NSE,NIFTY,2025-08-20,15:20:00,25045.05,25046.55,25038.55,25042.35,9853
NSE,NIFTY,2025-08-20,15:25:00,25043.5,25050.75,25038.2,25048.8,9854
NSE,NIFTY,2025-08-20,15:30:00,25048.3,25059.65,25039.05,25048.4,9855
NSE,NIFTY,2025-08-21,09:15:00,25142.0,25142.0,25099.05,25101.25,9883
NSE,NIFTY,2025-08-21,09:20:00,25098.7,25104.35,25069.55,25078.1,9884
NSE,NIFTY,2025-08-21,09:25:00,25078.5,25084.0,25059.0,25059.85,9885
NSE,NIFTY,2025-08-21,09:30:00,25059.05,25076.8,25059.0,25068.3,9886
NSE,NIFTY,2025-08-21,09:35:00,25068.75,25086.65,25064.55,25071.75,9887
NSE,NIFTY,2025-08-21,09:40:00,25071.4,25076.3,25055.5,25058.05,9888
NSE,NIFTY,2025-08-21,09:45:00,25058.1,25072.0,25054.9,25062.3,9889
NSE,NIFTY,2025-08-21,09:50:00,25062.4,25093.7,25058.5,25087.15,9890
NSE,NIFTY,2025-08-21,09:55:00,25086.55,25098.7,25085.9,25097.9,9891
NSE,NIFTY,2025-08-21,10:00:00,25098.05,25110.85,25092.1,25103.45,9892
NSE,NIFTY,2025-08-21,10:05:00,25102.85,25135.05,25102.0,25133.55,9893
NSE,NIFTY,2025-08-21,10:10:00,25133.45,25134.9,25117.05,25117.35,9894
NSE,NIFTY,2025-08-21,10:15:00,25117.45,25122.5,25113.25,25118.9,9895
NSE,NIFTY,2025-08-21,10:20:00,25118.15,25127.85,25113.0,25124.25,9896
NSE,NIFTY,2025-08-21,10:25:00,25124.7,25127.65,25119.05,25122.5,9897
NSE,NIFTY,2025-08-21,10:30:00,25123.1,25137.55,25122.35,25131.4,9898
NSE,NIFTY,2025-08-21,10:35:00,25131.95,25145.6,25131.95,25140.85,9899
NSE,NIFTY,2025-08-21,10:40:00,25140.3,25145.1,25135.15,25136.7,9900
NSE,NIFTY,2025-08-21,10:45:00,25136.7,25139.95,25121.45,25121.5,9901
NSE,NIFTY,2025-08-21,10:50:00,25122.8,25135.25,25117.9,25132.35,9902
NSE,NIFTY,2025-08-21,10:55:00,25133.3,25133.3,25122.95,25127.85,9903
NSE,NIFTY,2025-08-21,11:00:00,25127.35,25135.55,25126.1,25134.65,9904
NSE,NIFTY,2025-08-21,11:05:00,25135.45,25137.4,25114.6,25115.85,9905
NSE,NIFTY,2025-08-21,11:10:00,25115.25,25122.85,25113.85,25121.8,9906
NSE,NIFTY,2025-08-21,11:15:00,25122.15,25122.85,25117.95,25120.45,9907
NSE,NIFTY,2025-08-21,11:20:00,25120.85,25129.0,25115.85,25127.0,9908
NSE,NIFTY,2025-08-21,11:25:00,25128.0,25133.15,25126.6,25129.5,9909
NSE,NIFTY,2025-08-21,11:30:00,25128.7,25130.55,25117.3,25118.2,9910
NSE,NIFTY,2025-08-21,11:35:00,25118.8,25122.4,25112.0,25119.5,9911
NSE,NIFTY,2025-08-21,11:40:00,25119.95,25127.1,25117.2,25126.75,9912
NSE,NIFTY,2025-08-21,11:45:00,25126.95,25129.8,25124.5,25124.5,9913
NSE,NIFTY,2025-08-21,11:50:00,25125.35,25125.35,25112.35,25114.15,9914
NSE,NIFTY,2025-08-21,11:55:00,25114.2,25115.8,25105.35,25105.55,9915
NSE,NIFTY,2025-08-21,12:00:00,25105.65,25108.7,25100.9,25105.85,9916
NSE,NIFTY,2025-08-21,12:05:00,25105.3,25115.4,25096.0,25113.25,9917
NSE,NIFTY,2025-08-21,12:10:00,25113.9,25120.8,25109.5,25109.7,9918
NSE,NIFTY,2025-08-21,12:15:00,25110.6,25113.45,25104.8,25105.2,9919
NSE,NIFTY,2025-08-21,12:20:00,25105.05,25108.5,25098.15,25102.85,9920
NSE,NIFTY,2025-08-21,12:25:00,25102.95,25113.05,25102.65,25108.4,9921
NSE,NIFTY,2025-08-21,12:30:00,25109.75,25109.95,25093.0,25093.15,9922
NSE,NIFTY,2025-08-21,12:35:00,25093.65,25121.85,25090.85,25112.45,9923
NSE,NIFTY,2025-08-21,12:40:00,25113.2,25125.5,25112.75,25120.9,9924
NSE,NIFTY,2025-08-21,12:45:00,25121.1,25125.15,25118.4,25122.75,9925
NSE,NIFTY,2025-08-21,12:50:00,25123.45,25128.4,25121.1,25124.05,9926
NSE,NIFTY,2025-08-21,12:55:00,25123.3,25127.55,25101.65,25111.8,9927
NSE,NIFTY,2025-08-21,13:00:00,25111.9,25119.5,25107.1,25113.65,9928
NSE,NIFTY,2025-08-21,13:05:00,25114.35,25120.85,25106.25,25118.25,9929
NSE,NIFTY,2025-08-21,13:10:00,25118.25,25120.55,25113.25,25115.2,9930
NSE,NIFTY,2025-08-21,13:15:00,25116.6,25120.35,25113.65,25118.5,9931
NSE,NIFTY,2025-08-21,13:20:00,25118.9,25121.15,25114.65,25115.45,9932
NSE,NIFTY,2025-08-21,13:25:00,25116.0,25116.75,25106.15,25111.15,9933
NSE,NIFTY,2025-08-21,13:30:00,25111.4,25112.35,25097.75,25098.4,9934
NSE,NIFTY,2025-08-21,13:35:00,25098.9,25105.5,25084.35,25091.05,9935
NSE,NIFTY,2025-08-21,13:40:00,25091.3,25095.65,25083.55,25085.95,9936
NSE,NIFTY,2025-08-21,13:45:00,25085.65,25094.95,25075.25,25089.85,9937
NSE,NIFTY,2025-08-21,13:50:00,25090.5,25112.35,25089.95,25111.0,9938
NSE,NIFTY,2025-08-21,13:55:00,25110.6,25119.1,25107.65,25111.8,9939
NSE,NIFTY,2025-08-21,14:00:00,25111.05,25123.0,25101.15,25119.5,9940
NSE,NIFTY,2025-08-21,14:05:00,25119.2,25127.45,25114.3,25119.0,9941
NSE,NIFTY,2025-08-21,14:10:00,25118.15,25125.05,25115.4,25120.55,9942
NSE,NIFTY,2025-08-21,14:15:00,25121.0,25130.35,25116.25,25127.2,9943
NSE,NIFTY,2025-08-21,14:20:00,25127.7,25152.1,25124.0,25138.55,9944
NSE,NIFTY,2025-08-21,14:25:00,25138.15,25141.0,25129.0,25130.65,9945
NSE,NIFTY,2025-08-21,14:30:00,25130.55,25133.35,25120.4,25123.25,9946
NSE,NIFTY,2025-08-21,14:35:00,25123.45,25128.45,25120.5,25121.8,9947
NSE,NIFTY,2025-08-21,14:40:00,25121.75,25122.55,25095.0,25104.05,9948
NSE,NIFTY,2025-08-21,14:45:00,25104.3,25115.2,25100.15,25101.9,9949
NSE,NIFTY,2025-08-21,14:50:00,25102.3,25118.35,25099.1,25103.2,9950
NSE,NIFTY,2025-08-21,14:55:00,25103.5,25107.55,25100.55,25102.9,9951
NSE,NIFTY,2025-08-21,15:00:00,25102.75,25106.0,25095.75,25096.85,9952
NSE,NIFTY,2025-08-21,15:05:00,25096.75,25098.45,25083.15,25091.0,9953
NSE,NIFTY,2025-08-21,15:10:00,25092.05,25093.9,25078.9,25081.0,9954
NSE,NIFTY,2025-08-21,15:15:00,25080.4,25090.55,25079.1,25082.4,9955
NSE,NIFTY,2025-08-21,15:20:00,25083.4,25086.25,25074.15,25076.7,9956
NSE,NIFTY,2025-08-21,15:25:00,25075.45,25082.15,25068.55,25077.45,9957
NSE,NIFTY,2025-08-21,15:30:00,25077.9,25080.75,25071.45,25075.05,9958
NSE,NIFTY,2025-08-22,09:15:00,25064.15,25079.55,25048.0,25048.55,9986
NSE,NIFTY,2025-08-22,09:20:00,25049.4,25056.25,25008.8,25009.9,9987
NSE,NIFTY,2025-08-22,09:25:00,25009.35,25018.55,24993.7,24998.45,9988
NSE,NIFTY,2025-08-22,09:30:00,24999.35,25000.85,24979.05,24981.05,9989
NSE,NIFTY,2025-08-22,09:35:00,24981.25,24982.75,24951.0,24967.9,9990
NSE,NIFTY,2025-08-22,09:40:00,24967.15,24968.2,24956.15,24962.2,9991
NSE,NIFTY,2025-08-22,09:45:00,24962.3,24981.65,24962.2,24977.05,9992
NSE,NIFTY,2025-08-22,09:50:00,24978.15,24985.65,24970.35,24970.75,9993
NSE,NIFTY,2025-08-22,09:55:00,24970.0,24984.1,24959.7,24962.25,9994
NSE,NIFTY,2025-08-22,10:00:00,24960.95,24967.75,24953.2,24958.9,9995
NSE,NIFTY,2025-08-22,10:05:00,24958.85,24960.15,24946.0,24957.95,9996
NSE,NIFTY,2025-08-22,10:10:00,24957.95,24969.65,24957.2,24964.85,9997
NSE,NIFTY,2025-08-22,10:15:00,24964.15,24970.7,24956.2,24956.75,9998
NSE,NIFTY,2025-08-22,10:20:00,24956.65,24957.5,24928.75,24936.25,9999
NSE,NIFTY,2025-08-22,10:25:00,24936.05,24936.05,24910.1,24910.1,10000
NSE,NIFTY,2025-08-22,10:30:00,24910.6,24938.55,24904.3,24932.3,10001
NSE,NIFTY,2025-08-22,10:35:00,24932.15,24932.55,24920.95,24927.6,10002
NSE,NIFTY,2025-08-22,10:40:00,24927.05,24934.15,24918.1,24918.5,10003
NSE,NIFTY,2025-08-22,10:45:00,24918.95,24918.95,24909.3,24912.4,10004
NSE,NIFTY,2025-08-22,10:50:00,24911.9,24921.2,24906.15,24912.3,10005
NSE,NIFTY,2025-08-22,10:55:00,24912.2,24915.5,24906.2,24906.5,10006
NSE,NIFTY,2025-08-22,11:00:00,24906.85,24912.95,24905.1,24910.45,10007
NSE,NIFTY,2025-08-22,11:05:00,24908.65,24917.65,24897.9,24914.95,10008
NSE,NIFTY,2025-08-22,11:10:00,24914.85,24925.35,24913.1,24920.35,10009
NSE,NIFTY,2025-08-22,11:15:00,24919.9,24920.05,24906.15,24907.5,10010
NSE,NIFTY,2025-08-22,11:20:00,24907.6,24910.75,24893.6,24910.4,10011
NSE,NIFTY,2025-08-22,11:25:00,24910.95,24925.25,24909.55,24918.15,10012
NSE,NIFTY,2025-08-22,11:30:00,24918.3,24924.35,24914.35,24924.35,10013
NSE,NIFTY,2025-08-22,11:35:00,24924.4,24926.6,24913.35,24921.7,10014
NSE,NIFTY,2025-08-22,11:40:00,24921.7,24930.05,24919.8,24927.9,10015
NSE,NIFTY,2025-08-22,11:45:00,24928.2,24937.9,24926.05,24933.9,10016
NSE,NIFTY,2025-08-22,11:50:00,24933.75,24943.15,24933.1,24937.65,10017
NSE,NIFTY,2025-08-22,11:55:00,24937.7,24943.7,24935.15,24942.35,10018
NSE,NIFTY,2025-08-22,12:00:00,24942.25,24952.85,24935.9,24946.15,10019
NSE,NIFTY,2025-08-22,12:05:00,24947.55,24959.15,24933.95,24947.45,10020
NSE,NIFTY,2025-08-22,12:10:00,24947.8,24948.4,24931.55,24941.05,10021
NSE,NIFTY,2025-08-22,12:15:00,24941.45,24941.95,24921.3,24925.95,10022
NSE,NIFTY,2025-08-22,12:20:00,24925.2,24927.85,24914.45,24919.15,10023
NSE,NIFTY,2025-08-22,12:25:00,24918.65,24924.05,24914.95,24917.15,10024
NSE,NIFTY,2025-08-22,12:30:00,24916.7,24929.65,24914.4,24922.65,10025
NSE,NIFTY,2025-08-22,12:35:00,24923.05,24931.15,24920.15,24928.8,10026
NSE,NIFTY,2025-08-22,12:40:00,24928.9,24933.95,24920.7,24923.1,10027
NSE,NIFTY,2025-08-22,12:45:00,24922.7,24924.9,24916.5,24921.9,10028
NSE,NIFTY,2025-08-22,12:50:00,24922.75,24926.8,24918.65,24925.6,10029
NSE,NIFTY,2025-08-22,12:55:00,24926.15,24929.95,24922.75,24927.05,10030
NSE,NIFTY,2025-08-22,13:00:00,24927.0,24929.15,24916.45,24918.7,10031
NSE,NIFTY,2025-08-22,13:05:00,24918.85,24922.3,24913.3,24916.25,10032
NSE,NIFTY,2025-08-22,13:10:00,24916.95,24920.25,24912.65,24918.4,10033
NSE,NIFTY,2025-08-22,13:15:00,24919.0,24925.9,24916.55,24923.1,10034
NSE,NIFTY,2025-08-22,13:20:00,24923.1,24925.15,24917.4,24924.0,10035
NSE,NIFTY,2025-08-22,13:25:00,24923.8,24935.2,24919.85,24934.7,10036
NSE,NIFTY,2025-08-22,13:30:00,24934.75,24937.7,24930.5,24932.6,10037
NSE,NIFTY,2025-08-22,13:35:00,24932.05,24939.35,24929.3,24938.95,10038
NSE,NIFTY,2025-08-22,13:40:00,24938.65,24952.15,24938.35,24942.95,10039
NSE,NIFTY,2025-08-22,13:45:00,24942.55,24951.05,24939.85,24946.45,10040
NSE,NIFTY,2025-08-22,13:50:00,24946.4,24946.4,24936.55,24941.5,10041
NSE,NIFTY,2025-08-22,13:55:00,24942.3,24944.05,24937.45,24940.9,10042
NSE,NIFTY,2025-08-22,14:00:00,24942.15,24942.9,24926.15,24928.1,10043
NSE,NIFTY,2025-08-22,14:05:00,24928.5,24930.75,24923.25,24925.9,10044
NSE,NIFTY,2025-08-22,14:10:00,24921.7,24933.5,24921.7,24929.15,10045
NSE,NIFTY,2025-08-22,14:15:00,24927.8,24932.8,24916.95,24919.5,10046
NSE,NIFTY,2025-08-22,14:20:00,24920.0,24920.9,24904.1,24908.35,10047
NSE,NIFTY,2025-08-22,14:25:00,24907.8,24913.15,24892.15,24892.3,10048
NSE,NIFTY,2025-08-22,14:30:00,24891.55,24908.1,24890.25,24903.3,10049
NSE,NIFTY,2025-08-22,14:35:00,24903.2,24903.7,24874.2,24882.3,10050
NSE,NIFTY,2025-08-22,14:40:00,24882.6,24887.95,24875.65,24884.7,10051
NSE,NIFTY,2025-08-22,14:45:00,24884.75,24891.95,24882.65,24889.45,10052
NSE,NIFTY,2025-08-22,14:50:00,24889.4,24893.75,24880.65,24887.1,10053
NSE,NIFTY,2025-08-22,14:55:00,24886.2,24896.95,24884.8,24896.05,10054
NSE,NIFTY,2025-08-22,15:00:00,24895.8,24898.3,24879.95,24881.8,10055
NSE,NIFTY,2025-08-22,15:05:00,24881.4,24881.4,24866.55,24875.2,10056
NSE,NIFTY,2025-08-22,15:10:00,24875.2,24877.1,24870.5,24871.65,10057
NSE,NIFTY,2025-08-22,15:15:00,24871.35,24874.65,24865.85,24873.8,10058
NSE,NIFTY,2025-08-22,15:20:00,24873.15,24876.75,24869.15,24871.2,10059
NSE,NIFTY,2025-08-22,15:25:00,24870.9,24871.8,24865.4,24868.0,10060
NSE,NIFTY,2025-08-22,15:30:00,24868.35,24873.0,24860.5,24870.25,10061
NSE,NIFTY,2025-08-25,09:15:00,24949.15,24957.25,24928.3,24944.55,10089
NSE,NIFTY,2025-08-25,09:20:00,24944.95,24945.2,24915.6,24919.75,10090
NSE,NIFTY,2025-08-25,09:25:00,24920.8,24936.6,24917.4,24934.75,10091
NSE,NIFTY,2025-08-25,09:30:00,24934.8,24951.9,24925.15,24949.4,10092
NSE,NIFTY,2025-08-25,09:35:00,24949.55,24952.2,24944.05,24945.9,10093
NSE,NIFTY,2025-08-25,09:40:00,24945.55,24967.55,24944.1,24963.1,10094
NSE,NIFTY,2025-08-25,09:45:00,24962.9,24973.8,24962.65,24967.15,10095
NSE,NIFTY,2025-08-25,09:50:00,24966.5,24967.75,24947.9,24951.05,10096
NSE,NIFTY,2025-08-25,09:55:00,24952.55,24954.1,24941.1,24949.75,10097
NSE,NIFTY,2025-08-25,10:00:00,24949.1,24949.35,24924.5,24929.65,10098
NSE,NIFTY,2025-08-25,10:05:00,24927.95,24931.2,24913.75,24916.35,10099
NSE,NIFTY,2025-08-25,10:10:00,24916.3,24916.4,24903.75,24907.7,10100
NSE,NIFTY,2025-08-25,10:15:00,24908.05,24914.15,24899.05,24904.7,10101
NSE,NIFTY,2025-08-25,10:20:00,24904.4,24925.05,24894.5,24924.5,10102
NSE,NIFTY,2025-08-25,10:25:00,24924.9,24929.7,24916.9,24928.45,10103
NSE,NIFTY,2025-08-25,10:30:00,24928.65,24931.65,24911.65,24915.35,10104
NSE,NIFTY,2025-08-25,10:35:00,24914.75,24936.9,24913.9,24927.3,10105
NSE,NIFTY,2025-08-25,10:40:00,24927.7,24946.55,24927.05,24945.0,10106
NSE,NIFTY,2025-08-25,10:45:00,24945.1,24945.95,24934.7,24937.2,10107
NSE,NIFTY,2025-08-25,10:50:00,24936.95,24946.4,24934.55,24944.4,10108
NSE,NIFTY,2025-08-25,10:55:00,24944.2,24954.9,24943.4,24951.1,10109
NSE,NIFTY,2025-08-25,11:00:00,24950.6,24953.05,24946.0,24949.15,10110
NSE,NIFTY,2025-08-25,11:05:00,24948.8,24961.3,24944.3,24961.15,10111
NSE,NIFTY,2025-08-25,11:10:00,24961.25,24961.85,24951.25,24952.2,10112
NSE,NIFTY,2025-08-25,11:15:00,24951.75,24953.7,24945.1,24950.05,10113
NSE,NIFTY,2025-08-25,11:20:00,24950.4,24957.3,24946.1,24947.0,10114
NSE,NIFTY,2025-08-25,11:25:00,24947.0,24951.15,24941.7,24950.0,10115
NSE,NIFTY,2025-08-25,11:30:00,24950.7,24953.7,24947.9,24949.45,10116
NSE,NIFTY,2025-08-25,11:35:00,24948.85,24958.2,24946.8,24949.6,10117
NSE,NIFTY,2025-08-25,11:40:00,24949.65,24954.2,24944.45,24948.2,10118
NSE,NIFTY,2025-08-25,11:45:00,24949.5,24973.3,24948.05,24971.5,10119
NSE,NIFTY,2025-08-25,11:50:00,24971.85,24973.45,24950.9,24951.6,10120
NSE,NIFTY,2025-08-25,11:55:00,24952.45,24957.3,24948.3,24953.75,10121
NSE,NIFTY,2025-08-25,12:00:00,24955.05,24966.95,24952.25,24966.55,10122
NSE,NIFTY,2025-08-25,12:05:00,24966.7,24969.8,24961.2,24967.65,10123
NSE,NIFTY,2025-08-25,12:10:00,24967.25,24971.4,24963.9,24966.5,10124
NSE,NIFTY,2025-08-25,12:15:00,24968.25,24973.9,24962.8,24971.4,10125
NSE,NIFTY,2025-08-25,12:20:00,24971.7,24982.0,24969.75,24979.05,10126
NSE,NIFTY,2025-08-25,12:25:00,24980.2,24982.8,24971.75,24976.85,10127
NSE,NIFTY,2025-08-25,12:30:00,24975.7,24982.45,24972.8,24973.3,10128
NSE,NIFTY,2025-08-25,12:35:00,24974.65,24982.25,24969.95,24980.2,10129
NSE,NIFTY,2025-08-25,12:40:00,24980.6,24985.1,24976.7,24977.6,10130
NSE,NIFTY,2025-08-25,12:45:00,24978.5,24986.2,24976.65,24983.85,10131
NSE,NIFTY,2025-08-25,12:50:00,24984.55,24995.25,24983.6,24992.6,10132
NSE,NIFTY,2025-08-25,12:55:00,24993.2,24996.5,24987.4,24991.1,10133
NSE,NIFTY,2025-08-25,13:00:00,24992.5,24993.65,24986.3,24989.6,10134
NSE,NIFTY,2025-08-25,13:05:00,24990.3,24997.3,24988.35,24993.3,10135
NSE,NIFTY,2025-08-25,13:10:00,24995.05,24998.75,24989.8,24995.45,10136
NSE,NIFTY,2025-08-25,13:15:00,24995.55,25001.25,24994.1,25001.05,10137
NSE,NIFTY,2025-08-25,13:20:00,25000.9,25002.8,24994.1,24994.65,10138
NSE,NIFTY,2025-08-25,13:25:00,24994.4,24997.85,24986.0,24990.7,10139
NSE,NIFTY,2025-08-25,13:30:00,24989.45,24995.9,24986.05,24987.7,10140
NSE,NIFTY,2025-08-25,13:35:00,24988.15,24993.9,24986.5,24990.25,10141
NSE,NIFTY,2025-08-25,13:40:00,24990.05,24997.25,24989.1,24993.7,10142
NSE,NIFTY,2025-08-25,13:45:00,24993.2,24998.95,24989.9,24997.2,10143
NSE,NIFTY,2025-08-25,13:50:00,24996.9,25006.4,24993.7,25003.55,10144
NSE,NIFTY,2025-08-25,13:55:00,25004.25,25011.15,25003.65,25009.2,10145
NSE,NIFTY,2025-08-25,14:00:00,25010.1,25012.45,25003.9,25004.5,10146
NSE,NIFTY,2025-08-25,14:05:00,25004.95,25008.25,25001.55,25003.35,10147
NSE,NIFTY,2025-08-25,14:10:00,25003.95,25010.85,25003.7,25007.3,10148
NSE,NIFTY,2025-08-25,14:15:00,25008.5,25010.55,24995.25,24996.9,10149
NSE,NIFTY,2025-08-25,14:20:00,24997.8,25020.2,24994.35,24994.5,10150
NSE,NIFTY,2025-08-25,14:25:00,24995.9,24996.4,24980.2,24981.1,10151
NSE,NIFTY,2025-08-25,14:30:00,24981.0,24989.95,24980.55,24982.3,10152
NSE,NIFTY,2025-08-25,14:35:00,24982.2,24983.15,24972.05,24973.0,10153
NSE,NIFTY,2025-08-25,14:40:00,24973.45,24974.3,24949.2,24964.1,10154
NSE,NIFTY,2025-08-25,14:45:00,24965.05,24965.9,24957.1,24959.95,10155
NSE,NIFTY,2025-08-25,14:50:00,24960.7,24974.45,24957.55,24972.8,10156
NSE,NIFTY,2025-08-25,14:55:00,24973.75,24981.8,24972.25,24980.4,10157
NSE,NIFTY,2025-08-25,15:00:00,24981.15,24992.55,24980.15,24980.55,10158
NSE,NIFTY,2025-08-25,15:05:00,24982.4,24984.65,24966.5,24968.3,10159
NSE,NIFTY,2025-08-25,15:10:00,24968.15,24970.4,24958.25,24960.2,10160
NSE,NIFTY,2025-08-25,15:15:00,24960.35,24963.5,24952.9,24954.2,10161
NSE,NIFTY,2025-08-25,15:20:00,24954.6,24970.75,24954.4,24965.75,10162
NSE,NIFTY,2025-08-25,15:25:00,24966.75,24976.3,24962.8,24972.45,10163
NSE,NIFTY,2025-08-25,15:30:00,24973.8,24984.5,24969.5,24979.55,10164
NSE,NIFTY,2025-08-26,09:15:00,24899.5,24917.7,24886.95,24909.4,10192
NSE,NIFTY,2025-08-26,09:20:00,24906.35,24916.0,24832.4,24839.05,10193
NSE,NIFTY,2025-08-26,09:25:00,24838.7,24841.8,24797.7,24813.4,10194
NSE,NIFTY,2025-08-26,09:30:00,24812.05,24812.75,24787.65,24788.95,10195
NSE,NIFTY,2025-08-26,09:35:00,24789.45,24800.4,24782.35,24792.1,10196
NSE,NIFTY,2025-08-26,09:40:00,24791.95,24791.95,24758.9,24762.25,10197
NSE,NIFTY,2025-08-26,09:45:00,24761.5,24781.95,24758.7,24760.5,10198
NSE,NIFTY,2025-08-26,09:50:00,24760.15,24778.0,24755.8,24777.4,10199
NSE,NIFTY,2025-08-26,09:55:00,24776.6,24786.1,24767.2,24778.2,10200
NSE,NIFTY,2025-08-26,10:00:00,24778.55,24797.75,24778.55,24791.65,10201
NSE,NIFTY,2025-08-26,10:05:00,24791.3,24801.1,24777.6,24797.9,10202
NSE,NIFTY,2025-08-26,10:10:00,24797.95,24805.25,24789.15,24798.85,10203
NSE,NIFTY,2025-08-26,10:15:00,24799.15,24807.1,24785.3,24785.3,10204
NSE,NIFTY,2025-08-26,10:20:00,24785.95,24804.55,24778.05,24799.65,10205
NSE,NIFTY,2025-08-26,10:25:00,24798.85,24808.55,24797.75,24806.55,10206
NSE,NIFTY,2025-08-26,10:30:00,24806.35,24807.95,24792.85,24796.95,10207
NSE,NIFTY,2025-08-26,10:35:00,24797.4,24802.15,24784.4,24788.0,10208
NSE,NIFTY,2025-08-26,10:40:00,24787.85,24791.0,24781.6,24788.75,10209
NSE,NIFTY,2025-08-26,10:45:00,24790.8,24790.95,24777.0,24778.45,10210
NSE,NIFTY,2025-08-26,10:50:00,24778.85,24779.05,24766.9,24766.9,10211
NSE,NIFTY,2025-08-26,10:55:00,24767.55,24774.6,24765.15,24771.65,10212
NSE,NIFTY,2025-08-26,11:00:00,24771.25,24795.9,24770.9,24793.95,10213
NSE,NIFTY,2025-08-26,11:05:00,24793.9,24808.3,24793.1,24805.65,10214
NSE,NIFTY,2025-08-26,11:10:00,24805.5,24812.85,24793.3,24798.2,10215
NSE,NIFTY,2025-08-26,11:15:00,24797.0,24805.4,24795.7,24799.55,10216
NSE,NIFTY,2025-08-26,11:20:00,24799.55,24813.05,24798.3,24810.9,10217
NSE,NIFTY,2025-08-26,11:25:00,24811.2,24818.2,24807.2,24812.25,10218
NSE,NIFTY,2025-08-26,11:30:00,24811.45,24833.45,24809.7,24824.0,10219
NSE,NIFTY,2025-08-26,11:35:00,24824.8,24838.3,24819.65,24837.05,10220
NSE,NIFTY,2025-08-26,11:40:00,24836.15,24836.15,24806.35,24810.65,10221
NSE,NIFTY,2025-08-26,11:45:00,24810.7,24811.3,24798.4,24806.55,10222
NSE,NIFTY,2025-08-26,11:50:00,24806.5,24810.85,24803.3,24805.1,10223
NSE,NIFTY,2025-08-26,11:55:00,24805.2,24808.0,24798.75,24801.8,10224
NSE,NIFTY,2025-08-26,12:00:00,24801.85,24808.6,24798.8,24806.9,10225
NSE,NIFTY,2025-08-26,12:05:00,24806.35,24819.0,24801.95,24817.75,10226
NSE,NIFTY,2025-08-26,12:10:00,24815.85,24815.85,24796.95,24799.2,10227
NSE,NIFTY,2025-08-26,12:15:00,24798.75,24803.65,24794.75,24803.15,10228
NSE,NIFTY,2025-08-26,12:20:00,24802.6,24809.6,24796.3,24808.2,10229
NSE,NIFTY,2025-08-26,12:25:00,24808.1,24811.3,24805.25,24809.8,10230
NSE,NIFTY,2025-08-26,12:30:00,24809.9,24810.3,24800.55,24802.2,10231
NSE,NIFTY,2025-08-26,12:35:00,24802.7,24802.85,24783.2,24792.6,10232
NSE,NIFTY,2025-08-26,12:40:00,24791.85,24793.4,24783.05,24788.95,10233
NSE,NIFTY,2025-08-26,12:45:00,24789.0,24793.05,24775.2,24784.4,10234
NSE,NIFTY,2025-08-26,12:50:00,24785.6,24791.5,24781.85,24790.6,10235
NSE,NIFTY,2025-08-26,12:55:00,24791.4,24797.1,24785.85,24786.2,10236
NSE,NIFTY,2025-08-26,13:00:00,24787.05,24798.5,24784.3,24794.7,10237
NSE,NIFTY,2025-08-26,13:05:00,24795.6,24809.15,24794.1,24804.9,10238
NSE,NIFTY,2025-08-26,13:10:00,24805.25,24812.0,24800.65,24808.5,10239
NSE,NIFTY,2025-08-26,13:15:00,24807.85,24811.0,24797.2,24802.15,10240
NSE,NIFTY,2025-08-26,13:20:00,24799.6,24801.95,24790.85,24800.1,10241
NSE,NIFTY,2025-08-26,13:25:00,24799.25,24810.8,24794.85,24808.9,10242
NSE,NIFTY,2025-08-26,13:30:00,24809.2,24824.7,24802.0,24805.85,10243
NSE,NIFTY,2025-08-26,13:35:00,24806.45,24816.15,24805.7,24814.8,10244
NSE,NIFTY,2025-08-26,13:40:00,24814.45,24816.55,24798.55,24805.15,10245
NSE,NIFTY,2025-08-26,13:45:00,24804.8,24816.05,24802.5,24809.2,10246
NSE,NIFTY,2025-08-26,13:50:00,24810.15,24812.15,24798.7,24805.5,10247
NSE,NIFTY,2025-08-26,13:55:00,24804.6,24813.55,24798.15,24806.2,10248
NSE,NIFTY,2025-08-26,14:00:00,24806.8,24810.2,24800.65,24803.75,10249
NSE,NIFTY,2025-08-26,14:05:00,24803.45,24807.6,24798.8,24803.2,10250
NSE,NIFTY,2025-08-26,14:10:00,24805.0,24811.1,24795.25,24796.15,10251
NSE,NIFTY,2025-08-26,14:15:00,24795.75,24797.0,24765.25,24772.9,10252
NSE,NIFTY,2025-08-26,14:20:00,24773.75,24774.25,24759.35,24765.6,10253
NSE,NIFTY,2025-08-26,14:25:00,24765.0,24766.3,24757.7,24760.55,10254
NSE,NIFTY,2025-08-26,14:30:00,24760.2,24789.7,24742.8,24788.35,10255
NSE,NIFTY,2025-08-26,14:35:00,24786.9,24786.9,24765.25,24771.45,10256
NSE,NIFTY,2025-08-26,14:40:00,24771.05,24791.55,24766.35,24785.9,10257
NSE,NIFTY,2025-08-26,14:45:00,24786.6,24786.6,24774.85,24779.4,10258
NSE,NIFTY,2025-08-26,14:50:00,24779.0,24781.9,24760.2,24774.6,10259
NSE,NIFTY,2025-08-26,14:55:00,24773.25,24774.7,24756.85,24765.45,10260
NSE,NIFTY,2025-08-26,15:00:00,24765.55,24767.55,24754.65,24759.95,10261
NSE,NIFTY,2025-08-26,15:05:00,24760.55,24760.55,24711.7,24719.8,10262
NSE,NIFTY,2025-08-26,15:10:00,24721.3,24730.5,24711.75,24717.9,10263
NSE,NIFTY,2025-08-26,15:15:00,24718.6,24719.45,24690.05,24702.15,10264
NSE,NIFTY,2025-08-26,15:20:00,24701.9,24707.15,24694.9,24697.5,10265
NSE,NIFTY,2025-08-26,15:25:00,24697.8,24705.85,24692.6,24701.45,10266
NSE,NIFTY,2025-08-26,15:30:00,24701.3,24717.7,24697.55,24710.35,10267
NSE,NIFTY,2025-08-28,09:15:00,24695.8,24699.35,24637.8,24641.25,10295
NSE,NIFTY,2025-08-28,09:20:00,24634.45,24636.5,24566.7,24570.5,10296
NSE,NIFTY,2025-08-28,09:25:00,24569.85,24579.9,24515.4,24522.05,10297
NSE,NIFTY,2025-08-28,09:30:00,24521.35,24543.3,24520.05,24528.55,10298
NSE,NIFTY,2025-08-28,09:35:00,24529.1,24529.3,24507.6,24510.9,10299
NSE,NIFTY,2025-08-28,09:40:00,24511.4,24576.9,24511.4,24562.9,10300
NSE,NIFTY,2025-08-28,09:45:00,24561.55,24577.95,24549.45,24577.0,10301
NSE,NIFTY,2025-08-28,09:50:00,24577.15,24581.95,24549.75,24559.45,10302
NSE,NIFTY,2025-08-28,09:55:00,24559.1,24597.55,24557.3,24588.75,10303
NSE,NIFTY,2025-08-28,10:00:00,24588.45,24599.55,24578.1,24595.4,10304
NSE,NIFTY,2025-08-28,10:05:00,24596.2,24611.8,24580.35,24609.85,10305
NSE,NIFTY,2025-08-28,10:10:00,24610.1,24613.85,24585.7,24587.55,10306
NSE,NIFTY,2025-08-28,10:15:00,24588.9,24598.65,24574.25,24578.7,10307
NSE,NIFTY,2025-08-28,10:20:00,24577.35,24587.9,24558.5,24561.2,10308
NSE,NIFTY,2025-08-28,10:25:00,24560.8,24576.7,24554.8,24572.35,10309
NSE,NIFTY,2025-08-28,10:30:00,24572.95,24594.6,24572.55,24591.1,10310
NSE,NIFTY,2025-08-28,10:35:00,24589.85,24622.4,24587.7,24618.7,10311
NSE,NIFTY,2025-08-28,10:40:00,24619.3,24629.1,24607.15,24609.45,10312
NSE,NIFTY,2025-08-28,10:45:00,24609.1,24616.05,24603.35,24610.65,10313
NSE,NIFTY,2025-08-28,10:50:00,24609.7,24645.9,24609.7,24644.65,10314
NSE,NIFTY,2025-08-28,10:55:00,24643.75,24648.5,24633.35,24635.5,10315
NSE,NIFTY,2025-08-28,11:00:00,24635.3,24669.9,24633.65,24659.7,10316
NSE,NIFTY,2025-08-28,11:05:00,24659.3,24660.8,24647.05,24656.9,10317
NSE,NIFTY,2025-08-28,11:10:00,24657.25,24677.9,24651.85,24652.1,10318
NSE,NIFTY,2025-08-28,11:15:00,24651.15,24657.15,24642.45,24656.95,10319
NSE,NIFTY,2025-08-28,11:20:00,24657.05,24660.2,24645.7,24653.15,10320
NSE,NIFTY,2025-08-28,11:25:00,24653.05,24664.2,24647.85,24659.75,10321
NSE,NIFTY,2025-08-28,11:30:00,24660.65,24661.8,24646.45,24647.35,10322
NSE,NIFTY,2025-08-28,11:35:00,24647.15,24673.4,24646.6,24671.25,10323
NSE,NIFTY,2025-08-28,11:40:00,24671.4,24671.4,24655.5,24662.65,10324
NSE,NIFTY,2025-08-28,11:45:00,24661.65,24662.95,24651.75,24653.4,10325
NSE,NIFTY,2025-08-28,11:50:00,24652.9,24658.9,24647.35,24657.65,10326
NSE,NIFTY,2025-08-28,11:55:00,24657.35,24658.4,24630.4,24630.55,10327
NSE,NIFTY,2025-08-28,12:00:00,24629.6,24633.7,24620.25,24623.7,10328
NSE,NIFTY,2025-08-28,12:05:00,24622.9,24625.8,24611.8,24623.85,10329
NSE,NIFTY,2025-08-28,12:10:00,24623.7,24635.35,24623.7,24626.25,10330
NSE,NIFTY,2025-08-28,12:15:00,24625.25,24634.35,24624.0,24629.55,10331
NSE,NIFTY,2025-08-28,12:20:00,24631.1,24631.65,24605.95,24609.45,10332
NSE,NIFTY,2025-08-28,12:25:00,24609.55,24611.15,24580.2,24584.65,10333
NSE,NIFTY,2025-08-28,12:30:00,24584.55,24596.65,24581.8,24592.0,10334
NSE,NIFTY,2025-08-28,12:35:00,24593.35,24599.2,24588.85,24593.8,10335
NSE,NIFTY,2025-08-28,12:40:00,24590.35,24596.15,24587.3,24591.9,10336
NSE,NIFTY,2025-08-28,12:45:00,24591.25,24592.2,24583.25,24589.9,10337
NSE,NIFTY,2025-08-28,12:50:00,24588.8,24596.05,24587.85,24592.15,10338
NSE,NIFTY,2025-08-28,12:55:00,24592.5,24595.3,24586.1,24595.05,10339
NSE,NIFTY,2025-08-28,13:00:00,24594.65,24595.85,24570.15,24571.3,10340
NSE,NIFTY,2025-08-28,13:05:00,24570.85,24571.05,24557.8,24566.0,10341
NSE,NIFTY,2025-08-28,13:10:00,24565.05,24566.35,24543.55,24549.75,10342
NSE,NIFTY,2025-08-28,13:15:00,24549.3,24561.95,24547.75,24561.8,10343
NSE,NIFTY,2025-08-28,13:20:00,24561.95,24566.05,24554.05,24557.2,10344
NSE,NIFTY,2025-08-28,13:25:00,24556.3,24557.2,24548.75,24551.6,10345
NSE,NIFTY,2025-08-28,13:30:00,24551.35,24562.9,24551.0,24555.75,10346
NSE,NIFTY,2025-08-28,13:35:00,24555.3,24557.55,24534.85,24536.25,10347
NSE,NIFTY,2025-08-28,13:40:00,24537.0,24560.2,24533.65,24557.9,10348
NSE,NIFTY,2025-08-28,13:45:00,24558.1,24558.9,24544.3,24554.05,10349
NSE,NIFTY,2025-08-28,13:50:00,24553.75,24553.75,24537.6,24547.35,10350
NSE,NIFTY,2025-08-28,13:55:00,24546.9,24548.95,24534.1,24541.1,10351
NSE,NIFTY,2025-08-28,14:00:00,24540.75,24547.15,24533.7,24546.85,10352
NSE,NIFTY,2025-08-28,14:05:00,24546.75,24550.7,24532.45,24532.85,10353
NSE,NIFTY,2025-08-28,14:10:00,24535.4,24565.05,24531.5,24564.2,10354
NSE,NIFTY,2025-08-28,14:15:00,24563.55,24588.05,24560.65,24571.45,10355
NSE,NIFTY,2025-08-28,14:20:00,24572.7,24581.0,24571.55,24575.3,10356
NSE,NIFTY,2025-08-28,14:25:00,24575.5,24592.1,24573.4,24584.35,10357
NSE,NIFTY,2025-08-28,14:30:00,24584.75,24586.35,24542.35,24567.35,10358
NSE,NIFTY,2025-08-28,14:35:00,24566.1,24568.45,24535.9,24540.65,10359
NSE,NIFTY,2025-08-28,14:40:00,24540.2,24558.1,24531.05,24545.9,10360
NSE,NIFTY,2025-08-28,14:45:00,24546.2,24546.45,24521.6,24522.25,10361
NSE,NIFTY,2025-08-28,14:50:00,24521.1,24527.15,24494.05,24512.1,10362
NSE,NIFTY,2025-08-28,14:55:00,24511.7,24531.05,24504.3,24523.6,10363
NSE,NIFTY,2025-08-28,15:00:00,24524.75,24527.65,24508.75,24509.9,10364
NSE,NIFTY,2025-08-28,15:05:00,24509.2,24510.2,24491.2,24504.3,10365
NSE,NIFTY,2025-08-28,15:10:00,24503.15,24507.35,24485.35,24487.4,10366
NSE,NIFTY,2025-08-28,15:15:00,24487.85,24503.55,24482.25,24502.75,10367
NSE,NIFTY,2025-08-28,15:20:00,24503.4,24504.4,24488.75,24489.5,10368
NSE,NIFTY,2025-08-28,15:25:00,24490.6,24518.05,24489.75,24514.1,10369
NSE,NIFTY,2025-08-28,15:30:00,24514.25,24545.6,24510.85,24541.2,10370
NSE,NIFTY,2025-08-29,09:15:00,24466.7,24518.1,24466.7,24518.05,10398
NSE,NIFTY,2025-08-29,09:20:00,24522.4,24563.9,24501.5,24512.5,10399
NSE,NIFTY,2025-08-29,09:25:00,24513.65,24555.8,24512.2,24549.9,10400
NSE,NIFTY,2025-08-29,09:30:00,24548.6,24550.9,24521.55,24522.95,10401
NSE,NIFTY,2025-08-29,09:35:00,24521.55,24527.9,24494.55,24495.7,10402
NSE,NIFTY,2025-08-29,09:40:00,24496.5,24526.5,24481.8,24524.35,10403
NSE,NIFTY,2025-08-29,09:45:00,24524.4,24531.2,24504.45,24510.05,10404
NSE,NIFTY,2025-08-29,09:50:00,24508.65,24510.1,24482.0,24486.8,10405
NSE,NIFTY,2025-08-29,09:55:00,24487.1,24496.75,24484.35,24490.85,10406
NSE,NIFTY,2025-08-29,10:00:00,24491.9,24507.85,24489.3,24489.9,10407
NSE,NIFTY,2025-08-29,10:05:00,24490.0,24491.4,24471.0,24476.6,10408
NSE,NIFTY,2025-08-29,10:10:00,24476.05,24482.35,24464.45,24480.55,10409
NSE,NIFTY,2025-08-29,10:15:00,24481.45,24483.9,24466.25,24469.8,10410
NSE,NIFTY,2025-08-29,10:20:00,24470.45,24499.9,24469.8,24499.25,10411
NSE,NIFTY,2025-08-29,10:25:00,24497.9,24518.1,24494.35,24515.3,10412
NSE,NIFTY,2025-08-29,10:30:00,24515.2,24516.05,24499.7,24514.1,10413
NSE,NIFTY,2025-08-29,10:35:00,24514.45,24528.05,24510.05,24526.25,10414
NSE,NIFTY,2025-08-29,10:40:00,24525.3,24548.15,24522.85,24547.1,10415
NSE,NIFTY,2025-08-29,10:45:00,24547.1,24552.8,24538.6,24540.75,10416
NSE,NIFTY,2025-08-29,10:50:00,24539.95,24547.6,24532.7,24539.4,10417
NSE,NIFTY,2025-08-29,10:55:00,24539.6,24546.25,24535.45,24535.45,10418
NSE,NIFTY,2025-08-29,11:00:00,24535.55,24535.55,24522.05,24525.95,10419
NSE,NIFTY,2025-08-29,11:05:00,24527.15,24553.2,24525.8,24549.7,10420
NSE,NIFTY,2025-08-29,11:10:00,24550.15,24550.3,24535.25,24539.45,10421
NSE,NIFTY,2025-08-29,11:15:00,24540.25,24564.0,24539.35,24555.45,10422
NSE,NIFTY,2025-08-29,11:20:00,24555.75,24556.9,24544.5,24548.35,10423
NSE,NIFTY,2025-08-29,11:25:00,24548.1,24548.1,24536.55,24542.5,10424
NSE,NIFTY,2025-08-29,11:30:00,24542.35,24559.35,24540.3,24558.45,10425
NSE,NIFTY,2025-08-29,11:35:00,24559.7,24565.85,24557.25,24565.2,10426
NSE,NIFTY,2025-08-29,11:40:00,24565.6,24567.05,24554.55,24565.55,10427
NSE,NIFTY,2025-08-29,11:45:00,24565.55,24570.05,24558.6,24569.1,10428
NSE,NIFTY,2025-08-29,11:50:00,24568.75,24572.45,24564.0,24571.85,10429
NSE,NIFTY,2025-08-29,11:55:00,24571.95,24572.25,24556.6,24558.2,10430
NSE,NIFTY,2025-08-29,12:00:00,24558.7,24559.55,24540.9,24543.25,10431
NSE,NIFTY,2025-08-29,12:05:00,24543.4,24544.35,24533.5,24542.55,10432
NSE,NIFTY,2025-08-29,12:10:00,24542.45,24553.75,24538.8,24541.3,10433
NSE,NIFTY,2025-08-29,12:15:00,24540.95,24555.55,24537.9,24553.6,10434
NSE,NIFTY,2025-08-29,12:20:00,24553.95,24553.95,24542.55,24542.7,10435
NSE,NIFTY,2025-08-29,12:25:00,24542.85,24543.0,24530.95,24536.4,10436
NSE,NIFTY,2025-08-29,12:30:00,24536.9,24543.15,24523.25,24526.9,10437
NSE,NIFTY,2025-08-29,12:35:00,24526.2,24529.95,24518.35,24526.85,10438
NSE,NIFTY,2025-08-29,12:40:00,24527.05,24541.3,24524.4,24532.1,10439
NSE,NIFTY,2025-08-29,12:45:00,24532.65,24544.6,24531.4,24540.7,10440
NSE,NIFTY,2025-08-29,12:50:00,24541.15,24549.6,24535.75,24542.55,10441
NSE,NIFTY,2025-08-29,12:55:00,24542.45,24546.2,24528.95,24532.95,10442
NSE,NIFTY,2025-08-29,13:00:00,24531.55,24537.9,24516.0,24523.0,10443
NSE,NIFTY,2025-08-29,13:05:00,24522.75,24524.05,24508.25,24516.05,10444
NSE,NIFTY,2025-08-29,13:10:00,24516.7,24524.4,24503.05,24505.45,10445
NSE,NIFTY,2025-08-29,13:15:00,24506.3,24509.55,24495.15,24502.35,10446
NSE,NIFTY,2025-08-29,13:20:00,24501.2,24518.7,24496.9,24516.9,10447
NSE,NIFTY,2025-08-29,13:25:00,24516.05,24520.3,24507.4,24515.75,10448
NSE,NIFTY,2025-08-29,13:30:00,24514.95,24522.0,24506.6,24518.0,10449
NSE,NIFTY,2025-08-29,13:35:00,24518.45,24519.8,24511.75,24513.25,10450
NSE,NIFTY,2025-08-29,13:40:00,24512.45,24517.0,24507.1,24511.8,10451
NSE,NIFTY,2025-08-29,13:45:00,24512.05,24513.95,24502.5,24505.3,10452
NSE,NIFTY,2025-08-29,13:50:00,24503.85,24508.1,24499.95,24506.4,10453
NSE,NIFTY,2025-08-29,13:55:00,24505.95,24517.05,24495.95,24497.8,10454
NSE,NIFTY,2025-08-29,14:00:00,24496.8,24498.0,24479.45,24483.05,10455
NSE,NIFTY,2025-08-29,14:05:00,24484.55,24490.65,24476.75,24484.95,10456
NSE,NIFTY,2025-08-29,14:10:00,24484.75,24501.9,24479.2,24501.6,10457
NSE,NIFTY,2025-08-29,14:15:00,24501.55,24516.0,24500.55,24511.6,10458
NSE,NIFTY,2025-08-29,14:20:00,24512.1,24517.45,24509.35,24516.9,10459
NSE,NIFTY,2025-08-29,14:25:00,24516.15,24552.5,24512.05,24520.9,10460
NSE,NIFTY,2025-08-29,14:30:00,24520.75,24523.05,24470.05,24484.35,10461
NSE,NIFTY,2025-08-29,14:35:00,24483.7,24485.75,24469.45,24477.5,10462
NSE,NIFTY,2025-08-29,14:40:00,24477.8,24480.55,24450.45,24453.85,10463
NSE,NIFTY,2025-08-29,14:45:00,24453.4,24463.1,24442.0,24460.7,10464
NSE,NIFTY,2025-08-29,14:50:00,24461.45,24475.65,24458.0,24470.45,10465
NSE,NIFTY,2025-08-29,14:55:00,24470.35,24472.45,24449.55,24472.45,10466
NSE,NIFTY,2025-08-29,15:00:00,24472.55,24490.85,24465.0,24467.45,10467
NSE,NIFTY,2025-08-29,15:05:00,24467.1,24467.6,24445.0,24447.4,10468
NSE,NIFTY,2025-08-29,15:10:00,24446.7,24450.8,24426.1,24428.55,10469
NSE,NIFTY,2025-08-29,15:15:00,24428.35,24428.6,24406.55,24409.45,10470
NSE,NIFTY,2025-08-29,15:20:00,24409.7,24418.05,24405.45,24412.5,10471
NSE,NIFTY,2025-08-29,15:25:00,24413.4,24425.0,24407.75,24420.75,10472
NSE,NIFTY,2025-08-29,15:30:00,24420.65,24444.9,24414.25,24434.85,10473
NSE,NIFTY,2025-09-01,09:15:00,24432.7,24508.5,24432.7,24489.7,10501
NSE,NIFTY,2025-09-01,09:20:00,24493.8,24528.8,24493.8,24526.45,10502
NSE,NIFTY,2025-09-01,09:25:00,24526.45,24532.55,24502.6,24526.85,10503
NSE,NIFTY,2025-09-01,09:30:00,24526.7,24533.25,24512.5,24528.05,10504
NSE,NIFTY,2025-09-01,09:35:00,24527.9,24542.3,24520.25,24537.95,10505
NSE,NIFTY,2025-09-01,09:40:00,24536.8,24546.55,24530.0,24530.25,10506
NSE,NIFTY,2025-09-01,09:45:00,24529.5,24539.5,24523.9,24536.2,10507
NSE,NIFTY,2025-09-01,09:50:00,24537.15,24547.9,24533.8,24538.4,10508
NSE,NIFTY,2025-09-01,09:55:00,24538.2,24560.75,24533.95,24555.7,10509
NSE,NIFTY,2025-09-01,10:00:00,24555.65,24555.65,24540.1,24545.05,10510
NSE,NIFTY,2025-09-01,10:05:00,24544.15,24549.5,24534.65,24536.8,10511
NSE,NIFTY,2025-09-01,10:10:00,24536.55,24537.35,24525.9,24526.1,10512
NSE,NIFTY,2025-09-01,10:15:00,24526.7,24534.15,24521.85,24523.2,10513
NSE,NIFTY,2025-09-01,10:20:00,24523.7,24534.35,24512.65,24513.9,10514
NSE,NIFTY,2025-09-01,10:25:00,24514.65,24519.0,24502.85,24519.0,10515
NSE,NIFTY,2025-09-01,10:30:00,24518.35,24533.45,24514.8,24525.15,10516
NSE,NIFTY,2025-09-01,10:35:00,24524.55,24526.85,24509.05,24513.6,10517
NSE,NIFTY,2025-09-01,10:40:00,24513.75,24517.65,24508.05,24514.6,10518
NSE,NIFTY,2025-09-01,10:45:00,24515.35,24533.8,24513.5,24532.2,10519
NSE,NIFTY,2025-09-01,10:50:00,24532.8,24543.25,24531.9,24539.25,10520
NSE,NIFTY,2025-09-01,10:55:00,24538.75,24542.2,24525.65,24527.5,10521
NSE,NIFTY,2025-09-01,11:00:00,24526.55,24552.75,24523.55,24552.65,10522
NSE,NIFTY,2025-09-01,11:05:00,24552.4,24553.3,24541.65,24548.8,10523
NSE,NIFTY,2025-09-01,11:10:00,24548.8,24549.55,24537.45,24546.05,10524
NSE,NIFTY,2025-09-01,11:15:00,24545.8,24550.5,24541.85,24541.95,10525
NSE,NIFTY,2025-09-01,11:20:00,24540.7,24550.2,24539.1,24544.9,10526
NSE,NIFTY,2025-09-01,11:25:00,24544.4,24548.3,24539.75,24547.65,10527
NSE,NIFTY,2025-09-01,11:30:00,24547.9,24553.45,24543.05,24547.95,10528
NSE,NIFTY,2025-09-01,11:35:00,24547.05,24556.0,24537.45,24545.3,10529
NSE,NIFTY,2025-09-01,11:40:00,24546.15,24547.7,24540.65,24544.1,10530
NSE,NIFTY,2025-09-01,11:45:00,24543.8,24545.95,24537.6,24540.65,10531
NSE,NIFTY,2025-09-01,11:50:00,24540.8,24540.85,24522.15,24524.95,10532
NSE,NIFTY,2025-09-01,11:55:00,24524.7,24529.35,24519.25,24523.15,10533
NSE,NIFTY,2025-09-01,12:00:00,24523.75,24527.5,24517.95,24525.85,10534
NSE,NIFTY,2025-09-01,12:05:00,24525.8,24541.75,24525.8,24540.65,10535
NSE,NIFTY,2025-09-01,12:10:00,24540.0,24545.25,24538.1,24542.75,10536
NSE,NIFTY,2025-09-01,12:15:00,24542.85,24551.0,24540.85,24546.35,10537
NSE,NIFTY,2025-09-01,12:20:00,24546.4,24553.45,24543.6,24543.95,10538
NSE,NIFTY,2025-09-01,12:25:00,24544.0,24562.8,24540.25,24560.9,10539
NSE,NIFTY,2025-09-01,12:30:00,24560.7,24574.35,24558.3,24573.15,10540
NSE,NIFTY,2025-09-01,12:35:00,24571.65,24574.65,24563.15,24568.35,10541
NSE,NIFTY,2025-09-01,12:40:00,24568.3,24575.8,24558.9,24566.8,10542
NSE,NIFTY,2025-09-01,12:45:00,24567.75,24575.45,24559.6,24563.35,10543
NSE,NIFTY,2025-09-01,12:50:00,24562.45,24570.85,24559.85,24564.7,10544
NSE,NIFTY,2025-09-01,12:55:00,24564.4,24571.35,24557.25,24559.0,10545
NSE,NIFTY,2025-09-01,13:00:00,24559.0,24571.25,24556.55,24570.25,10546
NSE,NIFTY,2025-09-01,13:05:00,24570.65,24579.8,24566.5,24578.3,10547
NSE,NIFTY,2025-09-01,13:10:00,24578.85,24592.2,24577.2,24591.3,10548
NSE,NIFTY,2025-09-01,13:15:00,24590.1,24593.15,24581.05,24591.1,10549
NSE,NIFTY,2025-09-01,13:20:00,24591.15,24594.75,24588.1,24592.1,10550
NSE,NIFTY,2025-09-01,13:25:00,24591.95,24595.7,24587.1,24587.8,10551
NSE,NIFTY,2025-09-01,13:30:00,24587.05,24595.9,24581.5,24594.1,10552
NSE,NIFTY,2025-09-01,13:35:00,24593.75,24606.6,24593.4,24602.45,10553
NSE,NIFTY,2025-09-01,13:40:00,24602.4,24605.3,24597.25,24601.6,10554
NSE,NIFTY,2025-09-01,13:45:00,24600.95,24603.0,24588.2,24593.35,10555
NSE,NIFTY,2025-09-01,13:50:00,24592.9,24600.45,24591.1,24599.6,10556
NSE,NIFTY,2025-09-01,13:55:00,24599.75,24606.75,24591.45,24598.5,10557
NSE,NIFTY,2025-09-01,14:00:00,24598.2,24602.65,24593.9,24600.85,10558
NSE,NIFTY,2025-09-01,14:05:00,24600.35,24609.55,24598.65,24608.75,10559
NSE,NIFTY,2025-09-01,14:10:00,24607.9,24615.95,24602.0,24613.1,10560
NSE,NIFTY,2025-09-01,14:15:00,24612.9,24620.35,24610.2,24615.25,10561
NSE,NIFTY,2025-09-01,14:20:00,24614.95,24617.95,24608.45,24612.7,10562
NSE,NIFTY,2025-09-01,14:25:00,24612.2,24614.05,24607.15,24610.25,10563
NSE,NIFTY,2025-09-01,14:30:00,24610.5,24611.55,24598.8,24605.55,10564
NSE,NIFTY,2025-09-01,14:35:00,24605.45,24619.1,24604.15,24617.4,10565
NSE,NIFTY,2025-09-01,14:40:00,24617.55,24619.4,24611.65,24619.3,10566
NSE,NIFTY,2025-09-01,14:45:00,24618.65,24623.0,24610.1,24616.65,10567
NSE,NIFTY,2025-09-01,14:50:00,24616.95,24619.55,24613.9,24618.8,10568
NSE,NIFTY,2025-09-01,14:55:00,24619.05,24619.9,24614.0,24618.5,10569
NSE,NIFTY,2025-09-01,15:00:00,24618.85,24635.0,24618.35,24625.3,10570
NSE,NIFTY,2025-09-01,15:05:00,24624.35,24627.2,24613.5,24626.6,10571
NSE,NIFTY,2025-09-01,15:10:00,24627.45,24631.75,24622.95,24628.7,10572
NSE,NIFTY,2025-09-01,15:15:00,24628.1,24631.35,24620.9,24623.95,10573
NSE,NIFTY,2025-09-01,15:20:00,24624.05,24630.6,24620.65,24629.35,10574
NSE,NIFTY,2025-09-01,15:25:00,24629.15,24631.3,24623.45,24627.3,10575
NSE,NIFTY,2025-09-01,15:30:00,24627.0,24629.3,24619.85,24624.3,10576
NSE,NIFTY,2025-09-02,09:15:00,24653.0,24683.25,24651.85,24677.0,10604
NSE,NIFTY,2025-09-02,09:20:00,24678.0,24685.3,24653.5,24658.55,10605
NSE,NIFTY,2025-09-02,09:25:00,24657.45,24660.4,24633.2,24649.3,10606
NSE,NIFTY,2025-09-02,09:30:00,24649.6,24656.1,24631.65,24655.55,10607
NSE,NIFTY,2025-09-02,09:35:00,24655.15,24679.75,24655.15,24676.95,10608
NSE,NIFTY,2025-09-02,09:40:00,24677.25,24694.95,24676.25,24689.35,10609
NSE,NIFTY,2025-09-02,09:45:00,24690.2,24695.75,24676.1,24694.0,10610
NSE,NIFTY,2025-09-02,09:50:00,24694.25,24702.25,24690.05,24698.05,10611
NSE,NIFTY,2025-09-02,09:55:00,24697.25,24719.45,24697.25,24711.7,10612
NSE,NIFTY,2025-09-02,10:00:00,24711.65,24730.15,24706.6,24728.4,10613
NSE,NIFTY,2025-09-02,10:05:00,24728.7,24747.2,24724.75,24739.4,10614
NSE,NIFTY,2025-09-02,10:10:00,24739.75,24747.3,24734.3,24736.15,10615
NSE,NIFTY,2025-09-02,10:15:00,24734.65,24742.35,24723.6,24731.15,10616
NSE,NIFTY,2025-09-02,10:20:00,24730.6,24732.7,24718.85,24731.4,10617
NSE,NIFTY,2025-09-02,10:25:00,24730.75,24737.85,24718.95,24723.9,10618
NSE,NIFTY,2025-09-02,10:30:00,24723.25,24740.95,24719.4,24736.7,10619
NSE,NIFTY,2025-09-02,10:35:00,24736.7,24741.4,24714.65,24714.7,10620
NSE,NIFTY,2025-09-02,10:40:00,24714.2,24729.75,24708.8,24726.7,10621
NSE,NIFTY,2025-09-02,10:45:00,24727.05,24738.7,24725.75,24736.0,10622
NSE,NIFTY,2025-09-02,10:50:00,24735.6,24736.65,24727.55,24730.45,10623
NSE,NIFTY,2025-09-02,10:55:00,24729.85,24737.15,24723.65,24734.8,10624
NSE,NIFTY,2025-09-02,11:00:00,24733.55,24740.95,24732.6,24738.0,10625
NSE,NIFTY,2025-09-02,11:05:00,24737.55,24744.65,24727.95,24728.85,10626
NSE,NIFTY,2025-09-02,11:10:00,24728.0,24744.8,24726.3,24742.3,10627
NSE,NIFTY,2025-09-02,11:15:00,24742.15,24749.05,24724.55,24728.65,10628
NSE,NIFTY,2025-09-02,11:20:00,24728.15,24731.15,24722.15,24728.2,10629
NSE,NIFTY,2025-09-02,11:25:00,24728.3,24729.75,24715.35,24724.3,10630
NSE,NIFTY,2025-09-02,11:30:00,24724.85,24731.85,24717.8,24725.65,10631
NSE,NIFTY,2025-09-02,11:35:00,24726.0,24738.0,24722.2,24735.05,10632
NSE,NIFTY,2025-09-02,11:40:00,24734.7,24740.85,24732.2,24739.3,10633
NSE,NIFTY,2025-09-02,11:45:00,24739.8,24741.4,24729.55,24731.35,10634
NSE,NIFTY,2025-09-02,11:50:00,24731.65,24739.9,24724.7,24731.4,10635
NSE,NIFTY,2025-09-02,11:55:00,24731.8,24733.65,24726.85,24727.9,10636
NSE,NIFTY,2025-09-02,12:00:00,24728.25,24735.1,24722.95,24733.3,10637
NSE,NIFTY,2025-09-02,12:05:00,24732.95,24738.45,24725.1,24733.2,10638
NSE,NIFTY,2025-09-02,12:10:00,24733.35,24735.4,24724.7,24729.2,10639
NSE,NIFTY,2025-09-02,12:15:00,24729.3,24729.75,24721.55,24727.0,10640
NSE,NIFTY,2025-09-02,12:20:00,24726.7,24728.35,24710.9,24716.05,10641
NSE,NIFTY,2025-09-02,12:25:00,24716.35,24730.9,24714.8,24729.2,10642
NSE,NIFTY,2025-09-02,12:30:00,24730.2,24738.9,24728.95,24736.75,10643
NSE,NIFTY,2025-09-02,12:35:00,24737.15,24750.45,24731.95,24744.55,10644
NSE,NIFTY,2025-09-02,12:40:00,24744.35,24755.4,24736.25,24746.65,10645
NSE,NIFTY,2025-09-02,12:45:00,24748.5,24752.5,24736.5,24738.8,10646
NSE,NIFTY,2025-09-02,12:50:00,24740.5,24747.4,24734.15,24743.1,10647
NSE,NIFTY,2025-09-02,12:55:00,24742.55,24743.95,24736.75,24741.35,10648
NSE,NIFTY,2025-09-02,13:00:00,24741.3,24743.1,24738.5,24743.1,10649
NSE,NIFTY,2025-09-02,13:05:00,24742.75,24746.75,24734.2,24737.75,10650
NSE,NIFTY,2025-09-02,13:10:00,24737.25,24739.8,24730.05,24732.85,10651
NSE,NIFTY,2025-09-02,13:15:00,24732.5,24733.15,24712.85,24720.25,10652
NSE,NIFTY,2025-09-02,13:20:00,24720.7,24726.65,24701.8,24704.65,10653
NSE,NIFTY,2025-09-02,13:25:00,24705.0,24706.05,24677.25,24680.0,10654
NSE,NIFTY,2025-09-02,13:30:00,24679.65,24698.85,24677.2,24683.85,10655
NSE,NIFTY,2025-09-02,13:35:00,24684.05,24705.55,24681.9,24698.7,10656
NSE,NIFTY,2025-09-02,13:40:00,24698.5,24705.55,24686.2,24687.4,10657
NSE,NIFTY,2025-09-02,13:45:00,24686.75,24687.7,24647.7,24654.95,10658
NSE,NIFTY,2025-09-02,13:50:00,24654.85,24662.15,24644.05,24654.25,10659
NSE,NIFTY,2025-09-02,13:55:00,24654.85,24663.7,24612.95,24613.65,10660
NSE,NIFTY,2025-09-02,14:00:00,24613.9,24613.9,24582.6,24593.7,10661
NSE,NIFTY,2025-09-02,14:05:00,24593.5,24595.35,24555.4,24563.75,10662
NSE,NIFTY,2025-09-02,14:10:00,24562.0,24574.45,24537.4,24567.05,10663
NSE,NIFTY,2025-09-02,14:15:00,24567.5,24587.3,24552.55,24563.55,10664
NSE,NIFTY,2025-09-02,14:20:00,24561.8,24590.55,24559.4,24590.45,10665
NSE,NIFTY,2025-09-02,14:25:00,24590.15,24605.2,24546.25,24551.1,10666
NSE,NIFTY,2025-09-02,14:30:00,24551.2,24553.9,24524.8,24539.65,10667
NSE,NIFTY,2025-09-02,14:35:00,24539.05,24564.1,24531.75,24561.5,10668
NSE,NIFTY,2025-09-02,14:40:00,24562.4,24604.9,24560.85,24578.55,10669
NSE,NIFTY,2025-09-02,14:45:00,24579.4,24607.0,24578.75,24604.9,10670
NSE,NIFTY,2025-09-02,14:50:00,24605.6,24617.25,24588.15,24593.0,10671
NSE,NIFTY,2025-09-02,14:55:00,24592.45,24597.75,24556.75,24570.85,10672
NSE,NIFTY,2025-09-02,15:00:00,24571.35,24586.45,24567.65,24584.0,10673
NSE,NIFTY,2025-09-02,15:05:00,24584.75,24585.8,24562.3,24568.9,10674
NSE,NIFTY,2025-09-02,15:10:00,24569.85,24591.95,24569.1,24587.05,10675
NSE,NIFTY,2025-09-02,15:15:00,24584.1,24596.15,24584.05,24584.6,10676
NSE,NIFTY,2025-09-02,15:20:00,24586.75,24591.75,24570.45,24583.1,10677
NSE,NIFTY,2025-09-02,15:25:00,24584.75,24585.35,24570.55,24575.25,10678
NSE,NIFTY,2025-09-02,15:30:00,24576.35,24578.6,24567.3,24574.95,10679
NSE,NIFTY,2025-09-03,09:15:00,24616.5,24623.75,24584.7,24611.75,10707
NSE,NIFTY,2025-09-03,09:20:00,24612.35,24613.0,24533.3,24540.25,10708
NSE,NIFTY,2025-09-03,09:25:00,24542.3,24568.35,24540.3,24566.85,10709
NSE,NIFTY,2025-09-03,09:30:00,24568.75,24599.75,24568.0,24597.85,10710
NSE,NIFTY,2025-09-03,09:35:00,24595.2,24596.55,24561.3,24581.75,10711
NSE,NIFTY,2025-09-03,09:40:00,24581.9,24593.2,24550.7,24555.45,10712
NSE,NIFTY,2025-09-03,09:45:00,24555.35,24563.6,24548.4,24554.05,10713
NSE,NIFTY,2025-09-03,09:50:00,24555.2,24572.15,24552.55,24570.15,10714
NSE,NIFTY,2025-09-03,09:55:00,24570.55,24580.65,24568.4,24579.2,10715
NSE,NIFTY,2025-09-03,10:00:00,24577.85,24584.5,24569.7,24583.5,10716
NSE,NIFTY,2025-09-03,10:05:00,24583.6,24602.25,24576.2,24600.5,10717
NSE,NIFTY,2025-09-03,10:10:00,24599.7,24613.95,24599.3,24608.75,10718
NSE,NIFTY,2025-09-03,10:15:00,24608.75,24612.9,24601.05,24604.05,10719
NSE,NIFTY,2025-09-03,10:20:00,24603.15,24603.6,24586.4,24591.35,10720
NSE,NIFTY,2025-09-03,10:25:00,24591.65,24600.8,24585.5,24597.15,10721
NSE,NIFTY,2025-09-03,10:30:00,24597.65,24602.7,24589.95,24590.3,10722
NSE,NIFTY,2025-09-03,10:35:00,24589.85,24591.35,24581.95,24583.7,10723
NSE,NIFTY,2025-09-03,10:40:00,24582.35,24583.4,24561.05,24563.0,10724
NSE,NIFTY,2025-09-03,10:45:00,24562.9,24570.65,24559.35,24560.1,10725
NSE,NIFTY,2025-09-03,10:50:00,24560.9,24568.4,24556.9,24568.0,10726
NSE,NIFTY,2025-09-03,10:55:00,24567.0,24569.3,24553.7,24560.3,10727
NSE,NIFTY,2025-09-03,11:00:00,24560.2,24577.0,24559.5,24576.65,10728
NSE,NIFTY,2025-09-03,11:05:00,24576.3,24578.15,24564.75,24569.45,10729
NSE,NIFTY,2025-09-03,11:10:00,24568.5,24584.0,24554.45,24582.3,10730
NSE,NIFTY,2025-09-03,11:15:00,24582.5,24587.65,24572.95,24573.5,10731
NSE,NIFTY,2025-09-03,11:20:00,24573.15,24589.05,24562.15,24588.25,10732
NSE,NIFTY,2025-09-03,11:25:00,24588.9,24597.35,24557.9,24561.75,10733
NSE,NIFTY,2025-09-03,11:30:00,24561.95,24574.4,24557.55,24572.75,10734
NSE,NIFTY,2025-09-03,11:35:00,24573.15,24574.75,24563.5,24572.7,10735
NSE,NIFTY,2025-09-03,11:40:00,24572.7,24587.5,24570.9,24587.1,10736
NSE,NIFTY,2025-09-03,11:45:00,24586.8,24589.55,24582.15,24584.9,10737
NSE,NIFTY,2025-09-03,11:50:00,24585.15,24587.85,24579.5,24580.1,10738
NSE,NIFTY,2025-09-03,11:55:00,24580.55,24591.0,24573.35,24590.95,10739
NSE,NIFTY,2025-09-03,12:00:00,24589.75,24603.2,24589.65,24600.1,10740
NSE,NIFTY,2025-09-03,12:05:00,24600.0,24608.4,24598.3,24608.25,10741
NSE,NIFTY,2025-09-03,12:10:00,24607.65,24612.8,24602.3,24611.75,10742
NSE,NIFTY,2025-09-03,12:15:00,24610.75,24633.4,24609.75,24631.1,10743
NSE,NIFTY,2025-09-03,12:20:00,24632.4,24636.55,24628.9,24634.05,10744
NSE,NIFTY,2025-09-03,12:25:00,24634.0,24648.4,24631.85,24641.05,10745
NSE,NIFTY,2025-09-03,12:30:00,24641.5,24644.6,24632.4,24638.05,10746
NSE,NIFTY,2025-09-03,12:35:00,24638.3,24643.3,24635.5,24642.8,10747
NSE,NIFTY,2025-09-03,12:40:00,24642.15,24647.15,24638.0,24644.6,10748
NSE,NIFTY,2025-09-03,12:45:00,24644.75,24648.7,24624.85,24628.4,10749
NSE,NIFTY,2025-09-03,12:50:00,24628.3,24634.35,24613.5,24616.7,10750
NSE,NIFTY,2025-09-03,12:55:00,24616.5,24622.85,24602.3,24612.55,10751
NSE,NIFTY,2025-09-03,13:00:00,24610.15,24611.55,24593.1,24598.85,10752
NSE,NIFTY,2025-09-03,13:05:00,24598.45,24605.5,24595.65,24601.55,10753
NSE,NIFTY,2025-09-03,13:10:00,24601.5,24614.75,24599.65,24601.5,10754
NSE,NIFTY,2025-09-03,13:15:00,24602.55,24610.05,24598.95,24605.95,10755
NSE,NIFTY,2025-09-03,13:20:00,24606.55,24623.3,24605.5,24619.5,10756
NSE,NIFTY,2025-09-03,13:25:00,24618.9,24622.45,24607.95,24612.9,10757
NSE,NIFTY,2025-09-03,13:30:00,24613.1,24618.1,24606.0,24617.2,10758
NSE,NIFTY,2025-09-03,13:35:00,24617.25,24623.5,24601.3,24602.6,10759
NSE,NIFTY,2025-09-03,13:40:00,24602.45,24611.9,24598.2,24611.55,10760
NSE,NIFTY,2025-09-03,13:45:00,24610.4,24632.65,24610.4,24632.35,10761
NSE,NIFTY,2025-09-03,13:50:00,24632.75,24641.65,24630.55,24639.25,10762
NSE,NIFTY,2025-09-03,13:55:00,24639.6,24648.55,24638.95,24644.75,10763
NSE,NIFTY,2025-09-03,14:00:00,24644.4,24655.4,24642.8,24651.15,10764
NSE,NIFTY,2025-09-03,14:05:00,24650.9,24652.8,24642.35,24652.55,10765
NSE,NIFTY,2025-09-03,14:10:00,24652.45,24666.6,24649.1,24665.85,10766
NSE,NIFTY,2025-09-03,14:15:00,24665.95,24673.5,24655.75,24660.5,10767
NSE,NIFTY,2025-09-03,14:20:00,24660.45,24667.1,24656.55,24664.3,10768
NSE,NIFTY,2025-09-03,14:25:00,24664.25,24667.8,24657.05,24667.4,10769
NSE,NIFTY,2025-09-03,14:30:00,24666.85,24671.65,24662.6,24670.25,10770
NSE,NIFTY,2025-09-03,14:35:00,24670.45,24680.0,24668.8,24671.4,10771
NSE,NIFTY,2025-09-03,14:40:00,24672.5,24678.3,24667.6,24668.8,10772
NSE,NIFTY,2025-09-03,14:45:00,24667.5,24669.45,24656.2,24662.85,10773
NSE,NIFTY,2025-09-03,14:50:00,24663.4,24676.9,24658.9,24669.25,10774
NSE,NIFTY,2025-09-03,14:55:00,24668.15,24685.3,24668.05,24682.25,10775
NSE,NIFTY,2025-09-03,15:00:00,24682.15,24689.1,24670.1,24684.15,10776
NSE,NIFTY,2025-09-03,15:05:00,24684.75,24703.7,24684.0,24703.4,10777
NSE,NIFTY,2025-09-03,15:10:00,24703.7,24719.2,24700.3,24718.95,10778
NSE,NIFTY,2025-09-03,15:15:00,24719.7,24736.6,24714.7,24715.65,10779
NSE,NIFTY,2025-09-03,15:20:00,24715.85,24728.8,24710.6,24724.75,10780
NSE,NIFTY,2025-09-03,15:25:00,24727.05,24728.05,24713.75,24716.5,10781
NSE,NIFTY,2025-09-03,15:30:00,24715.9,24720.15,24705.05,24716.55,10782
NSE,NIFTY,2025-09-04,09:15:00,24980.75,24980.75,24980.75,24980.75,10810
NSE,NIFTY,2025-09-04,09:20:00,24980.75,24980.75,24866.6,24878.55,10811
NSE,NIFTY,2025-09-04,09:25:00,24879.7,24879.7,24849.5,24864.2,10812
NSE,NIFTY,2025-09-04,09:30:00,24863.8,24881.6,24862.55,24875.7,10813
NSE,NIFTY,2025-09-04,09:35:00,24877.1,24916.2,24874.9,24913.65,10814
NSE,NIFTY,2025-09-04,09:40:00,24914.9,24931.8,24906.65,24906.8,10815
NSE,NIFTY,2025-09-04,09:55:00,24905.9,24919.1,24902.4,24917.8,10816
NSE,NIFTY,2025-09-04,10:00:00,24916.6,24916.8,24906.75,24910.45,10817
NSE,NIFTY,2025-09-04,10:05:00,24910.75,24914.35,24898.4,24900.7,10818
NSE,NIFTY,2025-09-04,10:10:00,24901.05,24901.85,24864.6,24866.4,10819
NSE,NIFTY,2025-09-04,10:15:00,24866.05,24873.3,24831.0,24831.85,10820
NSE,NIFTY,2025-09-04,10:20:00,24830.75,24861.4,24830.2,24860.25,10821
NSE,NIFTY,2025-09-04,10:25:00,24860.65,24877.0,24856.25,24873.5,10822
NSE,NIFTY,2025-09-04,10:30:00,24872.55,24874.9,24845.95,24851.25,10823
NSE,NIFTY,2025-09-04,10:35:00,24850.5,24853.35,24837.55,24843.05,10824
NSE,NIFTY,2025-09-04,10:40:00,24844.75,24847.5,24824.25,24825.35,10825
NSE,NIFTY,2025-09-04,10:45:00,24824.15,24828.05,24804.75,24816.45,10826
NSE,NIFTY,2025-09-04,10:50:00,24816.25,24839.2,24810.1,24837.55,10827
NSE,NIFTY,2025-09-04,10:55:00,24839.0,24845.0,24825.65,24827.2,10828
NSE,NIFTY,2025-09-04,11:00:00,24829.05,24843.3,24822.0,24841.85,10829
NSE,NIFTY,2025-09-04,11:05:00,24841.3,24848.85,24826.5,24830.5,10830
NSE,NIFTY,2025-09-04,11:10:00,24830.0,24840.4,24817.45,24819.75,10831
NSE,NIFTY,2025-09-04,11:15:00,24819.05,24822.6,24812.7,24816.9,10832
NSE,NIFTY,2025-09-04,11:20:00,24816.9,24825.9,24813.25,24819.3,10833
NSE,NIFTY,2025-09-04,11:25:00,24819.65,24821.2,24799.35,24803.55,10834
NSE,NIFTY,2025-09-04,11:30:00,24802.75,24827.3,24802.2,24825.55,10835
NSE,NIFTY,2025-09-04,11:35:00,24825.7,24832.8,24817.05,24818.3,10836
NSE,NIFTY,2025-09-04,11:40:00,24818.3,24821.4,24809.6,24815.5,10837
NSE,NIFTY,2025-09-04,11:45:00,24814.8,24828.55,24814.2,24816.3,10838
NSE,NIFTY,2025-09-04,11:50:00,24816.7,24822.35,24806.85,24811.5,10839
NSE,NIFTY,2025-09-04,11:55:00,24812.7,24823.75,24806.55,24816.5,10840
NSE,NIFTY,2025-09-04,12:00:00,24815.2,24816.8,24809.75,24812.6,10841
NSE,NIFTY,2025-09-04,12:05:00,24812.0,24827.15,24811.55,24820.95,10842
NSE,NIFTY,2025-09-04,12:10:00,24821.3,24837.7,24807.8,24808.45,10843
NSE,NIFTY,2025-09-04,12:15:00,24809.1,24809.1,24788.1,24802.55,10844
NSE,NIFTY,2025-09-04,12:20:00,24803.9,24807.5,24780.9,24787.85,10845
NSE,NIFTY,2025-09-04,12:25:00,24787.6,24788.75,24768.6,24769.85,10846
NSE,NIFTY,2025-09-04,12:30:00,24769.65,24779.05,24767.2,24778.0,10847
NSE,NIFTY,2025-09-04,12:35:00,24778.55,24794.15,24777.15,24787.35,10848
NSE,NIFTY,2025-09-04,12:40:00,24787.75,24806.65,24787.3,24802.35,10849
NSE,NIFTY,2025-09-04,12:45:00,24803.25,24816.25,24797.7,24814.85,10850
NSE,NIFTY,2025-09-04,12:50:00,24815.2,24832.5,24815.15,24824.6,10851
NSE,NIFTY,2025-09-04,12:55:00,24824.4,24825.5,24811.35,24817.95,10852
NSE,NIFTY,2025-09-04,13:00:00,24820.65,24838.75,24817.0,24838.0,10853
NSE,NIFTY,2025-09-04,13:05:00,24837.6,24838.2,24820.65,24834.1,10854
NSE,NIFTY,2025-09-04,13:10:00,24835.6,24837.4,24822.95,24830.0,10855
NSE,NIFTY,2025-09-04,13:15:00,24831.35,24833.3,24806.65,24810.45,10856
NSE,NIFTY,2025-09-04,13:20:00,24812.05,24827.9,24804.8,24808.45,10857
NSE,NIFTY,2025-09-04,13:25:00,24809.3,24824.0,24803.55,24816.75,10858
NSE,NIFTY,2025-09-04,13:30:00,24815.0,24820.15,24809.35,24818.8,10859
NSE,NIFTY,2025-09-04,13:35:00,24819.45,24823.95,24809.95,24815.05,10860
NSE,NIFTY,2025-09-04,13:40:00,24815.05,24817.4,24802.85,24806.1,10861
NSE,NIFTY,2025-09-04,13:45:00,24804.8,24805.9,24782.2,24788.3,10862
NSE,NIFTY,2025-09-04,13:50:00,24788.45,24788.65,24757.9,24757.9,10863
NSE,NIFTY,2025-09-04,13:55:00,24761.05,24791.6,24757.8,24780.25,10864
NSE,NIFTY,2025-09-04,14:00:00,24780.65,24786.65,24772.85,24781.5,10865
NSE,NIFTY,2025-09-04,14:05:00,24780.45,24790.7,24774.35,24778.9,10866
NSE,NIFTY,2025-09-04,14:10:00,24779.9,24779.9,24770.5,24773.05,10867
NSE,NIFTY,2025-09-04,14:15:00,24774.0,24775.35,24758.85,24762.85,10868
NSE,NIFTY,2025-09-04,14:20:00,24762.9,24766.65,24750.2,24756.7,10869
NSE,NIFTY,2025-09-04,14:25:00,24757.7,24764.6,24715.45,24716.95,10870
NSE,NIFTY,2025-09-04,14:30:00,24717.7,24726.2,24713.55,24723.65,10871
NSE,NIFTY,2025-09-04,14:35:00,24723.9,24764.75,24723.9,24747.45,10872
NSE,NIFTY,2025-09-04,14:40:00,24747.85,24751.65,24730.25,24731.2,10873
NSE,NIFTY,2025-09-04,14:45:00,24731.0,24779.55,24729.3,24759.95,10874
NSE,NIFTY,2025-09-04,14:50:00,24758.8,24769.6,24751.85,24764.1,10875
NSE,NIFTY,2025-09-04,14:55:00,24765.7,24771.7,24736.55,24740.05,10876
NSE,NIFTY,2025-09-04,15:00:00,24738.85,24777.1,24731.4,24745.15,10877
NSE,NIFTY,2025-09-04,15:05:00,24744.85,24757.15,24730.75,24731.3,10878
NSE,NIFTY,2025-09-04,15:10:00,24730.35,24746.8,24728.25,24728.25,10879
NSE,NIFTY,2025-09-04,15:15:00,24728.7,24743.25,24714.6,24719.15,10880
NSE,NIFTY,2025-09-04,15:20:00,24718.3,24726.55,24708.75,24724.25,10881
NSE,NIFTY,2025-09-04,15:25:00,24724.45,24751.75,24724.1,24748.5,10882
NSE,NIFTY,2025-09-04,15:30:00,24748.8,24749.75,24731.55,24739.75,10883
NSE,NIFTY,2025-09-05,09:15:00,24818.85,24820.6,24800.2,24818.9,10911
NSE,NIFTY,2025-09-05,09:20:00,24820.05,24829.6,24791.35,24828.85,10912
NSE,NIFTY,2025-09-05,09:25:00,24828.0,24831.65,24791.85,24794.2,10913
NSE,NIFTY,2025-09-05,09:30:00,24793.6,24798.65,24781.4,24784.3,10914
NSE,NIFTY,2025-09-05,09:35:00,24785.65,24812.9,24780.0,24805.55,10915
NSE,NIFTY,2025-09-05,09:40:00,24804.8,24805.75,24777.3,24780.05,10916
NSE,NIFTY,2025-09-05,09:45:00,24779.9,24783.2,24775.6,24778.3,10917
NSE,NIFTY,2025-09-05,09:50:00,24777.4,24795.95,24772.85,24793.75,10918
NSE,NIFTY,2025-09-05,09:55:00,24794.2,24803.6,24790.0,24799.3,10919
NSE,NIFTY,2025-09-05,10:00:00,24798.7,24800.75,24775.3,24777.5,10920
NSE,NIFTY,2025-09-05,10:05:00,24777.05,24793.05,24769.6,24771.3,10921
NSE,NIFTY,2025-09-05,10:10:00,24770.95,24775.0,24733.65,24733.65,10922
NSE,NIFTY,2025-09-05,10:15:00,24732.2,24734.55,24660.55,24661.55,10923
NSE,NIFTY,2025-09-05,10:20:00,24661.1,24676.7,24646.7,24649.1,10924
NSE,NIFTY,2025-09-05,10:25:00,24648.8,24682.05,24632.3,24674.9,10925
NSE,NIFTY,2025-09-05,10:30:00,24675.0,24737.75,24669.85,24723.0,10926
NSE,NIFTY,2025-09-05,10:35:00,24724.15,24726.3,24685.75,24685.9,10927
NSE,NIFTY,2025-09-05,10:40:00,24686.3,24711.3,24681.85,24706.2,10928
NSE,NIFTY,2025-09-05,10:45:00,24706.85,24709.3,24691.1,24700.95,10929
NSE,NIFTY,2025-09-05,10:50:00,24700.6,24714.2,24690.8,24694.5,10930
NSE,NIFTY,2025-09-05,10:55:00,24695.0,24697.5,24664.45,24674.9,10931
NSE,NIFTY,2025-09-05,11:00:00,24676.9,24687.3,24663.75,24686.45,10932
NSE,NIFTY,2025-09-05,11:05:00,24686.25,24698.55,24676.8,24694.35,10933
NSE,NIFTY,2025-09-05,11:10:00,24693.6,24694.0,24677.25,24678.8,10934
NSE,NIFTY,2025-09-05,11:15:00,24678.65,24697.55,24677.75,24687.55,10935
NSE,NIFTY,2025-09-05,11:20:00,24688.0,24689.9,24676.05,24689.1,10936
NSE,NIFTY,2025-09-05,11:25:00,24690.3,24696.35,24681.6,24683.45,10937
NSE,NIFTY,2025-09-05,11:30:00,24683.4,24705.4,24681.0,24705.1,10938
NSE,NIFTY,2025-09-05,11:35:00,24704.9,24708.3,24691.9,24692.55,10939
NSE,NIFTY,2025-09-05,11:40:00,24693.8,24706.4,24689.35,24694.25,10940
NSE,NIFTY,2025-09-05,11:45:00,24694.0,24696.05,24672.8,24674.85,10941
NSE,NIFTY,2025-09-05,11:50:00,24674.4,24677.95,24661.4,24664.95,10942
NSE,NIFTY,2025-09-05,11:55:00,24664.05,24674.25,24662.9,24669.1,10943
NSE,NIFTY,2025-09-05,12:00:00,24668.55,24669.35,24657.7,24662.4,10944
NSE,NIFTY,2025-09-05,12:05:00,24662.85,24663.75,24654.0,24660.8,10945
NSE,NIFTY,2025-09-05,12:10:00,24660.95,24673.0,24660.45,24668.55,10946
NSE,NIFTY,2025-09-05,12:15:00,24668.2,24669.85,24648.5,24649.55,10947
NSE,NIFTY,2025-09-05,12:20:00,24649.35,24655.8,24642.3,24647.25,10948
NSE,NIFTY,2025-09-05,12:25:00,24647.25,24662.95,24646.55,24657.15,10949
NSE,NIFTY,2025-09-05,12:30:00,24657.8,24659.8,24653.5,24658.6,10950
NSE,NIFTY,2025-09-05,12:35:00,24658.95,24664.9,24629.7,24630.95,10951
NSE,NIFTY,2025-09-05,12:40:00,24630.75,24642.6,24627.2,24642.6,10952
NSE,NIFTY,2025-09-05,12:45:00,24642.35,24643.95,24633.8,24637.45,10953
NSE,NIFTY,2025-09-05,12:50:00,24636.7,24637.3,24623.55,24629.9,10954
NSE,NIFTY,2025-09-05,12:55:00,24629.1,24635.25,24626.0,24633.85,10955
NSE,NIFTY,2025-09-05,13:00:00,24634.35,24648.4,24632.7,24645.35,10956
NSE,NIFTY,2025-09-05,13:05:00,24645.6,24659.3,24637.85,24643.85,10957
NSE,NIFTY,2025-09-05,13:10:00,24644.9,24653.55,24643.6,24652.55,10958
NSE,NIFTY,2025-09-05,13:15:00,24652.55,24677.15,24652.15,24676.6,10959
NSE,NIFTY,2025-09-05,13:20:00,24677.35,24686.3,24674.8,24679.5,10960
NSE,NIFTY,2025-09-05,13:25:00,24680.05,24680.55,24667.9,24677.5,10961
NSE,NIFTY,2025-09-05,13:30:00,24677.35,24698.1,24676.1,24686.35,10962
NSE,NIFTY,2025-09-05,13:35:00,24686.3,24696.15,24681.45,24694.2,10963
NSE,NIFTY,2025-09-05,13:40:00,24693.6,24706.05,24687.25,24700.15,10964
NSE,NIFTY,2025-09-05,13:45:00,24701.55,24718.25,24696.15,24717.8,10965
NSE,NIFTY,2025-09-05,13:50:00,24718.6,24760.7,24716.0,24738.15,10966
NSE,NIFTY,2025-09-05,13:55:00,24738.35,24754.1,24728.5,24753.05,10967
NSE,NIFTY,2025-09-05,14:00:00,24753.3,24777.25,24750.9,24776.9,10968
NSE,NIFTY,2025-09-05,14:05:00,24777.5,24790.75,24768.65,24770.8,10969
NSE,NIFTY,2025-09-05,14:10:00,24770.65,24772.7,24750.65,24755.65,10970
NSE,NIFTY,2025-09-05,14:15:00,24755.5,24762.45,24741.75,24742.9,10971
NSE,NIFTY,2025-09-05,14:20:00,24743.35,24765.35,24741.55,24765.2,10972
NSE,NIFTY,2025-09-05,14:25:00,24764.1,24764.55,24755.3,24758.75,10973
NSE,NIFTY,2025-09-05,14:30:00,24758.9,24760.4,24749.7,24759.5,10974
NSE,NIFTY,2025-09-05,14:35:00,24759.6,24764.75,24746.6,24746.7,10975
NSE,NIFTY,2025-09-05,14:40:00,24747.45,24748.4,24720.75,24734.65,10976
NSE,NIFTY,2025-09-05,14:45:00,24733.6,24744.9,24726.3,24729.65,10977
NSE,NIFTY,2025-09-05,14:50:00,24728.95,24735.65,24728.25,24735.65,10978
NSE,NIFTY,2025-09-05,14:55:00,24734.55,24742.6,24734.3,24739.4,10979
NSE,NIFTY,2025-09-05,15:00:00,24739.95,24750.9,24739.55,24744.0,10980
NSE,NIFTY,2025-09-05,15:05:00,24744.55,24746.2,24724.75,24731.65,10981
NSE,NIFTY,2025-09-05,15:10:00,24730.7,24752.6,24727.4,24747.45,10982
NSE,NIFTY,2025-09-05,15:15:00,24747.0,24759.0,24734.95,24734.95,10983
NSE,NIFTY,2025-09-05,15:20:00,24735.5,24744.8,24733.75,24737.8,10984
NSE,NIFTY,2025-09-05,15:25:00,24737.6,24749.55,24735.7,24744.65,10985
NSE,NIFTY,2025-09-05,15:30:00,24743.7,24749.5,24734.55,24743.5,10986
NSE,NIFTY,2025-09-08,09:15:00,24802.6,24831.15,24802.5,24817.85,11014
NSE,NIFTY,2025-09-08,09:20:00,24816.0,24816.0,24783.2,24785.0,11015
NSE,NIFTY,2025-09-08,09:25:00,24783.15,24808.65,24758.5,24772.85,11016
NSE,NIFTY,2025-09-08,09:30:00,24772.1,24796.65,24767.85,24791.35,11017
NSE,NIFTY,2025-09-08,09:35:00,24791.45,24827.5,24791.45,24826.7,11018
NSE,NIFTY,2025-09-08,09:40:00,24824.65,24840.9,24821.8,24839.65,11019
NSE,NIFTY,2025-09-08,09:45:00,24839.85,24845.45,24822.45,24829.9,11020
NSE,NIFTY,2025-09-08,09:50:00,24830.05,24835.55,24823.0,24823.3,11021
NSE,NIFTY,2025-09-08,09:55:00,24823.2,24830.1,24809.05,24811.15,11022
NSE,NIFTY,2025-09-08,10:00:00,24810.65,24821.55,24801.95,24814.75,11023
NSE,NIFTY,2025-09-08,10:05:00,24814.8,24830.75,24813.15,24829.25,11024
NSE,NIFTY,2025-09-08,10:10:00,24828.4,24831.75,24809.45,24819.55,11025
NSE,NIFTY,2025-09-08,10:15:00,24819.65,24830.35,24796.2,24796.2,11026
NSE,NIFTY,2025-09-08,10:20:00,24796.15,24815.65,24792.5,24805.05,11027
NSE,NIFTY,2025-09-08,10:25:00,24804.0,24805.3,24792.45,24793.05,11028
NSE,NIFTY,2025-09-08,10:30:00,24792.65,24806.55,24786.6,24786.65,11029
NSE,NIFTY,2025-09-08,10:35:00,24786.35,24787.1,24768.55,24775.45,11030
NSE,NIFTY,2025-09-08,10:40:00,24778.4,24795.4,24764.95,24795.1,11031
NSE,NIFTY,2025-09-08,10:45:00,24794.85,24809.2,24794.85,24805.65,11032
NSE,NIFTY,2025-09-08,10:50:00,24805.35,24812.05,24790.25,24794.1,11033
NSE,NIFTY,2025-09-08,10:55:00,24793.95,24799.35,24783.3,24784.15,11034
NSE,NIFTY,2025-09-08,11:00:00,24784.4,24792.9,24781.15,24787.45,11035
NSE,NIFTY,2025-09-08,11:05:00,24786.75,24790.7,24778.9,24783.1,11036
NSE,NIFTY,2025-09-08,11:10:00,24783.7,24798.1,24782.2,24798.1,11037
NSE,NIFTY,2025-09-08,11:15:00,24798.05,24813.3,24796.85,24812.2,11038
NSE,NIFTY,2025-09-08,11:20:00,24812.35,24818.5,24805.5,24811.75,11039
NSE,NIFTY,2025-09-08,11:25:00,24811.35,24812.25,24800.5,24803.6,11040
NSE,NIFTY,2025-09-08,11:30:00,24803.55,24821.85,24797.75,24821.35,11041
NSE,NIFTY,2025-09-08,11:35:00,24820.6,24826.95,24812.55,24824.45,11042
NSE,NIFTY,2025-09-08,11:40:00,24825.05,24825.05,24813.6,24816.3,11043
NSE,NIFTY,2025-09-08,11:45:00,24816.75,24828.6,24816.5,24826.45,11044
NSE,NIFTY,2025-09-08,11:50:00,24826.35,24827.55,24817.7,24817.7,11045
NSE,NIFTY,2025-09-08,11:55:00,24817.65,24821.75,24813.65,24816.5,11046
NSE,NIFTY,2025-09-08,12:00:00,24816.4,24818.7,24807.55,24816.6,11047
NSE,NIFTY,2025-09-08,12:05:00,24817.75,24834.1,24816.15,24832.8,11048
NSE,NIFTY,2025-09-08,12:10:00,24833.25,24836.85,24822.4,24825.4,11049
NSE,NIFTY,2025-09-08,12:15:00,24825.5,24833.95,24822.65,24833.55,11050
NSE,NIFTY,2025-09-08,12:20:00,24832.95,24838.15,24829.9,24833.45,11051
NSE,NIFTY,2025-09-08,12:25:00,24833.7,24839.1,24829.35,24829.85,11052
NSE,NIFTY,2025-09-08,12:30:00,24829.5,24831.95,24821.25,24829.95,11053
NSE,NIFTY,2025-09-08,12:35:00,24830.35,24834.3,24821.0,24833.6,11054
NSE,NIFTY,2025-09-08,12:40:00,24834.5,24855.9,24833.35,24855.45,11055
NSE,NIFTY,2025-09-08,12:45:00,24855.85,24866.4,24852.2,24859.05,11056
NSE,NIFTY,2025-09-08,12:50:00,24858.9,24861.15,24852.1,24854.9,11057
NSE,NIFTY,2025-09-08,12:55:00,24854.8,24860.85,24848.0,24859.25,11058
NSE,NIFTY,2025-09-08,13:00:00,24859.45,24864.55,24855.8,24862.15,11059
NSE,NIFTY,2025-09-08,13:05:00,24862.95,24865.55,24853.85,24859.3,11060
NSE,NIFTY,2025-09-08,13:10:00,24859.3,24867.6,24858.35,24866.45,11061
NSE,NIFTY,2025-09-08,13:15:00,24865.8,24870.3,24858.85,24870.3,11062
NSE,NIFTY,2025-09-08,13:20:00,24869.95,24870.6,24849.75,24851.4,11063
NSE,NIFTY,2025-09-08,13:25:00,24851.3,24858.25,24847.1,24848.75,11064
NSE,NIFTY,2025-09-08,13:30:00,24848.85,24861.4,24845.4,24860.55,11065
NSE,NIFTY,2025-09-08,13:35:00,24861.85,24865.2,24851.7,24859.1,11066
NSE,NIFTY,2025-09-08,13:40:00,24859.2,24859.2,24850.75,24852.95,11067
NSE,NIFTY,2025-09-08,13:45:00,24853.45,24855.5,24844.3,24849.4,11068
NSE,NIFTY,2025-09-08,13:50:00,24850.65,24850.7,24835.05,24839.7,11069
NSE,NIFTY,2025-09-08,13:55:00,24840.1,24845.0,24838.7,24844.4,11070
NSE,NIFTY,2025-09-08,14:00:00,24844.7,24854.65,24839.2,24850.2,11071
NSE,NIFTY,2025-09-08,14:05:00,24849.45,24849.95,24849.45,24849.85,11072
NSE,NIFTY,2025-09-08,14:10:00,24849.55,24856.05,24828.95,24847.45,11073
NSE,NIFTY,2025-09-08,14:15:00,24847.5,24858.25,24840.8,24855.5,11074
NSE,NIFTY,2025-09-08,14:20:00,24856.25,24865.2,24855.65,24863.4,11075
NSE,NIFTY,2025-09-08,14:25:00,24862.45,24867.35,24855.1,24855.55,11076
NSE,NIFTY,2025-09-08,14:30:00,24856.1,24864.2,24856.0,24863.35,11077
NSE,NIFTY,2025-09-08,14:35:00,24863.75,24883.75,24861.7,24882.35,11078
NSE,NIFTY,2025-09-08,14:40:00,24881.85,24885.3,24870.9,24876.25,11079
NSE,NIFTY,2025-09-08,14:45:00,24876.35,24880.3,24873.0,24873.0,11080
NSE,NIFTY,2025-09-08,14:50:00,24873.85,24876.25,24873.85,24876.25,11081
NSE,NIFTY,2025-09-08,14:55:00,24876.55,24877.5,24771.55,24809.7,11082
NSE,NIFTY,2025-09-08,15:00:00,24810.5,24811.85,24805.15,24808.75,11083
NSE,NIFTY,2025-09-08,15:05:00,24808.95,24808.95,24796.5,24802.25,11084
NSE,NIFTY,2025-09-08,15:10:00,24803.85,24811.4,24760.75,24760.9,11085
NSE,NIFTY,2025-09-08,15:15:00,24762.05,24772.6,24751.85,24767.4,11086
NSE,NIFTY,2025-09-08,15:20:00,24767.05,24781.2,24762.95,24771.25,11087
NSE,NIFTY,2025-09-08,15:25:00,24770.6,24789.15,24767.65,24786.1,11088
NSE,NIFTY,2025-09-08,15:30:00,24785.25,24800.8,24769.65,24792.2,11089
NSE,NIFTY,2025-09-09,09:15:00,24864.1,24867.15,24852.7,24858.3,11117
NSE,NIFTY,2025-09-09,09:20:00,24856.25,24870.65,24841.3,24859.75,11118
NSE,NIFTY,2025-09-09,09:25:00,24859.1,24878.8,24843.0,24850.7,11119
NSE,NIFTY,2025-09-09,09:30:00,24851.5,24865.05,24842.35,24859.1,11120
NSE,NIFTY,2025-09-09,09:35:00,24859.95,24862.5,24831.9,24835.75,11121
NSE,NIFTY,2025-09-09,09:40:00,24835.4,24858.55,24832.7,24843.6,11122
NSE,NIFTY,2025-09-09,09:45:00,24843.45,24859.35,24837.9,24856.8,11123
NSE,NIFTY,2025-09-09,09:50:00,24855.45,24861.2,24847.9,24850.05,11124
NSE,NIFTY,2025-09-09,09:55:00,24850.6,24859.55,24847.4,24858.3,11125
NSE,NIFTY,2025-09-09,10:00:00,24857.9,24858.55,24845.85,24848.05,11126
NSE,NIFTY,2025-09-09,10:05:00,24848.6,24851.7,24838.05,24845.1,11127
NSE,NIFTY,2025-09-09,10:10:00,24844.6,24847.85,24836.8,24838.95,11128
NSE,NIFTY,2025-09-09,10:15:00,24838.9,24842.15,24820.05,24823.65,11129
NSE,NIFTY,2025-09-09,10:20:00,24823.35,24834.05,24820.15,24825.7,11130
NSE,NIFTY,2025-09-09,10:25:00,24825.65,24830.45,24816.65,24826.2,11131
NSE,NIFTY,2025-09-09,10:30:00,24826.65,24832.45,24821.65,24831.4,11132
NSE,NIFTY,2025-09-09,10:35:00,24831.2,24835.6,24823.2,24830.3,11133
NSE,NIFTY,2025-09-09,10:40:00,24830.9,24833.85,24814.95,24815.6,11134
NSE,NIFTY,2025-09-09,10:45:00,24816.7,24826.65,24814.9,24820.9,11135
NSE,NIFTY,2025-09-09,10:50:00,24821.75,24826.25,24816.4,24823.95,11136
NSE,NIFTY,2025-09-09,10:55:00,24824.4,24829.15,24817.6,24820.6,11137
NSE,NIFTY,2025-09-09,11:00:00,24820.45,24836.05,24819.1,24835.55,11138
NSE,NIFTY,2025-09-09,11:05:00,24835.1,24847.0,24835.0,24837.7,11139
NSE,NIFTY,2025-09-09,11:10:00,24838.35,24844.85,24836.45,24841.2,11140
NSE,NIFTY,2025-09-09,11:15:00,24841.2,24845.55,24829.65,24838.55,11141
NSE,NIFTY,2025-09-09,11:20:00,24838.75,24840.55,24833.6,24837.45,11142
NSE,NIFTY,2025-09-09,11:25:00,24836.0,24855.8,24835.75,24850.5,11143
NSE,NIFTY,2025-09-09,11:30:00,24851.1,24851.95,24836.35,24836.35,11144
NSE,NIFTY,2025-09-09,11:35:00,24836.3,24841.5,24832.25,24841.5,11145
NSE,NIFTY,2025-09-09,11:40:00,24841.5,24851.75,24836.65,24845.3,11146
NSE,NIFTY,2025-09-09,11:45:00,24846.05,24848.85,24842.4,24844.45,11147
NSE,NIFTY,2025-09-09,11:50:00,24844.95,24846.85,24839.6,24840.4,11148
NSE,NIFTY,2025-09-09,11:55:00,24840.8,24849.25,24837.1,24841.2,11149
NSE,NIFTY,2025-09-09,12:00:00,24841.35,24849.3,24840.25,24847.7,11150
NSE,NIFTY,2025-09-09,12:05:00,24847.6,24848.1,24831.25,24831.25,11151
NSE,NIFTY,2025-09-09,12:10:00,24831.2,24833.25,24814.15,24820.45,11152
NSE,NIFTY,2025-09-09,12:15:00,24819.9,24843.65,24819.5,24841.7,11153
NSE,NIFTY,2025-09-09,12:20:00,24841.4,24851.6,24840.3,24850.2,11154
NSE,NIFTY,2025-09-09,12:25:00,24850.5,24860.6,24848.65,24851.05,11155
NSE,NIFTY,2025-09-09,12:30:00,24850.5,24857.45,24838.45,24840.0,11156
NSE,NIFTY,2025-09-09,12:35:00,24840.0,24856.75,24838.25,24848.55,11157
NSE,NIFTY,2025-09-09,12:40:00,24848.85,24854.8,24843.65,24848.1,11158
NSE,NIFTY,2025-09-09,12:45:00,24847.8,24855.7,24845.5,24855.1,11159
NSE,NIFTY,2025-09-09,12:50:00,24854.2,24868.2,24853.95,24862.95,11160
NSE,NIFTY,2025-09-09,12:55:00,24862.3,24869.3,24846.45,24847.0,11161
NSE,NIFTY,2025-09-09,13:00:00,24847.95,24860.6,24836.95,24858.8,11162
NSE,NIFTY,2025-09-09,13:05:00,24858.2,24861.25,24849.2,24861.25,11163
NSE,NIFTY,2025-09-09,13:10:00,24859.35,24866.4,24855.05,24858.7,11164
NSE,NIFTY,2025-09-09,13:15:00,24858.95,24862.95,24848.5,24856.6,11165
NSE,NIFTY,2025-09-09,13:20:00,24856.1,24860.9,24848.4,24859.6,11166
NSE,NIFTY,2025-09-09,13:25:00,24860.25,24861.15,24854.5,24859.1,11167
NSE,NIFTY,2025-09-09,13:30:00,24857.85,24865.0,24857.05,24862.55,11168
NSE,NIFTY,2025-09-09,13:35:00,24862.35,24872.65,24861.8,24870.3,11169
NSE,NIFTY,2025-09-09,13:40:00,24869.95,24874.0,24860.75,24862.95,11170
NSE,NIFTY,2025-09-09,13:45:00,24862.75,24869.1,24852.95,24858.3,11171
NSE,NIFTY,2025-09-09,13:50:00,24859.3,24862.15,24853.65,24858.95,11172
NSE,NIFTY,2025-09-09,13:55:00,24858.45,24864.25,24855.7,24860.4,11173
NSE,NIFTY,2025-09-09,14:00:00,24860.3,24866.6,24843.6,24851.1,11174
NSE,NIFTY,2025-09-09,14:05:00,24851.75,24870.7,24847.2,24868.95,11175
NSE,NIFTY,2025-09-09,14:10:00,24868.85,24876.35,24860.25,24870.45,11176
NSE,NIFTY,2025-09-09,14:15:00,24870.55,24877.95,24863.05,24877.9,11177
NSE,NIFTY,2025-09-09,14:20:00,24876.6,24878.85,24862.85,24868.85,11178
NSE,NIFTY,2025-09-09,14:25:00,24867.85,24870.4,24855.45,24860.0,11179
NSE,NIFTY,2025-09-09,14:30:00,24858.75,24891.1,24858.75,24880.65,11180
NSE,NIFTY,2025-09-09,14:35:00,24879.25,24889.4,24848.5,24851.0,11181
NSE,NIFTY,2025-09-09,14:40:00,24850.6,24863.3,24825.6,24857.3,11182
NSE,NIFTY,2025-09-09,14:45:00,24856.2,24864.25,24836.95,24837.15,11183
NSE,NIFTY,2025-09-09,14:50:00,24836.75,24861.5,24831.35,24860.45,11184
NSE,NIFTY,2025-09-09,14:55:00,24860.2,24880.15,24851.95,24880.15,11185
NSE,NIFTY,2025-09-09,15:00:00,24879.4,24884.0,24856.2,24868.85,11186
NSE,NIFTY,2025-09-09,15:05:00,24868.5,24871.25,24859.35,24861.7,11187
NSE,NIFTY,2025-09-09,15:10:00,24861.65,24869.15,24855.0,24865.05,11188
NSE,NIFTY,2025-09-09,15:15:00,24865.3,24877.25,24853.0,24869.85,11189
NSE,NIFTY,2025-09-09,15:20:00,24870.45,24875.2,24860.9,24869.45,11190
NSE,NIFTY,2025-09-09,15:25:00,24869.3,24882.0,24867.05,24880.2,11191
NSE,NIFTY,2025-09-09,15:30:00,24880.0,24883.05,24865.25,24876.95,11192
NSE,NIFTY,2025-09-10,09:15:00,24991.0,24991.0,24958.85,24973.6,11220
NSE,NIFTY,2025-09-10,09:20:00,24973.65,24982.95,24962.45,24968.9,11221
NSE,NIFTY,2025-09-10,09:25:00,24967.9,24979.9,24959.75,24965.1,11222
NSE,NIFTY,2025-09-10,09:30:00,24965.1,24991.4,24962.8,24986.45,11223
NSE,NIFTY,2025-09-10,09:35:00,24987.15,24994.8,24981.15,24990.5,11224
NSE,NIFTY,2025-09-10,09:40:00,24991.5,25000.2,24985.95,24993.2,11225
NSE,NIFTY,2025-09-10,09:45:00,24994.15,25013.85,24992.65,25009.5,11226
NSE,NIFTY,2025-09-10,09:50:00,25009.0,25017.1,24992.7,25003.95,11227
NSE,NIFTY,2025-09-10,09:55:00,25004.25,25006.35,24989.95,24995.9,11228
NSE,NIFTY,2025-09-10,10:00:00,24997.05,25007.05,24995.0,25005.15,11229
NSE,NIFTY,2025-09-10,10:05:00,25005.45,25010.65,25003.15,25007.9,11230
NSE,NIFTY,2025-09-10,10:10:00,25007.7,25013.75,25002.25,25006.3,11231
NSE,NIFTY,2025-09-10,10:15:00,25007.15,25007.8,24999.9,25003.65,11232
NSE,NIFTY,2025-09-10,10:20:00,25002.8,25012.05,25002.5,25009.85,11233
NSE,NIFTY,2025-09-10,10:25:00,25011.0,25015.1,25006.95,25014.05,11234
NSE,NIFTY,2025-09-10,10:30:00,25014.35,25032.95,25013.8,25025.05,11235
NSE,NIFTY,2025-09-10,10:35:00,25025.65,25035.35,25017.0,25021.9,11236
NSE,NIFTY,2025-09-10,10:40:00,25022.45,25023.15,25008.05,25011.0,11237
NSE,NIFTY,2025-09-10,10:45:00,25011.75,25012.6,24996.6,24997.3,11238
NSE,NIFTY,2025-09-10,10:50:00,24997.5,25002.7,24990.35,25001.75,11239
NSE,NIFTY,2025-09-10,10:55:00,25002.0,25011.35,24992.55,25007.85,11240
NSE,NIFTY,2025-09-10,11:00:00,25008.45,25015.95,25004.3,25015.45,11241
NSE,NIFTY,2025-09-10,11:05:00,25016.0,25020.5,25012.35,25018.4,11242
NSE,NIFTY,2025-09-10,11:10:00,25018.8,25027.85,25016.25,25025.8,11243
NSE,NIFTY,2025-09-10,11:15:00,25025.55,25026.15,25010.85,25013.55,11244
NSE,NIFTY,2025-09-10,11:20:00,25013.35,25013.4,24977.0,24977.4,11245
NSE,NIFTY,2025-09-10,11:25:00,24978.1,24994.05,24967.95,24992.75,11246
NSE,NIFTY,2025-09-10,11:30:00,24993.2,24995.6,24986.65,24987.7,11247
NSE,NIFTY,2025-09-10,11:35:00,24988.35,24993.85,24982.2,24993.2,11248
NSE,NIFTY,2025-09-10,11:40:00,24993.45,24997.85,24988.95,24996.3,11249
NSE,NIFTY,2025-09-10,11:45:00,24996.55,25000.4,24984.55,24986.25,11250
NSE,NIFTY,2025-09-10,11:50:00,24985.2,24985.8,24976.3,24979.85,11251
NSE,NIFTY,2025-09-10,11:55:00,24978.85,24986.3,24972.65,24982.25,11252
NSE,NIFTY,2025-09-10,12:00:00,24982.6,24986.15,24969.75,24972.3,11253
NSE,NIFTY,2025-09-10,12:05:00,24972.35,24981.7,24970.25,24972.7,11254
NSE,NIFTY,2025-09-10,12:10:00,24972.9,24992.95,24971.85,24990.65,11255
NSE,NIFTY,2025-09-10,12:15:00,24990.3,24995.7,24987.25,24992.8,11256
NSE,NIFTY,2025-09-10,12:20:00,24993.1,24998.0,24990.2,24991.55,11257
NSE,NIFTY,2025-09-10,12:25:00,24991.45,24993.7,24982.75,24990.95,11258
NSE,NIFTY,2025-09-10,12:30:00,24990.8,24998.5,24990.55,24997.55,11259
NSE,NIFTY,2025-09-10,12:35:00,24997.8,25000.9,24987.65,24988.3,11260
NSE,NIFTY,2025-09-10,12:40:00,24988.2,24988.8,24983.55,24984.15,11261
NSE,NIFTY,2025-09-10,12:45:00,24984.4,24986.75,24976.25,24985.7,11262
NSE,NIFTY,2025-09-10,12:50:00,24984.65,24987.95,24978.2,24978.7,11263
NSE,NIFTY,2025-09-10,12:55:00,24979.1,24981.4,24970.25,24970.85,11264
NSE,NIFTY,2025-09-10,13:00:00,24971.45,24980.45,24970.9,24972.55,11265
NSE,NIFTY,2025-09-10,13:05:00,24972.55,24974.55,24967.7,24972.9,11266
NSE,NIFTY,2025-09-10,13:10:00,24972.75,24980.15,24971.65,24972.95,11267
NSE,NIFTY,2025-09-10,13:15:00,24972.7,24976.85,24957.85,24959.7,11268
NSE,NIFTY,2025-09-10,13:20:00,24959.4,24961.8,24946.7,24951.65,11269
NSE,NIFTY,2025-09-10,13:25:00,24951.7,24961.5,24946.7,24958.85,11270
NSE,NIFTY,2025-09-10,13:30:00,24959.5,24968.9,24958.55,24967.15,11271
NSE,NIFTY,2025-09-10,13:35:00,24966.35,24968.0,24953.55,24956.05,11272
NSE,NIFTY,2025-09-10,13:40:00,24956.25,24958.55,24949.0,24957.1,11273
NSE,NIFTY,2025-09-10,13:45:00,24957.15,24965.6,24955.9,24964.25,11274
NSE,NIFTY,2025-09-10,13:50:00,24963.75,24965.95,24958.0,24959.1,11275
NSE,NIFTY,2025-09-10,13:55:00,24959.2,24963.85,24954.7,24957.85,11276
NSE,NIFTY,2025-09-10,14:00:00,24958.35,24967.8,24953.55,24955.4,11277
NSE,NIFTY,2025-09-10,14:05:00,24955.6,24959.4,24954.1,24957.45,11278
NSE,NIFTY,2025-09-10,14:10:00,24957.7,24978.65,24955.45,24968.95,11279
NSE,NIFTY,2025-09-10,14:15:00,24968.9,24974.75,24961.55,24963.3,11280
NSE,NIFTY,2025-09-10,14:20:00,24963.35,24966.0,24942.7,24945.0,11281
NSE,NIFTY,2025-09-10,14:25:00,24945.7,24955.9,24940.05,24942.8,11282
NSE,NIFTY,2025-09-10,14:30:00,24942.75,24950.55,24937.5,24945.05,11283
NSE,NIFTY,2025-09-10,14:35:00,24945.6,24951.25,24939.4,24945.05,11284
NSE,NIFTY,2025-09-10,14:40:00,24946.6,24953.6,24945.3,24947.9,11285
NSE,NIFTY,2025-09-10,14:45:00,24949.05,24949.7,24926.0,24927.55,11286
NSE,NIFTY,2025-09-10,14:50:00,24927.85,24928.25,24923.9,24923.9,11287
NSE,NIFTY,2025-09-10,14:55:00,24925.2,24956.45,24917.3,24950.1,11288
NSE,NIFTY,2025-09-10,15:00:00,24950.4,24957.2,24935.0,24943.55,11289
NSE,NIFTY,2025-09-10,15:05:00,24944.0,24965.2,24937.4,24964.3,11290
NSE,NIFTY,2025-09-10,15:10:00,24964.35,24974.65,24964.15,24973.3,11291
NSE,NIFTY,2025-09-10,15:15:00,24972.85,24978.7,24969.35,24977.9,11292
NSE,NIFTY,2025-09-10,15:20:00,24977.7,24986.05,24976.65,24985.05,11293
NSE,NIFTY,2025-09-10,15:25:00,24987.85,24987.85,24974.75,24980.8,11294
NSE,NIFTY,2025-09-10,15:30:00,24980.55,24982.05,24973.55,24975.0,11295
NSE,NIFTY,2025-09-11,09:15:00,24945.5,24945.5,24945.5,24945.5,11323
NSE,NIFTY,2025-09-11,09:20:00,24957.9,24979.75,24945.7,24978.5,11324
NSE,NIFTY,2025-09-11,09:25:00,24978.7,25006.7,24978.7,24999.95,11325
NSE,NIFTY,2025-09-11,09:30:00,25000.65,25008.75,24976.7,24977.2,11326
NSE,NIFTY,2025-09-11,09:35:00,24974.35,24993.25,24972.35,24983.0,11327
NSE,NIFTY,2025-09-11,09:40:00,24983.1,24994.9,24977.45,24981.5,11328
NSE,NIFTY,2025-09-11,09:45:00,24981.45,24984.95,24971.2,24978.15,11329
NSE,NIFTY,2025-09-11,09:50:00,24978.35,24984.35,24967.4,24984.35,11330
NSE,NIFTY,2025-09-11,09:55:00,24984.25,24991.65,24979.85,24980.95,11331
NSE,NIFTY,2025-09-11,10:00:00,24981.55,24982.45,24974.8,24981.15,11332
NSE,NIFTY,2025-09-11,10:05:00,24981.0,24984.65,24959.1,24965.0,11333
NSE,NIFTY,2025-09-11,10:10:00,24964.75,24970.9,24957.5,24959.05,11334
NSE,NIFTY,2025-09-11,10:15:00,24958.3,24966.55,24958.3,24961.85,11335
NSE,NIFTY,2025-09-11,10:20:00,24961.65,24973.65,24960.9,24971.6,11336
NSE,NIFTY,2025-09-11,10:25:00,24970.65,24979.7,24970.45,24971.4,11337
NSE,NIFTY,2025-09-11,10:30:00,24970.75,24978.7,24966.3,24976.65,11338
NSE,NIFTY,2025-09-11,10:35:00,24976.3,24988.6,24975.75,24988.35,11339
NSE,NIFTY,2025-09-11,10:40:00,24988.2,24989.05,24979.55,24986.4,11340
NSE,NIFTY,2025-09-11,10:45:00,24986.6,24989.2,24984.55,24986.45,11341
NSE,NIFTY,2025-09-11,10:50:00,24985.7,24987.55,24974.95,24978.35,11342
NSE,NIFTY,2025-09-11,10:55:00,24978.95,24987.45,24976.7,24979.05,11343
NSE,NIFTY,2025-09-11,11:00:00,24978.55,24983.2,24975.2,24975.2,11344
NSE,NIFTY,2025-09-11,11:05:00,24975.2,24991.8,24971.6,24986.65,11345
NSE,NIFTY,2025-09-11,11:10:00,24988.75,24989.6,24981.65,24983.15,11346
NSE,NIFTY,2025-09-11,11:15:00,24983.1,24988.2,24982.15,24983.4,11347
NSE,NIFTY,2025-09-11,11:20:00,24982.45,24987.45,24980.2,24986.35,11348
NSE,NIFTY,2025-09-11,11:25:00,24986.65,24989.0,24982.7,24983.85,11349
NSE,NIFTY,2025-09-11,11:30:00,24984.35,24984.95,24973.7,24977.7,11350
NSE,NIFTY,2025-09-11,11:35:00,24977.05,24979.5,24973.15,24973.8,11351
NSE,NIFTY,2025-09-11,11:40:00,24973.95,24976.85,24963.7,24965.5,11352
NSE,NIFTY,2025-09-11,11:45:00,24965.55,24971.2,24957.0,24959.35,11353
NSE,NIFTY,2025-09-11,11:50:00,24958.2,24971.35,24956.85,24968.1,11354
NSE,NIFTY,2025-09-11,11:55:00,24968.95,24972.05,24961.4,24968.3,11355
NSE,NIFTY,2025-09-11,12:00:00,24967.05,24972.05,24963.0,24971.2,11356
NSE,NIFTY,2025-09-11,12:05:00,24971.4,24983.3,24971.3,24979.55,11357
NSE,NIFTY,2025-09-11,12:10:00,24979.55,24985.65,24978.8,24983.45,11358
NSE,NIFTY,2025-09-11,12:15:00,24983.6,24987.6,24980.75,24984.25,11359
NSE,NIFTY,2025-09-11,12:20:00,24983.85,24995.05,24982.9,24990.85,11360
NSE,NIFTY,2025-09-11,12:25:00,24990.7,24998.05,24989.45,24990.35,11361
NSE,NIFTY,2025-09-11,12:30:00,24990.65,25008.65,24986.7,25007.75,11362
NSE,NIFTY,2025-09-11,12:35:00,25007.65,25012.45,24997.3,25008.35,11363
NSE,NIFTY,2025-09-11,12:40:00,25008.85,25011.6,25000.35,25002.35,11364
NSE,NIFTY,2025-09-11,12:45:00,25002.55,25007.1,24998.25,25006.95,11365
NSE,NIFTY,2025-09-11,12:50:00,25006.85,25007.75,24993.6,24998.0,11366
NSE,NIFTY,2025-09-11,12:55:00,24997.4,25004.65,24995.3,25002.65,11367
NSE,NIFTY,2025-09-11,13:00:00,25003.15,25012.1,24995.0,25008.75,11368
NSE,NIFTY,2025-09-11,13:05:00,25009.05,25010.15,25002.2,25008.05,11369
NSE,NIFTY,2025-09-11,13:10:00,25008.7,25014.65,25006.15,25011.9,11370
NSE,NIFTY,2025-09-11,13:15:00,25013.1,25013.75,25005.25,25007.45,11371
NSE,NIFTY,2025-09-11,13:20:00,25008.05,25008.25,24996.35,24998.85,11372
NSE,NIFTY,2025-09-11,13:25:00,24997.65,25001.1,24991.25,24995.0,11373
NSE,NIFTY,2025-09-11,13:30:00,24995.7,25012.25,24993.5,25011.05,11374
NSE,NIFTY,2025-09-11,13:35:00,25011.15,25011.85,24997.15,25002.75,11375
NSE,NIFTY,2025-09-11,13:40:00,25002.45,25011.9,25001.7,25010.05,11376
NSE,NIFTY,2025-09-11,13:45:00,25009.4,25014.85,25007.05,25012.0,11377
NSE,NIFTY,2025-09-11,13:50:00,25011.85,25020.95,25005.2,25015.75,11378
NSE,NIFTY,2025-09-11,13:55:00,25016.2,25026.3,25003.65,25014.95,11379
NSE,NIFTY,2025-09-11,14:00:00,25014.5,25020.9,24994.65,24994.65,11380
NSE,NIFTY,2025-09-11,14:05:00,24994.15,25013.5,24994.15,25011.3,11381
NSE,NIFTY,2025-09-11,14:10:00,25011.3,25013.35,25007.7,25012.45,11382
NSE,NIFTY,2025-09-11,14:15:00,25011.95,25014.05,25007.3,25013.3,11383
NSE,NIFTY,2025-09-11,14:20:00,25013.6,25022.3,25005.95,25021.9,11384
NSE,NIFTY,2025-09-11,14:25:00,25021.15,25022.85,25011.45,25021.85,11385
NSE,NIFTY,2025-09-11,14:30:00,25020.1,25024.95,25002.9,25005.75,11386
NSE,NIFTY,2025-09-11,14:35:00,25004.7,25011.85,24986.9,25010.45,11387
NSE,NIFTY,2025-09-11,14:40:00,25010.05,25024.6,24993.1,25017.35,11388
NSE,NIFTY,2025-09-11,14:45:00,25017.1,25018.35,25010.3,25012.65,11389
NSE,NIFTY,2025-09-11,14:50:00,25012.75,25036.95,25011.5,25016.15,11390
NSE,NIFTY,2025-09-11,14:55:00,25016.45,25022.75,25002.4,25005.3,11391
NSE,NIFTY,2025-09-11,15:00:00,25005.35,25018.15,24991.45,25018.1,11392
NSE,NIFTY,2025-09-11,15:05:00,25017.0,25017.0,24998.8,25011.55,11393
NSE,NIFTY,2025-09-11,15:10:00,25010.3,25018.45,24992.4,25006.5,11394
NSE,NIFTY,2025-09-11,15:15:00,25006.9,25017.95,24993.3,25000.05,11395
NSE,NIFTY,2025-09-11,15:20:00,25000.85,25016.15,25000.85,25007.3,11396
NSE,NIFTY,2025-09-11,15:25:00,25005.3,25010.0,24992.8,25003.9,11397
NSE,NIFTY,2025-09-11,15:30:00,25001.7,25007.55,24997.8,25006.15,11398
NSE,NIFTY,2025-09-12,09:15:00,25074.45,25085.4,25065.05,25071.45,11426
NSE,NIFTY,2025-09-12,09:20:00,25071.7,25079.95,25052.75,25057.25,11427
NSE,NIFTY,2025-09-12,09:25:00,25056.05,25060.3,25038.65,25042.25,11428
NSE,NIFTY,2025-09-12,09:30:00,25042.9,25061.15,25042.9,25056.15,11429
NSE,NIFTY,2025-09-12,09:35:00,25055.45,25056.85,25050.85,25051.7,11430
NSE,NIFTY,2025-09-12,09:40:00,25052.0,25052.7,25048.7,25049.9,11431
NSE,NIFTY,2025-09-12,09:45:00,25049.55,25058.15,25043.8,25058.15,11432
NSE,NIFTY,2025-09-12,09:50:00,25057.5,25059.25,25039.95,25043.55,11433
NSE,NIFTY,2025-09-12,09:55:00,25044.0,25060.6,25042.4,25057.75,11434
NSE,NIFTY,2025-09-12,10:00:00,25057.7,25064.7,25054.0,25057.55,11435
NSE,NIFTY,2025-09-12,10:05:00,25056.65,25067.15,25046.65,25066.45,11436
NSE,NIFTY,2025-09-12,10:10:00,25066.75,25076.6,25064.6,25075.05,11437
NSE,NIFTY,2025-09-12,10:15:00,25075.2,25076.1,25070.45,25072.55,11438
NSE,NIFTY,2025-09-12,10:20:00,25072.3,25078.2,25066.85,25068.1,11439
NSE,NIFTY,2025-09-12,10:25:00,25067.55,25079.15,25064.2,25076.1,11440
NSE,NIFTY,2025-09-12,10:30:00,25075.3,25075.3,25068.35,25069.05,11441
NSE,NIFTY,2025-09-12,10:35:00,25068.5,25074.95,25068.5,25073.5,11442
NSE,NIFTY,2025-09-12,10:40:00,25073.7,25077.25,25071.4,25076.15,11443
NSE,NIFTY,2025-09-12,10:45:00,25076.8,25088.5,25074.85,25087.95,11444
NSE,NIFTY,2025-09-12,10:50:00,25087.3,25089.35,25084.7,25087.75,11445
NSE,NIFTY,2025-09-12,10:55:00,25086.85,25090.1,25084.9,25089.75,11446
NSE,NIFTY,2025-09-12,11:00:00,25089.8,25093.35,25081.65,25081.65,11447
NSE,NIFTY,2025-09-12,11:05:00,25082.35,25089.55,25078.65,25088.75,11448
NSE,NIFTY,2025-09-12,11:10:00,25090.45,25099.35,25087.0,25097.85,11449
NSE,NIFTY,2025-09-12,11:15:00,25098.3,25103.95,25097.15,25101.0,11450
NSE,NIFTY,2025-09-12,11:20:00,25101.35,25112.65,25097.7,25112.35,11451
NSE,NIFTY,2025-09-12,11:25:00,25111.4,25122.8,25109.7,25120.65,11452
NSE,NIFTY,2025-09-12,11:30:00,25121.75,25131.3,25116.55,25130.3,11453
NSE,NIFTY,2025-09-12,11:35:00,25128.75,25139.3,25127.35,25127.35,11454
NSE,NIFTY,2025-09-12,11:40:00,25128.9,25131.25,25124.75,25128.05,11455
NSE,NIFTY,2025-09-12,11:45:00,25129.2,25131.1,25122.9,25126.05,11456
NSE,NIFTY,2025-09-12,11:50:00,25126.15,25127.85,25119.45,25125.0,11457
NSE,NIFTY,2025-09-12,11:55:00,25125.2,25128.55,25122.0,25125.7,11458
NSE,NIFTY,2025-09-12,12:00:00,25125.3,25125.8,25116.2,25119.35,11459
NSE,NIFTY,2025-09-12,12:05:00,25120.75,25126.35,25118.55,25124.9,11460
NSE,NIFTY,2025-09-12,12:10:00,25124.85,25126.4,25117.25,25120.4,11461
NSE,NIFTY,2025-09-12,12:15:00,25119.35,25126.05,25119.35,25121.65,11462
NSE,NIFTY,2025-09-12,12:20:00,25121.2,25125.3,25116.85,25121.8,11463
NSE,NIFTY,2025-09-12,12:25:00,25123.95,25125.0,25117.7,25122.35,11464
NSE,NIFTY,2025-09-12,12:30:00,25121.35,25124.05,25117.6,25121.05,11465
NSE,NIFTY,2025-09-12,12:35:00,25120.75,25121.4,25114.1,25118.05,11466
NSE,NIFTY,2025-09-12,12:40:00,25117.3,25120.85,25114.7,25120.05,11467
NSE,NIFTY,2025-09-12,12:45:00,25119.4,25122.35,25114.05,25114.55,11468
NSE,NIFTY,2025-09-12,12:50:00,25114.35,25116.05,25108.0,25112.75,11469
NSE,NIFTY,2025-09-12,12:55:00,25112.3,25113.95,25101.9,25105.95,11470
NSE,NIFTY,2025-09-12,13:00:00,25105.15,25114.5,25104.35,25109.55,11471
NSE,NIFTY,2025-09-12,13:05:00,25109.25,25112.6,25107.4,25110.8,11472
NSE,NIFTY,2025-09-12,13:10:00,25110.45,25118.3,25106.5,25118.25,11473
NSE,NIFTY,2025-09-12,13:15:00,25117.75,25120.1,25111.75,25119.15,11474
NSE,NIFTY,2025-09-12,13:20:00,25119.2,25123.95,25117.35,25120.4,11475
NSE,NIFTY,2025-09-12,13:25:00,25120.7,25123.35,25117.45,25121.25,11476
NSE,NIFTY,2025-09-12,13:30:00,25120.65,25122.15,25116.45,25119.55,11477
NSE,NIFTY,2025-09-12,13:35:00,25119.55,25123.95,25117.6,25120.6,11478
NSE,NIFTY,2025-09-12,13:40:00,25120.3,25125.05,25118.05,25121.55,11479
NSE,NIFTY,2025-09-12,13:45:00,25121.95,25123.2,25106.0,25107.1,11480
NSE,NIFTY,2025-09-12,13:50:00,25107.55,25110.9,25099.65,25100.3,11481
NSE,NIFTY,2025-09-12,13:55:00,25099.6,25113.3,25097.25,25111.35,11482
NSE,NIFTY,2025-09-12,14:00:00,25110.7,25125.0,25109.7,25122.5,11483
NSE,NIFTY,2025-09-12,14:05:00,25122.25,25129.65,25119.1,25126.1,11484
NSE,NIFTY,2025-09-12,14:10:00,25125.95,25126.7,25114.2,25117.3,11485
NSE,NIFTY,2025-09-12,14:15:00,25117.9,25121.7,25114.8,25119.8,11486
NSE,NIFTY,2025-09-12,14:20:00,25120.15,25120.15,25109.3,25116.3,11487
NSE,NIFTY,2025-09-12,14:25:00,25116.05,25118.4,25111.45,25116.95,11488
NSE,NIFTY,2025-09-12,14:30:00,25118.15,25120.7,25116.3,25118.05,11489
NSE,NIFTY,2025-09-12,14:35:00,25117.75,25119.0,25106.9,25111.1,11490
NSE,NIFTY,2025-09-12,14:40:00,25112.35,25112.8,25103.75,25107.85,11491
NSE,NIFTY,2025-09-12,14:45:00,25107.95,25114.9,25105.6,25111.6,11492
NSE,NIFTY,2025-09-12,14:50:00,25113.05,25114.4,25102.5,25106.35,11493
NSE,NIFTY,2025-09-12,14:55:00,25105.55,25108.0,25102.35,25104.2,11494
NSE,NIFTY,2025-09-12,15:00:00,25104.7,25109.4,25099.5,25107.45,11495
NSE,NIFTY,2025-09-12,15:05:00,25106.45,25116.15,25106.15,25109.9,11496
NSE,NIFTY,2025-09-12,15:10:00,25109.95,25115.45,25109.4,25113.0,11497
NSE,NIFTY,2025-09-12,15:15:00,25112.55,25117.1,25111.1,25116.25,11498
NSE,NIFTY,2025-09-12,15:20:00,25116.1,25120.1,25114.2,25117.45,11499
NSE,NIFTY,2025-09-12,15:25:00,25117.15,25117.25,25107.2,25109.15,11500
NSE,NIFTY,2025-09-12,15:30:00,25108.4,25114.95,25102.4,25107.85,11501
NSE,NIFTY,2025-09-15,09:15:00,25118.9,25137.45,25114.45,25125.45,11530
NSE,NIFTY,2025-09-15,09:20:00,25122.45,25125.25,25085.95,25087.4,11531
NSE,NIFTY,2025-09-15,09:25:00,25087.15,25104.05,25085.3,25102.05,11532
NSE,NIFTY,2025-09-15,09:30:00,25102.3,25122.15,25102.2,25110.85,11533
NSE,NIFTY,2025-09-15,09:35:00,25109.1,25111.05,25081.95,25088.3,11534
NSE,NIFTY,2025-09-15,09:40:00,25087.9,25092.3,25082.35,25088.3,11535
NSE,NIFTY,2025-09-15,09:45:00,25087.8,25094.25,25087.0,25090.8,11536
NSE,NIFTY,2025-09-15,09:50:00,25090.95,25105.15,25089.55,25105.15,11537
NSE,NIFTY,2025-09-15,09:55:00,25106.0,25111.95,25103.0,25105.7,11538
NSE,NIFTY,2025-09-15,10:00:00,25106.15,25107.9,25099.25,25099.25,11539
NSE,NIFTY,2025-09-15,10:05:00,25099.15,25099.75,25098.2,25098.2,11540
NSE,NIFTY,2025-09-15,10:10:00,25097.0,25099.7,25070.0,25070.8,11541
NSE,NIFTY,2025-09-15,10:15:00,25070.3,25087.35,25070.3,25086.45,11542
NSE,NIFTY,2025-09-15,10:20:00,25086.25,25088.2,25080.5,25085.1,11543
NSE,NIFTY,2025-09-15,10:25:00,25083.3,25092.9,25082.9,25091.35,11544
NSE,NIFTY,2025-09-15,10:30:00,25091.9,25095.25,25087.9,25092.35,11545
NSE,NIFTY,2025-09-15,10:35:00,25092.2,25099.8,25091.75,25098.3,11546
NSE,NIFTY,2025-09-15,10:40:00,25098.0,25102.75,25091.95,25094.75,11547
NSE,NIFTY,2025-09-15,10:45:00,25094.65,25094.85,25075.65,25076.65,11548
NSE,NIFTY,2025-09-15,10:50:00,25076.85,25078.4,25065.1,25077.4,11549
NSE,NIFTY,2025-09-15,10:55:00,25078.4,25079.7,25068.15,25076.7,11550
NSE,NIFTY,2025-09-15,11:00:00,25077.55,25082.75,25074.45,25078.2,11551
NSE,NIFTY,2025-09-15,11:05:00,25077.85,25085.7,25074.5,25084.9,11552
NSE,NIFTY,2025-09-15,11:10:00,25084.4,25090.05,25080.0,25081.55,11553
NSE,NIFTY,2025-09-15,11:15:00,25081.2,25083.15,25075.0,25075.85,11554
NSE,NIFTY,2025-09-15,11:20:00,25076.1,25076.85,25068.75,25074.15,11555
NSE,NIFTY,2025-09-15,11:25:00,25074.5,25087.05,25074.05,25086.7,11556
NSE,NIFTY,2025-09-15,11:30:00,25086.7,25089.15,25081.75,25086.65,11557
NSE,NIFTY,2025-09-15,11:35:00,25088.5,25097.05,25082.25,25095.6,11558
NSE,NIFTY,2025-09-15,11:40:00,25095.7,25095.85,25085.8,25090.15,11559
NSE,NIFTY,2025-09-15,11:45:00,25090.6,25091.5,25081.5,25085.7,11560
NSE,NIFTY,2025-09-15,11:50:00,25083.7,25096.65,25083.5,25095.75,11561
NSE,NIFTY,2025-09-15,11:55:00,25096.2,25108.5,25096.15,25104.55,11562
NSE,NIFTY,2025-09-15,12:00:00,25103.35,25108.45,25099.85,25108.2,11563
NSE,NIFTY,2025-09-15,12:05:00,25109.9,25118.0,25104.95,25105.2,11564
NSE,NIFTY,2025-09-15,12:10:00,25105.6,25108.15,25094.0,25098.1,11565
NSE,NIFTY,2025-09-15,12:15:00,25099.0,25104.2,25095.5,25101.0,11566
NSE,NIFTY,2025-09-15,12:20:00,25101.7,25108.25,25100.25,25101.8,11567
NSE,NIFTY,2025-09-15,12:25:00,25103.3,25107.1,25100.1,25105.15,11568
NSE,NIFTY,2025-09-15,12:30:00,25104.15,25111.65,25103.95,25110.3,11569
NSE,NIFTY,2025-09-15,12:35:00,25110.1,25112.1,25104.5,25109.2,11570
NSE,NIFTY,2025-09-15,12:40:00,25109.05,25111.2,25102.75,25102.75,11571
NSE,NIFTY,2025-09-15,12:45:00,25103.65,25105.15,25092.15,25092.65,11572
NSE,NIFTY,2025-09-15,12:50:00,25092.75,25099.45,25089.4,25097.9,11573
NSE,NIFTY,2025-09-15,12:55:00,25100.5,25101.4,25093.0,25093.3,11574
NSE,NIFTY,2025-09-15,13:00:00,25090.75,25103.15,25090.75,25099.9,11575
NSE,NIFTY,2025-09-15,13:05:00,25099.35,25100.6,25092.7,25100.0,11576
NSE,NIFTY,2025-09-15,13:10:00,25100.05,25113.3,25098.35,25111.8,11577
NSE,NIFTY,2025-09-15,13:15:00,25111.0,25112.2,25103.85,25106.7,11578
NSE,NIFTY,2025-09-15,13:20:00,25106.8,25111.7,25091.55,25099.4,11579
NSE,NIFTY,2025-09-15,13:25:00,25099.3,25116.9,25098.9,25111.45,11580
NSE,NIFTY,2025-09-15,13:30:00,25111.3,25114.3,25100.6,25110.85,11581
NSE,NIFTY,2025-09-15,13:35:00,25110.75,25111.35,25101.1,25105.8,11582
NSE,NIFTY,2025-09-15,13:40:00,25103.85,25106.55,25099.55,25100.85,11583
NSE,NIFTY,2025-09-15,13:45:00,25101.6,25103.4,25049.0,25069.8,11584
NSE,NIFTY,2025-09-15,13:50:00,25069.5,25088.65,25069.5,25077.0,11585
NSE,NIFTY,2025-09-15,13:55:00,25076.95,25089.0,25072.05,25086.05,11586
NSE,NIFTY,2025-09-15,14:00:00,25087.2,25088.85,25080.7,25080.9,11587
NSE,NIFTY,2025-09-15,14:05:00,25081.45,25084.5,25077.2,25082.8,11588
NSE,NIFTY,2025-09-15,14:10:00,25083.6,25088.85,25073.8,25076.6,11589
NSE,NIFTY,2025-09-15,14:15:00,25076.7,25076.9,25069.35,25072.7,11590
NSE,NIFTY,2025-09-15,14:20:00,25072.55,25074.05,25066.1,25073.15,11591
NSE,NIFTY,2025-09-15,14:25:00,25072.85,25077.25,25063.2,25071.95,11592
NSE,NIFTY,2025-09-15,14:30:00,25071.3,25075.5,25069.15,25073.85,11593
NSE,NIFTY,2025-09-15,14:35:00,25074.0,25083.2,25072.05,25082.85,11594
NSE,NIFTY,2025-09-15,14:40:00,25083.05,25083.6,25076.3,25080.2,11595
NSE,NIFTY,2025-09-15,14:45:00,25080.0,25114.2,25078.75,25095.2,11596
NSE,NIFTY,2025-09-15,14:50:00,25094.45,25097.0,25083.25,25091.25,11597
NSE,NIFTY,2025-09-15,14:55:00,25090.2,25092.75,25086.5,25090.9,11598
NSE,NIFTY,2025-09-15,15:00:00,25090.75,25090.8,25080.7,25089.5,11599
NSE,NIFTY,2025-09-15,15:05:00,25089.2,25091.05,25074.85,25078.6,11600
NSE,NIFTY,2025-09-15,15:10:00,25077.85,25079.2,25073.5,25074.95,11601
NSE,NIFTY,2025-09-15,15:15:00,25074.55,25075.9,25064.75,25067.2,11602
NSE,NIFTY,2025-09-15,15:20:00,25067.0,25068.0,25060.7,25063.1,11603
NSE,NIFTY,2025-09-15,15:25:00,25063.8,25068.1,25061.55,25065.85,11604
NSE,NIFTY,2025-09-15,15:30:00,25065.3,25072.65,25064.8,25069.2,11605
NSE,NIFTY,2025-09-16,09:15:00,25073.6,25110.25,25073.6,25105.9,11633
NSE,NIFTY,2025-09-16,09:20:00,25103.45,25112.8,25072.25,25110.6,11634
NSE,NIFTY,2025-09-16,09:25:00,25110.85,25121.9,25109.2,25118.45,11635
NSE,NIFTY,2025-09-16,09:30:00,25118.0,25119.0,25103.7,25114.65,11636
NSE,NIFTY,2025-09-16,09:35:00,25114.95,25131.4,25109.95,25128.2,11637
NSE,NIFTY,2025-09-16,09:40:00,25127.4,25140.1,25125.4,25134.8,11638
NSE,NIFTY,2025-09-16,09:45:00,25133.8,25138.1,25125.1,25135.25,11639
NSE,NIFTY,2025-09-16,09:50:00,25135.4,25137.05,25131.45,25135.2,11640
NSE,NIFTY,2025-09-16,09:55:00,25134.55,25153.2,25134.55,25151.5,11641
NSE,NIFTY,2025-09-16,10:00:00,25150.75,25159.95,25145.25,25158.85,11642
NSE,NIFTY,2025-09-16,10:05:00,25158.95,25181.05,25156.95,25171.75,11643
NSE,NIFTY,2025-09-16,10:10:00,25171.65,25175.6,25166.95,25171.3,11644
NSE,NIFTY,2025-09-16,10:15:00,25170.8,25172.2,25163.55,25167.4,11645
NSE,NIFTY,2025-09-16,10:20:00,25169.2,25172.05,25164.4,25165.0,11646
NSE,NIFTY,2025-09-16,10:25:00,25165.45,25169.9,25158.95,25167.05,11647
NSE,NIFTY,2025-09-16,10:30:00,25166.25,25173.0,25164.4,25166.45,11648
NSE,NIFTY,2025-09-16,10:35:00,25166.2,25172.05,25164.4,25171.05,11649
NSE,NIFTY,2025-09-16,10:40:00,25171.2,25174.7,25168.7,25171.75,11650
NSE,NIFTY,2025-09-16,10:45:00,25172.15,25173.25,25161.9,25162.5,11651
NSE,NIFTY,2025-09-16,10:50:00,25162.1,25162.95,25150.95,25151.35,11652
NSE,NIFTY,2025-09-16,10:55:00,25151.75,25159.25,25147.8,25159.05,11653
NSE,NIFTY,2025-09-16,11:00:00,25158.4,25160.2,25152.85,25156.05,11654
NSE,NIFTY,2025-09-16,11:05:00,25156.25,25160.85,25152.25,25152.95,11655
NSE,NIFTY,2025-09-16,11:10:00,25153.05,25156.4,25149.6,25154.6,11656
NSE,NIFTY,2025-09-16,11:15:00,25154.75,25161.05,25154.1,25160.6,11657
NSE,NIFTY,2025-09-16,11:20:00,25160.5,25163.0,25157.7,25163.0,11658
NSE,NIFTY,2025-09-16,11:25:00,25162.45,25168.15,25159.8,25167.6,11659
NSE,NIFTY,2025-09-16,11:30:00,25168.0,25169.1,25162.65,25167.1,11660
NSE,NIFTY,2025-09-16,11:35:00,25167.3,25168.0,25166.2,25166.75,11661
NSE,NIFTY,2025-09-16,11:40:00,25167.0,25170.35,25165.45,25169.55,11662
NSE,NIFTY,2025-09-16,11:45:00,25169.5,25175.35,25168.75,25173.15,11663
NSE,NIFTY,2025-09-16,11:50:00,25173.3,25178.05,25165.35,25174.45,11664
NSE,NIFTY,2025-09-16,11:55:00,25174.95,25177.2,25170.3,25174.55,11665
NSE,NIFTY,2025-09-16,12:00:00,25174.4,25176.3,25164.0,25164.45,11666
NSE,NIFTY,2025-09-16,12:05:00,25165.0,25175.1,25161.85,25173.1,11667
NSE,NIFTY,2025-09-16,12:10:00,25173.6,25174.9,25171.9,25174.0,11668
NSE,NIFTY,2025-09-16,12:15:00,25174.0,25176.55,25167.65,25171.2,11669
NSE,NIFTY,2025-09-16,12:20:00,25171.25,25178.35,25170.05,25177.4,11670
NSE,NIFTY,2025-09-16,12:25:00,25177.35,25191.2,25174.2,25189.5,11671
NSE,NIFTY,2025-09-16,12:30:00,25189.15,25197.8,25184.5,25191.2,11672
NSE,NIFTY,2025-09-16,12:35:00,25190.85,25200.7,25189.3,25196.85,11673
NSE,NIFTY,2025-09-16,12:40:00,25196.3,25202.4,25194.05,25195.25,11674
NSE,NIFTY,2025-09-16,12:45:00,25195.15,25199.35,25191.3,25198.45,11675
NSE,NIFTY,2025-09-16,12:50:00,25198.2,25200.35,25195.55,25197.4,11676
NSE,NIFTY,2025-09-16,12:55:00,25197.85,25199.05,25192.3,25194.8,11677
NSE,NIFTY,2025-09-16,13:00:00,25195.0,25199.15,25190.0,25197.6,11678
NSE,NIFTY,2025-09-16,13:05:00,25197.5,25200.75,25193.05,25193.05,11679
NSE,NIFTY,2025-09-16,13:10:00,25194.0,25197.2,25187.35,25195.45,11680
NSE,NIFTY,2025-09-16,13:15:00,25195.4,25195.55,25176.25,25188.1,11681
NSE,NIFTY,2025-09-16,13:20:00,25186.8,25187.25,25175.4,25177.35,11682
NSE,NIFTY,2025-09-16,13:25:00,25177.15,25185.15,25167.25,25175.0,11683
NSE,NIFTY,2025-09-16,13:30:00,25175.4,25182.85,25175.15,25178.3,11684
NSE,NIFTY,2025-09-16,13:35:00,25178.1,25180.0,25168.7,25176.3,11685
NSE,NIFTY,2025-09-16,13:40:00,25175.6,25182.15,25174.55,25179.0,11686
NSE,NIFTY,2025-09-16,13:45:00,25179.6,25181.65,25175.4,25177.55,11687
NSE,NIFTY,2025-09-16,13:50:00,25177.95,25180.7,25174.05,25174.95,11688
NSE,NIFTY,2025-09-16,13:55:00,25176.1,25176.85,25169.3,25172.15,11689
NSE,NIFTY,2025-09-16,14:00:00,25171.6,25179.15,25169.95,25179.15,11690
NSE,NIFTY,2025-09-16,14:05:00,25178.8,25185.7,25177.9,25179.85,11691
NSE,NIFTY,2025-09-16,14:10:00,25179.8,25182.5,25155.5,25156.55,11692
NSE,NIFTY,2025-09-16,14:15:00,25156.45,25178.1,25152.7,25177.6,11693
NSE,NIFTY,2025-09-16,14:20:00,25178.2,25187.75,25176.6,25187.75,11694
NSE,NIFTY,2025-09-16,14:25:00,25187.55,25211.05,25185.65,25202.6,11695
NSE,NIFTY,2025-09-16,14:30:00,25202.65,25206.6,25192.55,25200.35,11696
NSE,NIFTY,2025-09-16,14:35:00,25200.1,25211.35,25195.3,25206.05,11697
NSE,NIFTY,2025-09-16,14:40:00,25204.55,25229.4,25200.35,25222.5,11698
NSE,NIFTY,2025-09-16,14:45:00,25222.1,25223.5,25209.4,25210.45,11699
NSE,NIFTY,2025-09-16,14:50:00,25210.9,25211.95,25204.65,25210.9,11700
NSE,NIFTY,2025-09-16,14:55:00,25211.65,25214.4,25190.1,25199.55,11701
NSE,NIFTY,2025-09-16,15:00:00,25198.6,25215.75,25198.6,25202.75,11702
NSE,NIFTY,2025-09-16,15:05:00,25203.4,25237.45,25199.0,25236.5,11703
NSE,NIFTY,2025-09-16,15:10:00,25235.5,25253.95,25220.85,25249.75,11704
NSE,NIFTY,2025-09-16,15:15:00,25249.2,25254.75,25222.5,25244.0,11705
NSE,NIFTY,2025-09-16,15:20:00,25244.1,25252.25,25230.25,25243.0,11706
NSE,NIFTY,2025-09-16,15:25:00,25242.7,25256.35,25236.15,25251.85,11707
NSE,NIFTY,2025-09-16,15:30:00,25252.0,25260.5,25249.2,25255.4,11708
NSE,NIFTY,2025-09-17,09:15:00,25276.6,25313.15,25276.6,25304.05,11736
NSE,NIFTY,2025-09-17,09:20:00,25303.25,25310.15,25282.05,25296.85,11737
NSE,NIFTY,2025-09-17,09:25:00,25296.8,25324.0,25295.2,25312.95,11738
NSE,NIFTY,2025-09-17,09:30:00,25312.25,25313.2,25282.95,25297.9,11739
NSE,NIFTY,2025-09-17,09:35:00,25298.5,25319.7,25297.05,25319.7,11740
NSE,NIFTY,2025-09-17,09:40:00,25319.55,25338.35,25317.75,25334.05,11741
NSE,NIFTY,2025-09-17,09:45:00,25333.1,25342.15,25328.9,25329.5,11742
NSE,NIFTY,2025-09-17,09:50:00,25329.05,25329.15,25311.4,25314.95,11743
NSE,NIFTY,2025-09-17,09:55:00,25315.75,25319.7,25310.45,25316.5,11744
NSE,NIFTY,2025-09-17,10:00:00,25314.8,25323.95,25313.45,25313.85,11745
NSE,NIFTY,2025-09-17,10:05:00,25313.95,25328.95,25312.25,25328.25,11746
NSE,NIFTY,2025-09-17,10:10:00,25328.55,25328.75,25320.0,25320.35,11747
NSE,NIFTY,2025-09-17,10:15:00,25320.75,25324.8,25313.75,25314.75,11748
NSE,NIFTY,2025-09-17,10:20:00,25315.4,25316.8,25305.45,25308.7,11749
NSE,NIFTY,2025-09-17,10:25:00,25309.25,25327.2,25308.05,25324.35,11750
NSE,NIFTY,2025-09-17,10:30:00,25324.6,25325.3,25317.15,25322.95,11751
NSE,NIFTY,2025-09-17,10:35:00,25322.8,25326.95,25321.55,25324.95,11752
NSE,NIFTY,2025-09-17,10:40:00,25324.65,25330.35,25321.45,25330.35,11753
NSE,NIFTY,2025-09-17,10:45:00,25329.5,25330.2,25310.4,25312.1,11754
NSE,NIFTY,2025-09-17,10:50:00,25312.5,25312.8,25311.25,25311.25,11755
NSE,NIFTY,2025-09-17,10:55:00,25310.95,25316.65,25308.2,25314.65,11756
NSE,NIFTY,2025-09-17,11:00:00,25316.15,25330.55,25308.45,25328.4,11757
NSE,NIFTY,2025-09-17,11:05:00,25328.85,25338.6,25327.65,25334.7,11758
NSE,NIFTY,2025-09-17,11:10:00,25334.15,25336.35,25327.3,25331.3,11759
NSE,NIFTY,2025-09-17,11:15:00,25331.05,25333.55,25326.3,25328.85,11760
NSE,NIFTY,2025-09-17,11:20:00,25329.05,25339.5,25329.0,25333.25,11761
NSE,NIFTY,2025-09-17,11:25:00,25332.5,25333.0,25324.4,25330.65,11762
NSE,NIFTY,2025-09-17,11:30:00,25330.7,25332.2,25324.0,25327.6,11763
NSE,NIFTY,2025-09-17,11:35:00,25327.25,25328.25,25321.8,25327.5,11764
NSE,NIFTY,2025-09-17,11:40:00,25327.55,25328.45,25318.5,25324.4,11765
NSE,NIFTY,2025-09-17,11:45:00,25324.15,25327.1,25318.0,25324.7,11766
NSE,NIFTY,2025-09-17,11:50:00,25324.8,25329.1,25319.6,25323.9,11767
NSE,NIFTY,2025-09-17,11:55:00,25324.6,25336.95,25319.45,25333.7,11768
NSE,NIFTY,2025-09-17,12:00:00,25333.2,25334.5,25329.5,25332.25,11769
NSE,NIFTY,2025-09-17,12:05:00,25332.15,25335.35,25328.05,25330.95,11770
NSE,NIFTY,2025-09-17,12:10:00,25330.7,25330.75,25323.15,25325.2,11771
NSE,NIFTY,2025-09-17,12:15:00,25325.45,25327.95,25319.35,25324.9,11772
NSE,NIFTY,2025-09-17,12:20:00,25324.5,25327.45,25320.7,25323.45,11773
NSE,NIFTY,2025-09-17,12:25:00,25322.95,25333.15,25319.0,25329.0,11774
NSE,NIFTY,2025-09-17,12:30:00,25328.75,25334.0,25324.8,25332.7,11775
NSE,NIFTY,2025-09-17,12:35:00,25333.15,25345.4,25326.55,25340.5,11776
NSE,NIFTY,2025-09-17,12:40:00,25337.9,25341.7,25332.45,25337.35,11777
NSE,NIFTY,2025-09-17,12:45:00,25337.1,25337.7,25331.65,25332.6,11778
NSE,NIFTY,2025-09-17,12:50:00,25333.25,25335.5,25328.9,25333.9,11779
NSE,NIFTY,2025-09-17,12:55:00,25333.95,25335.25,25326.65,25327.3,11780
NSE,NIFTY,2025-09-17,13:00:00,25328.3,25336.3,25325.9,25329.75,11781
NSE,NIFTY,2025-09-17,13:05:00,25329.25,25340.6,25326.5,25338.0,11782
NSE,NIFTY,2025-09-17,13:10:00,25337.9,25342.1,25333.85,25335.45,11783
NSE,NIFTY,2025-09-17,13:15:00,25336.6,25337.65,25330.45,25336.25,11784
NSE,NIFTY,2025-09-17,13:20:00,25336.05,25343.05,25332.3,25340.9,11785
NSE,NIFTY,2025-09-17,13:25:00,25341.05,25346.25,25336.2,25339.1,11786
NSE,NIFTY,2025-09-17,13:30:00,25338.0,25340.1,25331.75,25333.3,11787
NSE,NIFTY,2025-09-17,13:35:00,25332.9,25337.25,25331.1,25334.35,11788
NSE,NIFTY,2025-09-17,13:40:00,25334.35,25335.4,25324.45,25325.75,11789
NSE,NIFTY,2025-09-17,13:45:00,25325.25,25326.65,25317.3,25321.05,11790
NSE,NIFTY,2025-09-17,13:50:00,25320.0,25328.35,25308.75,25315.2,11791
NSE,NIFTY,2025-09-17,13:55:00,25314.35,25319.95,25311.15,25317.05,11792
NSE,NIFTY,2025-09-17,14:00:00,25317.1,25320.6,25312.7,25316.6,11793
NSE,NIFTY,2025-09-17,14:05:00,25316.45,25317.55,25297.05,25300.1,11794
NSE,NIFTY,2025-09-17,14:10:00,25299.5,25306.85,25294.35,25305.1,11795
NSE,NIFTY,2025-09-17,14:15:00,25305.6,25309.4,25294.85,25305.05,11796
NSE,NIFTY,2025-09-17,14:20:00,25304.15,25315.1,25303.65,25311.3,11797
NSE,NIFTY,2025-09-17,14:25:00,25311.1,25312.2,25303.6,25306.55,11798
NSE,NIFTY,2025-09-17,14:30:00,25306.2,25306.7,25304.85,25306.25,11799
NSE,NIFTY,2025-09-17,14:35:00,25305.85,25308.9,25280.6,25296.15,11800
NSE,NIFTY,2025-09-17,14:40:00,25295.6,25313.3,25294.7,25312.55,11801
NSE,NIFTY,2025-09-17,14:45:00,25311.7,25315.75,25302.3,25313.8,11802
NSE,NIFTY,2025-09-17,14:50:00,25314.05,25316.1,25308.55,25313.1,11803
NSE,NIFTY,2025-09-17,14:55:00,25312.75,25325.5,25308.85,25320.4,11804
NSE,NIFTY,2025-09-17,15:00:00,25320.8,25328.6,25319.65,25325.75,11805
NSE,NIFTY,2025-09-17,15:05:00,25325.8,25337.1,25323.7,25328.3,11806
NSE,NIFTY,2025-09-17,15:10:00,25328.95,25330.6,25325.7,25328.15,11807
NSE,NIFTY,2025-09-17,15:15:00,25327.7,25335.6,25326.2,25332.15,11808
NSE,NIFTY,2025-09-17,15:20:00,25331.35,25332.15,25324.2,25325.75,11809
NSE,NIFTY,2025-09-17,15:25:00,25326.0,25331.65,25321.3,25322.8,11810
NSE,NIFTY,2025-09-17,15:30:00,25323.3,25335.15,25322.15,25332.5,11811
NSE,NIFTY,2025-09-18,09:15:00,25441.05,25441.05,25416.8,25417.4,11839
NSE,NIFTY,2025-09-18,09:20:00,25418.05,25427.3,25393.9,25394.6,11840
NSE,NIFTY,2025-09-18,09:25:00,25396.9,25431.35,25396.5,25429.45,11841
NSE,NIFTY,2025-09-18,09:30:00,25430.05,25437.1,25416.65,25423.4,11842
NSE,NIFTY,2025-09-18,09:35:00,25422.7,25427.25,25415.8,25418.0,11843
NSE,NIFTY,2025-09-18,09:40:00,25418.0,25422.25,25403.9,25410.1,11844
NSE,NIFTY,2025-09-18,09:45:00,25410.75,25428.6,25409.55,25425.8,11845
NSE,NIFTY,2025-09-18,09:50:00,25426.25,25427.7,25416.2,25422.6,11846
NSE,NIFTY,2025-09-18,09:55:00,25422.3,25423.15,25411.0,25414.95,11847
NSE,NIFTY,2025-09-18,10:00:00,25414.5,25420.3,25410.75,25415.4,11848
NSE,NIFTY,2025-09-18,10:05:00,25415.1,25420.15,25411.35,25415.6,11849
NSE,NIFTY,2025-09-18,10:10:00,25416.45,25425.85,25413.05,25425.55,11850
NSE,NIFTY,2025-09-18,10:15:00,25425.65,25425.7,25402.55,25405.15,11851
NSE,NIFTY,2025-09-18,10:20:00,25404.75,25411.65,25402.95,25407.95,11852
NSE,NIFTY,2025-09-18,10:25:00,25409.9,25415.45,25405.05,25412.6,11853
NSE,NIFTY,2025-09-18,10:30:00,25412.3,25420.95,25410.5,25419.5,11854
NSE,NIFTY,2025-09-18,10:35:00,25419.15,25420.6,25412.45,25415.65,11855
NSE,NIFTY,2025-09-18,10:40:00,25415.4,25421.45,25412.3,25420.6,11856
NSE,NIFTY,2025-09-18,10:45:00,25421.55,25429.8,25417.45,25425.85,11857
NSE,NIFTY,2025-09-18,10:50:00,25427.7,25431.8,25426.85,25429.15,11858
NSE,NIFTY,2025-09-18,10:55:00,25429.05,25430.0,25423.05,25427.5,11859
NSE,NIFTY,2025-09-18,11:00:00,25428.7,25437.2,25426.0,25436.45,11860
NSE,NIFTY,2025-09-18,11:05:00,25435.8,25439.55,25435.8,25438.0,11861
NSE,NIFTY,2025-09-18,11:10:00,25438.85,25439.15,25436.65,25436.9,11862
NSE,NIFTY,2025-09-18,11:15:00,25437.8,25441.45,25422.15,25424.9,11863
NSE,NIFTY,2025-09-18,11:20:00,25426.2,25427.3,25420.3,25427.3,11864
NSE,NIFTY,2025-09-18,11:25:00,25426.8,25430.1,25423.15,25424.65,11865
NSE,NIFTY,2025-09-18,11:30:00,25424.75,25431.75,25423.1,25430.45,11866
NSE,NIFTY,2025-09-18,11:35:00,25430.25,25430.65,25421.35,25425.3,11867
NSE,NIFTY,2025-09-18,11:40:00,25425.8,25434.45,25419.25,25421.0,11868
NSE,NIFTY,2025-09-18,11:45:00,25421.1,25422.45,25418.5,25418.85,11869
NSE,NIFTY,2025-09-18,11:50:00,25419.8,25422.6,25411.75,25413.9,11870
NSE,NIFTY,2025-09-18,11:55:00,25415.7,25418.1,25409.5,25414.95,11871
NSE,NIFTY,2025-09-18,12:00:00,25415.0,25419.0,25412.1,25417.65,11872
NSE,NIFTY,2025-09-18,12:05:00,25417.65,25421.5,25412.6,25415.8,11873
NSE,NIFTY,2025-09-18,12:10:00,25416.15,25426.55,25414.0,25423.0,11874
NSE,NIFTY,2025-09-18,12:15:00,25423.2,25424.9,25413.9,25422.7,11875
NSE,NIFTY,2025-09-18,12:20:00,25421.65,25427.1,25416.2,25418.15,11876
NSE,NIFTY,2025-09-18,12:25:00,25418.3,25420.5,25413.05,25415.4,11877
NSE,NIFTY,2025-09-18,12:30:00,25416.4,25418.0,25409.15,25413.8,11878
NSE,NIFTY,2025-09-18,12:35:00,25413.35,25414.7,25394.3,25397.1,11879
NSE,NIFTY,2025-09-18,12:40:00,25396.6,25413.65,25383.45,25387.8,11880
NSE,NIFTY,2025-09-18,12:45:00,25388.1,25388.7,25369.25,25384.9,11881
NSE,NIFTY,2025-09-18,12:50:00,25384.5,25394.95,25371.0,25376.55,11882
NSE,NIFTY,2025-09-18,12:55:00,25376.4,25387.35,25372.6,25382.6,11883
NSE,NIFTY,2025-09-18,13:00:00,25380.9,25394.25,25377.85,25383.9,11884
NSE,NIFTY,2025-09-18,13:05:00,25381.75,25382.95,25349.6,25351.25,11885
NSE,NIFTY,2025-09-18,13:10:00,25351.65,25374.45,25350.6,25357.4,11886
NSE,NIFTY,2025-09-18,13:15:00,25358.25,25368.0,25351.55,25353.6,11887
NSE,NIFTY,2025-09-18,13:20:00,25353.0,25362.7,25350.85,25356.7,11888
NSE,NIFTY,2025-09-18,13:25:00,25356.0,25371.4,25354.3,25371.4,11889
NSE,NIFTY,2025-09-18,13:30:00,25370.95,25382.95,25368.2,25381.4,11890
NSE,NIFTY,2025-09-18,13:35:00,25382.45,25388.35,25367.3,25387.4,11891
NSE,NIFTY,2025-09-18,13:40:00,25386.65,25387.9,25372.8,25377.95,11892
NSE,NIFTY,2025-09-18,13:45:00,25377.7,25384.2,25374.8,25383.2,11893
NSE,NIFTY,2025-09-18,13:50:00,25383.35,25389.3,25372.05,25381.35,11894
NSE,NIFTY,2025-09-18,13:55:00,25380.0,25381.2,25361.75,25365.0,11895
NSE,NIFTY,2025-09-18,14:00:00,25364.7,25365.3,25355.8,25362.1,11896
NSE,NIFTY,2025-09-18,14:05:00,25361.25,25365.7,25359.4,25361.0,11897
NSE,NIFTY,2025-09-18,14:10:00,25360.75,25366.4,25342.95,25366.4,11898
NSE,NIFTY,2025-09-18,14:15:00,25366.75,25374.85,25358.05,25366.25,11899
NSE,NIFTY,2025-09-18,14:20:00,25366.85,25367.35,25357.6,25361.8,11900
NSE,NIFTY,2025-09-18,14:25:00,25361.6,25363.3,25338.4,25338.5,11901
NSE,NIFTY,2025-09-18,14:30:00,25337.7,25360.5,25335.9,25355.8,11902
NSE,NIFTY,2025-09-18,14:35:00,25356.7,25360.9,25333.75,25334.0,11903
NSE,NIFTY,2025-09-18,14:40:00,25333.35,25350.9,25330.45,25346.35,11904
NSE,NIFTY,2025-09-18,14:45:00,25346.65,25358.0,25341.65,25358.0,11905
NSE,NIFTY,2025-09-18,14:50:00,25358.0,25387.75,25351.55,25375.6,11906
NSE,NIFTY,2025-09-18,14:55:00,25375.95,25394.85,25373.05,25391.4,11907
NSE,NIFTY,2025-09-18,15:00:00,25391.7,25402.05,25389.75,25391.45,11908
NSE,NIFTY,2025-09-18,15:05:00,25390.15,25422.05,25389.6,25419.95,11909
NSE,NIFTY,2025-09-18,15:10:00,25420.0,25434.7,25417.75,25430.3,11910
NSE,NIFTY,2025-09-18,15:15:00,25430.0,25436.75,25420.9,25425.3,11911
NSE,NIFTY,2025-09-18,15:20:00,25425.95,25431.45,25422.45,25431.45,11912
NSE,NIFTY,2025-09-18,15:25:00,25429.85,25434.8,25426.0,25430.65,11913
NSE,NIFTY,2025-09-18,15:30:00,25430.4,25434.25,25429.5,25432.2,11914
NSE,NIFTY,2025-09-19,09:15:00,25410.2,25424.65,25401.85,25407.95,11942
NSE,NIFTY,2025-09-19,09:20:00,25407.05,25410.15,25358.65,25384.05,11943
NSE,NIFTY,2025-09-19,09:25:00,25382.9,25386.05,25358.3,25359.3,11944
NSE,NIFTY,2025-09-19,09:30:00,25359.5,25368.85,25356.85,25360.85,11945
NSE,NIFTY,2025-09-19,09:35:00,25361.0,25361.8,25332.0,25337.35,11946
NSE,NIFTY,2025-09-19,09:40:00,25336.15,25347.4,25323.6,25333.7,11947
NSE,NIFTY,2025-09-19,09:45:00,25333.65,25347.3,25332.1,25337.35,11948
NSE,NIFTY,2025-09-19,09:50:00,25335.8,25340.75,25326.7,25337.8,11949
NSE,NIFTY,2025-09-19,09:55:00,25338.1,25346.15,25337.55,25339.4,11950
NSE,NIFTY,2025-09-19,10:00:00,25339.4,25340.55,25311.65,25312.1,11951
NSE,NIFTY,2025-09-19,10:05:00,25312.4,25317.3,25297.45,25315.2,11952
NSE,NIFTY,2025-09-19,10:10:00,25314.2,25325.05,25313.75,25318.2,11953
NSE,NIFTY,2025-09-19,10:15:00,25317.75,25325.7,25317.5,25320.5,11954
NSE,NIFTY,2025-09-19,10:20:00,25320.1,25322.4,25310.1,25314.55,11955
NSE,NIFTY,2025-09-19,10:25:00,25313.05,25329.3,25311.75,25328.05,11956
NSE,NIFTY,2025-09-19,10:30:00,25329.0,25339.5,25326.6,25337.65,11957
NSE,NIFTY,2025-09-19,10:35:00,25336.8,25345.25,25320.05,25320.35,11958
NSE,NIFTY,2025-09-19,10:40:00,25320.2,25326.95,25317.7,25321.2,11959
NSE,NIFTY,2025-09-19,10:45:00,25320.2,25324.5,25315.65,25318.0,11960
NSE,NIFTY,2025-09-19,10:50:00,25318.95,25321.9,25312.6,25320.05,11961
NSE,NIFTY,2025-09-19,10:55:00,25320.0,25322.65,25318.0,25320.65,11962
NSE,NIFTY,2025-09-19,11:00:00,25320.7,25324.5,25315.2,25316.75,11963
NSE,NIFTY,2025-09-19,11:05:00,25316.0,25317.8,25306.0,25309.0,11964
NSE,NIFTY,2025-09-19,11:10:00,25308.45,25323.45,25301.6,25312.9,11965
NSE,NIFTY,2025-09-19,11:15:00,25312.8,25319.35,25311.15,25312.3,11966
NSE,NIFTY,2025-09-19,11:20:00,25312.0,25312.5,25304.75,25307.6,11967
NSE,NIFTY,2025-09-19,11:25:00,25307.3,25311.85,25302.85,25309.05,11968
NSE,NIFTY,2025-09-19,11:30:00,25309.2,25319.2,25308.9,25313.8,11969
NSE,NIFTY,2025-09-19,11:35:00,25314.25,25318.6,25311.35,25314.35,11970
NSE,NIFTY,2025-09-19,11:40:00,25313.75,25322.45,25306.55,25322.2,11971
NSE,NIFTY,2025-09-19,11:45:00,25321.65,25328.3,25300.45,25303.95,11972
NSE,NIFTY,2025-09-19,11:50:00,25304.25,25306.3,25290.9,25293.95,11973
NSE,NIFTY,2025-09-19,11:55:00,25295.15,25300.1,25289.75,25298.8,11974
NSE,NIFTY,2025-09-19,12:00:00,25298.7,25302.0,25294.9,25298.25,11975
NSE,NIFTY,2025-09-19,12:05:00,25297.95,25298.65,25287.8,25288.4,11976
NSE,NIFTY,2025-09-19,12:10:00,25287.65,25296.05,25286.55,25295.25,11977
NSE,NIFTY,2025-09-19,12:15:00,25295.15,25307.45,25294.0,25306.6,11978
NSE,NIFTY,2025-09-19,12:20:00,25306.0,25310.55,25289.2,25290.0,11979
NSE,NIFTY,2025-09-19,12:25:00,25291.35,25310.1,25289.9,25302.45,11980
NSE,NIFTY,2025-09-19,12:30:00,25302.95,25305.15,25294.25,25295.5,11981
NSE,NIFTY,2025-09-19,12:35:00,25295.15,25300.0,25290.4,25292.3,11982
NSE,NIFTY,2025-09-19,12:40:00,25293.05,25295.95,25292.7,25292.95,11983
NSE,NIFTY,2025-09-19,12:45:00,25293.8,25299.6,25291.35,25297.45,11984
NSE,NIFTY,2025-09-19,12:50:00,25296.9,25300.55,25292.35,25295.2,11985
NSE,NIFTY,2025-09-19,12:55:00,25293.7,25311.65,25290.8,25292.05,11986
NSE,NIFTY,2025-09-19,13:00:00,25291.7,25314.0,25287.9,25311.8,11987
NSE,NIFTY,2025-09-19,13:05:00,25311.1,25323.15,25310.65,25323.15,11988
NSE,NIFTY,2025-09-19,13:10:00,25323.2,25328.85,25321.25,25322.0,11989
NSE,NIFTY,2025-09-19,13:15:00,25322.95,25332.85,25320.75,25331.35,11990
NSE,NIFTY,2025-09-19,13:20:00,25332.0,25336.15,25329.85,25333.7,11991
NSE,NIFTY,2025-09-19,13:25:00,25333.75,25336.5,25329.65,25335.95,11992
NSE,NIFTY,2025-09-19,13:30:00,25334.4,25346.0,25332.2,25343.6,11993
NSE,NIFTY,2025-09-19,13:35:00,25344.25,25349.5,25338.5,25349.4,11994
NSE,NIFTY,2025-09-19,13:40:00,25349.55,25359.05,25327.65,25339.3,11995
NSE,NIFTY,2025-09-19,13:45:00,25339.15,25345.35,25337.1,25343.5,11996
NSE,NIFTY,2025-09-19,13:50:00,25343.6,25344.7,25332.75,25339.35,11997
NSE,NIFTY,2025-09-19,13:55:00,25340.05,25348.2,25338.25,25345.2,11998
NSE,NIFTY,2025-09-19,14:00:00,25345.95,25345.95,25334.7,25344.85,11999
NSE,NIFTY,2025-09-19,14:05:00,25344.55,25359.55,25342.5,25342.5,12000
NSE,NIFTY,2025-09-19,14:10:00,25341.4,25348.4,25341.2,25348.1,12001
NSE,NIFTY,2025-09-19,14:15:00,25346.8,25355.85,25345.55,25353.85,12002
NSE,NIFTY,2025-09-19,14:20:00,25353.3,25360.0,25330.0,25330.65,12003
NSE,NIFTY,2025-09-19,14:25:00,25329.55,25339.8,25329.55,25332.25,12004
NSE,NIFTY,2025-09-19,14:30:00,25332.95,25335.8,25326.3,25328.15,12005
NSE,NIFTY,2025-09-19,14:35:00,25328.2,25341.1,25323.7,25337.5,12006
NSE,NIFTY,2025-09-19,14:40:00,25337.3,25343.35,25334.5,25342.25,12007
NSE,NIFTY,2025-09-19,14:45:00,25342.0,25350.65,25340.25,25342.9,12008
NSE,NIFTY,2025-09-19,14:50:00,25346.5,25351.4,25342.2,25347.8,12009
NSE,NIFTY,2025-09-19,14:55:00,25347.6,25359.1,25344.75,25355.6,12010
NSE,NIFTY,2025-09-19,15:00:00,25355.25,25360.4,25343.5,25344.9,12011
NSE,NIFTY,2025-09-19,15:05:00,25344.95,25345.95,25316.1,25316.65,12012
NSE,NIFTY,2025-09-19,15:10:00,25315.75,25324.85,25308.85,25310.2,12013
NSE,NIFTY,2025-09-19,15:15:00,25309.45,25320.2,25306.1,25316.7,12014
NSE,NIFTY,2025-09-19,15:20:00,25317.15,25334.55,25315.05,25331.95,12015
NSE,NIFTY,2025-09-19,15:25:00,25331.65,25336.8,25328.35,25334.65,12016
NSE,NIFTY,2025-09-19,15:30:00,25334.45,25359.0,25329.85,25353.0,12017
NSE,NIFTY,2025-09-22,09:15:00,25238.1,25262.9,25238.1,25258.9,12045
NSE,NIFTY,2025-09-22,09:20:00,25262.3,25262.55,25212.35,25251.95,12046
NSE,NIFTY,2025-09-22,09:25:00,25252.05,25281.15,25251.0,25278.55,12047
NSE,NIFTY,2025-09-22,09:30:00,25279.0,25290.9,25267.45,25287.4,12048
NSE,NIFTY,2025-09-22,09:35:00,25286.35,25301.4,25283.15,25301.0,12049
NSE,NIFTY,2025-09-22,09:40:00,25301.5,25315.6,25298.75,25313.1,12050
NSE,NIFTY,2025-09-22,09:45:00,25313.7,25321.45,25306.85,25317.85,12051
NSE,NIFTY,2025-09-22,09:50:00,25318.2,25330.6,25311.25,25315.6,12052
NSE,NIFTY,2025-09-22,09:55:00,25314.7,25317.35,25285.2,25293.1,12053
NSE,NIFTY,2025-09-22,10:00:00,25293.35,25318.9,25293.15,25316.8,12054
NSE,NIFTY,2025-09-22,10:05:00,25316.6,25319.75,25309.15,25311.95,12055
NSE,NIFTY,2025-09-22,10:10:00,25312.3,25324.45,25312.3,25315.1,12056
NSE,NIFTY,2025-09-22,10:15:00,25315.6,25322.1,25314.25,25315.85,12057
NSE,NIFTY,2025-09-22,10:20:00,25314.2,25318.65,25309.8,25313.3,12058
NSE,NIFTY,2025-09-22,10:25:00,25313.9,25314.4,25298.05,25305.45,12059
NSE,NIFTY,2025-09-22,10:30:00,25304.7,25314.4,25301.25,25312.35,12060
NSE,NIFTY,2025-09-22,10:35:00,25312.2,25322.25,25311.25,25315.75,12061
NSE,NIFTY,2025-09-22,10:40:00,25315.85,25320.7,25314.35,25316.3,12062
NSE,NIFTY,2025-09-22,10:45:00,25316.25,25317.7,25307.9,25314.3,12063
NSE,NIFTY,2025-09-22,10:50:00,25312.4,25315.15,25306.15,25307.6,12064
NSE,NIFTY,2025-09-22,10:55:00,25306.9,25311.0,25298.4,25308.5,12065
NSE,NIFTY,2025-09-22,11:00:00,25308.5,25312.65,25304.4,25311.75,12066
NSE,NIFTY,2025-09-22,11:05:00,25311.6,25314.15,25298.6,25299.5,12067
NSE,NIFTY,2025-09-22,11:10:00,25298.8,25301.15,25294.75,25296.35,12068
NSE,NIFTY,2025-09-22,11:15:00,25296.45,25297.6,25291.3,25296.15,12069
NSE,NIFTY,2025-09-22,11:20:00,25295.9,25297.4,25285.7,25288.4,12070
NSE,NIFTY,2025-09-22,11:25:00,25288.55,25288.55,25272.3,25282.1,12071
NSE,NIFTY,2025-09-22,11:30:00,25282.05,25286.1,25276.45,25281.75,12072
NSE,NIFTY,2025-09-22,11:35:00,25280.35,25282.45,25268.2,25271.7,12073
NSE,NIFTY,2025-09-22,11:40:00,25272.0,25275.95,25266.9,25274.35,12074
NSE,NIFTY,2025-09-22,11:45:00,25274.5,25293.6,25271.55,25291.8,12075
NSE,NIFTY,2025-09-22,11:50:00,25292.5,25294.9,25286.05,25289.7,12076
NSE,NIFTY,2025-09-22,11:55:00,25289.05,25298.4,25286.6,25291.05,12077
NSE,NIFTY,2025-09-22,12:00:00,25290.35,25299.45,25287.65,25292.25,12078
NSE,NIFTY,2025-09-22,12:05:00,25290.7,25292.2,25277.85,25287.9,12079
NSE,NIFTY,2025-09-22,12:10:00,25286.7,25300.05,25278.95,25280.25,12080
NSE,NIFTY,2025-09-22,12:15:00,25280.55,25293.25,25276.65,25287.0,12081
NSE,NIFTY,2025-09-22,12:20:00,25288.25,25298.2,25286.25,25291.1,12082
NSE,NIFTY,2025-09-22,12:25:00,25292.1,25297.55,25288.35,25290.15,12083
NSE,NIFTY,2025-09-22,12:30:00,25290.65,25295.7,25283.35,25288.6,12084
NSE,NIFTY,2025-09-22,12:35:00,25288.6,25291.1,25285.4,25287.45,12085
NSE,NIFTY,2025-09-22,12:40:00,25287.15,25297.6,25286.9,25292.7,12086
NSE,NIFTY,2025-09-22,12:45:00,25293.2,25307.7,25290.5,25306.45,12087
NSE,NIFTY,2025-09-22,12:50:00,25305.35,25310.5,25302.2,25303.3,12088
NSE,NIFTY,2025-09-22,12:55:00,25302.8,25309.0,25294.3,25301.9,12089
NSE,NIFTY,2025-09-22,13:00:00,25301.4,25307.9,25297.15,25302.25,12090
NSE,NIFTY,2025-09-22,13:05:00,25303.55,25317.3,25300.55,25307.0,12091
NSE,NIFTY,2025-09-22,13:10:00,25307.7,25312.9,25302.55,25306.4,12092
NSE,NIFTY,2025-09-22,13:15:00,25305.9,25308.8,25299.75,25304.65,12093
NSE,NIFTY,2025-09-22,13:20:00,25304.5,25306.25,25283.15,25285.4,12094
NSE,NIFTY,2025-09-22,13:25:00,25283.75,25292.15,25276.45,25277.1,12095
NSE,NIFTY,2025-09-22,13:30:00,25277.75,25286.85,25274.2,25283.65,12096
NSE,NIFTY,2025-09-22,13:35:00,25283.2,25289.65,25268.15,25275.45,12097
NSE,NIFTY,2025-09-22,13:40:00,25275.85,25283.85,25273.8,25278.55,12098
NSE,NIFTY,2025-09-22,13:45:00,25279.35,25284.1,25274.1,25274.3,12099
NSE,NIFTY,2025-09-22,13:50:00,25274.75,25288.8,25274.0,25284.75,12100
NSE,NIFTY,2025-09-22,13:55:00,25283.35,25285.5,25269.4,25270.2,12101
NSE,NIFTY,2025-09-22,14:00:00,25271.15,25274.4,25252.2,25257.35,12102
NSE,NIFTY,2025-09-22,14:05:00,25258.05,25264.35,25255.7,25259.5,12103
NSE,NIFTY,2025-09-22,14:10:00,25259.7,25289.25,25256.9,25270.5,12104
NSE,NIFTY,2025-09-22,14:15:00,25269.65,25276.7,25269.5,25273.85,12105
NSE,NIFTY,2025-09-22,14:20:00,25274.4,25278.6,25269.9,25270.3,12106
NSE,NIFTY,2025-09-22,14:25:00,25270.0,25273.05,25264.45,25265.2,12107
NSE,NIFTY,2025-09-22,14:30:00,25263.5,25265.05,25248.5,25250.75,12108
NSE,NIFTY,2025-09-22,14:35:00,25251.4,25251.6,25226.95,25229.95,12109
NSE,NIFTY,2025-09-22,14:40:00,25230.7,25232.5,25205.9,25208.75,12110
NSE,NIFTY,2025-09-22,14:45:00,25208.3,25208.3,25181.3,25184.05,12111
NSE,NIFTY,2025-09-22,14:50:00,25182.2,25183.6,25151.6,25176.9,12112
NSE,NIFTY,2025-09-22,14:55:00,25176.7,25200.05,25176.6,25196.4,12113
NSE,NIFTY,2025-09-22,15:00:00,25196.8,25201.85,25174.4,25192.95,12114
NSE,NIFTY,2025-09-22,15:05:00,25192.35,25221.9,25191.2,25206.25,12115
NSE,NIFTY,2025-09-22,15:10:00,25207.05,25214.45,25194.95,25195.85,12116
NSE,NIFTY,2025-09-22,15:15:00,25196.45,25203.8,25191.1,25199.75,12117
NSE,NIFTY,2025-09-22,15:20:00,25200.7,25200.7,25190.65,25192.5,12118
NSE,NIFTY,2025-09-22,15:25:00,25192.05,25212.85,25190.8,25211.0,12119
NSE,NIFTY,2025-09-22,15:30:00,25211.5,25211.7,25201.7,25201.7,12120
NSE,NIFTY,2025-09-23,09:15:00,25209.0,25248.6,25209.0,25234.95,12148
NSE,NIFTY,2025-09-23,09:20:00,25235.45,25246.4,25212.1,25235.6,12149
NSE,NIFTY,2025-09-23,09:25:00,25235.75,25247.2,25202.6,25204.6,12150
NSE,NIFTY,2025-09-23,09:30:00,25206.0,25222.05,25172.6,25172.6,12151
NSE,NIFTY,2025-09-23,09:35:00,25173.2,25175.55,25161.1,25168.7,12152
NSE,NIFTY,2025-09-23,09:40:00,25168.85,25176.0,25155.0,25175.45,12153
NSE,NIFTY,2025-09-23,09:45:00,25176.3,25178.75,25134.3,25144.25,12154
NSE,NIFTY,2025-09-23,09:50:00,25143.1,25143.55,25116.5,25117.9,12155
NSE,NIFTY,2025-09-23,09:55:00,25118.05,25133.7,25110.3,25127.6,12156
NSE,NIFTY,2025-09-23,10:00:00,25127.25,25148.85,25123.9,25138.15,12157
NSE,NIFTY,2025-09-23,10:05:00,25137.75,25153.25,25136.8,25151.65,12158
NSE,NIFTY,2025-09-23,10:10:00,25150.9,25163.9,25144.45,25157.4,12159
NSE,NIFTY,2025-09-23,10:15:00,25157.5,25159.05,25145.7,25152.65,12160
NSE,NIFTY,2025-09-23,10:20:00,25152.45,25154.35,25127.85,25128.45,12161
NSE,NIFTY,2025-09-23,10:25:00,25128.45,25130.1,25111.0,25113.35,12162
NSE,NIFTY,2025-09-23,10:30:00,25112.9,25131.4,25111.5,25129.05,12163
NSE,NIFTY,2025-09-23,10:35:00,25128.85,25132.6,25117.65,25121.55,12164
NSE,NIFTY,2025-09-23,10:40:00,25121.65,25138.7,25118.8,25136.3,12165
NSE,NIFTY,2025-09-23,10:45:00,25136.0,25137.45,25127.85,25136.7,12166
NSE,NIFTY,2025-09-23,10:50:00,25136.45,25137.4,25123.2,25125.9,12167
NSE,NIFTY,2025-09-23,10:55:00,25126.25,25130.15,25119.6,25121.7,12168
NSE,NIFTY,2025-09-23,11:00:00,25121.8,25131.8,25117.0,25119.65,12169
NSE,NIFTY,2025-09-23,11:05:00,25120.05,25139.15,25120.05,25127.55,12170
NSE,NIFTY,2025-09-23,11:10:00,25127.75,25132.65,25117.35,25124.05,12171
NSE,NIFTY,2025-09-23,11:15:00,25123.8,25124.55,25100.35,25100.65,12172
NSE,NIFTY,2025-09-23,11:20:00,25101.15,25102.6,25084.85,25088.9,12173
NSE,NIFTY,2025-09-23,11:25:00,25089.15,25101.75,25088.6,25101.65,12174
NSE,NIFTY,2025-09-23,11:30:00,25101.05,25107.75,25096.2,25098.8,12175
NSE,NIFTY,2025-09-23,11:35:00,25098.85,25101.2,25094.75,25097.35,12176
NSE,NIFTY,2025-09-23,11:40:00,25097.2,25101.3,25090.8,25091.4,12177
NSE,NIFTY,2025-09-23,11:45:00,25091.4,25105.15,25084.8,25105.15,12178
NSE,NIFTY,2025-09-23,11:50:00,25104.75,25112.8,25104.0,25108.1,12179
NSE,NIFTY,2025-09-23,11:55:00,25107.85,25117.75,25104.9,25112.55,12180
NSE,NIFTY,2025-09-23,12:00:00,25112.15,25127.1,25109.6,25114.9,12181
NSE,NIFTY,2025-09-23,12:05:00,25114.7,25121.7,25111.35,25118.55,12182
NSE,NIFTY,2025-09-23,12:10:00,25118.25,25132.85,25113.8,25128.95,12183
NSE,NIFTY,2025-09-23,12:15:00,25129.05,25133.55,25126.15,25132.35,12184
NSE,NIFTY,2025-09-23,12:20:00,25132.25,25148.45,25131.9,25135.25,12185
NSE,NIFTY,2025-09-23,12:25:00,25134.85,25144.6,25132.0,25141.1,12186
NSE,NIFTY,2025-09-23,12:30:00,25145.15,25159.35,25136.5,25158.15,12187
NSE,NIFTY,2025-09-23,12:35:00,25157.25,25189.5,25154.7,25188.1,12188
NSE,NIFTY,2025-09-23,12:40:00,25187.9,25221.75,25185.45,25216.5,12189
NSE,NIFTY,2025-09-23,12:45:00,25216.2,25223.8,25195.25,25206.25,12190
NSE,NIFTY,2025-09-23,12:50:00,25202.45,25203.5,25173.85,25190.1,12191
NSE,NIFTY,2025-09-23,12:55:00,25189.75,25194.85,25178.3,25192.05,12192
NSE,NIFTY,2025-09-23,13:00:00,25191.6,25193.4,25183.3,25186.05,12193
NSE,NIFTY,2025-09-23,13:05:00,25185.85,25209.9,25178.8,25203.4,12194
NSE,NIFTY,2025-09-23,13:10:00,25203.05,25209.8,25195.1,25203.6,12195
NSE,NIFTY,2025-09-23,13:15:00,25202.4,25204.1,25187.95,25194.25,12196
NSE,NIFTY,2025-09-23,13:20:00,25195.1,25201.4,25191.05,25198.35,12197
NSE,NIFTY,2025-09-23,13:25:00,25198.45,25202.25,25192.1,25194.8,12198
NSE,NIFTY,2025-09-23,13:30:00,25195.25,25216.65,25190.95,25215.25,12199
NSE,NIFTY,2025-09-23,13:35:00,25215.1,25244.25,25212.45,25233.85,12200
NSE,NIFTY,2025-09-23,13:40:00,25233.05,25235.3,25209.2,25225.2,12201
NSE,NIFTY,2025-09-23,13:45:00,25225.65,25227.6,25214.8,25218.35,12202
NSE,NIFTY,2025-09-23,13:50:00,25217.55,25230.5,25214.55,25226.4,12203
NSE,NIFTY,2025-09-23,13:55:00,25226.65,25237.55,25219.45,25221.6,12204
NSE,NIFTY,2025-09-23,14:00:00,25222.05,25224.2,25205.2,25205.9,12205
NSE,NIFTY,2025-09-23,14:05:00,25205.45,25231.65,25202.15,25226.05,12206
NSE,NIFTY,2025-09-23,14:10:00,25226.2,25261.6,25225.3,25252.3,12207
NSE,NIFTY,2025-09-23,14:15:00,25251.7,25254.7,25209.35,25214.15,12208
NSE,NIFTY,2025-09-23,14:20:00,25212.95,25220.65,25179.6,25211.0,12209
NSE,NIFTY,2025-09-23,14:25:00,25212.15,25225.55,25190.4,25221.2,12210
NSE,NIFTY,2025-09-23,14:30:00,25221.55,25222.15,25203.8,25207.45,12211
NSE,NIFTY,2025-09-23,14:35:00,25207.5,25212.8,25196.95,25206.4,12212
NSE,NIFTY,2025-09-23,14:40:00,25207.6,25236.25,25196.85,25203.25,12213
NSE,NIFTY,2025-09-23,14:45:00,25207.5,25224.2,25204.2,25220.9,12214
NSE,NIFTY,2025-09-23,14:50:00,25221.8,25221.8,25182.4,25195.85,12215
NSE,NIFTY,2025-09-23,14:55:00,25193.0,25204.9,25173.95,25194.1,12216
NSE,NIFTY,2025-09-23,15:00:00,25191.35,25195.25,25173.5,25194.3,12217
NSE,NIFTY,2025-09-23,15:05:00,25193.4,25195.4,25169.1,25169.1,12218
NSE,NIFTY,2025-09-23,15:10:00,25172.2,25184.35,25159.3,25167.4,12219
NSE,NIFTY,2025-09-23,15:15:00,25167.45,25170.85,25151.0,25170.85,12220
NSE,NIFTY,2025-09-23,15:20:00,25169.35,25184.9,25163.3,25164.15,12221
NSE,NIFTY,2025-09-23,15:25:00,25166.85,25169.15,25161.6,25166.85,12222
NSE,NIFTY,2025-09-23,15:30:00,25166.6,25175.65,25164.45,25173.65,12223
NSE,NIFTY,2025-09-24,09:15:00,25108.75,25146.25,25108.75,25118.75,12251
NSE,NIFTY,2025-09-24,09:20:00,25119.65,25121.55,25088.25,25092.9,12252
NSE,NIFTY,2025-09-24,09:25:00,25092.7,25099.6,25063.8,25079.25,12253
NSE,NIFTY,2025-09-24,09:30:00,25077.85,25084.05,25062.6,25062.6,12254
NSE,NIFTY,2025-09-24,09:35:00,25063.2,25083.8,25054.7,25067.55,12255
NSE,NIFTY,2025-09-24,09:40:00,25067.6,25077.65,25062.15,25073.5,12256
NSE,NIFTY,2025-09-24,09:45:00,25073.1,25077.65,25050.55,25056.05,12257
NSE,NIFTY,2025-09-24,09:50:00,25056.75,25076.8,25051.45,25075.0,12258
NSE,NIFTY,2025-09-24,09:55:00,25075.35,25082.5,25069.25,25082.35,12259
NSE,NIFTY,2025-09-24,10:00:00,25083.7,25092.9,25080.0,25089.75,12260
NSE,NIFTY,2025-09-24,10:05:00,25090.75,25104.05,25084.5,25103.25,12261
NSE,NIFTY,2025-09-24,10:10:00,25103.95,25107.95,25097.45,25098.15,12262
NSE,NIFTY,2025-09-24,10:15:00,25098.15,25108.35,25090.3,25095.8,12263
NSE,NIFTY,2025-09-24,10:20:00,25095.2,25112.65,25093.7,25107.15,12264
NSE,NIFTY,2025-09-24,10:25:00,25106.55,25114.1,25098.0,25102.7,12265
NSE,NIFTY,2025-09-24,10:30:00,25103.45,25108.75,25094.0,25094.45,12266
NSE,NIFTY,2025-09-24,10:35:00,25096.15,25104.35,25090.25,25094.5,12267
NSE,NIFTY,2025-09-24,10:40:00,25094.7,25097.9,25088.85,25095.2,12268
NSE,NIFTY,2025-09-24,10:45:00,25094.7,25095.9,25072.4,25075.7,12269
NSE,NIFTY,2025-09-24,10:50:00,25076.35,25076.35,25068.65,25071.15,12270
NSE,NIFTY,2025-09-24,10:55:00,25070.9,25075.85,25067.6,25073.45,12271
NSE,NIFTY,2025-09-24,11:00:00,25073.6,25076.75,25066.05,25075.75,12272
NSE,NIFTY,2025-09-24,11:05:00,25075.85,25078.05,25050.95,25050.95,12273
NSE,NIFTY,2025-09-24,11:10:00,25051.15,25057.0,25029.0,25029.5,12274
NSE,NIFTY,2025-09-24,11:15:00,25027.95,25048.75,25027.9,25048.7,12275
NSE,NIFTY,2025-09-24,11:20:00,25050.05,25062.45,25049.15,25056.65,12276
NSE,NIFTY,2025-09-24,11:25:00,25056.3,25058.0,25051.8,25055.0,12277
NSE,NIFTY,2025-09-24,11:30:00,25055.2,25061.4,25052.6,25061.15,12278
NSE,NIFTY,2025-09-24,11:35:00,25061.75,25069.4,25060.95,25067.4,12279
NSE,NIFTY,2025-09-24,11:40:00,25067.5,25071.05,25062.85,25063.35,12280
NSE,NIFTY,2025-09-24,11:45:00,25063.65,25078.0,25062.4,25070.55,12281
NSE,NIFTY,2025-09-24,11:50:00,25070.7,25077.45,25066.3,25076.15,12282
NSE,NIFTY,2025-09-24,11:55:00,25075.9,25082.1,25071.65,25071.95,12283
NSE,NIFTY,2025-09-24,12:00:00,25072.45,25081.15,25069.45,25075.8,12284
NSE,NIFTY,2025-09-24,12:05:00,25075.25,25080.65,25072.35,25073.35,12285
NSE,NIFTY,2025-09-24,12:10:00,25072.0,25072.15,25058.65,25067.65,12286
NSE,NIFTY,2025-09-24,12:15:00,25067.8,25088.5,25065.25,25088.5,12287
NSE,NIFTY,2025-09-24,12:20:00,25088.35,25096.45,25086.75,25095.1,12288
NSE,NIFTY,2025-09-24,12:25:00,25095.15,25104.3,25092.5,25104.3,12289
NSE,NIFTY,2025-09-24,12:30:00,25104.0,25104.65,25090.95,25095.65,12290
NSE,NIFTY,2025-09-24,12:35:00,25095.7,25105.65,25089.1,25091.95,12291
NSE,NIFTY,2025-09-24,12:40:00,25092.0,25111.5,25092.0,25098.7,12292
NSE,NIFTY,2025-09-24,12:45:00,25098.65,25104.05,25093.3,25093.6,12293
NSE,NIFTY,2025-09-24,12:50:00,25094.3,25096.6,25085.6,25088.65,12294
NSE,NIFTY,2025-09-24,12:55:00,25088.0,25103.8,25087.25,25102.25,12295
NSE,NIFTY,2025-09-24,13:00:00,25100.95,25114.0,25100.85,25114.0,12296
NSE,NIFTY,2025-09-24,13:05:00,25113.6,25125.45,25112.9,25121.4,12297
NSE,NIFTY,2025-09-24,13:10:00,25121.2,25124.85,25117.75,25123.0,12298
NSE,NIFTY,2025-09-24,13:15:00,25122.5,25134.7,25116.25,25132.15,12299
NSE,NIFTY,2025-09-24,13:20:00,25132.0,25142.05,25125.8,25133.2,12300
NSE,NIFTY,2025-09-24,13:25:00,25136.6,25136.6,25125.35,25132.15,12301
NSE,NIFTY,2025-09-24,13:30:00,25131.65,25138.85,25125.25,25135.2,12302
NSE,NIFTY,2025-09-24,13:35:00,25135.05,25139.05,25127.55,25132.95,12303
NSE,NIFTY,2025-09-24,13:40:00,25133.35,25140.65,25130.4,25135.1,12304
NSE,NIFTY,2025-09-24,13:45:00,25136.3,25138.45,25126.5,25128.95,12305
NSE,NIFTY,2025-09-24,13:50:00,25128.5,25131.65,25116.3,25116.65,12306
NSE,NIFTY,2025-09-24,13:55:00,25115.9,25135.8,25113.05,25132.7,12307
NSE,NIFTY,2025-09-24,14:00:00,25132.8,25136.1,25110.4,25114.35,12308
NSE,NIFTY,2025-09-24,14:05:00,25113.7,25119.45,25111.7,25114.75,12309
NSE,NIFTY,2025-09-24,14:10:00,25114.1,25117.3,25105.45,25105.45,12310
NSE,NIFTY,2025-09-24,14:15:00,25106.75,25112.5,25096.0,25103.7,12311
NSE,NIFTY,2025-09-24,14:20:00,25102.85,25116.4,25097.55,25102.65,12312
NSE,NIFTY,2025-09-24,14:25:00,25103.4,25103.6,25084.95,25088.0,12313
NSE,NIFTY,2025-09-24,14:30:00,25087.45,25093.35,25084.35,25085.3,12314
NSE,NIFTY,2025-09-24,14:35:00,25088.45,25091.05,25071.8,25077.0,12315
NSE,NIFTY,2025-09-24,14:40:00,25077.4,25101.85,25077.4,25092.15,12316
NSE,NIFTY,2025-09-24,14:45:00,25091.6,25096.85,25051.15,25069.8,12317
NSE,NIFTY,2025-09-24,14:50:00,25069.05,25071.95,25061.1,25069.95,12318
NSE,NIFTY,2025-09-24,14:55:00,25068.85,25071.5,25064.1,25068.9,12319
NSE,NIFTY,2025-09-24,15:00:00,25068.8,25071.3,25047.0,25047.45,12320
NSE,NIFTY,2025-09-24,15:05:00,25045.3,25055.25,25039.55,25052.15,12321
NSE,NIFTY,2025-09-24,15:10:00,25051.25,25070.2,25051.15,25061.55,12322
NSE,NIFTY,2025-09-24,15:15:00,25060.35,25064.4,25050.8,25051.7,12323
NSE,NIFTY,2025-09-24,15:20:00,25052.25,25061.85,25051.5,25057.45,12324
NSE,NIFTY,2025-09-24,15:25:00,25057.2,25066.35,25054.0,25063.5,12325
NSE,NIFTY,2025-09-24,15:30:00,25063.1,25067.25,25058.5,25060.55,12326
NSE,NIFTY,2025-09-25,09:15:00,25034.5,25041.55,25016.35,25018.5,12354
NSE,NIFTY,2025-09-25,09:20:00,25016.25,25056.45,25004.9,25052.9,12355
NSE,NIFTY,2025-09-25,09:25:00,25052.9,25086.9,25050.0,25084.1,12356
NSE,NIFTY,2025-09-25,09:30:00,25088.25,25092.0,25052.9,25052.9,12357
NSE,NIFTY,2025-09-25,09:35:00,25052.8,25081.3,25048.45,25056.2,12358
NSE,NIFTY,2025-09-25,09:40:00,25056.5,25074.9,25045.0,25070.6,12359
NSE,NIFTY,2025-09-25,09:45:00,25071.35,25082.6,25039.85,25040.25,12360
NSE,NIFTY,2025-09-25,09:50:00,25040.3,25046.4,25032.05,25036.55,12361
NSE,NIFTY,2025-09-25,09:55:00,25037.1,25055.9,25035.55,25052.85,12362
NSE,NIFTY,2025-09-25,10:00:00,25051.7,25060.2,25049.2,25054.55,12363
NSE,NIFTY,2025-09-25,10:05:00,25054.8,25054.8,25036.35,25039.6,12364
NSE,NIFTY,2025-09-25,10:10:00,25038.9,25040.45,25030.4,25035.45,12365
NSE,NIFTY,2025-09-25,10:15:00,25035.35,25044.05,25035.35,25042.1,12366
NSE,NIFTY,2025-09-25,10:20:00,25041.8,25048.6,25030.05,25044.2,12367
NSE,NIFTY,2025-09-25,10:25:00,25044.15,25048.8,25034.05,25039.55,12368
NSE,NIFTY,2025-09-25,10:30:00,25039.6,25047.0,25037.25,25043.85,12369
NSE,NIFTY,2025-09-25,10:35:00,25044.85,25053.8,25031.7,25031.9,12370
NSE,NIFTY,2025-09-25,10:40:00,25031.3,25032.05,25006.2,25012.25,12371
NSE,NIFTY,2025-09-25,10:45:00,25012.0,25019.3,25004.1,25005.9,12372
NSE,NIFTY,2025-09-25,10:50:00,25006.1,25011.5,25000.0,25008.9,12373
NSE,NIFTY,2025-09-25,10:55:00,25009.05,25018.65,25006.9,25014.4,12374
NSE,NIFTY,2025-09-25,11:00:00,25013.95,25018.7,25004.4,25018.7,12375
NSE,NIFTY,2025-09-25,11:05:00,25018.6,25018.6,25004.3,25005.75,12376
NSE,NIFTY,2025-09-25,11:10:00,25007.0,25018.35,25005.5,25015.3,12377
NSE,NIFTY,2025-09-25,11:15:00,25015.85,25033.0,25014.3,25026.85,12378
NSE,NIFTY,2025-09-25,11:20:00,25028.65,25031.45,25023.2,25025.85,12379
NSE,NIFTY,2025-09-25,11:25:00,25025.95,25044.9,25025.05,25036.1,12380
NSE,NIFTY,2025-09-25,11:30:00,25035.75,25036.95,25015.65,25030.1,12381
NSE,NIFTY,2025-09-25,11:35:00,25028.35,25029.75,25018.2,25020.7,12382
NSE,NIFTY,2025-09-25,11:40:00,25020.0,25021.7,25010.7,25011.5,12383
NSE,NIFTY,2025-09-25,11:45:00,25011.65,25013.75,24985.65,24992.8,12384
NSE,NIFTY,2025-09-25,11:50:00,24992.9,24996.95,24985.35,24990.35,12385
NSE,NIFTY,2025-09-25,11:55:00,24990.6,24991.4,24974.05,24986.95,12386
NSE,NIFTY,2025-09-25,12:00:00,24984.95,24998.85,24979.15,24985.75,12387
NSE,NIFTY,2025-09-25,12:05:00,24985.0,24988.55,24976.0,24984.55,12388
NSE,NIFTY,2025-09-25,12:10:00,24980.2,24982.7,24965.55,24973.2,12389
NSE,NIFTY,2025-09-25,12:15:00,24973.7,24988.45,24971.6,24978.75,12390
NSE,NIFTY,2025-09-25,12:20:00,24980.25,24990.45,24976.9,24987.2,12391
NSE,NIFTY,2025-09-25,12:25:00,24987.2,24999.4,24974.05,24980.6,12392
NSE,NIFTY,2025-09-25,12:30:00,24980.35,24993.6,24977.65,24978.6,12393
NSE,NIFTY,2025-09-25,12:35:00,24977.8,24985.3,24973.45,24977.65,12394
NSE,NIFTY,2025-09-25,12:40:00,24976.85,24987.8,24976.25,24987.25,12395
NSE,NIFTY,2025-09-25,12:45:00,24987.75,24988.8,24959.9,24964.05,12396
NSE,NIFTY,2025-09-25,12:50:00,24964.55,24979.0,24962.1,24967.85,12397
NSE,NIFTY,2025-09-25,12:55:00,24969.25,24981.2,24967.45,24979.15,12398
NSE,NIFTY,2025-09-25,13:00:00,24978.6,24986.65,24972.7,24985.65,12399
NSE,NIFTY,2025-09-25,13:05:00,24986.45,24996.05,24978.05,24994.85,12400
NSE,NIFTY,2025-09-25,13:10:00,24995.75,25010.4,24990.05,25008.85,12401
NSE,NIFTY,2025-09-25,13:15:00,25009.1,25009.1,24987.5,24989.5,12402
NSE,NIFTY,2025-09-25,13:20:00,24988.65,24999.15,24973.1,24987.4,12403
NSE,NIFTY,2025-09-25,13:25:00,24986.7,24988.0,24964.95,24967.2,12404
NSE,NIFTY,2025-09-25,13:30:00,24966.95,24978.95,24966.95,24976.6,12405
NSE,NIFTY,2025-09-25,13:35:00,24978.15,24991.75,24969.35,24971.85,12406
NSE,NIFTY,2025-09-25,13:40:00,24971.65,24986.55,24970.6,24982.45,12407
NSE,NIFTY,2025-09-25,13:45:00,24982.25,24995.1,24980.15,24994.1,12408
NSE,NIFTY,2025-09-25,13:50:00,24992.85,25004.05,24992.0,25001.3,12409
NSE,NIFTY,2025-09-25,13:55:00,25000.35,25003.5,24988.25,24995.15,12410
NSE,NIFTY,2025-09-25,14:00:00,24996.8,25000.6,24974.15,24987.3,12411
NSE,NIFTY,2025-09-25,14:05:00,24986.65,24986.65,24967.4,24974.0,12412
NSE,NIFTY,2025-09-25,14:10:00,24974.15,24980.55,24964.05,24967.7,12413
NSE,NIFTY,2025-09-25,14:15:00,24967.05,24968.4,24949.7,24966.6,12414
NSE,NIFTY,2025-09-25,14:20:00,24966.0,24973.05,24958.35,24963.75,12415
NSE,NIFTY,2025-09-25,14:25:00,24964.4,24971.25,24955.55,24957.3,12416
NSE,NIFTY,2025-09-25,14:30:00,24957.35,24984.75,24950.7,24953.45,12417
NSE,NIFTY,2025-09-25,14:35:00,24952.85,24959.7,24941.0,24942.7,12418
NSE,NIFTY,2025-09-25,14:40:00,24942.2,24965.3,24933.4,24949.25,12419
NSE,NIFTY,2025-09-25,14:45:00,24948.55,24954.4,24933.2,24938.95,12420
NSE,NIFTY,2025-09-25,14:50:00,24939.45,24949.75,24932.35,24940.45,12421
NSE,NIFTY,2025-09-25,14:55:00,24940.7,24943.7,24919.9,24934.7,12422
NSE,NIFTY,2025-09-25,15:00:00,24934.8,24935.8,24914.55,24917.45,12423
NSE,NIFTY,2025-09-25,15:05:00,24918.45,24921.15,24884.8,24887.75,12424
NSE,NIFTY,2025-09-25,15:10:00,24888.0,24889.6,24878.7,24885.95,12425
NSE,NIFTY,2025-09-25,15:15:00,24884.2,24900.2,24882.75,24889.1,12426
NSE,NIFTY,2025-09-25,15:20:00,24889.85,24905.35,24888.95,24900.45,12427
NSE,NIFTY,2025-09-25,15:25:00,24901.85,24902.6,24881.8,24890.85,12428
NSE,NIFTY,2025-09-25,15:30:00,24892.45,24905.75,24887.9,24904.8,12429
NSE,NIFTY,2025-09-26,09:15:00,24818.55,24855.5,24818.55,24831.2,12457
NSE,NIFTY,2025-09-26,09:20:00,24832.5,24841.45,24808.7,24810.35,12458
NSE,NIFTY,2025-09-26,09:25:00,24809.65,24825.6,24786.35,24821.8,12459
NSE,NIFTY,2025-09-26,09:30:00,24824.05,24826.85,24781.6,24781.95,12460
NSE,NIFTY,2025-09-26,09:35:00,24782.85,24786.1,24769.15,24775.2,12461
NSE,NIFTY,2025-09-26,09:40:00,24775.1,24784.65,24759.25,24781.35,12462
NSE,NIFTY,2025-09-26,09:45:00,24780.6,24787.05,24776.45,24782.5,12463
NSE,NIFTY,2025-09-26,09:50:00,24783.5,24817.0,24776.3,24816.25,12464
NSE,NIFTY,2025-09-26,09:55:00,24817.15,24817.8,24796.1,24807.65,12465
NSE,NIFTY,2025-09-26,10:00:00,24806.85,24826.2,24801.45,24809.95,12466
NSE,NIFTY,2025-09-26,10:05:00,24809.0,24809.0,24795.05,24798.15,12467
NSE,NIFTY,2025-09-26,10:10:00,24797.7,24799.7,24778.45,24781.9,12468
NSE,NIFTY,2025-09-26,10:15:00,24781.5,24785.15,24774.75,24779.95,12469
NSE,NIFTY,2025-09-26,10:20:00,24781.15,24791.95,24771.05,24779.3,12470
NSE,NIFTY,2025-09-26,10:25:00,24779.0,24799.75,24772.15,24799.5,12471
NSE,NIFTY,2025-09-26,10:30:00,24800.05,24808.25,24795.75,24797.1,12472
NSE,NIFTY,2025-09-26,10:35:00,24796.1,24797.25,24784.0,24793.6,12473
NSE,NIFTY,2025-09-26,10:40:00,24793.05,24796.25,24787.1,24795.9,12474
NSE,NIFTY,2025-09-26,10:45:00,24795.7,24803.8,24792.6,24803.6,12475
NSE,NIFTY,2025-09-26,10:50:00,24802.8,24805.25,24789.35,24795.85,12476
NSE,NIFTY,2025-09-26,10:55:00,24795.85,24805.7,24785.95,24786.55,12477
NSE,NIFTY,2025-09-26,11:00:00,24786.85,24789.05,24776.6,24778.05,12478
NSE,NIFTY,2025-09-26,11:05:00,24777.85,24778.6,24767.65,24769.05,12479
NSE,NIFTY,2025-09-26,11:10:00,24769.95,24785.7,24763.5,24782.55,12480
NSE,NIFTY,2025-09-26,11:15:00,24780.75,24784.15,24764.75,24767.65,12481
NSE,NIFTY,2025-09-26,11:20:00,24767.9,24768.05,24754.15,24754.4,12482
NSE,NIFTY,2025-09-26,11:25:00,24755.05,24766.45,24751.2,24763.6,12483
NSE,NIFTY,2025-09-26,11:30:00,24763.85,24769.5,24756.1,24765.6,12484
NSE,NIFTY,2025-09-26,11:35:00,24765.3,24767.45,24748.1,24754.25,12485
NSE,NIFTY,2025-09-26,11:40:00,24753.85,24758.95,24742.8,24747.0,12486
NSE,NIFTY,2025-09-26,11:45:00,24746.65,24758.0,24742.3,24757.9,12487
NSE,NIFTY,2025-09-26,11:50:00,24755.0,24759.75,24739.95,24755.5,12488
NSE,NIFTY,2025-09-26,11:55:00,24755.0,24774.75,24754.55,24773.3,12489
NSE,NIFTY,2025-09-26,12:00:00,24773.5,24780.85,24764.55,24766.1,12490
NSE,NIFTY,2025-09-26,12:05:00,24765.05,24775.15,24753.5,24755.4,12491
NSE,NIFTY,2025-09-26,12:10:00,24755.75,24766.75,24749.05,24763.45,12492
NSE,NIFTY,2025-09-26,12:15:00,24764.25,24768.35,24759.3,24763.2,12493
NSE,NIFTY,2025-09-26,12:20:00,24763.95,24764.9,24754.2,24757.5,12494
NSE,NIFTY,2025-09-26,12:25:00,24757.0,24780.45,24756.85,24778.6,12495
NSE,NIFTY,2025-09-26,12:30:00,24777.7,24782.1,24756.7,24757.0,12496
NSE,NIFTY,2025-09-26,12:35:00,24757.1,24759.4,24753.3,24759.1,12497
NSE,NIFTY,2025-09-26,12:40:00,24758.9,24764.25,24755.65,24762.75,12498
NSE,NIFTY,2025-09-26,12:45:00,24762.9,24775.75,24761.4,24773.8,12499
NSE,NIFTY,2025-09-26,12:50:00,24772.85,24778.95,24767.65,24777.3,12500
NSE,NIFTY,2025-09-26,12:55:00,24776.95,24791.85,24776.35,24788.55,12501
NSE,NIFTY,2025-09-26,13:00:00,24790.95,24795.0,24771.45,24773.45,12502
NSE,NIFTY,2025-09-26,13:05:00,24773.05,24788.0,24772.75,24778.2,12503
NSE,NIFTY,2025-09-26,13:10:00,24778.5,24786.8,24775.9,24776.65,12504
NSE,NIFTY,2025-09-26,13:15:00,24776.45,24778.0,24757.2,24757.2,12505
NSE,NIFTY,2025-09-26,13:20:00,24757.1,24760.5,24744.9,24750.4,12506
NSE,NIFTY,2025-09-26,13:25:00,24749.95,24759.9,24736.5,24745.8,12507
NSE,NIFTY,2025-09-26,13:30:00,24745.15,24745.6,24727.3,24728.6,12508
NSE,NIFTY,2025-09-26,13:35:00,24728.25,24731.1,24704.2,24708.7,12509
NSE,NIFTY,2025-09-26,13:40:00,24708.75,24723.15,24708.65,24714.5,12510
NSE,NIFTY,2025-09-26,13:45:00,24715.45,24722.95,24710.6,24712.8,12511
NSE,NIFTY,2025-09-26,13:50:00,24712.45,24725.15,24712.3,24717.1,12512
NSE,NIFTY,2025-09-26,13:55:00,24717.2,24718.7,24677.35,24688.1,12513
NSE,NIFTY,2025-09-26,14:00:00,24687.35,24695.35,24659.55,24670.2,12514
NSE,NIFTY,2025-09-26,14:05:00,24669.3,24671.25,24646.65,24650.15,12515
NSE,NIFTY,2025-09-26,14:10:00,24650.3,24662.6,24638.45,24660.5,12516
NSE,NIFTY,2025-09-26,14:15:00,24661.95,24666.45,24652.75,24655.4,12517
NSE,NIFTY,2025-09-26,14:20:00,24654.55,24656.8,24637.5,24646.4,12518
NSE,NIFTY,2025-09-26,14:25:00,24646.1,24651.75,24629.65,24636.4,12519
NSE,NIFTY,2025-09-26,14:30:00,24636.05,24652.6,24635.05,24650.6,12520
NSE,NIFTY,2025-09-26,14:35:00,24650.8,24654.85,24638.6,24641.0,12521
NSE,NIFTY,2025-09-26,14:40:00,24642.9,24660.7,24635.8,24655.95,12522
NSE,NIFTY,2025-09-26,14:45:00,24657.65,24666.65,24649.55,24665.9,12523
NSE,NIFTY,2025-09-26,14:50:00,24666.8,24668.1,24647.55,24668.1,12524
NSE,NIFTY,2025-09-26,14:55:00,24665.9,24674.65,24630.35,24641.35,12525
NSE,NIFTY,2025-09-26,15:00:00,24640.05,24653.25,24634.8,24642.5,12526
NSE,NIFTY,2025-09-26,15:05:00,24641.75,24660.85,24638.75,24652.05,12527
NSE,NIFTY,2025-09-26,15:10:00,24653.6,24659.8,24644.9,24646.05,12528
NSE,NIFTY,2025-09-26,15:15:00,24646.5,24653.45,24641.5,24644.35,12529
NSE,NIFTY,2025-09-26,15:20:00,24645.05,24655.9,24643.6,24651.85,12530
NSE,NIFTY,2025-09-26,15:25:00,24652.1,24667.7,24651.3,24662.0,12531
NSE,NIFTY,2025-09-26,15:30:00,24662.2,24669.2,24657.35,24667.7,12532
NSE,NIFTY,2025-09-29,09:15:00,24728.55,24736.65,24720.8,24728.1,12560
NSE,NIFTY,2025-09-29,09:20:00,24722.85,24728.3,24668.7,24686.3,12561
NSE,NIFTY,2025-09-29,09:25:00,24687.65,24713.35,24684.55,24705.35,12562
NSE,NIFTY,2025-09-29,09:30:00,24704.55,24716.2,24684.8,24715.25,12563
NSE,NIFTY,2025-09-29,09:35:00,24716.2,24732.25,24704.2,24731.15,12564
NSE,NIFTY,2025-09-29,09:40:00,24731.85,24740.3,24727.85,24735.45,12565
NSE,NIFTY,2025-09-29,09:45:00,24735.5,24754.85,24730.0,24753.8,12566
NSE,NIFTY,2025-09-29,09:50:00,24754.15,24755.65,24738.45,24742.55,12567
NSE,NIFTY,2025-09-29,09:55:00,24742.45,24762.95,24735.0,24760.35,12568
NSE,NIFTY,2025-09-29,10:00:00,24761.1,24765.15,24756.7,24761.6,12569
NSE,NIFTY,2025-09-29,10:05:00,24761.6,24766.95,24751.85,24755.05,12570
NSE,NIFTY,2025-09-29,10:10:00,24754.8,24756.25,24742.1,24747.3,12571
NSE,NIFTY,2025-09-29,10:15:00,24746.65,24762.05,24745.2,24759.85,12572
NSE,NIFTY,2025-09-29,10:20:00,24759.9,24788.75,24756.7,24785.65,12573
NSE,NIFTY,2025-09-29,10:25:00,24785.9,24791.15,24777.05,24786.2,12574
NSE,NIFTY,2025-09-29,10:30:00,24786.0,24787.2,24765.5,24772.7,12575
NSE,NIFTY,2025-09-29,10:35:00,24773.15,24775.65,24761.25,24772.2,12576
NSE,NIFTY,2025-09-29,10:40:00,24771.8,24774.9,24751.8,24753.25,12577
NSE,NIFTY,2025-09-29,10:45:00,24753.55,24765.6,24749.7,24762.5,12578
NSE,NIFTY,2025-09-29,10:50:00,24761.45,24766.9,24745.45,24749.95,12579
NSE,NIFTY,2025-09-29,10:55:00,24749.95,24756.6,24730.25,24731.2,12580
NSE,NIFTY,2025-09-29,11:00:00,24731.3,24748.0,24725.1,24746.25,12581
NSE,NIFTY,2025-09-29,11:05:00,24746.25,24761.15,24742.5,24760.55,12582
NSE,NIFTY,2025-09-29,11:10:00,24760.35,24764.4,24754.35,24755.6,12583
NSE,NIFTY,2025-09-29,11:15:00,24755.15,24757.7,24740.9,24743.2,12584
NSE,NIFTY,2025-09-29,11:20:00,24743.2,24743.2,24733.35,24738.65,12585
NSE,NIFTY,2025-09-29,11:25:00,24738.85,24742.65,24735.8,24738.9,12586
NSE,NIFTY,2025-09-29,11:30:00,24739.6,24740.95,24730.85,24731.0,12587
NSE,NIFTY,2025-09-29,11:35:00,24731.25,24731.45,24704.75,24704.75,12588
NSE,NIFTY,2025-09-29,11:40:00,24705.7,24705.7,24655.2,24657.85,12589
NSE,NIFTY,2025-09-29,11:45:00,24657.55,24674.1,24656.2,24665.4,12590
NSE,NIFTY,2025-09-29,11:50:00,24665.55,24666.0,24644.95,24647.25,12591
NSE,NIFTY,2025-09-29,11:55:00,24648.35,24670.35,24644.25,24658.55,12592
NSE,NIFTY,2025-09-29,12:00:00,24657.95,24676.15,24657.95,24664.4,12593
NSE,NIFTY,2025-09-29,12:05:00,24664.3,24668.0,24644.7,24658.25,12594
NSE,NIFTY,2025-09-29,12:10:00,24657.9,24665.5,24635.25,24637.6,12595
NSE,NIFTY,2025-09-29,12:15:00,24639.5,24646.45,24633.95,24644.55,12596
NSE,NIFTY,2025-09-29,12:20:00,24645.05,24667.75,24639.4,24663.25,12597
NSE,NIFTY,2025-09-29,12:25:00,24661.45,24663.4,24641.65,24652.95,12598
NSE,NIFTY,2025-09-29,12:30:00,24653.6,24664.35,24650.95,24657.75,12599
NSE,NIFTY,2025-09-29,12:35:00,24656.85,24658.75,24639.2,24650.25,12600
NSE,NIFTY,2025-09-29,12:40:00,24649.85,24650.75,24614.75,24616.65,12601
NSE,NIFTY,2025-09-29,12:45:00,24616.8,24622.1,24609.8,24613.6,12602
NSE,NIFTY,2025-09-29,12:50:00,24612.55,24633.05,24606.2,24613.05,12603
NSE,NIFTY,2025-09-29,12:55:00,24614.8,24632.5,24613.7,24631.35,12604
NSE,NIFTY,2025-09-29,13:00:00,24633.55,24644.75,24631.75,24634.55,12605
NSE,NIFTY,2025-09-29,13:05:00,24633.9,24682.4,24633.3,24664.8,12606
NSE,NIFTY,2025-09-29,13:10:00,24665.1,24670.4,24630.9,24663.25,12607
NSE,NIFTY,2025-09-29,13:15:00,24662.35,24688.75,24661.35,24682.25,12608
NSE,NIFTY,2025-09-29,13:20:00,24680.95,24681.55,24656.8,24674.6,12609
NSE,NIFTY,2025-09-29,13:25:00,24675.15,24698.1,24674.85,24695.5,12610
NSE,NIFTY,2025-09-29,13:30:00,24696.95,24706.1,24676.8,24703.6,12611
NSE,NIFTY,2025-09-29,13:35:00,24703.65,24718.9,24703.2,24710.6,12612
NSE,NIFTY,2025-09-29,13:40:00,24711.4,24720.25,24707.6,24708.7,12613
NSE,NIFTY,2025-09-29,13:45:00,24709.3,24712.8,24673.25,24692.9,12614
NSE,NIFTY,2025-09-29,13:50:00,24693.1,24709.35,24683.65,24696.15,12615
NSE,NIFTY,2025-09-29,13:55:00,24695.1,24706.85,24688.7,24688.7,12616
NSE,NIFTY,2025-09-29,14:00:00,24689.15,24720.0,24685.95,24718.6,12617
NSE,NIFTY,2025-09-29,14:05:00,24718.25,24738.35,24718.0,24734.15,12618
NSE,NIFTY,2025-09-29,14:10:00,24734.5,24736.15,24719.55,24721.7,12619
NSE,NIFTY,2025-09-29,14:15:00,24723.0,24732.35,24719.4,24727.8,12620
NSE,NIFTY,2025-09-29,14:20:00,24727.55,24737.6,24713.35,24736.8,12621
NSE,NIFTY,2025-09-29,14:25:00,24737.4,24745.9,24729.8,24730.8,12622
NSE,NIFTY,2025-09-29,14:30:00,24730.45,24731.7,24717.65,24728.4,12623
NSE,NIFTY,2025-09-29,14:35:00,24728.65,24730.2,24709.75,24727.75,12624
NSE,NIFTY,2025-09-29,14:40:00,24727.85,24731.5,24714.4,24714.7,12625
NSE,NIFTY,2025-09-29,14:45:00,24714.3,24716.45,24686.05,24691.3,12626
NSE,NIFTY,2025-09-29,14:50:00,24690.3,24692.0,24675.2,24678.7,12627
NSE,NIFTY,2025-09-29,14:55:00,24678.35,24687.7,24672.4,24687.25,12628
NSE,NIFTY,2025-09-29,15:00:00,24687.65,24692.35,24649.8,24653.65,12629
NSE,NIFTY,2025-09-29,15:05:00,24649.2,24652.25,24614.15,24619.75,12630
NSE,NIFTY,2025-09-29,15:10:00,24617.0,24630.7,24617.0,24626.35,12631
NSE,NIFTY,2025-09-29,15:15:00,24627.05,24642.45,24625.1,24637.8,12632
NSE,NIFTY,2025-09-29,15:20:00,24637.9,24641.0,24622.35,24634.0,12633
NSE,NIFTY,2025-09-29,15:25:00,24632.7,24657.75,24619.45,24657.5,12634
NSE,NIFTY,2025-09-29,15:30:00,24657.95,24691.45,24652.55,24683.2,12635
NSE,NIFTY,2025-09-30,09:15:00,24691.95,24710.55,24683.35,24698.75,12663
NSE,NIFTY,2025-09-30,09:20:00,24700.55,24718.95,24691.1,24717.65,12664
NSE,NIFTY,2025-09-30,09:25:00,24716.8,24731.55,24691.95,24706.3,12665
NSE,NIFTY,2025-09-30,09:30:00,24707.3,24718.1,24665.65,24666.3,12666
NSE,NIFTY,2025-09-30,09:35:00,24664.8,24687.7,24653.9,24672.55,12667
NSE,NIFTY,2025-09-30,09:40:00,24671.1,24672.45,24650.05,24652.1,12668
NSE,NIFTY,2025-09-30,09:45:00,24652.9,24669.05,24637.35,24637.65,12669
NSE,NIFTY,2025-09-30,09:50:00,24637.4,24667.95,24636.95,24664.3,12670
NSE,NIFTY,2025-09-30,09:55:00,24663.5,24664.85,24652.7,24657.65,12671
NSE,NIFTY,2025-09-30,10:00:00,24657.95,24665.5,24650.35,24664.75,12672
NSE,NIFTY,2025-09-30,10:05:00,24664.8,24679.0,24655.75,24668.7,12673
NSE,NIFTY,2025-09-30,10:10:00,24667.65,24667.65,24650.7,24651.8,12674
NSE,NIFTY,2025-09-30,10:15:00,24651.9,24651.9,24634.1,24634.1,12675
NSE,NIFTY,2025-09-30,10:20:00,24633.95,24651.35,24633.65,24648.15,12676
NSE,NIFTY,2025-09-30,10:25:00,24649.3,24655.7,24642.8,24655.7,12677
NSE,NIFTY,2025-09-30,10:30:00,24655.45,24655.55,24619.45,24624.4,12678
NSE,NIFTY,2025-09-30,10:35:00,24624.4,24627.45,24622.0,24626.9,12679
NSE,NIFTY,2025-09-30,10:40:00,24626.75,24627.6,24594.35,24602.45,12680
NSE,NIFTY,2025-09-30,10:45:00,24602.9,24623.15,24595.55,24623.1,12681
NSE,NIFTY,2025-09-30,10:50:00,24622.95,24623.25,24607.85,24612.55,12682
NSE,NIFTY,2025-09-30,10:55:00,24613.8,24632.45,24612.95,24628.6,12683
NSE,NIFTY,2025-09-30,11:00:00,24629.05,24645.05,24628.4,24639.45,12684
NSE,NIFTY,2025-09-30,11:05:00,24641.1,24658.85,24639.5,24657.25,12685
NSE,NIFTY,2025-09-30,11:10:00,24657.3,24665.25,24653.75,24664.7,12686
NSE,NIFTY,2025-09-30,11:15:00,24664.85,24670.7,24663.2,24664.35,12687
NSE,NIFTY,2025-09-30,11:20:00,24664.1,24676.25,24656.9,24676.05,12688
NSE,NIFTY,2025-09-30,11:25:00,24675.9,24683.5,24638.75,24639.2,12689
NSE,NIFTY,2025-09-30,11:30:00,24638.65,24650.75,24636.95,24647.15,12690
NSE,NIFTY,2025-09-30,11:35:00,24647.1,24659.45,24645.0,24658.65,12691
NSE,NIFTY,2025-09-30,11:40:00,24658.7,24674.35,24651.95,24651.95,12692
NSE,NIFTY,2025-09-30,11:45:00,24652.05,24652.05,24640.4,24641.85,12693
NSE,NIFTY,2025-09-30,11:50:00,24643.05,24651.9,24640.8,24647.25,12694
NSE,NIFTY,2025-09-30,11:55:00,24648.25,24648.75,24632.6,24633.0,12695
NSE,NIFTY,2025-09-30,12:00:00,24632.45,24635.85,24626.65,24626.85,12696
NSE,NIFTY,2025-09-30,12:05:00,24627.15,24651.5,24625.6,24651.5,12697
NSE,NIFTY,2025-09-30,12:10:00,24651.65,24657.55,24639.4,24649.55,12698
NSE,NIFTY,2025-09-30,12:15:00,24649.9,24656.15,24641.6,24646.4,12699
NSE,NIFTY,2025-09-30,12:20:00,24646.15,24667.8,24642.6,24666.9,12700
NSE,NIFTY,2025-09-30,12:25:00,24666.7,24679.4,24662.35,24671.2,12701
NSE,NIFTY,2025-09-30,12:30:00,24670.7,24677.55,24665.95,24674.25,12702
NSE,NIFTY,2025-09-30,12:35:00,24674.4,24682.7,24664.25,24677.15,12703
NSE,NIFTY,2025-09-30,12:40:00,24677.15,24683.45,24658.8,24671.95,12704
NSE,NIFTY,2025-09-30,12:45:00,24671.55,24672.35,24655.85,24662.0,12705
NSE,NIFTY,2025-09-30,12:50:00,24662.45,24666.0,24651.55,24655.4,12706
NSE,NIFTY,2025-09-30,12:55:00,24655.7,24664.0,24653.55,24661.45,12707
NSE,NIFTY,2025-09-30,13:00:00,24661.4,24662.3,24646.25,24653.8,12708
NSE,NIFTY,2025-09-30,13:05:00,24653.2,24658.5,24645.1,24649.8,12709
NSE,NIFTY,2025-09-30,13:10:00,24649.8,24664.75,24648.65,24664.2,12710
NSE,NIFTY,2025-09-30,13:15:00,24664.05,24674.9,24658.55,24672.45,12711
NSE,NIFTY,2025-09-30,13:20:00,24671.05,24680.05,24657.5,24662.6,12712
NSE,NIFTY,2025-09-30,13:25:00,24662.3,24664.15,24647.25,24650.25,12713
NSE,NIFTY,2025-09-30,13:30:00,24650.4,24654.0,24636.1,24646.0,12714
NSE,NIFTY,2025-09-30,13:35:00,24645.55,24649.6,24627.4,24638.75,12715
NSE,NIFTY,2025-09-30,13:40:00,24639.55,24653.45,24634.35,24638.45,12716
NSE,NIFTY,2025-09-30,13:45:00,24639.0,24640.35,24630.45,24634.65,12717
NSE,NIFTY,2025-09-30,13:50:00,24634.7,24647.0,24633.55,24645.0,12718
NSE,NIFTY,2025-09-30,13:55:00,24645.4,24650.6,24623.75,24632.7,12719
NSE,NIFTY,2025-09-30,14:00:00,24632.45,24640.5,24631.75,24636.25,12720
NSE,NIFTY,2025-09-30,14:05:00,24635.9,24640.45,24625.15,24636.95,12721
NSE,NIFTY,2025-09-30,14:10:00,24636.75,24645.45,24625.1,24628.1,12722
NSE,NIFTY,2025-09-30,14:15:00,24628.35,24629.75,24600.4,24610.55,12723
NSE,NIFTY,2025-09-30,14:20:00,24611.25,24617.85,24592.95,24596.9,12724
NSE,NIFTY,2025-09-30,14:25:00,24597.0,24632.65,24588.0,24607.25,12725
NSE,NIFTY,2025-09-30,14:30:00,24606.4,24615.75,24602.0,24614.5,12726
NSE,NIFTY,2025-09-30,14:35:00,24614.75,24638.8,24600.75,24638.0,12727
NSE,NIFTY,2025-09-30,14:40:00,24636.25,24652.8,24623.35,24635.45,12728
NSE,NIFTY,2025-09-30,14:45:00,24636.65,24646.65,24633.55,24641.8,12729
NSE,NIFTY,2025-09-30,14:50:00,24640.1,24654.0,24603.65,24622.3,12730
NSE,NIFTY,2025-09-30,14:55:00,24621.3,24638.85,24616.7,24625.9,12731
NSE,NIFTY,2025-09-30,15:00:00,24624.6,24640.95,24623.15,24628.75,12732
NSE,NIFTY,2025-09-30,15:05:00,24631.4,24632.8,24611.85,24612.6,12733
NSE,NIFTY,2025-09-30,15:10:00,24612.85,24617.95,24598.15,24611.15,12734
NSE,NIFTY,2025-09-30,15:15:00,24611.35,24615.85,24603.95,24612.1,12735
NSE,NIFTY,2025-09-30,15:20:00,24611.1,24612.4,24603.3,24607.1,12736
NSE,NIFTY,2025-09-30,15:25:00,24607.15,24617.0,24605.15,24617.0,12737
NSE,NIFTY,2025-09-30,15:30:00,24617.7,24636.9,24614.35,24636.9,12738
NSE,NIFTY,2025-10-01,09:15:00,24620.55,24660.2,24620.55,24643.3,12766
NSE,NIFTY,2025-10-01,09:20:00,24644.8,24651.3,24606.15,24608.65,12767
NSE,NIFTY,2025-10-01,09:25:00,24611.6,24643.7,24611.1,24641.8,12768
NSE,NIFTY,2025-10-01,09:30:00,24642.05,24657.95,24630.5,24655.15,12769
NSE,NIFTY,2025-10-01,09:35:00,24656.15,24668.45,24651.8,24666.75,12770
NSE,NIFTY,2025-10-01,09:40:00,24666.55,24672.75,24659.45,24667.45,12771
NSE,NIFTY,2025-10-01,09:45:00,24668.7,24686.5,24663.95,24683.65,12772
NSE,NIFTY,2025-10-01,09:50:00,24682.15,24693.25,24675.15,24682.4,12773
NSE,NIFTY,2025-10-01,09:55:00,24682.3,24683.8,24656.6,24677.55,12774
NSE,NIFTY,2025-10-01,10:00:00,24678.95,24680.75,24668.15,24675.7,12775
NSE,NIFTY,2025-10-01,10:05:00,24675.3,24685.1,24634.2,24634.65,12776
NSE,NIFTY,2025-10-01,10:10:00,24634.65,24657.45,24617.7,24648.75,12777
NSE,NIFTY,2025-10-01,10:15:00,24648.0,24664.95,24647.1,24663.35,12778
NSE,NIFTY,2025-10-01,10:20:00,24663.4,24669.85,24650.9,24669.85,12779
NSE,NIFTY,2025-10-01,10:25:00,24670.25,24671.4,24646.9,24651.1,12780
NSE,NIFTY,2025-10-01,10:30:00,24651.2,24666.35,24649.65,24664.45,12781
NSE,NIFTY,2025-10-01,10:35:00,24665.4,24689.8,24662.65,24688.35,12782
NSE,NIFTY,2025-10-01,10:40:00,24687.3,24694.85,24668.65,24673.7,12783
NSE,NIFTY,2025-10-01,10:45:00,24673.0,24683.05,24652.6,24652.8,12784
NSE,NIFTY,2025-10-01,10:50:00,24653.3,24672.75,24649.4,24668.95,12785
NSE,NIFTY,2025-10-01,10:55:00,24669.65,24675.55,24663.7,24674.8,12786
NSE,NIFTY,2025-10-01,11:00:00,24674.95,24682.15,24674.1,24676.2,12787
NSE,NIFTY,2025-10-01,11:05:00,24675.6,24690.3,24674.45,24682.05,12788
NSE,NIFTY,2025-10-01,11:10:00,24682.15,24693.2,24678.95,24692.5,12789
NSE,NIFTY,2025-10-01,11:15:00,24691.5,24713.25,24689.35,24713.25,12790
NSE,NIFTY,2025-10-01,11:20:00,24713.75,24730.2,24711.85,24725.25,12791
NSE,NIFTY,2025-10-01,11:25:00,24725.3,24729.05,24709.95,24716.6,12792
NSE,NIFTY,2025-10-01,11:30:00,24716.6,24726.3,24715.1,24724.25,12793
NSE,NIFTY,2025-10-01,11:35:00,24724.7,24747.9,24724.5,24744.9,12794
NSE,NIFTY,2025-10-01,11:40:00,24745.8,24754.05,24736.2,24744.4,12795
NSE,NIFTY,2025-10-01,11:45:00,24743.9,24776.05,24739.3,24772.9,12796
NSE,NIFTY,2025-10-01,11:50:00,24772.65,24782.65,24769.75,24779.45,12797
NSE,NIFTY,2025-10-01,11:55:00,24779.25,24786.1,24770.7,24778.75,12798
NSE,NIFTY,2025-10-01,12:00:00,24778.9,24797.9,24774.25,24792.25,12799
NSE,NIFTY,2025-10-01,12:05:00,24791.5,24808.6,24785.05,24806.7,12800
NSE,NIFTY,2025-10-01,12:10:00,24806.9,24809.1,24793.3,24795.3,12801
NSE,NIFTY,2025-10-01,12:15:00,24796.6,24811.8,24796.05,24805.25,12802
NSE,NIFTY,2025-10-01,12:20:00,24804.25,24808.35,24786.15,24788.2,12803
NSE,NIFTY,2025-10-01,12:25:00,24788.25,24788.45,24762.7,24763.75,12804
NSE,NIFTY,2025-10-01,12:30:00,24762.3,24782.05,24757.5,24772.3,12805
NSE,NIFTY,2025-10-01,12:35:00,24772.55,24777.65,24760.9,24766.4,12806
NSE,NIFTY,2025-10-01,12:40:00,24766.3,24778.2,24762.0,24775.3,12807
NSE,NIFTY,2025-10-01,12:45:00,24774.45,24781.25,24757.1,24759.2,12808
NSE,NIFTY,2025-10-01,12:50:00,24758.9,24774.95,24747.05,24765.85,12809
NSE,NIFTY,2025-10-01,12:55:00,24766.85,24769.9,24762.5,24764.4,12810
NSE,NIFTY,2025-10-01,13:00:00,24765.0,24772.55,24747.45,24747.45,12811
NSE,NIFTY,2025-10-01,13:05:00,24748.15,24768.9,24748.15,24754.2,12812
NSE,NIFTY,2025-10-01,13:10:00,24753.6,24766.5,24751.3,24761.75,12813
NSE,NIFTY,2025-10-01,13:15:00,24762.6,24774.4,24754.8,24772.65,12814
NSE,NIFTY,2025-10-01,13:20:00,24773.3,24773.75,24755.05,24770.1,12815
NSE,NIFTY,2025-10-01,13:25:00,24769.6,24776.05,24768.65,24775.85,12816
NSE,NIFTY,2025-10-01,13:30:00,24774.9,24788.75,24770.7,24786.8,12817
NSE,NIFTY,2025-10-01,13:35:00,24787.45,24788.9,24773.35,24774.85,12818
NSE,NIFTY,2025-10-01,13:40:00,24775.8,24791.15,24774.7,24786.25,12819
NSE,NIFTY,2025-10-01,13:45:00,24785.7,24792.95,24775.35,24778.15,12820
NSE,NIFTY,2025-10-01,13:50:00,24779.55,24783.95,24766.35,24768.0,12821
NSE,NIFTY,2025-10-01,13:55:00,24767.75,24785.3,24763.0,24780.6,12822
NSE,NIFTY,2025-10-01,14:00:00,24780.15,24785.75,24774.25,24785.3,12823
NSE,NIFTY,2025-10-01,14:05:00,24785.1,24791.3,24779.2,24790.45,12824
NSE,NIFTY,2025-10-01,14:10:00,24790.75,24811.5,24790.6,24809.7,12825
NSE,NIFTY,2025-10-01,14:15:00,24809.6,24810.7,24790.5,24791.55,12826
NSE,NIFTY,2025-10-01,14:20:00,24791.6,24812.85,24775.75,24811.55,12827
NSE,NIFTY,2025-10-01,14:25:00,24812.4,24822.4,24811.55,24820.5,12828
NSE,NIFTY,2025-10-01,14:30:00,24821.0,24837.5,24808.4,24828.1,12829
NSE,NIFTY,2025-10-01,14:35:00,24828.3,24845.05,24816.55,24844.7,12830
NSE,NIFTY,2025-10-01,14:40:00,24843.4,24850.45,24835.3,24839.0,12831
NSE,NIFTY,2025-10-01,14:45:00,24838.95,24860.2,24830.6,24849.0,12832
NSE,NIFTY,2025-10-01,14:50:00,24848.9,24867.85,24843.3,24857.75,12833
NSE,NIFTY,2025-10-01,14:55:00,24857.3,24858.7,24847.45,24853.45,12834
NSE,NIFTY,2025-10-01,15:00:00,24852.65,24852.95,24816.2,24830.5,12835
NSE,NIFTY,2025-10-01,15:05:00,24830.3,24848.8,24830.3,24842.9,12836
NSE,NIFTY,2025-10-01,15:10:00,24844.05,24844.65,24826.45,24826.85,12837
NSE,NIFTY,2025-10-01,15:15:00,24826.9,24836.05,24820.3,24823.05,12838
NSE,NIFTY,2025-10-01,15:20:00,24822.95,24841.7,24822.55,24833.35,12839
NSE,NIFTY,2025-10-01,15:25:00,24833.1,24845.3,24830.8,24845.1,12840
NSE,NIFTY,2025-10-01,15:30:00,24842.35,24854.25,24842.35,24854.25,12841
