exchange_name,stock_code,date,time,open,high,low,close,volume
NSE,NIFTY,2025-04-01,07:30:00,23519.35,23519.35,23519.35,23519.35,
NSE,NIFTY,2025-04-01,07:35:00,23519.35,23519.35,23519.35,23519.35,
NSE,NIFTY,2025-04-01,07:40:00,23519.35,23519.35,23519.35,23519.35,
NSE,NIFTY,2025-04-01,07:45:00,23519.35,23519.35,23519.35,23519.35,
NSE,NIFTY,2025-04-01,07:50:00,23519.35,23519.35,23519.35,23519.35,
NSE,NIFTY,2025-04-01,07:55:00,23519.35,23519.35,23519.35,23519.35,
NSE,NIFTY,2025-04-01,08:00:00,23519.35,23519.35,23519.35,23519.35,
NSE,NIFTY,2025-04-01,08:05:00,23519.35,23519.35,23519.35,23519.35,
NSE,NIFTY,2025-04-01,08:10:00,23519.35,23519.35,23519.35,23519.35,
NSE,NIFTY,2025-04-01,08:15:00,23519.35,23519.35,23519.35,23519.35,
NSE,NIFTY,2025-04-01,08:20:00,23519.35,23519.35,23519.35,23519.35,
NSE,NIFTY,2025-04-01,08:25:00,23519.35,23519.35,23519.35,23519.35,
NSE,NIFTY,2025-04-01,08:30:00,23519.35,23519.35,23519.35,23519.35,
NSE,NIFTY,2025-04-01,08:35:00,23519.35,23519.35,23519.35,23519.35,
NSE,NIFTY,2025-04-01,08:40:00,23519.35,23519.35,23519.35,23519.35,
NSE,NIFTY,2025-04-01,08:45:00,23519.35,23519.35,23519.35,23519.35,
NSE,NIFTY,2025-04-01,08:50:00,23519.35,23519.35,23519.35,23519.35,
NSE,NIFTY,2025-04-01,08:55:00,23519.35,23519.35,23519.35,23519.35,
NSE,NIFTY,2025-04-01,09:00:00,23519.35,23646.5,23226.1,23502.75,
NSE,NIFTY,2025-04-01,09:05:00,23511.7,23547.1,23266.55,23314.6,
NSE,NIFTY,2025-04-01,09:10:00,23314.3,23361,23312.75,23341.1,
NSE,NIFTY,2025-04-01,09:15:00,23341.1,23399.5,23341.1,23396.2,
NSE,NIFTY,2025-04-01,09:20:00,23393.3,23450.2,23393.3,23413.75,
NSE,NIFTY,2025-04-01,09:25:00,23415.05,23466.05,23410.25,23432.65,
NSE,NIFTY,2025-04-01,09:30:00,23431.7,23485.55,23427.85,23483.7,
NSE,NIFTY,2025-04-01,09:35:00,23486.4,23520.9,23470.45,23517.4,
NSE,NIFTY,2025-04-01,09:40:00,23517.35,23546.85,23502.7,23540.6,
NSE,NIFTY,2025-04-01,09:45:00,23541.15,23563.2,23533.5,23543.55,
NSE,NIFTY,2025-04-01,09:50:00,23545.75,23553.3,23521,23542.9,
NSE,NIFTY,2025-04-01,09:55:00,23542.3,23542.7,23500.25,23507.45,
NSE,NIFTY,2025-04-01,10:00:00,23507,23523.4,23492.75,23513.95,
NSE,NIFTY,2025-04-01,10:05:00,23515.3,23516.2,23466.1,23482.9,
NSE,NIFTY,2025-04-01,10:10:00,23483.25,23496.7,23457.6,23458.55,
NSE,NIFTY,2025-04-01,10:15:00,23459.6,23475.7,23448.2,23456.6,
NSE,NIFTY,2025-04-01,10:20:00,23457.85,23483.6,23457.85,23483.45,
NSE,NIFTY,2025-04-01,10:25:00,23481.8,23483.7,23360.15,23370.7,
NSE,NIFTY,2025-04-01,10:30:00,23370.25,23373.5,23297.7,23313.65,
NSE,NIFTY,2025-04-01,10:35:00,23311.5,23323.4,23277.05,23300.1,
NSE,NIFTY,2025-04-01,10:40:00,23299.75,23324.15,23287.1,23308.3,
NSE,NIFTY,2025-04-01,10:45:00,23308.1,23324.65,23298.65,23316.4,
NSE,NIFTY,2025-04-01,10:50:00,23316.95,23339.35,23296.65,23299.35,
NSE,NIFTY,2025-04-01,10:55:00,23295.95,23311.9,23293.85,23298.65,
NSE,NIFTY,2025-04-01,11:00:00,23299.05,23300.25,23237,23241.5,
NSE,NIFTY,2025-04-01,11:05:00,23241.1,23255.7,23225.2,23229.55,
NSE,NIFTY,2025-04-01,11:10:00,23229.25,23240.75,23221.35,23224.45,
NSE,NIFTY,2025-04-01,11:15:00,23223.75,23250.45,23221.55,23230.25,
NSE,NIFTY,2025-04-01,11:20:00,23229.65,23258.5,23229.6,23242.75,
NSE,NIFTY,2025-04-01,11:25:00,23241.95,23258.8,23235.35,23238.55,
NSE,NIFTY,2025-04-01,11:30:00,23238.7,23256.3,23224.25,23247.3,
NSE,NIFTY,2025-04-01,11:35:00,23246.35,23246.75,23217.7,23222.3,
NSE,NIFTY,2025-04-01,11:40:00,23222.4,23223.9,23198.5,23207.75,
NSE,NIFTY,2025-04-01,11:45:00,23207.75,23216.25,23183.75,23194.3,
NSE,NIFTY,2025-04-01,11:50:00,23193.05,23209.9,23190.3,23206.6,
NSE,NIFTY,2025-04-01,11:55:00,23204.95,23207.2,23185.55,23192.55,
NSE,NIFTY,2025-04-01,12:00:00,23193,23201.65,23183.6,23190.65,
NSE,NIFTY,2025-04-01,12:05:00,23191.8,23198.05,23173.4,23180.55,
NSE,NIFTY,2025-04-01,12:10:00,23180.2,23199.75,23177.2,23194.35,
NSE,NIFTY,2025-04-01,12:15:00,23194.2,23216.25,23193.05,23212.35,
NSE,NIFTY,2025-04-01,12:20:00,23212.55,23246.65,23211.3,23243.1,
NSE,NIFTY,2025-04-01,12:25:00,23242.9,23243.05,23202,23209.25,
NSE,NIFTY,2025-04-01,12:30:00,23209.7,23229.9,23209.6,23216.25,
NSE,NIFTY,2025-04-01,12:35:00,23215.5,23244.65,23215.5,23236.25,
NSE,NIFTY,2025-04-01,12:40:00,23235.65,23246.95,23222.75,23243.8,
NSE,NIFTY,2025-04-01,12:45:00,23243.7,23252.25,23225.15,23226.95,
NSE,NIFTY,2025-04-01,12:50:00,23227.95,23233.2,23207.55,23218.75,
NSE,NIFTY,2025-04-01,12:55:00,23219.1,23224.5,23195.9,23195.9,
NSE,NIFTY,2025-04-01,13:00:00,23194.95,23199.45,23189.65,23191.45,
NSE,NIFTY,2025-04-01,13:05:00,23191.6,23191.6,23174.3,23182.4,
NSE,NIFTY,2025-04-01,13:10:00,23182.55,23191.3,23178.05,23184.85,
NSE,NIFTY,2025-04-01,13:15:00,23184.3,23199.55,23177.4,23194.4,
NSE,NIFTY,2025-04-01,13:20:00,23192.2,23193.85,23160.4,23169.05,
NSE,NIFTY,2025-04-01,13:25:00,23169.6,23173.9,23150.65,23158.6,
NSE,NIFTY,2025-04-01,13:30:00,23158.55,23165.25,23137.65,23137.65,
NSE,NIFTY,2025-04-01,13:35:00,23138.1,23167.15,23136.4,23165.95,
NSE,NIFTY,2025-04-01,13:40:00,23166.4,23171.9,23155.7,23167.05,
NSE,NIFTY,2025-04-01,13:45:00,23166.55,23180.5,23165.45,23169.9,
NSE,NIFTY,2025-04-01,13:50:00,23169.7,23172.1,23150.75,23167.9,
NSE,NIFTY,2025-04-01,13:55:00,23166.6,23178.35,23161.25,23172.85,
NSE,NIFTY,2025-04-01,14:00:00,23172.75,23176.3,23154,23156.55,
NSE,NIFTY,2025-04-01,14:05:00,23156.05,23186.8,23150.45,23180.05,
NSE,NIFTY,2025-04-01,14:10:00,23180.25,23180.7,23151.45,23153.15,
NSE,NIFTY,2025-04-01,14:15:00,23155.2,23164.2,23150.3,23156.7,
NSE,NIFTY,2025-04-01,14:20:00,23155.9,23159,23140.05,23144.95,
NSE,NIFTY,2025-04-01,14:25:00,23144.2,23158.7,23137.45,23155.35,
NSE,NIFTY,2025-04-01,14:30:00,23155.1,23156.85,23145.8,23150.95,
NSE,NIFTY,2025-04-01,14:35:00,23151.15,23171.25,23150.15,23153.75,
NSE,NIFTY,2025-04-01,14:40:00,23153.55,23162.45,23143.65,23161.35,
NSE,NIFTY,2025-04-01,14:45:00,23162.05,23162.9,23147.4,23161.5,
NSE,NIFTY,2025-04-01,14:50:00,23160.95,23168.9,23151.65,23167.9,
NSE,NIFTY,2025-04-01,14:55:00,23166.85,23174.1,23152.4,23155.4,
NSE,NIFTY,2025-04-01,15:00:00,23155.45,23170.4,23154.2,23170.1,
NSE,NIFTY,2025-04-01,15:05:00,23170.25,23172.5,23154.75,23158.65,
NSE,NIFTY,2025-04-01,15:10:00,23158.8,23180.35,23158.8,23173.85,
NSE,NIFTY,2025-04-01,15:15:00,23175.45,23177.85,23169.9,23175.45,
NSE,NIFTY,2025-04-01,15:20:00,23175.25,23175.7,23161,23166.3,
NSE,NIFTY,2025-04-01,15:25:00,23166.9,23169.3,23151.8,23159.9,
NSE,NIFTY,2025-04-01,15:30:00,23161.15,23182.3,23160,23179.85,
NSE,NIFTY,2025-04-01,15:35:00,23179.85,23179.85,23165.7,23165.7,
NSE,NIFTY,2025-04-01,15:40:00,23165.7,23165.7,23165.7,23165.7,
NSE,NIFTY,2025-04-01,15:45:00,23165.7,23165.7,23165.7,23165.7,
NSE,NIFTY,2025-04-01,15:50:00,23165.7,23165.7,23165.7,23165.7,
NSE,NIFTY,2025-04-01,15:55:00,23165.7,23165.7,23165.7,23165.7,
NSE,NIFTY,2025-04-01,16:00:00,23165.7,23165.7,23165.7,23165.7,
NSE,NIFTY,2025-04-02,07:30:00,23165.7,23165.7,23165.7,23165.7,
NSE,NIFTY,2025-04-02,07:35:00,23165.7,23165.7,23165.7,23165.7,
NSE,NIFTY,2025-04-02,07:40:00,23165.7,23165.7,23165.7,23165.7,
NSE,NIFTY,2025-04-02,07:45:00,23165.7,23165.7,23165.7,23165.7,
NSE,NIFTY,2025-04-02,07:50:00,23165.7,23165.7,23165.7,23165.7,
NSE,NIFTY,2025-04-02,07:55:00,23165.7,23165.7,23165.7,23165.7,
NSE,NIFTY,2025-04-02,08:00:00,23165.7,23165.7,23165.7,23165.7,
NSE,NIFTY,2025-04-02,08:05:00,23165.7,23165.7,23165.7,23165.7,
NSE,NIFTY,2025-04-02,08:10:00,23165.7,23165.7,23165.7,23165.7,
NSE,NIFTY,2025-04-02,08:15:00,23165.7,23165.7,23165.7,23165.7,
NSE,NIFTY,2025-04-02,08:20:00,23165.7,23165.7,23165.7,23165.7,
NSE,NIFTY,2025-04-02,08:25:00,23165.7,23165.7,23165.7,23165.7,
NSE,NIFTY,2025-04-02,08:30:00,23165.7,23165.7,23165.7,23165.7,
NSE,NIFTY,2025-04-02,08:35:00,23165.7,23165.7,23165.7,23165.7,
NSE,NIFTY,2025-04-02,08:40:00,23165.7,23165.7,23165.7,23165.7,
NSE,NIFTY,2025-04-02,08:45:00,23165.7,23165.7,23165.7,23165.7,
NSE,NIFTY,2025-04-02,08:50:00,23165.7,23165.7,23165.7,23165.7,
NSE,NIFTY,2025-04-02,08:55:00,23165.7,23165.7,23165.7,23165.7,
NSE,NIFTY,2025-04-02,09:00:00,23165.7,23811.8,22905.35,23121.45,
NSE,NIFTY,2025-04-02,09:05:00,23122.25,23246.75,23122.25,23184.95,
NSE,NIFTY,2025-04-02,09:10:00,23185.75,23201.2,23152.65,23192.6,
NSE,NIFTY,2025-04-02,09:15:00,23192.6,23240.1,23190.7,23196.7,
NSE,NIFTY,2025-04-02,09:20:00,23194.85,23224.75,23191.35,23191.85,
NSE,NIFTY,2025-04-02,09:25:00,23189.55,23202.05,23160.4,23192.6,
NSE,NIFTY,2025-04-02,09:30:00,23189.75,23256.9,23185.65,23256.9,
NSE,NIFTY,2025-04-02,09:35:00,23256.05,23291.7,23249.75,23289.75,
NSE,NIFTY,2025-04-02,09:40:00,23289.35,23292.9,23250.2,23270.3,
NSE,NIFTY,2025-04-02,09:45:00,23271.3,23280.65,23222.15,23222.15,
NSE,NIFTY,2025-04-02,09:50:00,23222.3,23223.4,23194.45,23202.9,
NSE,NIFTY,2025-04-02,09:55:00,23204.2,23208.1,23183.25,23206.4,
NSE,NIFTY,2025-04-02,10:00:00,23206.25,23250.55,23203.6,23237,
NSE,NIFTY,2025-04-02,10:05:00,23235.15,23246.45,23223.15,23235.35,
NSE,NIFTY,2025-04-02,10:10:00,23235.4,23243.7,23216.45,23243.35,
NSE,NIFTY,2025-04-02,10:15:00,23243.85,23248.25,23234.25,23234.4,
NSE,NIFTY,2025-04-02,10:20:00,23234.85,23255.35,23224.6,23249.55,
NSE,NIFTY,2025-04-02,10:25:00,23250.2,23258.65,23230.95,23246.95,
NSE,NIFTY,2025-04-02,10:30:00,23247.45,23269.1,23246.1,23266.1,
NSE,NIFTY,2025-04-02,10:35:00,23265.1,23270.5,23252.05,23267,
NSE,NIFTY,2025-04-02,10:40:00,23265.5,23271.85,23251,23270.65,
NSE,NIFTY,2025-04-02,10:45:00,23270.5,23285.1,23262.4,23271.25,
NSE,NIFTY,2025-04-02,10:50:00,23270.65,23285.8,23269.75,23282.7,
NSE,NIFTY,2025-04-02,10:55:00,23282.9,23302,23279.35,23295.45,
NSE,NIFTY,2025-04-02,11:00:00,23295.8,23302.5,23279.55,23301.45,
NSE,NIFTY,2025-04-02,11:05:00,23302.3,23311.85,23286.55,23294.95,
NSE,NIFTY,2025-04-02,11:10:00,23294.25,23294.7,23278.8,23294,
NSE,NIFTY,2025-04-02,11:15:00,23294.15,23297.7,23287.2,23291.45,
NSE,NIFTY,2025-04-02,11:20:00,23292.05,23292.6,23260.5,23274.8,
NSE,NIFTY,2025-04-02,11:25:00,23274.95,23287.75,23270.5,23280.2,
NSE,NIFTY,2025-04-02,11:30:00,23280.75,23280.95,23260.75,23262.15,
NSE,NIFTY,2025-04-02,11:35:00,23262.35,23281.55,23261.2,23279.8,
NSE,NIFTY,2025-04-02,11:40:00,23280.45,23295.3,23279.45,23284.15,
NSE,NIFTY,2025-04-02,11:45:00,23284.95,23285.1,23246.15,23258.95,
NSE,NIFTY,2025-04-02,11:50:00,23258.45,23285.95,23255,23281,
NSE,NIFTY,2025-04-02,11:55:00,23280.05,23283.5,23260.2,23260.2,
NSE,NIFTY,2025-04-02,12:00:00,23260.5,23271.1,23255.25,23261.8,
NSE,NIFTY,2025-04-02,12:05:00,23261.1,23263.15,23247.5,23261.25,
NSE,NIFTY,2025-04-02,12:10:00,23261.45,23282.95,23261.4,23274.65,
NSE,NIFTY,2025-04-02,12:15:00,23273.5,23285.85,23269,23282.9,
NSE,NIFTY,2025-04-02,12:20:00,23282.8,23292.5,23282.2,23289.55,
NSE,NIFTY,2025-04-02,12:25:00,23290.1,23291.15,23283.5,23285.75,
NSE,NIFTY,2025-04-02,12:30:00,23285.5,23300,23276.6,23279,
NSE,NIFTY,2025-04-02,12:35:00,23279.4,23294.95,23278.9,23285.95,
NSE,NIFTY,2025-04-02,12:40:00,23286.05,23286.65,23269.5,23279.35,
NSE,NIFTY,2025-04-02,12:45:00,23279.15,23293.15,23277.35,23292.9,
NSE,NIFTY,2025-04-02,12:50:00,23292.8,23296.9,23273.85,23274.2,
NSE,NIFTY,2025-04-02,12:55:00,23274.7,23275.05,23247.8,23248.6,
NSE,NIFTY,2025-04-02,13:00:00,23247.55,23252.95,23238.95,23251.55,
NSE,NIFTY,2025-04-02,13:05:00,23250.75,23276.35,23248,23275.4,
NSE,NIFTY,2025-04-02,13:10:00,23274.9,23288.7,23272.45,23286.65,
NSE,NIFTY,2025-04-02,13:15:00,23286.95,23292.7,23282.95,23288.1,
NSE,NIFTY,2025-04-02,13:20:00,23287.85,23296.2,23286.25,23294.65,
NSE,NIFTY,2025-04-02,13:25:00,23296.55,23300.05,23287.2,23291.55,
NSE,NIFTY,2025-04-02,13:30:00,23290.85,23302.9,23290.65,23301.85,
NSE,NIFTY,2025-04-02,13:35:00,23302.05,23303,23293.9,23300.1,
NSE,NIFTY,2025-04-02,13:40:00,23300.8,23307,23282.5,23282.6,
NSE,NIFTY,2025-04-02,13:45:00,23282.7,23288.2,23273.25,23275.95,
NSE,NIFTY,2025-04-02,13:50:00,23276.2,23281.9,23259.8,23262.6,
NSE,NIFTY,2025-04-02,13:55:00,23262.05,23272.9,23254.75,23258.85,
NSE,NIFTY,2025-04-02,14:00:00,23260.75,23290.15,23259.25,23286.6,
NSE,NIFTY,2025-04-02,14:05:00,23286.75,23294.1,23283.2,23283.2,
NSE,NIFTY,2025-04-02,14:10:00,23284.15,23298.9,23282.75,23291.6,
NSE,NIFTY,2025-04-02,14:15:00,23291.55,23292.15,23273,23276.9,
NSE,NIFTY,2025-04-02,14:20:00,23277.45,23296.35,23276.9,23288.65,
NSE,NIFTY,2025-04-02,14:25:00,23289.2,23295.3,23285.2,23294.5,
NSE,NIFTY,2025-04-02,14:30:00,23294.5,23303.55,23294.5,23302.35,
NSE,NIFTY,2025-04-02,14:35:00,23303.55,23305.9,23296.45,23300.9,
NSE,NIFTY,2025-04-02,14:40:00,23303.2,23312.25,23298.95,23301.1,
NSE,NIFTY,2025-04-02,14:45:00,23301,23314.1,23298.05,23307.85,
NSE,NIFTY,2025-04-02,14:50:00,23307.45,23309.95,23295.75,23300.95,
NSE,NIFTY,2025-04-02,14:55:00,23299.85,23304.55,23286.05,23286.75,
NSE,NIFTY,2025-04-02,15:00:00,23289.35,23311.85,23285.25,23309.6,
NSE,NIFTY,2025-04-02,15:05:00,23310.25,23349.85,23309.55,23342.9,
NSE,NIFTY,2025-04-02,15:10:00,23343.7,23344.05,23328.9,23334.9,
NSE,NIFTY,2025-04-02,15:15:00,23335.85,23341.55,23335.25,23338.35,
NSE,NIFTY,2025-04-02,15:20:00,23338.15,23338.35,23325.55,23328.05,
NSE,NIFTY,2025-04-02,15:25:00,23328,23334.75,23324.6,23334.5,
NSE,NIFTY,2025-04-02,15:30:00,23334.95,23342,23325.5,23330.9,
NSE,NIFTY,2025-04-02,15:35:00,23330.9,23333.05,23330.9,23332.35,
NSE,NIFTY,2025-04-02,15:40:00,23332.35,23332.35,23332.35,23332.35,
NSE,NIFTY,2025-04-02,15:45:00,23332.35,23332.35,23332.35,23332.35,
NSE,NIFTY,2025-04-02,15:50:00,23332.35,23332.35,23332.35,23332.35,
NSE,NIFTY,2025-04-02,15:55:00,23332.35,23332.35,23332.35,23332.35,
NSE,NIFTY,2025-04-02,16:00:00,23332.35,23332.35,23332.35,23332.35,
NSE,NIFTY,2025-04-03,07:30:00,23332.35,23332.35,23332.35,23332.35,
NSE,NIFTY,2025-04-03,07:35:00,23332.35,23332.35,23332.35,23332.35,
NSE,NIFTY,2025-04-03,07:40:00,23332.35,23332.35,23332.35,23332.35,
NSE,NIFTY,2025-04-03,07:45:00,23332.35,23332.35,23332.35,23332.35,
NSE,NIFTY,2025-04-03,07:50:00,23332.35,23332.35,23332.35,23332.35,
NSE,NIFTY,2025-04-03,07:55:00,23332.35,23332.35,23332.35,23332.35,
NSE,NIFTY,2025-04-03,08:00:00,23332.35,23332.35,23332.35,23332.35,
NSE,NIFTY,2025-04-03,08:05:00,23332.35,23332.35,23332.35,23332.35,
NSE,NIFTY,2025-04-03,08:10:00,23332.35,23332.35,23332.35,23332.35,
NSE,NIFTY,2025-04-03,08:15:00,23332.35,23332.35,23332.35,23332.35,
NSE,NIFTY,2025-04-03,08:20:00,23332.35,23332.35,23332.35,23332.35,
NSE,NIFTY,2025-04-03,08:25:00,23332.35,23332.35,23332.35,23332.35,
NSE,NIFTY,2025-04-03,08:30:00,23332.35,23332.35,23332.35,23332.35,
NSE,NIFTY,2025-04-03,08:35:00,23332.35,23332.35,23332.35,23332.35,
NSE,NIFTY,2025-04-03,08:40:00,23332.35,23332.35,23332.35,23332.35,
NSE,NIFTY,2025-04-03,08:45:00,23332.35,23332.35,23332.35,23332.35,
NSE,NIFTY,2025-04-03,08:50:00,23332.35,23332.35,23332.35,23332.35,
NSE,NIFTY,2025-04-03,08:55:00,23332.35,23332.35,23332.35,23332.35,
NSE,NIFTY,2025-04-03,09:00:00,23332.35,23564.6,22952,22970.2,
NSE,NIFTY,2025-04-03,09:05:00,22969.9,23256.25,22893.95,23154.05,
NSE,NIFTY,2025-04-03,09:10:00,23155.6,23175.25,23138.15,23150.3,
NSE,NIFTY,2025-04-03,09:15:00,23150.3,23208.35,23150.3,23208.35,
NSE,NIFTY,2025-04-03,09:20:00,23202.75,23226.1,23185.05,23219.75,
NSE,NIFTY,2025-04-03,09:25:00,23219.55,23254.5,23216.65,23241.9,
NSE,NIFTY,2025-04-03,09:30:00,23241.7,23263,23240.6,23256.85,
NSE,NIFTY,2025-04-03,09:35:00,23258,23280.65,23213.4,23273.4,
NSE,NIFTY,2025-04-03,09:40:00,23273.65,23278.15,23239.55,23252.4,
NSE,NIFTY,2025-04-03,09:45:00,23252.85,23265.5,23226.55,23226.9,
NSE,NIFTY,2025-04-03,09:50:00,23227.3,23242.85,23214.9,23227.3,
NSE,NIFTY,2025-04-03,09:55:00,23227.5,23248.45,23227.5,23241,
NSE,NIFTY,2025-04-03,10:00:00,23242.05,23252.3,23229.55,23239.25,
NSE,NIFTY,2025-04-03,10:05:00,23237.1,23254.75,23223.75,23253.1,
NSE,NIFTY,2025-04-03,10:10:00,23253.35,23272.45,23246.5,23265.5,
NSE,NIFTY,2025-04-03,10:15:00,23264.5,23281.85,23262.6,23275.25,
NSE,NIFTY,2025-04-03,10:20:00,23272.5,23273.4,23253.4,23270.8,
NSE,NIFTY,2025-04-03,10:25:00,23271.55,23304.55,23264.9,23301.2,
NSE,NIFTY,2025-04-03,10:30:00,23300.95,23306.25,23290.55,23291.85,
NSE,NIFTY,2025-04-03,10:35:00,23293.15,23300.95,23281.25,23286.35,
NSE,NIFTY,2025-04-03,10:40:00,23287.25,23293.75,23281.35,23292.85,
NSE,NIFTY,2025-04-03,10:45:00,23293.7,23299.6,23279.45,23286.05,
NSE,NIFTY,2025-04-03,10:50:00,23286.05,23287.4,23270.15,23275.6,
NSE,NIFTY,2025-04-03,10:55:00,23274.95,23282.75,23270,23279.1,
NSE,NIFTY,2025-04-03,11:00:00,23278.85,23292.75,23277.35,23290.25,
NSE,NIFTY,2025-04-03,11:05:00,23289.75,23291.7,23265.05,23265.5,
NSE,NIFTY,2025-04-03,11:10:00,23266.2,23278.15,23260.1,23275.7,
NSE,NIFTY,2025-04-03,11:15:00,23276.4,23284.2,23270.4,23270.8,
NSE,NIFTY,2025-04-03,11:20:00,23270.9,23271.1,23254.05,23255.9,
NSE,NIFTY,2025-04-03,11:25:00,23255.7,23271.7,23248.9,23268.8,
NSE,NIFTY,2025-04-03,11:30:00,23268.75,23275.7,23264.4,23270.15,
NSE,NIFTY,2025-04-03,11:35:00,23271.65,23272.9,23265.3,23271.6,
NSE,NIFTY,2025-04-03,11:40:00,23271.45,23279.55,23269.5,23276.3,
NSE,NIFTY,2025-04-03,11:45:00,23276.45,23285.4,23272.2,23283.55,
NSE,NIFTY,2025-04-03,11:50:00,23283.05,23286.7,23280.25,23283.55,
NSE,NIFTY,2025-04-03,11:55:00,23282.6,23293.9,23280.85,23291.95,
NSE,NIFTY,2025-04-03,12:00:00,23292.4,23294.75,23286.95,23291.55,
NSE,NIFTY,2025-04-03,12:05:00,23291.45,23292.35,23283.1,23287.55,
NSE,NIFTY,2025-04-03,12:10:00,23286.6,23289.35,23281.25,23283.15,
NSE,NIFTY,2025-04-03,12:15:00,23282.85,23286.35,23272.1,23273.75,
NSE,NIFTY,2025-04-03,12:20:00,23273.75,23279.8,23271.45,23275.65,
NSE,NIFTY,2025-04-03,12:25:00,23276,23278.2,23267.25,23270.55,
NSE,NIFTY,2025-04-03,12:30:00,23268.7,23270,23256.3,23266.8,
NSE,NIFTY,2025-04-03,12:35:00,23266.55,23270.35,23260.55,23266.75,
NSE,NIFTY,2025-04-03,12:40:00,23266.45,23275.35,23265.7,23271.1,
NSE,NIFTY,2025-04-03,12:45:00,23272.9,23274.95,23255.65,23256.25,
NSE,NIFTY,2025-04-03,12:50:00,23256.6,23260.8,23250.6,23257.8,
NSE,NIFTY,2025-04-03,12:55:00,23257.6,23263.15,23255.9,23260.4,
NSE,NIFTY,2025-04-03,13:00:00,23261.65,23272.85,23261.3,23269.05,
NSE,NIFTY,2025-04-03,13:05:00,23269.5,23270.2,23259,23263.25,
NSE,NIFTY,2025-04-03,13:10:00,23262.9,23270.6,23259.7,23261.05,
NSE,NIFTY,2025-04-03,13:15:00,23260.95,23263.7,23254.05,23259.25,
NSE,NIFTY,2025-04-03,13:20:00,23259.1,23266.95,23256.8,23258.7,
NSE,NIFTY,2025-04-03,13:25:00,23259.5,23260.8,23254.95,23255.2,
NSE,NIFTY,2025-04-03,13:30:00,23255.2,23270.35,23255.2,23264.7,
NSE,NIFTY,2025-04-03,13:35:00,23266.4,23278.1,23265.3,23275.1,
NSE,NIFTY,2025-04-03,13:40:00,23276.25,23278.4,23271.1,23273.45,
NSE,NIFTY,2025-04-03,13:45:00,23275.4,23275.95,23262.15,23264.25,
NSE,NIFTY,2025-04-03,13:50:00,23264.9,23274.85,23263.05,23273,
NSE,NIFTY,2025-04-03,13:55:00,23273,23274.15,23262.6,23266.3,
NSE,NIFTY,2025-04-03,14:00:00,23265.3,23267.25,23257.7,23259.15,
NSE,NIFTY,2025-04-03,14:05:00,23260,23272.8,23258.55,23263.05,
NSE,NIFTY,2025-04-03,14:10:00,23263.95,23270.8,23257.6,23260.35,
NSE,NIFTY,2025-04-03,14:15:00,23258.25,23265.75,23253.95,23258.9,
NSE,NIFTY,2025-04-03,14:20:00,23257.9,23269.55,23253.55,23263.75,
NSE,NIFTY,2025-04-03,14:25:00,23264.75,23271.55,23261,23265.55,
NSE,NIFTY,2025-04-03,14:30:00,23265.55,23265.55,23253.85,23259.25,
NSE,NIFTY,2025-04-03,14:35:00,23259.35,23263.4,23244.45,23250,
NSE,NIFTY,2025-04-03,14:40:00,23249,23257.85,23247.25,23247.45,
NSE,NIFTY,2025-04-03,14:45:00,23248.75,23256.7,23245.9,23252.9,
NSE,NIFTY,2025-04-03,14:50:00,23252.45,23258.55,23243,23252.6,
NSE,NIFTY,2025-04-03,14:55:00,23253.6,23257.35,23244.85,23252.5,
NSE,NIFTY,2025-04-03,15:00:00,23253.95,23259.5,23247,23255.25,
NSE,NIFTY,2025-04-03,15:05:00,23255.6,23258.85,23240.8,23252.3,
NSE,NIFTY,2025-04-03,15:10:00,23253.15,23259.4,23246.55,23246.55,
NSE,NIFTY,2025-04-03,15:15:00,23246.95,23256.9,23246.95,23252.25,
NSE,NIFTY,2025-04-03,15:20:00,23252.65,23252.85,23241.05,23241.7,
NSE,NIFTY,2025-04-03,15:25:00,23240.65,23255.5,23240.4,23252.65,
NSE,NIFTY,2025-04-03,15:30:00,23251.5,23255.75,23236.4,23242,
NSE,NIFTY,2025-04-03,15:35:00,23242,23250.1,23242,23250.1,
NSE,NIFTY,2025-04-03,15:40:00,23250.1,23250.1,23250.1,23250.1,
NSE,NIFTY,2025-04-03,15:45:00,23250.1,23250.1,23250.1,23250.1,
NSE,NIFTY,2025-04-03,15:50:00,23250.1,23250.1,23250.1,23250.1,
NSE,NIFTY,2025-04-03,15:55:00,23250.1,23250.1,23250.1,23250.1,
NSE,NIFTY,2025-04-03,16:00:00,23250.1,23250.1,23250.1,23250.1,
NSE,NIFTY,2025-04-04,07:30:00,23250.1,23250.1,23250.1,23250.1,
NSE,NIFTY,2025-04-04,07:35:00,23250.1,23250.1,23250.1,23250.1,
NSE,NIFTY,2025-04-04,07:40:00,23250.1,23250.1,23250.1,23250.1,
NSE,NIFTY,2025-04-04,07:45:00,23250.1,23250.1,23250.1,23250.1,
NSE,NIFTY,2025-04-04,07:50:00,23250.1,23250.1,23250.1,23250.1,
NSE,NIFTY,2025-04-04,07:55:00,23250.1,23250.1,23250.1,23250.1,
NSE,NIFTY,2025-04-04,08:00:00,23250.1,23250.1,23250.1,23250.1,
NSE,NIFTY,2025-04-04,08:05:00,23250.1,23250.1,23250.1,23250.1,
NSE,NIFTY,2025-04-04,08:10:00,23250.1,23250.1,23250.1,23250.1,
NSE,NIFTY,2025-04-04,08:15:00,23250.1,23250.1,23250.1,23250.1,
NSE,NIFTY,2025-04-04,08:20:00,23250.1,23250.1,23250.1,23250.1,
NSE,NIFTY,2025-04-04,08:25:00,23250.1,23250.1,23250.1,23250.1,
NSE,NIFTY,2025-04-04,08:30:00,23250.1,23250.1,23250.1,23250.1,
NSE,NIFTY,2025-04-04,08:35:00,23250.1,23250.1,23250.1,23250.1,
NSE,NIFTY,2025-04-04,08:40:00,23250.1,23250.1,23250.1,23250.1,
NSE,NIFTY,2025-04-04,08:45:00,23250.1,23250.1,23250.1,23250.1,
NSE,NIFTY,2025-04-04,08:50:00,23250.1,23250.1,23250.1,23250.1,
NSE,NIFTY,2025-04-04,08:55:00,23250.1,23250.1,23250.1,23250.1,
NSE,NIFTY,2025-04-04,09:00:00,23250.1,23681.05,23221,23221.55,
NSE,NIFTY,2025-04-04,09:05:00,23222.4,23329.4,23151.65,23217.15,
NSE,NIFTY,2025-04-04,09:10:00,23219.05,23219.05,23174.75,23190.4,
NSE,NIFTY,2025-04-04,09:15:00,23190.4,23210.5,23139.4,23139.4,
NSE,NIFTY,2025-04-04,09:20:00,23138.45,23139.25,23079.25,23081.25,
NSE,NIFTY,2025-04-04,09:25:00,23080,23080.2,23029.8,23042.05,
NSE,NIFTY,2025-04-04,09:30:00,23039.45,23080,23037,23066.1,
NSE,NIFTY,2025-04-04,09:35:00,23066.75,23123.3,23048.25,23107.5,
NSE,NIFTY,2025-04-04,09:40:00,23107.65,23136.95,23097.8,23103.7,
NSE,NIFTY,2025-04-04,09:45:00,23103.55,23116.35,23054.05,23056.4,
NSE,NIFTY,2025-04-04,09:50:00,23053.9,23074.25,23031.95,23033.75,
NSE,NIFTY,2025-04-04,09:55:00,23033,23035.85,22983.4,22998.2,
NSE,NIFTY,2025-04-04,10:00:00,22998.1,23009.8,22990.9,23000.25,
NSE,NIFTY,2025-04-04,10:05:00,22999.65,23001.3,22962.5,22975.8,
NSE,NIFTY,2025-04-04,10:10:00,22976.1,22987.15,22964.5,22964.55,
NSE,NIFTY,2025-04-04,10:15:00,22965.35,22979.35,22936.25,22945.15,
NSE,NIFTY,2025-04-04,10:20:00,22945.55,22979.9,22945.55,22964.25,
NSE,NIFTY,2025-04-04,10:25:00,22964.45,22964.8,22921.95,22932.25,
NSE,NIFTY,2025-04-04,10:30:00,22932.4,22942.75,22928.4,22942.75,
NSE,NIFTY,2025-04-04,10:35:00,22942.95,22953.3,22924.35,22941.2,
NSE,NIFTY,2025-04-04,10:40:00,22940.1,22965.95,22937.15,22963.5,
NSE,NIFTY,2025-04-04,10:45:00,22962.8,22976.65,22955.35,22961.85,
NSE,NIFTY,2025-04-04,10:50:00,22962.45,22974.4,22949.4,22967.7,
NSE,NIFTY,2025-04-04,10:55:00,22967.55,22981.15,22961.15,22973.75,
NSE,NIFTY,2025-04-04,11:00:00,22974.45,23003.6,22962.5,22998.2,
NSE,NIFTY,2025-04-04,11:05:00,22995.45,23012.15,22992.85,22997.65,
NSE,NIFTY,2025-04-04,11:10:00,22997.55,23029.9,22982.3,23024.85,
NSE,NIFTY,2025-04-04,11:15:00,23024.95,23028.7,23004.5,23007.3,
NSE,NIFTY,2025-04-04,11:20:00,23006.65,23009.95,22984.45,22996.25,
NSE,NIFTY,2025-04-04,11:25:00,22996.25,23008.5,22969.9,22978.75,
NSE,NIFTY,2025-04-04,11:30:00,22979.1,23007.95,22979.1,23004.25,
NSE,NIFTY,2025-04-04,11:35:00,23004,23026.2,22998.35,22999.3,
NSE,NIFTY,2025-04-04,11:40:00,22998.2,22998.25,22961.75,22970.7,
NSE,NIFTY,2025-04-04,11:45:00,22973.15,22978.05,22963.55,22970.05,
NSE,NIFTY,2025-04-04,11:50:00,22969.45,22975.65,22958.8,22966.2,
NSE,NIFTY,2025-04-04,11:55:00,22965.85,22967.65,22951.7,22958.2,
NSE,NIFTY,2025-04-04,12:00:00,22958.35,22979.1,22952.8,22967.2,
NSE,NIFTY,2025-04-04,12:05:00,22966.3,22966.3,22955.6,22958.5,
NSE,NIFTY,2025-04-04,12:10:00,22958.3,22974.9,22944.75,22961.9,
NSE,NIFTY,2025-04-04,12:15:00,22961.75,22972.25,22960.1,22965.65,
NSE,NIFTY,2025-04-04,12:20:00,22965.95,22983.45,22963.9,22979.9,
NSE,NIFTY,2025-04-04,12:25:00,22979.7,22990.35,22970.45,22989.7,
NSE,NIFTY,2025-04-04,12:30:00,22990,22991.6,22972.1,22978.75,
NSE,NIFTY,2025-04-04,12:35:00,22978.3,22979.35,22959,22960.6,
NSE,NIFTY,2025-04-04,12:40:00,22961.25,22961.6,22944.4,22959.65,
NSE,NIFTY,2025-04-04,12:45:00,22960.35,22966.95,22954.8,22960.4,
NSE,NIFTY,2025-04-04,12:50:00,22960.65,22963.85,22947.45,22952.75,
NSE,NIFTY,2025-04-04,12:55:00,22953.3,22955.4,22942.7,22950.4,
NSE,NIFTY,2025-04-04,13:00:00,22949.4,22968.3,22944.3,22962.85,
NSE,NIFTY,2025-04-04,13:05:00,22963.45,22973.4,22951.95,22956.6,
NSE,NIFTY,2025-04-04,13:10:00,22958.05,22974.05,22954,22970.3,
NSE,NIFTY,2025-04-04,13:15:00,22970.75,22972,22936.55,22938.45,
NSE,NIFTY,2025-04-04,13:20:00,22937.5,22959.35,22934.8,22958.1,
NSE,NIFTY,2025-04-04,13:25:00,22958.45,22966.75,22942.75,22950.55,
NSE,NIFTY,2025-04-04,13:30:00,22953.15,22957.7,22939.05,22955.85,
NSE,NIFTY,2025-04-04,13:35:00,22957.55,22957.55,22939.7,22949.4,
NSE,NIFTY,2025-04-04,13:40:00,22949.6,22950.5,22919.45,22936.5,
NSE,NIFTY,2025-04-04,13:45:00,22935.5,22938.6,22895.7,22896.85,
NSE,NIFTY,2025-04-04,13:50:00,22897.5,22900.05,22875.15,22894.25,
NSE,NIFTY,2025-04-04,13:55:00,22893.75,22911.4,22893.15,22901.1,
NSE,NIFTY,2025-04-04,14:00:00,22902.35,22908.5,22889.8,22892.4,
NSE,NIFTY,2025-04-04,14:05:00,22893.85,22903.4,22881.2,22885.25,
NSE,NIFTY,2025-04-04,14:10:00,22885.95,22905,22883.1,22894.7,
NSE,NIFTY,2025-04-04,14:15:00,22894.55,22913.8,22893.8,22910.65,
NSE,NIFTY,2025-04-04,14:20:00,22910.15,22918.8,22904.7,22913.2,
NSE,NIFTY,2025-04-04,14:25:00,22913.85,22917.35,22894.65,22902.35,
NSE,NIFTY,2025-04-04,14:30:00,22903.3,22903.3,22886.1,22892.15,
NSE,NIFTY,2025-04-04,14:35:00,22892.1,22900.95,22883.95,22888.55,
NSE,NIFTY,2025-04-04,14:40:00,22888.5,22892.45,22876.45,22885.7,
NSE,NIFTY,2025-04-04,14:45:00,22885.35,22886.5,22868.45,22876.45,
NSE,NIFTY,2025-04-04,14:50:00,22877.05,22886.9,22871.15,22880.05,
NSE,NIFTY,2025-04-04,14:55:00,22879.45,22881.05,22866.3,22866.3,
NSE,NIFTY,2025-04-04,15:00:00,22867.35,22878.95,22858.15,22878.95,
NSE,NIFTY,2025-04-04,15:05:00,22877.55,22905.6,22874.2,22903.95,
NSE,NIFTY,2025-04-04,15:10:00,22902.8,22921.55,22901.5,22910.25,
NSE,NIFTY,2025-04-04,15:15:00,22910.05,22919.6,22902.1,22903.85,
NSE,NIFTY,2025-04-04,15:20:00,22902.45,22907.5,22896.45,22903.1,
NSE,NIFTY,2025-04-04,15:25:00,22904.95,22909.55,22898.2,22902.45,
NSE,NIFTY,2025-04-04,15:30:00,22902.4,22920.6,22899.45,22915.05,
NSE,NIFTY,2025-04-04,15:35:00,22915.05,22915.05,22904.45,22904.45,
NSE,NIFTY,2025-04-04,15:40:00,22904.45,22904.45,22904.45,22904.45,
NSE,NIFTY,2025-04-04,15:45:00,22904.45,22904.45,22904.45,22904.45,
NSE,NIFTY,2025-04-04,15:50:00,22904.45,22904.45,22904.45,22904.45,
NSE,NIFTY,2025-04-04,15:55:00,22904.45,22904.45,22904.45,22904.45,
NSE,NIFTY,2025-04-04,16:00:00,22904.45,22904.45,22904.45,22904.45,
NSE,NIFTY,2025-04-07,07:30:00,22904.45,22904.45,22904.45,22904.45,
NSE,NIFTY,2025-04-07,07:35:00,22904.45,22904.45,22904.45,22904.45,
NSE,NIFTY,2025-04-07,07:40:00,22904.45,22904.45,22904.45,22904.45,
NSE,NIFTY,2025-04-07,07:45:00,22904.45,22904.45,22904.45,22904.45,
NSE,NIFTY,2025-04-07,07:50:00,22904.45,22904.45,22904.45,22904.45,
NSE,NIFTY,2025-04-07,07:55:00,22904.45,22904.45,22904.45,22904.45,
NSE,NIFTY,2025-04-07,08:00:00,22904.45,22904.45,22904.45,22904.45,
NSE,NIFTY,2025-04-07,08:05:00,22904.45,22904.45,22904.45,22904.45,
NSE,NIFTY,2025-04-07,08:10:00,22904.45,22904.45,22904.45,22904.45,
NSE,NIFTY,2025-04-07,08:15:00,22904.45,22904.45,22904.45,22904.45,
NSE,NIFTY,2025-04-07,08:20:00,22904.45,22904.45,22904.45,22904.45,
NSE,NIFTY,2025-04-07,08:25:00,22904.45,22904.45,22904.45,22904.45,
NSE,NIFTY,2025-04-07,08:30:00,22904.45,22904.45,22904.45,22904.45,
NSE,NIFTY,2025-04-07,08:35:00,22904.45,22904.45,22904.45,22904.45,
NSE,NIFTY,2025-04-07,08:40:00,22904.45,22904.45,22904.45,22904.45,
NSE,NIFTY,2025-04-07,08:45:00,22904.45,22904.45,22904.45,22904.45,
NSE,NIFTY,2025-04-07,08:50:00,22904.45,22904.45,22904.45,22904.45,
NSE,NIFTY,2025-04-07,08:55:00,22904.45,22904.45,22904.45,22904.45,
NSE,NIFTY,2025-04-07,09:00:00,22904.45,22904.45,21190.8,21404.9,
NSE,NIFTY,2025-04-07,09:05:00,21407.15,21788.05,21397.65,21763.55,
NSE,NIFTY,2025-04-07,09:10:00,21762,21771.15,21698.55,21758.4,
NSE,NIFTY,2025-04-07,09:15:00,21758.4,21940,21758.4,21931.2,
NSE,NIFTY,2025-04-07,09:20:00,21957.7,22097.5,21874.05,21879,
NSE,NIFTY,2025-04-07,09:25:00,21883.05,22080.3,21867.35,22022.5,
NSE,NIFTY,2025-04-07,09:30:00,22025.35,22077.7,22011.45,22063.8,
NSE,NIFTY,2025-04-07,09:35:00,22063.75,22188.4,22053.9,22126.1,
NSE,NIFTY,2025-04-07,09:40:00,22126,22128.75,22012.55,22049.6,
NSE,NIFTY,2025-04-07,09:45:00,22045.35,22045.35,21977.05,22003.55,
NSE,NIFTY,2025-04-07,09:50:00,22003.25,22037.05,21959.75,22028,
NSE,NIFTY,2025-04-07,09:55:00,22025.9,22050.65,21996.4,22020.35,
NSE,NIFTY,2025-04-07,10:00:00,22015.15,22030.75,21960.3,21985.25,
NSE,NIFTY,2025-04-07,10:05:00,21985.65,22011.05,21967.6,21986,
NSE,NIFTY,2025-04-07,10:10:00,21981.1,21991.9,21956.05,21982.95,
NSE,NIFTY,2025-04-07,10:15:00,21984.9,21989.5,21911.05,21914.2,
NSE,NIFTY,2025-04-07,10:20:00,21913.7,21954.85,21898.3,21949.85,
NSE,NIFTY,2025-04-07,10:25:00,21946.4,21960.85,21923.35,21934.75,
NSE,NIFTY,2025-04-07,10:30:00,21934.95,22008.9,21931.4,21983.6,
NSE,NIFTY,2025-04-07,10:35:00,21984.1,21987.4,21940.8,21941.6,
NSE,NIFTY,2025-04-07,10:40:00,21941.45,21969.2,21935.75,21958.3,
NSE,NIFTY,2025-04-07,10:45:00,21958.85,22021.65,21958.85,22011.5,
NSE,NIFTY,2025-04-07,10:50:00,22010.35,22068.8,21976.4,22065.2,
NSE,NIFTY,2025-04-07,10:55:00,22064.45,22082.7,22014.6,22024.1,
NSE,NIFTY,2025-04-07,11:00:00,22026.3,22032.1,21980.25,21991.55,
NSE,NIFTY,2025-04-07,11:05:00,21988.1,22015.9,21983.15,21988.7,
NSE,NIFTY,2025-04-07,11:10:00,21988,22015.7,21984.8,22008.5,
NSE,NIFTY,2025-04-07,11:15:00,22008.5,22012.45,21978.2,21979.3,
NSE,NIFTY,2025-04-07,11:20:00,21979.3,22006,21966.25,21979.85,
NSE,NIFTY,2025-04-07,11:25:00,21980,21984.55,21949.3,21954.05,
NSE,NIFTY,2025-04-07,11:30:00,21953.65,22020.05,21952.15,22018.45,
NSE,NIFTY,2025-04-07,11:35:00,22015.7,22054.7,22004.2,22042.45,
NSE,NIFTY,2025-04-07,11:40:00,22042.45,22069.5,22021.2,22022.05,
NSE,NIFTY,2025-04-07,11:45:00,22022.45,22024.15,21987.05,21998.75,
NSE,NIFTY,2025-04-07,11:50:00,21998.6,22004.85,21977.55,21991.95,
NSE,NIFTY,2025-04-07,11:55:00,21991.85,21998.15,21979.8,21983.25,
NSE,NIFTY,2025-04-07,12:00:00,21983.3,21984.1,21948.85,21961.3,
NSE,NIFTY,2025-04-07,12:05:00,21961.8,21967.4,21936.45,21944.8,
NSE,NIFTY,2025-04-07,12:10:00,21944.7,21944.7,21911.4,21927.9,
NSE,NIFTY,2025-04-07,12:15:00,21928.2,21935,21879.9,21887.6,
NSE,NIFTY,2025-04-07,12:20:00,21889.05,21896.95,21856,21859.9,
NSE,NIFTY,2025-04-07,12:25:00,21860.7,21883.75,21839.4,21846.2,
NSE,NIFTY,2025-04-07,12:30:00,21845.9,21879.7,21843.45,21856.7,
NSE,NIFTY,2025-04-07,12:35:00,21855.75,21863.2,21796.9,21824.2,
NSE,NIFTY,2025-04-07,12:40:00,21826.65,21872.55,21824.25,21862.9,
NSE,NIFTY,2025-04-07,12:45:00,21863.9,21920.15,21857,21920.15,
NSE,NIFTY,2025-04-07,12:50:00,21920.8,21943.25,21911.3,21911.4,
NSE,NIFTY,2025-04-07,12:55:00,21911.9,21912.3,21879.1,21884.9,
NSE,NIFTY,2025-04-07,13:00:00,21884.65,21894.85,21858.95,21862.55,
NSE,NIFTY,2025-04-07,13:05:00,21862.7,21879.25,21844.75,21864.55,
NSE,NIFTY,2025-04-07,13:10:00,21864.7,21886.85,21841.85,21872.4,
NSE,NIFTY,2025-04-07,13:15:00,21871,21873.45,21841.65,21849.2,
NSE,NIFTY,2025-04-07,13:20:00,21851.3,21851.65,21821.2,21821.2,
NSE,NIFTY,2025-04-07,13:25:00,21822.45,21883.35,21814.35,21881.75,
NSE,NIFTY,2025-04-07,13:30:00,21881.9,21918.85,21872.95,21901.35,
NSE,NIFTY,2025-04-07,13:35:00,21901.3,21954.85,21885.2,21952.05,
NSE,NIFTY,2025-04-07,13:40:00,21958.15,21963.95,21934.95,21963.45,
NSE,NIFTY,2025-04-07,13:45:00,21963.9,21991.2,21939.35,21984.85,
NSE,NIFTY,2025-04-07,13:50:00,21985.5,22037.8,21968.8,21977.85,
NSE,NIFTY,2025-04-07,13:55:00,21977.3,21994.05,21967.3,21979.25,
NSE,NIFTY,2025-04-07,14:00:00,21983.8,21999.5,21965.25,21984.35,
NSE,NIFTY,2025-04-07,14:05:00,21985.05,22017.4,21964.85,22014.85,
NSE,NIFTY,2025-04-07,14:10:00,22014.45,22033.3,22010.85,22018.35,
NSE,NIFTY,2025-04-07,14:15:00,22015.55,22017,21981.5,22009.15,
NSE,NIFTY,2025-04-07,14:20:00,22008.05,22018.05,21973.4,22007.6,
NSE,NIFTY,2025-04-07,14:25:00,22009.6,22036.55,21991.7,22024.25,
NSE,NIFTY,2025-04-07,14:30:00,22024.35,22032.8,22009.7,22019.15,
NSE,NIFTY,2025-04-07,14:35:00,22019.25,22080.85,22006.7,22039,
NSE,NIFTY,2025-04-07,14:40:00,22039.3,22048.65,22008.7,22011.15,
NSE,NIFTY,2025-04-07,14:45:00,22010.35,22021.65,21996.5,22010,
NSE,NIFTY,2025-04-07,14:50:00,22009.2,22026.4,22003.1,22020.25,
NSE,NIFTY,2025-04-07,14:55:00,22021,22034.75,22008.1,22025.55,
NSE,NIFTY,2025-04-07,15:00:00,22024.9,22070.95,22023.95,22046.6,
NSE,NIFTY,2025-04-07,15:05:00,22045.8,22125.6,22045.1,22096.3,
NSE,NIFTY,2025-04-07,15:10:00,22097.15,22188.5,22095.45,22177.05,
NSE,NIFTY,2025-04-07,15:15:00,22176.35,22210.4,22142.8,22165.3,
NSE,NIFTY,2025-04-07,15:20:00,22163.4,22175.45,22134.65,22157.25,
NSE,NIFTY,2025-04-07,15:25:00,22157.45,22253.2,22156.15,22239.05,
NSE,NIFTY,2025-04-07,15:30:00,22238,22244.5,22221.65,22242.3,
NSE,NIFTY,2025-04-07,15:35:00,22242.3,22242.3,22161.6,22161.6,
NSE,NIFTY,2025-04-07,15:40:00,22161.6,22161.6,22161.6,22161.6,
NSE,NIFTY,2025-04-07,15:45:00,22161.6,22161.6,22161.6,22161.6,
NSE,NIFTY,2025-04-07,15:50:00,22161.6,22161.6,22161.6,22161.6,
NSE,NIFTY,2025-04-07,15:55:00,22161.6,22161.6,22161.6,22161.6,
NSE,NIFTY,2025-04-07,16:00:00,22161.6,22161.6,22161.6,22161.6,
NSE,NIFTY,2025-04-08,07:30:00,22161.6,22161.6,22161.6,22161.6,
NSE,NIFTY,2025-04-08,07:35:00,22161.6,22161.6,22161.6,22161.6,
NSE,NIFTY,2025-04-08,07:40:00,22161.6,22161.6,22161.6,22161.6,
NSE,NIFTY,2025-04-08,07:45:00,22161.6,22161.6,22161.6,22161.6,
NSE,NIFTY,2025-04-08,07:50:00,22161.6,22161.6,22161.6,22161.6,
NSE,NIFTY,2025-04-08,07:55:00,22161.6,22161.6,22161.6,22161.6,
NSE,NIFTY,2025-04-08,08:00:00,22161.6,22161.6,22161.6,22161.6,
NSE,NIFTY,2025-04-08,08:05:00,22161.6,22161.6,22161.6,22161.6,
NSE,NIFTY,2025-04-08,08:10:00,22161.6,22161.6,22161.6,22161.6,
NSE,NIFTY,2025-04-08,08:15:00,22161.6,22161.6,22161.6,22161.6,
NSE,NIFTY,2025-04-08,08:20:00,22161.6,22161.6,22161.6,22161.6,
NSE,NIFTY,2025-04-08,08:25:00,22161.6,22161.6,22161.6,22161.6,
NSE,NIFTY,2025-04-08,08:30:00,22161.6,22161.6,22161.6,22161.6,
NSE,NIFTY,2025-04-08,08:35:00,22161.6,22161.6,22161.6,22161.6,
NSE,NIFTY,2025-04-08,08:40:00,22161.6,22161.6,22161.6,22161.6,
NSE,NIFTY,2025-04-08,08:45:00,22161.6,22161.6,22161.6,22161.6,
NSE,NIFTY,2025-04-08,08:50:00,22161.6,22161.6,22161.6,22161.6,
NSE,NIFTY,2025-04-08,08:55:00,22161.6,22161.6,22161.6,22161.6,
NSE,NIFTY,2025-04-08,09:00:00,22161.6,22786.9,22161.6,22677.6,
NSE,NIFTY,2025-04-08,09:05:00,22673.9,22675.3,22244.9,22394.85,
NSE,NIFTY,2025-04-08,09:10:00,22399.95,22448.85,22395.3,22446.75,
NSE,NIFTY,2025-04-08,09:15:00,22446.75,22573.1,22446.75,22539.65,
NSE,NIFTY,2025-04-08,09:20:00,22541.95,22555.75,22504.6,22533.2,
NSE,NIFTY,2025-04-08,09:25:00,22529.75,22555.25,22495,22520.8,
NSE,NIFTY,2025-04-08,09:30:00,22520.45,22550,22511.6,22545.75,
NSE,NIFTY,2025-04-08,09:35:00,22545.45,22548.4,22499.35,22500.65,
NSE,NIFTY,2025-04-08,09:40:00,22499.95,22521.5,22463.05,22480.4,
NSE,NIFTY,2025-04-08,09:45:00,22478.9,22511.8,22454,22511.5,
NSE,NIFTY,2025-04-08,09:50:00,22511.65,22521.4,22466.3,22474,
NSE,NIFTY,2025-04-08,09:55:00,22472.95,22474.1,22434.9,22440.75,
NSE,NIFTY,2025-04-08,10:00:00,22440.85,22445,22393.7,22417.85,
NSE,NIFTY,2025-04-08,10:05:00,22417.2,22419,22383.8,22392.6,
NSE,NIFTY,2025-04-08,10:10:00,22393.15,22409.6,22378.5,22393,
NSE,NIFTY,2025-04-08,10:15:00,22393.05,22432.4,22382.35,22394.7,
NSE,NIFTY,2025-04-08,10:20:00,22394.2,22398.75,22370.05,22379,
NSE,NIFTY,2025-04-08,10:25:00,22378.95,22411.4,22378.95,22397.75,
NSE,NIFTY,2025-04-08,10:30:00,22398.15,22429.35,22394.5,22425.6,
NSE,NIFTY,2025-04-08,10:35:00,22426,22432.6,22340.05,22342.55,
NSE,NIFTY,2025-04-08,10:40:00,22337.7,22342,22286.95,22292.35,
NSE,NIFTY,2025-04-08,10:45:00,22295.5,22318.25,22275.85,22295.35,
NSE,NIFTY,2025-04-08,10:50:00,22295.8,22308.05,22272.9,22301.7,
NSE,NIFTY,2025-04-08,10:55:00,22302,22411.05,22294.45,22404.9,
NSE,NIFTY,2025-04-08,11:00:00,22405.15,22411.75,22352.3,22376.5,
NSE,NIFTY,2025-04-08,11:05:00,22379.3,22420.85,22374.85,22389.15,
NSE,NIFTY,2025-04-08,11:10:00,22390.85,22489.95,22389.85,22484.3,
NSE,NIFTY,2025-04-08,11:15:00,22483.5,22483.85,22435.65,22445.9,
NSE,NIFTY,2025-04-08,11:20:00,22446.3,22455.2,22368.4,22387.4,
NSE,NIFTY,2025-04-08,11:25:00,22391.25,22403.75,22365.75,22382.65,
NSE,NIFTY,2025-04-08,11:30:00,22382.25,22390.45,22323.15,22352.9,
NSE,NIFTY,2025-04-08,11:35:00,22352.35,22356.65,22319.4,22344.3,
NSE,NIFTY,2025-04-08,11:40:00,22345,22405.05,22344.15,22377.25,
NSE,NIFTY,2025-04-08,11:45:00,22376.7,22391.85,22351.15,22369.45,
NSE,NIFTY,2025-04-08,11:50:00,22370.35,22434.5,22369.3,22418.15,
NSE,NIFTY,2025-04-08,11:55:00,22412.3,22435.6,22380.8,22435.6,
NSE,NIFTY,2025-04-08,12:00:00,22435.8,22437.3,22402.25,22430.8,
NSE,NIFTY,2025-04-08,12:05:00,22430.7,22464.9,22418.85,22448.9,
NSE,NIFTY,2025-04-08,12:10:00,22448.15,22536.95,22447.55,22524.8,
NSE,NIFTY,2025-04-08,12:15:00,22523.1,22558.05,22516.05,22535.25,
NSE,NIFTY,2025-04-08,12:20:00,22535.2,22537.05,22506.05,22517.6,
NSE,NIFTY,2025-04-08,12:25:00,22516.7,22555.4,22516.7,22549.25,
NSE,NIFTY,2025-04-08,12:30:00,22549.05,22585.15,22548,22566.95,
NSE,NIFTY,2025-04-08,12:35:00,22566.85,22654,22566.85,22635.75,
NSE,NIFTY,2025-04-08,12:40:00,22636.75,22665.4,22608.2,22611.95,
NSE,NIFTY,2025-04-08,12:45:00,22612.5,22648.25,22601.6,22643.8,
NSE,NIFTY,2025-04-08,12:50:00,22644.25,22644.9,22618.8,22635.95,
NSE,NIFTY,2025-04-08,12:55:00,22634,22658.1,22634,22637.8,
NSE,NIFTY,2025-04-08,13:00:00,22638.65,22670.95,22637.55,22653.55,
NSE,NIFTY,2025-04-08,13:05:00,22654.5,22656.85,22613.25,22643,
NSE,NIFTY,2025-04-08,13:10:00,22642.55,22643.3,22609.75,22639.7,
NSE,NIFTY,2025-04-08,13:15:00,22642.8,22671.15,22636.45,22658.05,
NSE,NIFTY,2025-04-08,13:20:00,22658.75,22671.9,22644.3,22664.15,
NSE,NIFTY,2025-04-08,13:25:00,22663.2,22664.25,22624.55,22661.45,
NSE,NIFTY,2025-04-08,13:30:00,22661.1,22696.65,22658.45,22687.25,
NSE,NIFTY,2025-04-08,13:35:00,22687.95,22691.85,22653.05,22653.05,
NSE,NIFTY,2025-04-08,13:40:00,22643.55,22653.85,22528.7,22558.75,
NSE,NIFTY,2025-04-08,13:45:00,22561.7,22627.5,22555.6,22596.5,
NSE,NIFTY,2025-04-08,13:50:00,22594.3,22599.25,22530.3,22540.75,
NSE,NIFTY,2025-04-08,13:55:00,22540.7,22550.9,22461.75,22497.45,
NSE,NIFTY,2025-04-08,14:00:00,22498.05,22559.35,22486.1,22551.65,
NSE,NIFTY,2025-04-08,14:05:00,22554.85,22606.25,22514.2,22515.9,
NSE,NIFTY,2025-04-08,14:10:00,22522,22582.3,22512.95,22569.55,
NSE,NIFTY,2025-04-08,14:15:00,22568.3,22610.95,22566.85,22605.45,
NSE,NIFTY,2025-04-08,14:20:00,22605.95,22642.8,22600.7,22620.45,
NSE,NIFTY,2025-04-08,14:25:00,22620.8,22655.65,22620.8,22646.75,
NSE,NIFTY,2025-04-08,14:30:00,22647.25,22664.9,22620.15,22650,
NSE,NIFTY,2025-04-08,14:35:00,22650.3,22652.05,22574.3,22583.4,
NSE,NIFTY,2025-04-08,14:40:00,22584.05,22593.9,22556.35,22570.05,
NSE,NIFTY,2025-04-08,14:45:00,22569,22583.05,22554.7,22570.15,
NSE,NIFTY,2025-04-08,14:50:00,22570.6,22602.75,22544.6,22555.15,
NSE,NIFTY,2025-04-08,14:55:00,22555.5,22586.7,22530.8,22567.5,
NSE,NIFTY,2025-04-08,15:00:00,22568.2,22584.65,22553.15,22556,
NSE,NIFTY,2025-04-08,15:05:00,22556.75,22570.55,22523.85,22529.7,
NSE,NIFTY,2025-04-08,15:10:00,22530,22544.75,22517.15,22535.35,
NSE,NIFTY,2025-04-08,15:15:00,22534.35,22546.65,22525.4,22526,
NSE,NIFTY,2025-04-08,15:20:00,22526.3,22531.05,22517.95,22527.45,
NSE,NIFTY,2025-04-08,15:25:00,22527.75,22542.65,22524.85,22540.5,
NSE,NIFTY,2025-04-08,15:30:00,22540.45,22555.75,22536.15,22547.6,
NSE,NIFTY,2025-04-08,15:35:00,22547.6,22547.6,22535.85,22535.85,
NSE,NIFTY,2025-04-08,15:40:00,22535.85,22535.85,22535.85,22535.85,
NSE,NIFTY,2025-04-08,15:45:00,22535.85,22535.85,22535.85,22535.85,
NSE,NIFTY,2025-04-08,15:50:00,22535.85,22535.85,22535.85,22535.85,
NSE,NIFTY,2025-04-08,15:55:00,22535.85,22535.85,22535.85,22535.85,
NSE,NIFTY,2025-04-08,16:00:00,22535.85,22535.85,22535.85,22535.85,
NSE,NIFTY,2025-04-09,07:30:00,22535.85,22535.85,22535.85,22535.85,
NSE,NIFTY,2025-04-09,07:35:00,22535.85,22535.85,22535.85,22535.85,
NSE,NIFTY,2025-04-09,07:40:00,22535.85,22535.85,22535.85,22535.85,
NSE,NIFTY,2025-04-09,07:45:00,22535.85,22535.85,22535.85,22535.85,
NSE,NIFTY,2025-04-09,07:50:00,22535.85,22535.85,22535.85,22535.85,
NSE,NIFTY,2025-04-09,07:55:00,22535.85,22535.85,22535.85,22535.85,
NSE,NIFTY,2025-04-09,08:00:00,22535.85,22535.85,22535.85,22535.85,
NSE,NIFTY,2025-04-09,08:05:00,22535.85,22535.85,22535.85,22535.85,
NSE,NIFTY,2025-04-09,08:10:00,22535.85,22535.85,22535.85,22535.85,
NSE,NIFTY,2025-04-09,08:15:00,22535.85,22535.85,22535.85,22535.85,
NSE,NIFTY,2025-04-09,08:20:00,22535.85,22535.85,22535.85,22535.85,
NSE,NIFTY,2025-04-09,08:25:00,22535.85,22535.85,22535.85,22535.85,
NSE,NIFTY,2025-04-09,08:30:00,22535.85,22535.85,22535.85,22535.85,
NSE,NIFTY,2025-04-09,08:35:00,22535.85,22535.85,22535.85,22535.85,
NSE,NIFTY,2025-04-09,08:40:00,22535.85,22535.85,22535.85,22535.85,
NSE,NIFTY,2025-04-09,08:45:00,22535.85,22535.85,22535.85,22535.85,
NSE,NIFTY,2025-04-09,08:50:00,22535.85,22535.85,22535.85,22535.85,
NSE,NIFTY,2025-04-09,08:55:00,22535.85,22535.85,22535.85,22535.85,
NSE,NIFTY,2025-04-09,09:00:00,22535.85,22579.9,22190.8,22209.15,
NSE,NIFTY,2025-04-09,09:05:00,22212.05,22497.7,22099.45,22478.9,
NSE,NIFTY,2025-04-09,09:10:00,22478.9,22481.95,22436.25,22460.3,
NSE,NIFTY,2025-04-09,09:15:00,22460.3,22460.3,22362.5,22392.15,
NSE,NIFTY,2025-04-09,09:20:00,22388.85,22456.15,22385.25,22406.3,
NSE,NIFTY,2025-04-09,09:25:00,22414.95,22458.9,22411.05,22434.1,
NSE,NIFTY,2025-04-09,09:30:00,22435.45,22438.4,22368.7,22372.25,
NSE,NIFTY,2025-04-09,09:35:00,22372.6,22420.15,22362.1,22406.5,
NSE,NIFTY,2025-04-09,09:40:00,22400.2,22416.05,22371.05,22380.9,
NSE,NIFTY,2025-04-09,09:45:00,22381.7,22468.3,22373.85,22463.6,
NSE,NIFTY,2025-04-09,09:50:00,22463.2,22466.75,22391.9,22396.7,
NSE,NIFTY,2025-04-09,09:55:00,22396.95,22439.7,22391.35,22406.9,
NSE,NIFTY,2025-04-09,10:00:00,22408.35,22420.1,22381.75,22395.55,
NSE,NIFTY,2025-04-09,10:05:00,22395.65,22430.65,22381.3,22410.25,
NSE,NIFTY,2025-04-09,10:10:00,22410.4,22455.45,22405.1,22405.1,
NSE,NIFTY,2025-04-09,10:15:00,22404.8,22408.55,22357.05,22374.55,
NSE,NIFTY,2025-04-09,10:20:00,22373.85,22424.9,22366.2,22414.45,
NSE,NIFTY,2025-04-09,10:25:00,22415.1,22419.7,22403.5,22406.65,
NSE,NIFTY,2025-04-09,10:30:00,22407.55,22423,22396.4,22398.6,
NSE,NIFTY,2025-04-09,10:35:00,22398.7,22402.05,22377.5,22380.05,
NSE,NIFTY,2025-04-09,10:40:00,22379.35,22387.9,22368.75,22380.8,
NSE,NIFTY,2025-04-09,10:45:00,22381.1,22398.25,22375.05,22389.2,
NSE,NIFTY,2025-04-09,10:50:00,22390,22406.3,22384.1,22398.9,
NSE,NIFTY,2025-04-09,10:55:00,22398.9,22410.2,22392.9,22393.4,
NSE,NIFTY,2025-04-09,11:00:00,22393.7,22405,22387.45,22388.1,
NSE,NIFTY,2025-04-09,11:05:00,22389.15,22389.3,22365.75,22367.6,
NSE,NIFTY,2025-04-09,11:10:00,22368.75,22371,22353.5,22362.05,
NSE,NIFTY,2025-04-09,11:15:00,22362.65,22374.8,22357.7,22370.5,
NSE,NIFTY,2025-04-09,11:20:00,22370.7,22390.35,22368.7,22386.15,
NSE,NIFTY,2025-04-09,11:25:00,22385.45,22407.05,22385.45,22395.15,
NSE,NIFTY,2025-04-09,11:30:00,22395,22410.35,22391.65,22407.9,
NSE,NIFTY,2025-04-09,11:35:00,22408.85,22422.6,22406.85,22415.8,
NSE,NIFTY,2025-04-09,11:40:00,22416.8,22426.3,22409.25,22420.8,
NSE,NIFTY,2025-04-09,11:45:00,22420.45,22435.45,22418.25,22429.6,
NSE,NIFTY,2025-04-09,11:50:00,22429.95,22431.35,22414.3,22417.1,
NSE,NIFTY,2025-04-09,11:55:00,22416.05,22424.3,22411.75,22419.95,
NSE,NIFTY,2025-04-09,12:00:00,22420.85,22421.95,22410.65,22412.9,
NSE,NIFTY,2025-04-09,12:05:00,22413.4,22424.8,22405.6,22424.75,
NSE,NIFTY,2025-04-09,12:10:00,22424.75,22428.45,22418,22423.25,
NSE,NIFTY,2025-04-09,12:15:00,22423.15,22432.15,22417.3,22430.15,
NSE,NIFTY,2025-04-09,12:20:00,22429.8,22434.05,22422.4,22427.35,
NSE,NIFTY,2025-04-09,12:25:00,22427.1,22427.5,22419.4,22424.05,
NSE,NIFTY,2025-04-09,12:30:00,22425.35,22428.2,22415.15,22421.4,
NSE,NIFTY,2025-04-09,12:35:00,22420.35,22445.3,22417.35,22441.4,
NSE,NIFTY,2025-04-09,12:40:00,22442.75,22448.8,22427.4,22430.35,
NSE,NIFTY,2025-04-09,12:45:00,22430.7,22440.05,22424.75,22440.05,
NSE,NIFTY,2025-04-09,12:50:00,22439.5,22442.55,22428.7,22435.45,
NSE,NIFTY,2025-04-09,12:55:00,22432.85,22434.1,22424,22430.3,
NSE,NIFTY,2025-04-09,13:00:00,22429.85,22431,22416.25,22417.3,
NSE,NIFTY,2025-04-09,13:05:00,22418.15,22422.85,22409.7,22416.35,
NSE,NIFTY,2025-04-09,13:10:00,22416.05,22434.7,22411.55,22434.7,
NSE,NIFTY,2025-04-09,13:15:00,22434.25,22436.55,22420.25,22431.65,
NSE,NIFTY,2025-04-09,13:20:00,22432.05,22432.25,22416.95,22417.6,
NSE,NIFTY,2025-04-09,13:25:00,22418.3,22422.55,22409.75,22418.4,
NSE,NIFTY,2025-04-09,13:30:00,22417.25,22427.9,22414.45,22418.65,
NSE,NIFTY,2025-04-09,13:35:00,22418.65,22425.45,22402.25,22405.45,
NSE,NIFTY,2025-04-09,13:40:00,22405.35,22406.05,22396.85,22400.3,
NSE,NIFTY,2025-04-09,13:45:00,22400.3,22405.25,22397.35,22403.65,
NSE,NIFTY,2025-04-09,13:50:00,22403.2,22413.25,22400.75,22408.7,
NSE,NIFTY,2025-04-09,13:55:00,22408.45,22408.45,22397.7,22402,
NSE,NIFTY,2025-04-09,14:00:00,22402.3,22406,22396.55,22400.1,
NSE,NIFTY,2025-04-09,14:05:00,22400.65,22404.25,22396.35,22403.75,
NSE,NIFTY,2025-04-09,14:10:00,22402.85,22406.5,22399.2,22405.7,
NSE,NIFTY,2025-04-09,14:15:00,22405.4,22407.45,22399.75,22403.8,
NSE,NIFTY,2025-04-09,14:20:00,22403.65,22409.15,22399.65,22402.75,
NSE,NIFTY,2025-04-09,14:25:00,22403.4,22409,22401.2,22405.95,
NSE,NIFTY,2025-04-09,14:30:00,22405.2,22407.55,22401.65,22403.45,
NSE,NIFTY,2025-04-09,14:35:00,22403.45,22404.45,22398.75,22402.3,
NSE,NIFTY,2025-04-09,14:40:00,22402.7,22405.6,22400.55,22404.1,
NSE,NIFTY,2025-04-09,14:45:00,22403.6,22406.7,22401,22406.7,
NSE,NIFTY,2025-04-09,14:50:00,22406.6,22407.5,22399.15,22400.2,
NSE,NIFTY,2025-04-09,14:55:00,22401,22403.75,22396.35,22398.2,
NSE,NIFTY,2025-04-09,15:00:00,22397.4,22405.15,22397.4,22401.05,
NSE,NIFTY,2025-04-09,15:05:00,22400,22404.55,22387.35,22399.65,
NSE,NIFTY,2025-04-09,15:10:00,22399.1,22403.9,22394.45,22400.9,
NSE,NIFTY,2025-04-09,15:15:00,22400,22405.55,22396.05,22402.3,
NSE,NIFTY,2025-04-09,15:20:00,22401.95,22406.05,22393.8,22394.85,
NSE,NIFTY,2025-04-09,15:25:00,22394.75,22403.9,22393.45,22401.2,
NSE,NIFTY,2025-04-09,15:30:00,22401.7,22424.75,22399.8,22420.25,
NSE,NIFTY,2025-04-09,15:35:00,22420.25,22420.25,22399.15,22399.15,
NSE,NIFTY,2025-04-09,15:40:00,22399.15,22399.15,22399.15,22399.15,
NSE,NIFTY,2025-04-09,15:45:00,22399.15,22399.15,22399.15,22399.15,
NSE,NIFTY,2025-04-09,15:50:00,22399.15,22399.15,22399.15,22399.15,
NSE,NIFTY,2025-04-09,15:55:00,22399.15,22399.15,22399.15,22399.15,
NSE,NIFTY,2025-04-09,16:00:00,22399.15,22399.15,22399.15,22399.15,
NSE,NIFTY,2025-04-11,07:30:00,22399.15,22399.15,22399.15,22399.15,
NSE,NIFTY,2025-04-11,07:35:00,22399.15,22399.15,22399.15,22399.15,
NSE,NIFTY,2025-04-11,07:40:00,22399.15,22399.15,22399.15,22399.15,
NSE,NIFTY,2025-04-11,07:45:00,22399.15,22399.15,22399.15,22399.15,
NSE,NIFTY,2025-04-11,07:50:00,22399.15,22399.15,22399.15,22399.15,
NSE,NIFTY,2025-04-11,07:55:00,22399.15,22399.15,22399.15,22399.15,
NSE,NIFTY,2025-04-11,08:00:00,22399.15,22399.15,22399.15,22399.15,
NSE,NIFTY,2025-04-11,08:05:00,22399.15,22399.15,22399.15,22399.15,
NSE,NIFTY,2025-04-11,08:10:00,22399.15,22399.15,22399.15,22399.15,
NSE,NIFTY,2025-04-11,08:15:00,22399.15,22399.15,22399.15,22399.15,
NSE,NIFTY,2025-04-11,08:20:00,22399.15,22399.15,22399.15,22399.15,
NSE,NIFTY,2025-04-11,08:25:00,22399.15,22399.15,22399.15,22399.15,
NSE,NIFTY,2025-04-11,08:30:00,22399.15,22399.15,22399.15,22399.15,
NSE,NIFTY,2025-04-11,08:35:00,22399.15,22399.15,22399.15,22399.15,
NSE,NIFTY,2025-04-11,08:40:00,22399.15,22399.15,22399.15,22399.15,
NSE,NIFTY,2025-04-11,08:45:00,22399.15,22399.15,22399.15,22399.15,
NSE,NIFTY,2025-04-11,08:50:00,22399.15,22399.15,22399.15,22399.15,
NSE,NIFTY,2025-04-11,08:55:00,22399.15,22399.15,22399.15,22399.15,
NSE,NIFTY,2025-04-11,09:00:00,22399.15,22399.15,22067.75,22354.35,
NSE,NIFTY,2025-04-11,09:05:00,22352.8,22600.35,22313.2,22600.35,
NSE,NIFTY,2025-04-11,09:10:00,22600.05,22695.4,22595.45,22695.4,
NSE,NIFTY,2025-04-11,09:15:00,22695.4,22761.1,22695.4,22755.25,
NSE,NIFTY,2025-04-11,09:20:00,22753.7,22780.95,22709.95,22769.75,
NSE,NIFTY,2025-04-11,09:25:00,22766.75,22820.5,22758.35,22815,
NSE,NIFTY,2025-04-11,09:30:00,22813.1,22814.5,22758.6,22784.3,
NSE,NIFTY,2025-04-11,09:35:00,22785.2,22800.7,22766.1,22795.85,
NSE,NIFTY,2025-04-11,09:40:00,22793.45,22847.55,22790.3,22840.55,
NSE,NIFTY,2025-04-11,09:45:00,22838.75,22857.65,22837.55,22854.7,
NSE,NIFTY,2025-04-11,09:50:00,22856.4,22874.25,22835.9,22858.15,
NSE,NIFTY,2025-04-11,09:55:00,22858,22865.5,22847.6,22858.2,
NSE,NIFTY,2025-04-11,10:00:00,22859,22867.95,22819.95,22841.75,
NSE,NIFTY,2025-04-11,10:05:00,22841.35,22859.7,22832.35,22841.55,
NSE,NIFTY,2025-04-11,10:10:00,22841.75,22845.25,22811.2,22817.7,
NSE,NIFTY,2025-04-11,10:15:00,22817.15,22843.3,22807.8,22841.5,
NSE,NIFTY,2025-04-11,10:20:00,22841.75,22843.3,22816.45,22820.35,
NSE,NIFTY,2025-04-11,10:25:00,22820.3,22821.7,22785.8,22803.45,
NSE,NIFTY,2025-04-11,10:30:00,22803.55,22819.6,22792.5,22819.55,
NSE,NIFTY,2025-04-11,10:35:00,22817.75,22836.2,22799.15,22800.7,
NSE,NIFTY,2025-04-11,10:40:00,22801.1,22801.1,22736.05,22747.95,
NSE,NIFTY,2025-04-11,10:45:00,22748.75,22785.65,22747.7,22785.45,
NSE,NIFTY,2025-04-11,10:50:00,22784.8,22792.5,22760.75,22783.9,
NSE,NIFTY,2025-04-11,10:55:00,22783.45,22794.1,22778.25,22793.8,
NSE,NIFTY,2025-04-11,11:00:00,22793.3,22810.5,22784.1,22810.5,
NSE,NIFTY,2025-04-11,11:05:00,22811.3,22825.5,22806.7,22816.7,
NSE,NIFTY,2025-04-11,11:10:00,22816.05,22827.9,22813.05,22818.35,
NSE,NIFTY,2025-04-11,11:15:00,22817.85,22845.45,22808.3,22837.1,
NSE,NIFTY,2025-04-11,11:20:00,22836.55,22845.3,22820.3,22827.55,
NSE,NIFTY,2025-04-11,11:25:00,22828,22859.85,22826,22857.8,
NSE,NIFTY,2025-04-11,11:30:00,22858.1,22864.65,22842.85,22862.3,
NSE,NIFTY,2025-04-11,11:35:00,22862,22872.75,22856.75,22866.65,
NSE,NIFTY,2025-04-11,11:40:00,22867.35,22895.05,22866.05,22892.6,
NSE,NIFTY,2025-04-11,11:45:00,22892.5,22894.65,22874,22875.3,
NSE,NIFTY,2025-04-11,11:50:00,22873.95,22889,22867.15,22881.3,
NSE,NIFTY,2025-04-11,11:55:00,22881.6,22882,22860.25,22869.6,
NSE,NIFTY,2025-04-11,12:00:00,22869.75,22881.25,22869.2,22881.25,
NSE,NIFTY,2025-04-11,12:05:00,22881.6,22885.15,22868,22879.2,
NSE,NIFTY,2025-04-11,12:10:00,22879.35,22884.35,22872.05,22877.8,
NSE,NIFTY,2025-04-11,12:15:00,22880.5,22910.15,22879.9,22907.6,
NSE,NIFTY,2025-04-11,12:20:00,22909.8,22923.9,22901.55,22902.35,
NSE,NIFTY,2025-04-11,12:25:00,22902.65,22904.05,22889.55,22903.5,
NSE,NIFTY,2025-04-11,12:30:00,22903.6,22912.25,22892.55,22898.4,
NSE,NIFTY,2025-04-11,12:35:00,22898.8,22904.6,22881.15,22882,
NSE,NIFTY,2025-04-11,12:40:00,22883.8,22893.7,22872.75,22883.1,
NSE,NIFTY,2025-04-11,12:45:00,22884.45,22898.65,22881.1,22897.3,
NSE,NIFTY,2025-04-11,12:50:00,22897.7,22906.95,22896.4,22899.6,
NSE,NIFTY,2025-04-11,12:55:00,22899.7,22904.75,22891.45,22904.25,
NSE,NIFTY,2025-04-11,13:00:00,22904.5,22904.9,22885.4,22893.95,
NSE,NIFTY,2025-04-11,13:05:00,22895.05,22905.65,22890.85,22901.45,
NSE,NIFTY,2025-04-11,13:10:00,22902,22912,22900,22904.25,
NSE,NIFTY,2025-04-11,13:15:00,22904.5,22916.1,22901.6,22903.95,
NSE,NIFTY,2025-04-11,13:20:00,22904.65,22906.05,22880.25,22880.6,
NSE,NIFTY,2025-04-11,13:25:00,22881.05,22898.05,22880.3,22896.1,
NSE,NIFTY,2025-04-11,13:30:00,22896.95,22897.2,22853.25,22853.4,
NSE,NIFTY,2025-04-11,13:35:00,22854.2,22859.5,22846.1,22855.65,
NSE,NIFTY,2025-04-11,13:40:00,22856.1,22879.55,22852.55,22871.1,
NSE,NIFTY,2025-04-11,13:45:00,22871.7,22877.6,22865.45,22873.4,
NSE,NIFTY,2025-04-11,13:50:00,22874.15,22874.55,22842.95,22842.95,
NSE,NIFTY,2025-04-11,13:55:00,22843.75,22854.6,22824.3,22827.7,
NSE,NIFTY,2025-04-11,14:00:00,22829.85,22837.1,22827.8,22831.25,
NSE,NIFTY,2025-04-11,14:05:00,22832.2,22832.2,22787.5,22792.45,
NSE,NIFTY,2025-04-11,14:10:00,22793.05,22810.7,22776.05,22792.15,
NSE,NIFTY,2025-04-11,14:15:00,22793.25,22793.25,22770.4,22782.1,
NSE,NIFTY,2025-04-11,14:20:00,22783.65,22796,22776.15,22779.25,
NSE,NIFTY,2025-04-11,14:25:00,22780.65,22785.7,22768.75,22780.3,
NSE,NIFTY,2025-04-11,14:30:00,22780.7,22797.1,22762,22778.5,
NSE,NIFTY,2025-04-11,14:35:00,22780.15,22799.2,22779.05,22781.9,
NSE,NIFTY,2025-04-11,14:40:00,22781.7,22790.5,22774.3,22779.15,
NSE,NIFTY,2025-04-11,14:45:00,22780.2,22810.35,22775.25,22810.35,
NSE,NIFTY,2025-04-11,14:50:00,22811.3,22829.95,22806.45,22820.8,
NSE,NIFTY,2025-04-11,14:55:00,22822.15,22825.85,22816,22822.75,
NSE,NIFTY,2025-04-11,15:00:00,22823.05,22836.1,22811.9,22833.1,
NSE,NIFTY,2025-04-11,15:05:00,22834.25,22840.15,22827,22827.6,
NSE,NIFTY,2025-04-11,15:10:00,22827.45,22839.25,22821.85,22835.2,
NSE,NIFTY,2025-04-11,15:15:00,22836.8,22838.35,22826.5,22827.4,
NSE,NIFTY,2025-04-11,15:20:00,22825.85,22827.3,22810.95,22816.2,
NSE,NIFTY,2025-04-11,15:25:00,22815.15,22832.95,22813,22832,
NSE,NIFTY,2025-04-11,15:30:00,22831.7,22855.55,22830.85,22842.85,
NSE,NIFTY,2025-04-11,15:35:00,22842.85,22842.85,22828.55,22828.55,
NSE,NIFTY,2025-04-11,15:40:00,22828.55,22828.55,22828.55,22828.55,
NSE,NIFTY,2025-04-11,15:45:00,22828.55,22828.55,22828.55,22828.55,
NSE,NIFTY,2025-04-11,15:50:00,22828.55,22828.55,22828.55,22828.55,
NSE,NIFTY,2025-04-11,15:55:00,22828.55,22828.55,22828.55,22828.55,
NSE,NIFTY,2025-04-11,16:00:00,22828.55,22828.55,22828.55,22828.55,
NSE,NIFTY,2025-04-15,07:30:00,22828.55,22828.55,22828.55,22828.55,
NSE,NIFTY,2025-04-15,07:35:00,22828.55,22828.55,22828.55,22828.55,
NSE,NIFTY,2025-04-15,07:40:00,22828.55,22828.55,22828.55,22828.55,
NSE,NIFTY,2025-04-15,07:45:00,22828.55,22828.55,22828.55,22828.55,
NSE,NIFTY,2025-04-15,07:50:00,22828.55,22828.55,22828.55,22828.55,
NSE,NIFTY,2025-04-15,07:55:00,22828.55,22828.55,22828.55,22828.55,
NSE,NIFTY,2025-04-15,08:00:00,22828.55,22828.55,22828.55,22828.55,
NSE,NIFTY,2025-04-15,08:05:00,22828.55,22828.55,22828.55,22828.55,
NSE,NIFTY,2025-04-15,08:10:00,22828.55,22828.55,22828.55,22828.55,
NSE,NIFTY,2025-04-15,08:15:00,22828.55,22828.55,22828.55,22828.55,
NSE,NIFTY,2025-04-15,08:20:00,22828.55,22828.55,22828.55,22828.55,
NSE,NIFTY,2025-04-15,08:25:00,22828.55,22828.55,22828.55,22828.55,
NSE,NIFTY,2025-04-15,08:30:00,22828.55,22828.55,22828.55,22828.55,
NSE,NIFTY,2025-04-15,08:35:00,22828.55,22828.55,22828.55,22828.55,
NSE,NIFTY,2025-04-15,08:40:00,22828.55,22828.55,22828.55,22828.55,
NSE,NIFTY,2025-04-15,08:45:00,22828.55,22828.55,22828.55,22828.55,
NSE,NIFTY,2025-04-15,08:50:00,22828.55,22828.55,22828.55,22828.55,
NSE,NIFTY,2025-04-15,08:55:00,22828.55,22828.55,22828.55,22828.55,
NSE,NIFTY,2025-04-15,09:00:00,22828.55,23639.25,22828.55,23633.1,
NSE,NIFTY,2025-04-15,09:05:00,23634.05,23675.2,23511.05,23511.05,
NSE,NIFTY,2025-04-15,09:10:00,23507.8,23511,23368.3,23368.35,
NSE,NIFTY,2025-04-15,09:15:00,23368.35,23368.35,23211.4,23231.95,
NSE,NIFTY,2025-04-15,09:20:00,23233.45,23287.25,23232.15,23284.2,
NSE,NIFTY,2025-04-15,09:25:00,23283.25,23305.55,23283.1,23297.5,
NSE,NIFTY,2025-04-15,09:30:00,23295.55,23315.45,23280.25,23300.7,
NSE,NIFTY,2025-04-15,09:35:00,23302.25,23303.15,23264.65,23271.6,
NSE,NIFTY,2025-04-15,09:40:00,23272.3,23307,23271.8,23303.95,
NSE,NIFTY,2025-04-15,09:45:00,23304,23318.55,23296.1,23303.75,
NSE,NIFTY,2025-04-15,09:50:00,23302.65,23318.6,23298.15,23318.55,
NSE,NIFTY,2025-04-15,09:55:00,23318.2,23330.65,23314.55,23325.2,
NSE,NIFTY,2025-04-15,10:00:00,23327.55,23328.35,23305.65,23315.1,
NSE,NIFTY,2025-04-15,10:05:00,23316.1,23318.75,23301.3,23306.4,
NSE,NIFTY,2025-04-15,10:10:00,23306.1,23322.95,23301.65,23309.5,
NSE,NIFTY,2025-04-15,10:15:00,23309.35,23317,23303.9,23314.95,
NSE,NIFTY,2025-04-15,10:20:00,23314.65,23319.05,23298.2,23303.75,
NSE,NIFTY,2025-04-15,10:25:00,23304.35,23314.15,23301.3,23313.15,
NSE,NIFTY,2025-04-15,10:30:00,23313.95,23316.55,23309.2,23312.6,
NSE,NIFTY,2025-04-15,10:35:00,23312.45,23313.45,23307.25,23308.6,
NSE,NIFTY,2025-04-15,10:40:00,23308.95,23309.85,23300.95,23304.75,
NSE,NIFTY,2025-04-15,10:45:00,23304.75,23312.75,23304.45,23309.85,
NSE,NIFTY,2025-04-15,10:50:00,23309.65,23313.55,23305.35,23309.6,
NSE,NIFTY,2025-04-15,10:55:00,23310.05,23315.1,23300.55,23300.65,
NSE,NIFTY,2025-04-15,11:00:00,23300.95,23312.55,23300.45,23312.05,
NSE,NIFTY,2025-04-15,11:05:00,23312.2,23315.7,23306.1,23312.35,
NSE,NIFTY,2025-04-15,11:10:00,23312.35,23316,23306.15,23307.6,
NSE,NIFTY,2025-04-15,11:15:00,23306.8,23308.3,23292.2,23294.6,
NSE,NIFTY,2025-04-15,11:20:00,23295.9,23305.15,23293.95,23302.8,
NSE,NIFTY,2025-04-15,11:25:00,23303.75,23312.05,23298.4,23311.05,
NSE,NIFTY,2025-04-15,11:30:00,23312.6,23316.35,23309.2,23309.9,
NSE,NIFTY,2025-04-15,11:35:00,23309.45,23311.45,23302.55,23303.1,
NSE,NIFTY,2025-04-15,11:40:00,23303.35,23310.65,23302.2,23306.3,
NSE,NIFTY,2025-04-15,11:45:00,23306.65,23310.55,23302.65,23306.6,
NSE,NIFTY,2025-04-15,11:50:00,23307.4,23307.8,23295.7,23298.35,
NSE,NIFTY,2025-04-15,11:55:00,23298.2,23307.65,23291.65,23304.45,
NSE,NIFTY,2025-04-15,12:00:00,23304.7,23316.15,23304.25,23314,
NSE,NIFTY,2025-04-15,12:05:00,23313.4,23320,23311.25,23318.45,
NSE,NIFTY,2025-04-15,12:10:00,23318.15,23327.05,23312.1,23324.3,
NSE,NIFTY,2025-04-15,12:15:00,23324.25,23335,23324.1,23333.95,
NSE,NIFTY,2025-04-15,12:20:00,23332.15,23340.45,23328.25,23337.45,
NSE,NIFTY,2025-04-15,12:25:00,23337.5,23341.5,23334.1,23337.3,
NSE,NIFTY,2025-04-15,12:30:00,23336.95,23340.35,23332.2,23337.75,
NSE,NIFTY,2025-04-15,12:35:00,23338.05,23350.35,23337.4,23346.55,
NSE,NIFTY,2025-04-15,12:40:00,23346.15,23348.55,23341.75,23344.45,
NSE,NIFTY,2025-04-15,12:45:00,23343.4,23346.5,23338.05,23339.05,
NSE,NIFTY,2025-04-15,12:50:00,23339.1,23345,23338.65,23344.45,
NSE,NIFTY,2025-04-15,12:55:00,23343.9,23346.2,23334.65,23337.15,
NSE,NIFTY,2025-04-15,13:00:00,23336.9,23341.25,23334.2,23338.7,
NSE,NIFTY,2025-04-15,13:05:00,23339,23349.7,23338.35,23346.05,
NSE,NIFTY,2025-04-15,13:10:00,23346.7,23350.65,23339.95,23343.95,
NSE,NIFTY,2025-04-15,13:15:00,23342.4,23345.7,23336.6,23337.3,
NSE,NIFTY,2025-04-15,13:20:00,23337.7,23340.9,23330.7,23331.7,
NSE,NIFTY,2025-04-15,13:25:00,23331.75,23340.25,23325.85,23332.5,
NSE,NIFTY,2025-04-15,13:30:00,23333.2,23338.6,23331.35,23335.55,
NSE,NIFTY,2025-04-15,13:35:00,23335,23337.2,23325.7,23334.65,
NSE,NIFTY,2025-04-15,13:40:00,23336.95,23337.9,23324.95,23329.55,
NSE,NIFTY,2025-04-15,13:45:00,23328.65,23335.5,23326.35,23331.7,
NSE,NIFTY,2025-04-15,13:50:00,23331.35,23331.9,23322.15,23326.9,
NSE,NIFTY,2025-04-15,13:55:00,23326.65,23331.75,23324.7,23329.25,
NSE,NIFTY,2025-04-15,14:00:00,23328.95,23332.8,23324.75,23326.7,
NSE,NIFTY,2025-04-15,14:05:00,23326.45,23332.95,23321.7,23325.4,
NSE,NIFTY,2025-04-15,14:10:00,23324.3,23329.4,23319.5,23321.05,
NSE,NIFTY,2025-04-15,14:15:00,23321.05,23329.05,23315.2,23327.35,
NSE,NIFTY,2025-04-15,14:20:00,23327,23332.55,23323.55,23328.4,
NSE,NIFTY,2025-04-15,14:25:00,23328.65,23334,23325.9,23333.45,
NSE,NIFTY,2025-04-15,14:30:00,23332.6,23334.9,23313.45,23313.8,
NSE,NIFTY,2025-04-15,14:35:00,23314,23320.3,23312.8,23318.35,
NSE,NIFTY,2025-04-15,14:40:00,23318.7,23320.9,23310.4,23310.4,
NSE,NIFTY,2025-04-15,14:45:00,23311.1,23315.05,23308.35,23311.4,
NSE,NIFTY,2025-04-15,14:50:00,23310.95,23324.5,23310.95,23323.8,
NSE,NIFTY,2025-04-15,14:55:00,23324.05,23328.05,23319.25,23319.45,
NSE,NIFTY,2025-04-15,15:00:00,23319.8,23321.7,23308.35,23308.9,
NSE,NIFTY,2025-04-15,15:05:00,23309.6,23321.2,23308.5,23319.85,
NSE,NIFTY,2025-04-15,15:10:00,23320.05,23325.95,23315.45,23315.7,
NSE,NIFTY,2025-04-15,15:15:00,23315.35,23323.55,23314.6,23323.55,
NSE,NIFTY,2025-04-15,15:20:00,23322.85,23334.2,23319.75,23334.2,
NSE,NIFTY,2025-04-15,15:25:00,23333.55,23348.05,23331.85,23348.05,
NSE,NIFTY,2025-04-15,15:30:00,23348.15,23357.1,23337.75,23344.5,
NSE,NIFTY,2025-04-15,15:35:00,23344.5,23344.5,23328.55,23328.55,
NSE,NIFTY,2025-04-15,15:40:00,23328.55,23328.55,23328.55,23328.55,
NSE,NIFTY,2025-04-15,15:45:00,23328.55,23328.55,23328.55,23328.55,
NSE,NIFTY,2025-04-15,15:50:00,23328.55,23328.55,23328.55,23328.55,
NSE,NIFTY,2025-04-15,15:55:00,23328.55,23328.55,23328.55,23328.55,
NSE,NIFTY,2025-04-15,16:00:00,23328.55,23328.55,23328.55,23328.55,
NSE,NIFTY,2025-04-16,07:30:00,23328.55,23328.55,23328.55,23328.55,
NSE,NIFTY,2025-04-16,07:35:00,23328.55,23328.55,23328.55,23328.55,
NSE,NIFTY,2025-04-16,07:40:00,23328.55,23328.55,23328.55,23328.55,
NSE,NIFTY,2025-04-16,07:45:00,23328.55,23328.55,23328.55,23328.55,
NSE,NIFTY,2025-04-16,07:50:00,23328.55,23328.55,23328.55,23328.55,
NSE,NIFTY,2025-04-16,07:55:00,23328.55,23328.55,23328.55,23328.55,
NSE,NIFTY,2025-04-16,08:00:00,23328.55,23328.55,23328.55,23328.55,
NSE,NIFTY,2025-04-16,08:05:00,23328.55,23328.55,23328.55,23328.55,
NSE,NIFTY,2025-04-16,08:10:00,23328.55,23328.55,23328.55,23328.55,
NSE,NIFTY,2025-04-16,08:15:00,23328.55,23328.55,23328.55,23328.55,
NSE,NIFTY,2025-04-16,08:20:00,23328.55,23328.55,23328.55,23328.55,
NSE,NIFTY,2025-04-16,08:25:00,23328.55,23328.55,23328.55,23328.55,
NSE,NIFTY,2025-04-16,08:30:00,23328.55,23328.55,23328.55,23328.55,
NSE,NIFTY,2025-04-16,08:35:00,23328.55,23328.55,23328.55,23328.55,
NSE,NIFTY,2025-04-16,08:40:00,23328.55,23328.55,23328.55,23328.55,
NSE,NIFTY,2025-04-16,08:45:00,23328.55,23328.55,23328.55,23328.55,
NSE,NIFTY,2025-04-16,08:50:00,23328.55,23328.55,23328.55,23328.55,
NSE,NIFTY,2025-04-16,08:55:00,23328.55,23328.55,23328.55,23328.55,
NSE,NIFTY,2025-04-16,09:00:00,23328.55,23770.2,23328.55,23569.8,
NSE,NIFTY,2025-04-16,09:05:00,23567.35,23567.35,23350.65,23390.55,
NSE,NIFTY,2025-04-16,09:10:00,23390.4,23395.75,23335.65,23344.1,
NSE,NIFTY,2025-04-16,09:15:00,23344.1,23347.25,23283.45,23291.35,
NSE,NIFTY,2025-04-16,09:20:00,23290.3,23302.8,23277.9,23293.35,
NSE,NIFTY,2025-04-16,09:25:00,23294.25,23311.85,23288.85,23305.8,
NSE,NIFTY,2025-04-16,09:30:00,23304.65,23339.85,23301.4,23334.4,
NSE,NIFTY,2025-04-16,09:35:00,23333.75,23340.25,23327.7,23333.9,
NSE,NIFTY,2025-04-16,09:40:00,23333.65,23357.45,23326.65,23338.65,
NSE,NIFTY,2025-04-16,09:45:00,23339.05,23361.4,23337.25,23360.65,
NSE,NIFTY,2025-04-16,09:50:00,23361.05,23364.45,23343.6,23344.3,
NSE,NIFTY,2025-04-16,09:55:00,23343.3,23361.35,23343.3,23357,
NSE,NIFTY,2025-04-16,10:00:00,23356.85,23372.5,23349.1,23357.55,
NSE,NIFTY,2025-04-16,10:05:00,23357.2,23369.65,23352,23368.65,
NSE,NIFTY,2025-04-16,10:10:00,23368.55,23370.35,23355.6,23358.75,
NSE,NIFTY,2025-04-16,10:15:00,23358.65,23360.8,23349.65,23358,
NSE,NIFTY,2025-04-16,10:20:00,23355.95,23356.55,23308.75,23314.15,
NSE,NIFTY,2025-04-16,10:25:00,23314.6,23315.25,23289.05,23291.5,
NSE,NIFTY,2025-04-16,10:30:00,23291,23311.1,23291,23300.7,
NSE,NIFTY,2025-04-16,10:35:00,23302.65,23313.75,23280.75,23292,
NSE,NIFTY,2025-04-16,10:40:00,23292.45,23297.6,23286.3,23295.8,
NSE,NIFTY,2025-04-16,10:45:00,23295.45,23306.55,23290.9,23301.65,
NSE,NIFTY,2025-04-16,10:50:00,23302.45,23312.8,23301.8,23308.2,
NSE,NIFTY,2025-04-16,10:55:00,23308.75,23314.6,23291.8,23297.05,
NSE,NIFTY,2025-04-16,11:00:00,23297.45,23308.5,23280.95,23286.55,
NSE,NIFTY,2025-04-16,11:05:00,23286.75,23288.6,23274,23282.45,
NSE,NIFTY,2025-04-16,11:10:00,23281.05,23314.85,23276.9,23307.7,
NSE,NIFTY,2025-04-16,11:15:00,23308,23321.55,23307.2,23321.55,
NSE,NIFTY,2025-04-16,11:20:00,23321.45,23335.4,23319.15,23334.05,
NSE,NIFTY,2025-04-16,11:25:00,23334,23335.65,23326.55,23334.3,
NSE,NIFTY,2025-04-16,11:30:00,23334.45,23336.35,23320.9,23326.75,
NSE,NIFTY,2025-04-16,11:35:00,23325.1,23332.65,23322.8,23323.55,
NSE,NIFTY,2025-04-16,11:40:00,23322.95,23335.75,23316,23318.9,
NSE,NIFTY,2025-04-16,11:45:00,23318.7,23334.85,23316.8,23334.2,
NSE,NIFTY,2025-04-16,11:50:00,23334.25,23340.05,23331.1,23334.05,
NSE,NIFTY,2025-04-16,11:55:00,23336.55,23338.7,23328.1,23337.95,
NSE,NIFTY,2025-04-16,12:00:00,23338.55,23341.35,23325,23329.7,
NSE,NIFTY,2025-04-16,12:05:00,23331.15,23344.45,23328.05,23338.85,
NSE,NIFTY,2025-04-16,12:10:00,23340.4,23345.4,23332.15,23343.55,
NSE,NIFTY,2025-04-16,12:15:00,23344.95,23349.6,23336.2,23337.1,
NSE,NIFTY,2025-04-16,12:20:00,23337.9,23348.95,23335.9,23343.05,
NSE,NIFTY,2025-04-16,12:25:00,23343.6,23354.25,23340.6,23352.4,
NSE,NIFTY,2025-04-16,12:30:00,23352.55,23356,23345.65,23346.5,
NSE,NIFTY,2025-04-16,12:35:00,23348.35,23353.65,23341.95,23353.05,
NSE,NIFTY,2025-04-16,12:40:00,23353.15,23358.55,23349,23353.3,
NSE,NIFTY,2025-04-16,12:45:00,23354.2,23362.05,23351.8,23354.9,
NSE,NIFTY,2025-04-16,12:50:00,23354.9,23357.2,23348.2,23349.1,
NSE,NIFTY,2025-04-16,12:55:00,23349.55,23354.05,23346.8,23348.4,
NSE,NIFTY,2025-04-16,13:00:00,23348.75,23354.1,23340.65,23343.4,
NSE,NIFTY,2025-04-16,13:05:00,23345,23347.35,23338.95,23339.9,
NSE,NIFTY,2025-04-16,13:10:00,23341.45,23342.8,23334.05,23334.05,
NSE,NIFTY,2025-04-16,13:15:00,23334.7,23358.45,23332.75,23353.5,
NSE,NIFTY,2025-04-16,13:20:00,23354.8,23356.85,23327.85,23328.1,
NSE,NIFTY,2025-04-16,13:25:00,23328.75,23329.35,23304.45,23306.6,
NSE,NIFTY,2025-04-16,13:30:00,23306.1,23310.8,23291.55,23295.55,
NSE,NIFTY,2025-04-16,13:35:00,23296.8,23300.25,23286,23291.9,
NSE,NIFTY,2025-04-16,13:40:00,23293.8,23305.35,23291.95,23301.95,
NSE,NIFTY,2025-04-16,13:45:00,23301.85,23308.15,23300.3,23304,
NSE,NIFTY,2025-04-16,13:50:00,23305.85,23308.05,23293.9,23303.2,
NSE,NIFTY,2025-04-16,13:55:00,23304.15,23324.95,23297.45,23323.6,
NSE,NIFTY,2025-04-16,14:00:00,23324.5,23398.5,23322.45,23398.5,
NSE,NIFTY,2025-04-16,14:05:00,23398.35,23420.4,23395,23406.45,
NSE,NIFTY,2025-04-16,14:10:00,23406.65,23406.65,23391.55,23400.9,
NSE,NIFTY,2025-04-16,14:15:00,23402.2,23430.5,23401.1,23426.55,
NSE,NIFTY,2025-04-16,14:20:00,23427.8,23427.95,23415.7,23422.15,
NSE,NIFTY,2025-04-16,14:25:00,23422.8,23425.4,23405.1,23410.7,
NSE,NIFTY,2025-04-16,14:30:00,23411.65,23419.65,23405.85,23413.5,
NSE,NIFTY,2025-04-16,14:35:00,23412.6,23415.45,23397.4,23399.2,
NSE,NIFTY,2025-04-16,14:40:00,23402,23413.25,23395.7,23410,
NSE,NIFTY,2025-04-16,14:45:00,23411.7,23419.2,23408.5,23413.05,
NSE,NIFTY,2025-04-16,14:50:00,23414.5,23423,23408.7,23422.3,
NSE,NIFTY,2025-04-16,14:55:00,23422.4,23432.2,23421.2,23422.3,
NSE,NIFTY,2025-04-16,15:00:00,23422.05,23435.1,23420.7,23430.55,
NSE,NIFTY,2025-04-16,15:05:00,23429.8,23439.15,23425.25,23437.5,
NSE,NIFTY,2025-04-16,15:10:00,23437.4,23438.15,23432.6,23434.9,
NSE,NIFTY,2025-04-16,15:15:00,23435.15,23435.55,23420.85,23423.7,
NSE,NIFTY,2025-04-16,15:20:00,23422.9,23441.2,23421.8,23438.65,
NSE,NIFTY,2025-04-16,15:25:00,23439.2,23450.95,23437.85,23446.9,
NSE,NIFTY,2025-04-16,15:30:00,23447.2,23452.05,23427.5,23433.15,
NSE,NIFTY,2025-04-16,15:35:00,23433.15,23437.2,23433.15,23437.2,
NSE,NIFTY,2025-04-16,15:40:00,23437.2,23437.2,23437.2,23437.2,
NSE,NIFTY,2025-04-16,15:45:00,23437.2,23437.2,23437.2,23437.2,
NSE,NIFTY,2025-04-16,15:50:00,23437.2,23437.2,23437.2,23437.2,
NSE,NIFTY,2025-04-16,15:55:00,23437.2,23437.2,23437.2,23437.2,
NSE,NIFTY,2025-04-16,16:00:00,23437.2,23437.2,23437.2,23437.2,
NSE,NIFTY,2025-04-17,07:30:00,23437.2,23437.2,23437.2,23437.2,
NSE,NIFTY,2025-04-17,07:35:00,23437.2,23437.2,23437.2,23437.2,
NSE,NIFTY,2025-04-17,07:40:00,23437.2,23437.2,23437.2,23437.2,
NSE,NIFTY,2025-04-17,07:45:00,23437.2,23437.2,23437.2,23437.2,
NSE,NIFTY,2025-04-17,08:00:00,23437.2,23437.2,23437.2,23437.2,
NSE,NIFTY,2025-04-17,08:05:00,23437.2,23437.2,23437.2,23437.2,
NSE,NIFTY,2025-04-17,08:10:00,23437.2,23437.2,23437.2,23437.2,
NSE,NIFTY,2025-04-17,08:15:00,23437.2,23437.2,23437.2,23437.2,
NSE,NIFTY,2025-04-17,08:20:00,23437.2,23437.2,23437.2,23437.2,
NSE,NIFTY,2025-04-17,08:25:00,23437.2,23437.2,23437.2,23437.2,
NSE,NIFTY,2025-04-17,08:30:00,23437.2,23437.2,23437.2,23437.2,
NSE,NIFTY,2025-04-17,08:35:00,23437.2,23437.2,23437.2,23437.2,
NSE,NIFTY,2025-04-17,08:40:00,23437.2,23437.2,23437.2,23437.2,
NSE,NIFTY,2025-04-17,08:45:00,23437.2,23437.2,23437.2,23437.2,
NSE,NIFTY,2025-04-17,08:50:00,23437.2,23437.2,23437.2,23437.2,
NSE,NIFTY,2025-04-17,08:55:00,23437.2,23437.2,23437.2,23437.2,
NSE,NIFTY,2025-04-17,09:00:00,23437.2,23437.2,23063.15,23344,
NSE,NIFTY,2025-04-17,09:05:00,23343.4,23452.1,23302.3,23388.4,
NSE,NIFTY,2025-04-17,09:10:00,23389.35,23422.9,23388.45,23401.85,
NSE,NIFTY,2025-04-17,09:15:00,23401.85,23401.85,23357.55,23371.75,
NSE,NIFTY,2025-04-17,09:20:00,23367.9,23387.05,23350.85,23354.45,
NSE,NIFTY,2025-04-17,09:25:00,23353.25,23361.7,23308.65,23326.15,
NSE,NIFTY,2025-04-17,09:30:00,23326.7,23331.7,23299.15,23304.9,
NSE,NIFTY,2025-04-17,09:35:00,23307.8,23334.05,23306,23323.2,
NSE,NIFTY,2025-04-17,09:40:00,23323.3,23348.9,23319.6,23348.9,
NSE,NIFTY,2025-04-17,09:45:00,23349.35,23414.55,23349.35,23412.5,
NSE,NIFTY,2025-04-17,09:50:00,23413.45,23431.35,23410.8,23426.1,
NSE,NIFTY,2025-04-17,09:55:00,23425.9,23434.55,23407.6,23407.6,
NSE,NIFTY,2025-04-17,10:00:00,23408.2,23427.3,23405.15,23412.75,
NSE,NIFTY,2025-04-17,10:05:00,23413.8,23417.35,23390.15,23400.8,
NSE,NIFTY,2025-04-17,10:10:00,23401.15,23405.6,23341.05,23349,
NSE,NIFTY,2025-04-17,10:15:00,23349.8,23358.15,23342.65,23353.65,
NSE,NIFTY,2025-04-17,10:20:00,23354.55,23377.2,23347.7,23355.6,
NSE,NIFTY,2025-04-17,10:25:00,23352.35,23396.55,23342.3,23396.5,
NSE,NIFTY,2025-04-17,10:30:00,23396.2,23406.05,23391.65,23396.45,
NSE,NIFTY,2025-04-17,10:35:00,23397.2,23412.25,23392.15,23404.95,
NSE,NIFTY,2025-04-17,10:40:00,23404.6,23409.6,23396.45,23408.45,
NSE,NIFTY,2025-04-17,10:45:00,23409.25,23430.65,23408,23430.65,
NSE,NIFTY,2025-04-17,10:50:00,23431.1,23441.1,23428.7,23436.4,
NSE,NIFTY,2025-04-17,10:55:00,23437.15,23444.85,23417.25,23418.75,
NSE,NIFTY,2025-04-17,11:00:00,23418.45,23422.25,23401.6,23412.4,
NSE,NIFTY,2025-04-17,11:05:00,23411.95,23413.85,23369.15,23381.65,
NSE,NIFTY,2025-04-17,11:10:00,23382.9,23433.05,23380.15,23431.75,
NSE,NIFTY,2025-04-17,11:15:00,23432.7,23445.4,23422.75,23440.7,
NSE,NIFTY,2025-04-17,11:20:00,23440.5,23484.4,23439.35,23481.05,
NSE,NIFTY,2025-04-17,11:25:00,23480.75,23484.5,23471.25,23480.85,
NSE,NIFTY,2025-04-17,11:30:00,23479.9,23520.5,23479.25,23519.65,
NSE,NIFTY,2025-04-17,11:35:00,23520,23549.25,23515.85,23541.35,
NSE,NIFTY,2025-04-17,11:40:00,23541.2,23573.8,23540,23552.65,
NSE,NIFTY,2025-04-17,11:45:00,23552.7,23614.9,23551.55,23586.9,
NSE,NIFTY,2025-04-17,11:50:00,23585.8,23603,23581.55,23598.1,
NSE,NIFTY,2025-04-17,11:55:00,23598.05,23634.35,23569.45,23571.7,
NSE,NIFTY,2025-04-17,12:00:00,23570.35,23603.65,23567.4,23601.95,
NSE,NIFTY,2025-04-17,12:05:00,23601.8,23606.4,23576.3,23598.25,
NSE,NIFTY,2025-04-17,12:10:00,23598.25,23625.1,23596.45,23618.15,
NSE,NIFTY,2025-04-17,12:15:00,23617.4,23646.75,23617.4,23623.95,
NSE,NIFTY,2025-04-17,12:20:00,23623,23658,23623,23641.05,
NSE,NIFTY,2025-04-17,12:25:00,23642.15,23655.6,23626.65,23645.05,
NSE,NIFTY,2025-04-17,12:30:00,23646.15,23682.35,23645,23678.45,
NSE,NIFTY,2025-04-17,12:35:00,23678.05,23715.5,23676.6,23704.8,
NSE,NIFTY,2025-04-17,12:40:00,23702.45,23703.5,23672.35,23688.6,
NSE,NIFTY,2025-04-17,12:45:00,23688.5,23715.3,23687,23708.35,
NSE,NIFTY,2025-04-17,12:50:00,23707.2,23741.6,23703.3,23736.75,
NSE,NIFTY,2025-04-17,12:55:00,23735.6,23745.85,23731.6,23737.6,
NSE,NIFTY,2025-04-17,13:00:00,23738.3,23746.85,23719.75,23745.05,
NSE,NIFTY,2025-04-17,13:05:00,23743.6,23746.15,23723.95,23739.6,
NSE,NIFTY,2025-04-17,13:10:00,23741.25,23770.85,23739.95,23767.65,
NSE,NIFTY,2025-04-17,13:15:00,23766.45,23788.9,23762.05,23786.7,
NSE,NIFTY,2025-04-17,13:20:00,23787.35,23797.4,23780.6,23788.25,
NSE,NIFTY,2025-04-17,13:25:00,23786.55,23789.9,23761.7,23783,
NSE,NIFTY,2025-04-17,13:30:00,23782.4,23792.1,23770,23773.15,
NSE,NIFTY,2025-04-17,13:35:00,23773.35,23789.6,23773,23786.15,
NSE,NIFTY,2025-04-17,13:40:00,23784,23807.95,23784,23802.35,
NSE,NIFTY,2025-04-17,13:45:00,23802.35,23820.65,23800.05,23817.3,
NSE,NIFTY,2025-04-17,13:50:00,23815.55,23841,23813.9,23834.7,
NSE,NIFTY,2025-04-17,13:55:00,23835.35,23848.8,23832.05,23837.4,
NSE,NIFTY,2025-04-17,14:00:00,23838.05,23852.5,23834.55,23852.5,
NSE,NIFTY,2025-04-17,14:05:00,23850.4,23868.15,23847.75,23851.15,
NSE,NIFTY,2025-04-17,14:10:00,23849.7,23859.55,23848.35,23853.5,
NSE,NIFTY,2025-04-17,14:15:00,23853.25,23871.25,23818.85,23820,
NSE,NIFTY,2025-04-17,14:20:00,23812.4,23842.95,23783.8,23825.05,
NSE,NIFTY,2025-04-17,14:25:00,23824.25,23826.35,23814.5,23822.45,
NSE,NIFTY,2025-04-17,14:30:00,23821.15,23845.8,23820.6,23835.7,
NSE,NIFTY,2025-04-17,14:35:00,23836,23863,23835.85,23854.1,
NSE,NIFTY,2025-04-17,14:40:00,23854.1,23865.45,23851.3,23861.55,
NSE,NIFTY,2025-04-17,14:45:00,23862.35,23867.2,23853.05,23857.3,
NSE,NIFTY,2025-04-17,14:50:00,23856.6,23862.65,23835.8,23859.3,
NSE,NIFTY,2025-04-17,14:55:00,23859.15,23863.65,23853.2,23854.2,
NSE,NIFTY,2025-04-17,15:00:00,23855.35,23871.3,23848.35,23871.2,
NSE,NIFTY,2025-04-17,15:05:00,23870.55,23871.25,23843.85,23855.45,
NSE,NIFTY,2025-04-17,15:10:00,23855.1,23859.55,23846.65,23851.55,
NSE,NIFTY,2025-04-17,15:15:00,23851.15,23855.75,23844,23846.8,
NSE,NIFTY,2025-04-17,15:20:00,23846.4,23852.4,23841.7,23847.4,
NSE,NIFTY,2025-04-17,15:25:00,23845.8,23854.8,23844.75,23853.7,
NSE,NIFTY,2025-04-17,15:30:00,23854.25,23862.2,23831.35,23840.1,
NSE,NIFTY,2025-04-17,15:35:00,23840.1,23851.65,23840.1,23851.65,
NSE,NIFTY,2025-04-17,15:40:00,23851.65,23851.65,23851.65,23851.65,
NSE,NIFTY,2025-04-17,15:45:00,23851.65,23851.65,23851.65,23851.65,
NSE,NIFTY,2025-04-17,15:50:00,23851.65,23851.65,23851.65,23851.65,
NSE,NIFTY,2025-04-17,15:55:00,23851.65,23851.65,23851.65,23851.65,
NSE,NIFTY,2025-04-17,16:00:00,23851.65,23851.65,23851.65,23851.65,
NSE,NIFTY,2025-04-21,07:30:00,23851.65,23851.65,23851.65,23851.65,
NSE,NIFTY,2025-04-21,07:35:00,23851.65,23851.65,23851.65,23851.65,
NSE,NIFTY,2025-04-21,07:40:00,23851.65,23851.65,23851.65,23851.65,
NSE,NIFTY,2025-04-21,07:45:00,23851.65,23851.65,23851.65,23851.65,
NSE,NIFTY,2025-04-21,07:50:00,23851.65,23851.65,23851.65,23851.65,
NSE,NIFTY,2025-04-21,07:55:00,23851.65,23851.65,23851.65,23851.65,
NSE,NIFTY,2025-04-21,08:00:00,23851.65,23851.65,23851.65,23851.65,
NSE,NIFTY,2025-04-21,08:05:00,23851.65,23851.65,23851.65,23851.65,
NSE,NIFTY,2025-04-21,08:10:00,23851.65,23851.65,23851.65,23851.65,
NSE,NIFTY,2025-04-21,08:15:00,23851.65,23851.65,23851.65,23851.65,
NSE,NIFTY,2025-04-21,08:20:00,23851.65,23851.65,23851.65,23851.65,
NSE,NIFTY,2025-04-21,08:25:00,23851.65,23851.65,23851.65,23851.65,
NSE,NIFTY,2025-04-21,08:30:00,23851.65,23851.65,23851.65,23851.65,
NSE,NIFTY,2025-04-21,08:35:00,23851.65,23851.65,23851.65,23851.65,
NSE,NIFTY,2025-04-21,08:40:00,23851.65,23851.65,23851.65,23851.65,
NSE,NIFTY,2025-04-21,08:45:00,23851.65,23851.65,23851.65,23851.65,
NSE,NIFTY,2025-04-21,08:50:00,23851.65,23851.65,23851.65,23851.65,
NSE,NIFTY,2025-04-21,08:55:00,23851.65,23851.65,23851.65,23851.65,
NSE,NIFTY,2025-04-21,09:00:00,23851.65,23952.4,23516.3,23946.95,
NSE,NIFTY,2025-04-21,09:05:00,23952.05,24044.9,23949.7,23974.1,
NSE,NIFTY,2025-04-21,09:10:00,23974,23991.9,23948.2,23949.15,
NSE,NIFTY,2025-04-21,09:15:00,23949.15,23969.05,23921.8,23965.3,
NSE,NIFTY,2025-04-21,09:20:00,23959.75,24002.4,23955.65,23964.15,
NSE,NIFTY,2025-04-21,09:25:00,23964.6,23975.5,23903.9,23954,
NSE,NIFTY,2025-04-21,09:30:00,23955.5,23968.9,23927.05,23944.95,
NSE,NIFTY,2025-04-21,09:35:00,23946,23991.3,23931.25,23987,
NSE,NIFTY,2025-04-21,09:40:00,23986.75,24026.7,23982.65,24021.45,
NSE,NIFTY,2025-04-21,09:45:00,24020.15,24035.3,24003,24019.3,
NSE,NIFTY,2025-04-21,09:50:00,24018.1,24018.9,23985.3,23999.45,
NSE,NIFTY,2025-04-21,09:55:00,23998.5,24037.65,23982.2,24037.65,
NSE,NIFTY,2025-04-21,10:00:00,24036.65,24039.3,24019.75,24037.05,
NSE,NIFTY,2025-04-21,10:05:00,24038.7,24052.2,24015.1,24043.95,
NSE,NIFTY,2025-04-21,10:10:00,24044.75,24061.2,24038.95,24055.35,
NSE,NIFTY,2025-04-21,10:15:00,24053.25,24054.75,24030.2,24034.8,
NSE,NIFTY,2025-04-21,10:20:00,24035.3,24037.3,24016,24024.75,
NSE,NIFTY,2025-04-21,10:25:00,24024.5,24032.2,24009.3,24019.8,
NSE,NIFTY,2025-04-21,10:30:00,24019.1,24048,24017.7,24045.3,
NSE,NIFTY,2025-04-21,10:35:00,24046.1,24059.6,24044.1,24049.3,
NSE,NIFTY,2025-04-21,10:40:00,24050.15,24062.2,24040.75,24046.6,
NSE,NIFTY,2025-04-21,10:45:00,24046.85,24071.6,24045.9,24067.05,
NSE,NIFTY,2025-04-21,10:50:00,24066.55,24083.85,24062.55,24083,
NSE,NIFTY,2025-04-21,10:55:00,24083.5,24099.2,24083.5,24097.1,
NSE,NIFTY,2025-04-21,11:00:00,24096.65,24101.8,24091.85,24092.9,
NSE,NIFTY,2025-04-21,11:05:00,24092.9,24099.9,24086.55,24094.2,
NSE,NIFTY,2025-04-21,11:10:00,24093.5,24108.3,24092.8,24107.95,
NSE,NIFTY,2025-04-21,11:15:00,24107.15,24110.9,24094.3,24109.05,
NSE,NIFTY,2025-04-21,11:20:00,24110.4,24125.3,24107.55,24123.1,
NSE,NIFTY,2025-04-21,11:25:00,24122.85,24129.15,24117.6,24122.5,
NSE,NIFTY,2025-04-21,11:30:00,24122.15,24132.7,24120.95,24123,
NSE,NIFTY,2025-04-21,11:35:00,24122.65,24124.8,24108.55,24112.45,
NSE,NIFTY,2025-04-21,11:40:00,24111.7,24120.4,24099.05,24117.9,
NSE,NIFTY,2025-04-21,11:45:00,24118.25,24119.05,24101.75,24106.95,
NSE,NIFTY,2025-04-21,11:50:00,24107.75,24117.5,24106.45,24113.85,
NSE,NIFTY,2025-04-21,11:55:00,24113.8,24129.1,24106.25,24124.5,
NSE,NIFTY,2025-04-21,12:00:00,24123.7,24143.6,24123.5,24134.8,
NSE,NIFTY,2025-04-21,12:05:00,24134.6,24139.35,24128.25,24138.75,
NSE,NIFTY,2025-04-21,12:10:00,24138.85,24145.5,24125.65,24143.9,
NSE,NIFTY,2025-04-21,12:15:00,24145,24150.15,24138.15,24144.7,
NSE,NIFTY,2025-04-21,12:20:00,24143.95,24166.7,24143.25,24164.75,
NSE,NIFTY,2025-04-21,12:25:00,24166.3,24176.4,24158.5,24175.7,
NSE,NIFTY,2025-04-21,12:30:00,24175.05,24182.1,24160.85,24163.45,
NSE,NIFTY,2025-04-21,12:35:00,24165.65,24178.2,24163.5,24176,
NSE,NIFTY,2025-04-21,12:40:00,24176.55,24185.35,24172.4,24180.15,
NSE,NIFTY,2025-04-21,12:45:00,24181.15,24185.15,24169.75,24171.8,
NSE,NIFTY,2025-04-21,12:50:00,24171.85,24188.45,24171.85,24183.3,
NSE,NIFTY,2025-04-21,12:55:00,24183.9,24187,24172.05,24182.65,
NSE,NIFTY,2025-04-21,13:00:00,24182.05,24186.55,24177.6,24184.75,
NSE,NIFTY,2025-04-21,13:05:00,24184.8,24184.8,24169.75,24179.45,
NSE,NIFTY,2025-04-21,13:10:00,24180.25,24188.5,24176.2,24186.1,
NSE,NIFTY,2025-04-21,13:15:00,24186.15,24188.4,24169.35,24171.55,
NSE,NIFTY,2025-04-21,13:20:00,24171.4,24175.55,24146.5,24147.4,
NSE,NIFTY,2025-04-21,13:25:00,24147.7,24170.1,24146.5,24168.4,
NSE,NIFTY,2025-04-21,13:30:00,24167.6,24170.6,24153.75,24156.5,
NSE,NIFTY,2025-04-21,13:35:00,24154.5,24160.9,24145.1,24154.9,
NSE,NIFTY,2025-04-21,13:40:00,24153.45,24158.9,24151.35,24153.2,
NSE,NIFTY,2025-04-21,13:45:00,24150.95,24152.95,24106.5,24110.95,
NSE,NIFTY,2025-04-21,13:50:00,24108.6,24135,24108.6,24135,
NSE,NIFTY,2025-04-21,13:55:00,24132.3,24171.6,24132.2,24161.7,
NSE,NIFTY,2025-04-21,14:00:00,24158.65,24161.8,24143.85,24145.85,
NSE,NIFTY,2025-04-21,14:05:00,24145.85,24154,24136.35,24148.1,
NSE,NIFTY,2025-04-21,14:10:00,24148.55,24157.35,24144.25,24156.4,
NSE,NIFTY,2025-04-21,14:15:00,24156.85,24156.85,24134.2,24141.6,
NSE,NIFTY,2025-04-21,14:20:00,24142.7,24153.6,24135.75,24138.8,
NSE,NIFTY,2025-04-21,14:25:00,24135.9,24148.85,24133.3,24147.9,
NSE,NIFTY,2025-04-21,14:30:00,24146.15,24156.95,24134.85,24136.2,
NSE,NIFTY,2025-04-21,14:35:00,24133.5,24146.05,24124,24129.9,
NSE,NIFTY,2025-04-21,14:40:00,24130.15,24136.95,24120,24126.65,
NSE,NIFTY,2025-04-21,14:45:00,24124.5,24144.75,24122.15,24137.7,
NSE,NIFTY,2025-04-21,14:50:00,24134.55,24155.85,24133.7,24147.55,
NSE,NIFTY,2025-04-21,14:55:00,24145.1,24156,24143.55,24146.65,
NSE,NIFTY,2025-04-21,15:00:00,24145.2,24154.5,24142.75,24146.75,
NSE,NIFTY,2025-04-21,15:05:00,24145.5,24145.6,24113.35,24116.45,
NSE,NIFTY,2025-04-21,15:10:00,24116.75,24125.45,24113.55,24116.3,
NSE,NIFTY,2025-04-21,15:15:00,24116.9,24120.85,24109.95,24120.8,
NSE,NIFTY,2025-04-21,15:20:00,24120.55,24134.4,24118.7,24132.2,
NSE,NIFTY,2025-04-21,15:25:00,24132.3,24135.65,24119.95,24126.75,
NSE,NIFTY,2025-04-21,15:30:00,24127.35,24133.65,24118.05,24120.2,
NSE,NIFTY,2025-04-21,15:35:00,24120.2,24125.55,24120.2,24125.55,
NSE,NIFTY,2025-04-21,15:40:00,24125.55,24125.55,24125.55,24125.55,
NSE,NIFTY,2025-04-21,15:45:00,24125.55,24125.55,24125.55,24125.55,
NSE,NIFTY,2025-04-21,15:50:00,24125.55,24125.55,24125.55,24125.55,
NSE,NIFTY,2025-04-21,15:55:00,24125.55,24125.55,24125.55,24125.55,
NSE,NIFTY,2025-04-21,16:00:00,24125.55,24125.55,24125.55,24125.55,
NSE,NIFTY,2025-04-22,07:30:00,24125.55,24125.55,24125.55,24125.55,
NSE,NIFTY,2025-04-22,07:35:00,24125.55,24125.55,24125.55,24125.55,
NSE,NIFTY,2025-04-22,07:40:00,24125.55,24125.55,24125.55,24125.55,
NSE,NIFTY,2025-04-22,07:45:00,24125.55,24125.55,24125.55,24125.55,
NSE,NIFTY,2025-04-22,07:50:00,24125.55,24125.55,24125.55,24125.55,
NSE,NIFTY,2025-04-22,07:55:00,24125.55,24125.55,24125.55,24125.55,
NSE,NIFTY,2025-04-22,08:00:00,24125.55,24125.55,24125.55,24125.55,
NSE,NIFTY,2025-04-22,08:05:00,24125.55,24125.55,24125.55,24125.55,
NSE,NIFTY,2025-04-22,08:10:00,24125.55,24125.55,24125.55,24125.55,
NSE,NIFTY,2025-04-22,08:15:00,24125.55,24125.55,24125.55,24125.55,
NSE,NIFTY,2025-04-22,08:20:00,24125.55,24125.55,24125.55,24125.55,
NSE,NIFTY,2025-04-22,08:25:00,24125.55,24125.55,24125.55,24125.55,
NSE,NIFTY,2025-04-22,08:30:00,24125.55,24125.55,24125.55,24125.55,
NSE,NIFTY,2025-04-22,08:35:00,24125.55,24125.55,24125.55,24125.55,
NSE,NIFTY,2025-04-22,08:40:00,24125.55,24125.55,24125.55,24125.55,
NSE,NIFTY,2025-04-22,08:45:00,24125.55,24125.55,24125.55,24125.55,
NSE,NIFTY,2025-04-22,08:50:00,24125.55,24125.55,24125.55,24125.55,
NSE,NIFTY,2025-04-22,08:55:00,24125.55,24125.55,24125.55,24125.55,
NSE,NIFTY,2025-04-22,09:00:00,24125.55,24757.5,24125.55,24494.65,
NSE,NIFTY,2025-04-22,09:05:00,24494,24495.55,24238.65,24258.8,
NSE,NIFTY,2025-04-22,09:10:00,24257.2,24267.3,24185.35,24185.4,
NSE,NIFTY,2025-04-22,09:15:00,24185.4,24196.5,24145.8,24162.3,
NSE,NIFTY,2025-04-22,09:20:00,24160.15,24164.55,24077.3,24080.05,
NSE,NIFTY,2025-04-22,09:25:00,24079.15,24150.75,24073.25,24147.2,
NSE,NIFTY,2025-04-22,09:30:00,24148.15,24159.3,24124.25,24133.8,
NSE,NIFTY,2025-04-22,09:35:00,24135.2,24169.7,24134.3,24168.55,
NSE,NIFTY,2025-04-22,09:40:00,24167.75,24190.3,24165.2,24173.9,
NSE,NIFTY,2025-04-22,09:45:00,24174.65,24181.65,24159.75,24176.95,
NSE,NIFTY,2025-04-22,09:50:00,24176.7,24188.4,24165.3,24179.15,
NSE,NIFTY,2025-04-22,09:55:00,24178.95,24185.85,24141.05,24142.55,
NSE,NIFTY,2025-04-22,10:00:00,24141.55,24178.75,24139.2,24165.3,
NSE,NIFTY,2025-04-22,10:05:00,24163.85,24183.05,24163.85,24181.8,
NSE,NIFTY,2025-04-22,10:10:00,24181.9,24197.65,24179.05,24196,
NSE,NIFTY,2025-04-22,10:15:00,24195.55,24202.55,24185.15,24192.7,
NSE,NIFTY,2025-04-22,10:20:00,24194.55,24200.9,24192.05,24195.35,
NSE,NIFTY,2025-04-22,10:25:00,24194.1,24204.55,24187.35,24202.85,
NSE,NIFTY,2025-04-22,10:30:00,24202.6,24215.1,24194.25,24197.3,
NSE,NIFTY,2025-04-22,10:35:00,24196.5,24209.05,24193.9,24206,
NSE,NIFTY,2025-04-22,10:40:00,24206.7,24221.95,24204.65,24220.9,
NSE,NIFTY,2025-04-22,10:45:00,24221.25,24226.45,24214.35,24224.45,
NSE,NIFTY,2025-04-22,10:50:00,24222.8,24227.6,24214.8,24217.05,
NSE,NIFTY,2025-04-22,10:55:00,24216.6,24227.5,24212.35,24225.6,
NSE,NIFTY,2025-04-22,11:00:00,24226.35,24231.7,24213.2,24231.4,
NSE,NIFTY,2025-04-22,11:05:00,24231.15,24242.25,24228.55,24234.55,
NSE,NIFTY,2025-04-22,11:10:00,24234.4,24237.8,24227.3,24228.9,
NSE,NIFTY,2025-04-22,11:15:00,24229.45,24232.05,24214,24227.2,
NSE,NIFTY,2025-04-22,11:20:00,24226.15,24229.65,24217.95,24226.05,
NSE,NIFTY,2025-04-22,11:25:00,24226.1,24233.5,24198.8,24204.5,
NSE,NIFTY,2025-04-22,11:30:00,24204.7,24206.25,24178.85,24186.1,
NSE,NIFTY,2025-04-22,11:35:00,24184.6,24202.25,24173.2,24175.35,
NSE,NIFTY,2025-04-22,11:40:00,24174.9,24202.05,24166.15,24201.3,
NSE,NIFTY,2025-04-22,11:45:00,24201.45,24214.95,24195.7,24208.25,
NSE,NIFTY,2025-04-22,11:50:00,24207.95,24216.05,24205.1,24213.4,
NSE,NIFTY,2025-04-22,11:55:00,24216.3,24217.9,24203.65,24213.7,
NSE,NIFTY,2025-04-22,12:00:00,24214.25,24221.4,24208.2,24216,
NSE,NIFTY,2025-04-22,12:05:00,24215.85,24218.75,24203.25,24209.2,
NSE,NIFTY,2025-04-22,12:10:00,24210,24213.6,24198.25,24200.2,
NSE,NIFTY,2025-04-22,12:15:00,24200.55,24206.4,24187.7,24199.2,
NSE,NIFTY,2025-04-22,12:20:00,24197.85,24203.3,24186,24191.6,
NSE,NIFTY,2025-04-22,12:25:00,24191.45,24198.15,24182.1,24195.2,
NSE,NIFTY,2025-04-22,12:30:00,24194.85,24195.9,24184.95,24194.55,
NSE,NIFTY,2025-04-22,12:35:00,24193.6,24194.95,24179.7,24181,
NSE,NIFTY,2025-04-22,12:40:00,24181.45,24186.2,24176.25,24183.5,
NSE,NIFTY,2025-04-22,12:45:00,24182.55,24190.9,24175.5,24189.55,
NSE,NIFTY,2025-04-22,12:50:00,24188.75,24191.15,24176.5,24177.65,
NSE,NIFTY,2025-04-22,12:55:00,24176.7,24184.95,24176,24181.45,
NSE,NIFTY,2025-04-22,13:00:00,24181.25,24190.15,24177.7,24180.2,
NSE,NIFTY,2025-04-22,13:05:00,24178.35,24182.9,24173.65,24180.1,
NSE,NIFTY,2025-04-22,13:10:00,24179.75,24181.9,24168.25,24174.65,
NSE,NIFTY,2025-04-22,13:15:00,24173.5,24186,24172.1,24179.35,
NSE,NIFTY,2025-04-22,13:20:00,24179.9,24188.6,24177.8,24187.45,
NSE,NIFTY,2025-04-22,13:25:00,24189.65,24197.55,24186.6,24191.45,
NSE,NIFTY,2025-04-22,13:30:00,24192.4,24197.1,24186.5,24190.25,
NSE,NIFTY,2025-04-22,13:35:00,24190.35,24192.6,24179.35,24183,
NSE,NIFTY,2025-04-22,13:40:00,24184.5,24185.15,24177.35,24183.6,
NSE,NIFTY,2025-04-22,13:45:00,24184.25,24189.15,24180.65,24182.65,
NSE,NIFTY,2025-04-22,13:50:00,24183.45,24183.95,24176.25,24179.8,
NSE,NIFTY,2025-04-22,13:55:00,24179.05,24182.9,24173.6,24176.1,
NSE,NIFTY,2025-04-22,14:00:00,24175.2,24182.9,24175.2,24179.05,
NSE,NIFTY,2025-04-22,14:05:00,24180.2,24185.65,24174.8,24183.85,
NSE,NIFTY,2025-04-22,14:10:00,24183.45,24189.4,24181.9,24186.05,
NSE,NIFTY,2025-04-22,14:15:00,24185.7,24187.15,24175.25,24178.3,
NSE,NIFTY,2025-04-22,14:20:00,24178.7,24182.5,24173.55,24176.85,
NSE,NIFTY,2025-04-22,14:25:00,24176.6,24182.3,24173.15,24179.25,
NSE,NIFTY,2025-04-22,14:30:00,24179.25,24184.6,24175.1,24179.05,
NSE,NIFTY,2025-04-22,14:35:00,24179.5,24184.7,24171.7,24173.8,
NSE,NIFTY,2025-04-22,14:40:00,24175.75,24181.45,24173.25,24178.65,
NSE,NIFTY,2025-04-22,14:45:00,24178.35,24182.5,24172.4,24173.3,
NSE,NIFTY,2025-04-22,14:50:00,24172.8,24173.6,24144.05,24153.1,
NSE,NIFTY,2025-04-22,14:55:00,24153.4,24176.1,24152.55,24175.55,
NSE,NIFTY,2025-04-22,15:00:00,24175.75,24178.6,24155.3,24171.7,
NSE,NIFTY,2025-04-22,15:05:00,24170.45,24181,24166.05,24169.35,
NSE,NIFTY,2025-04-22,15:10:00,24169.95,24175.6,24163,24170.35,
NSE,NIFTY,2025-04-22,15:15:00,24170.35,24170.75,24159.2,24160.45,
NSE,NIFTY,2025-04-22,15:20:00,24160.95,24166.3,24152.6,24163.65,
NSE,NIFTY,2025-04-22,15:25:00,24161.95,24173.95,24161.5,24167,
NSE,NIFTY,2025-04-22,15:30:00,24166.65,24167.85,24126.95,24141.2,
NSE,NIFTY,2025-04-22,15:35:00,24141.2,24167.25,24141.2,24167.25,
NSE,NIFTY,2025-04-22,15:40:00,24167.25,24167.25,24167.25,24167.25,
NSE,NIFTY,2025-04-22,15:45:00,24167.25,24167.25,24167.25,24167.25,
NSE,NIFTY,2025-04-22,15:50:00,24167.25,24167.25,24167.25,24167.25,
NSE,NIFTY,2025-04-22,15:55:00,24167.25,24167.25,24167.25,24167.25,
NSE,NIFTY,2025-04-22,16:00:00,24167.25,24167.25,24167.25,24167.25,
NSE,NIFTY,2025-04-23,07:30:00,24167.25,24167.25,24167.25,24167.25,
NSE,NIFTY,2025-04-23,07:35:00,24167.25,24167.25,24167.25,24167.25,
NSE,NIFTY,2025-04-23,07:40:00,24167.25,24167.25,24167.25,24167.25,
NSE,NIFTY,2025-04-23,07:45:00,24167.25,24167.25,24167.25,24167.25,
NSE,NIFTY,2025-04-23,07:50:00,24167.25,24167.25,24167.25,24167.25,
NSE,NIFTY,2025-04-23,07:55:00,24167.25,24167.25,24167.25,24167.25,
NSE,NIFTY,2025-04-23,08:00:00,24167.25,24167.25,24167.25,24167.25,
NSE,NIFTY,2025-04-23,08:05:00,24167.25,24167.25,24167.25,24167.25,
NSE,NIFTY,2025-04-23,08:10:00,24167.25,24167.25,24167.25,24167.25,
NSE,NIFTY,2025-04-23,08:15:00,24167.25,24167.25,24167.25,24167.25,
NSE,NIFTY,2025-04-23,08:20:00,24167.25,24167.25,24167.25,24167.25,
NSE,NIFTY,2025-04-23,08:25:00,24167.25,24167.25,24167.25,24167.25,
NSE,NIFTY,2025-04-23,08:30:00,24167.25,24167.25,24167.25,24167.25,
NSE,NIFTY,2025-04-23,08:35:00,24167.25,24167.25,24167.25,24167.25,
NSE,NIFTY,2025-04-23,08:40:00,24167.25,24167.25,24167.25,24167.25,
NSE,NIFTY,2025-04-23,08:45:00,24167.25,24167.25,24167.25,24167.25,
NSE,NIFTY,2025-04-23,08:50:00,24167.25,24167.25,24167.25,24167.25,
NSE,NIFTY,2025-04-23,08:55:00,24167.25,24167.25,24167.25,24167.25,
NSE,NIFTY,2025-04-23,09:00:00,24167.25,24636.6,24167.25,24390.4,
NSE,NIFTY,2025-04-23,09:05:00,24388.4,24405.8,24292.35,24356.25,
NSE,NIFTY,2025-04-23,09:10:00,24353.7,24373.05,24346.35,24357.6,
NSE,NIFTY,2025-04-23,09:15:00,24357.6,24357.6,24285.15,24304.8,
NSE,NIFTY,2025-04-23,09:20:00,24301.55,24323.2,24288.05,24322.45,
NSE,NIFTY,2025-04-23,09:25:00,24322.8,24354.3,24319.65,24349.15,
NSE,NIFTY,2025-04-23,09:30:00,24347.95,24350.35,24312.35,24313.95,
NSE,NIFTY,2025-04-23,09:35:00,24312.5,24329.6,24276.3,24280.1,
NSE,NIFTY,2025-04-23,09:40:00,24280.2,24283.2,24265.2,24273.75,
NSE,NIFTY,2025-04-23,09:45:00,24274.55,24330,24272.35,24328.7,
NSE,NIFTY,2025-04-23,09:50:00,24327.7,24345.7,24323.65,24323.65,
NSE,NIFTY,2025-04-23,09:55:00,24324.5,24329.2,24312.45,24324.85,
NSE,NIFTY,2025-04-23,10:00:00,24324.1,24324.1,24302.2,24316,
NSE,NIFTY,2025-04-23,10:05:00,24315.25,24318.25,24258.15,24259.7,
NSE,NIFTY,2025-04-23,10:10:00,24260.35,24265.55,24229.25,24230.5,
NSE,NIFTY,2025-04-23,10:15:00,24231.5,24232.2,24189.95,24200.05,
NSE,NIFTY,2025-04-23,10:20:00,24198.95,24230.7,24190.3,24227.05,
NSE,NIFTY,2025-04-23,10:25:00,24226.8,24226.95,24199.6,24205.7,
NSE,NIFTY,2025-04-23,10:30:00,24205.5,24232.65,24202.45,24232.05,
NSE,NIFTY,2025-04-23,10:35:00,24231.75,24242.1,24178.45,24179.9,
NSE,NIFTY,2025-04-23,10:40:00,24179.75,24208.65,24177.5,24194.15,
NSE,NIFTY,2025-04-23,10:45:00,24194.05,24198.55,24165.95,24170.15,
NSE,NIFTY,2025-04-23,10:50:00,24171.55,24182.55,24144.5,24153.25,
NSE,NIFTY,2025-04-23,10:55:00,24152.65,24164.3,24129.35,24132.3,
NSE,NIFTY,2025-04-23,11:00:00,24132.85,24162.8,24120.15,24162.8,
NSE,NIFTY,2025-04-23,11:05:00,24163.1,24186.35,24158.6,24181.35,
NSE,NIFTY,2025-04-23,11:10:00,24181,24197.05,24169.9,24192.5,
NSE,NIFTY,2025-04-23,11:15:00,24192.65,24205.75,24182.15,24205.75,
NSE,NIFTY,2025-04-23,11:20:00,24206.9,24219.2,24197.9,24210.9,
NSE,NIFTY,2025-04-23,11:25:00,24211.5,24217.5,24180,24193,
NSE,NIFTY,2025-04-23,11:30:00,24192.6,24208.45,24191.35,24193.65,
NSE,NIFTY,2025-04-23,11:35:00,24193.9,24208.45,24188.6,24206.6,
NSE,NIFTY,2025-04-23,11:40:00,24206.75,24214.85,24195.05,24208.5,
NSE,NIFTY,2025-04-23,11:45:00,24208.1,24242.15,24201.85,24237.35,
NSE,NIFTY,2025-04-23,11:50:00,24237.7,24251.8,24232.85,24239.6,
NSE,NIFTY,2025-04-23,11:55:00,24240.35,24240.85,24212.45,24223.8,
NSE,NIFTY,2025-04-23,12:00:00,24224.25,24225.15,24203.75,24213.15,
NSE,NIFTY,2025-04-23,12:05:00,24212.5,24221.75,24203.5,24216.45,
NSE,NIFTY,2025-04-23,12:10:00,24217.85,24226.3,24197.9,24197.9,
NSE,NIFTY,2025-04-23,12:15:00,24198.8,24223.6,24198.15,24216.75,
NSE,NIFTY,2025-04-23,12:20:00,24216.7,24219.5,24201.9,24207.95,
NSE,NIFTY,2025-04-23,12:25:00,24207.85,24222.1,24205.15,24219.6,
NSE,NIFTY,2025-04-23,12:30:00,24221.7,24226.65,24207.85,24210.7,
NSE,NIFTY,2025-04-23,12:35:00,24210.15,24225.5,24208.9,24217.7,
NSE,NIFTY,2025-04-23,12:40:00,24217.8,24220.5,24211.1,24211.1,
NSE,NIFTY,2025-04-23,12:45:00,24212.2,24229.6,24207.95,24227.4,
NSE,NIFTY,2025-04-23,12:50:00,24227.15,24239.05,24227.15,24232.65,
NSE,NIFTY,2025-04-23,12:55:00,24232.6,24243.75,24229,24243.5,
NSE,NIFTY,2025-04-23,13:00:00,24243.55,24251.2,24236.15,24248.9,
NSE,NIFTY,2025-04-23,13:05:00,24250.35,24266.75,24248.05,24263.9,
NSE,NIFTY,2025-04-23,13:10:00,24264.95,24266.4,24250.95,24256.3,
NSE,NIFTY,2025-04-23,13:15:00,24255.2,24257.65,24229.45,24246.1,
NSE,NIFTY,2025-04-23,13:20:00,24245.15,24247.25,24230.55,24242,
NSE,NIFTY,2025-04-23,13:25:00,24242.8,24255.75,24242.6,24250.65,
NSE,NIFTY,2025-04-23,13:30:00,24251,24262.5,24250.75,24261.9,
NSE,NIFTY,2025-04-23,13:35:00,24261.85,24266.75,24251,24253.5,
NSE,NIFTY,2025-04-23,13:40:00,24253.65,24265.75,24253.15,24261.4,
NSE,NIFTY,2025-04-23,13:45:00,24262.15,24277.4,24254.35,24274.85,
NSE,NIFTY,2025-04-23,13:50:00,24275.7,24279.7,24268.9,24269.7,
NSE,NIFTY,2025-04-23,13:55:00,24270,24292.35,24266.65,24289.15,
NSE,NIFTY,2025-04-23,14:00:00,24289.1,24300.35,24287,24292.75,
NSE,NIFTY,2025-04-23,14:05:00,24293.15,24306.6,24289.45,24293.5,
NSE,NIFTY,2025-04-23,14:10:00,24293,24305.45,24291.45,24303.35,
NSE,NIFTY,2025-04-23,14:15:00,24302.05,24306.1,24294.7,24301.5,
NSE,NIFTY,2025-04-23,14:20:00,24301.4,24305.75,24292.05,24305.4,
NSE,NIFTY,2025-04-23,14:25:00,24305.75,24311.45,24298.95,24307.55,
NSE,NIFTY,2025-04-23,14:30:00,24309.15,24314.8,24302,24310.4,
NSE,NIFTY,2025-04-23,14:35:00,24311,24315.1,24305,24308.9,
NSE,NIFTY,2025-04-23,14:40:00,24309.4,24314.75,24299.8,24304.4,
NSE,NIFTY,2025-04-23,14:45:00,24304.5,24306.95,24278.8,24295.55,
NSE,NIFTY,2025-04-23,14:50:00,24295.8,24304.95,24294.65,24303.2,
NSE,NIFTY,2025-04-23,14:55:00,24302.8,24313.9,24302.8,24311.2,
NSE,NIFTY,2025-04-23,15:00:00,24312.4,24326.65,24307.85,24324.85,
NSE,NIFTY,2025-04-23,15:05:00,24325.8,24334.15,24321.25,24332.15,
NSE,NIFTY,2025-04-23,15:10:00,24332.4,24338.2,24330.9,24336.95,
NSE,NIFTY,2025-04-23,15:15:00,24337.5,24340.25,24330.35,24330.35,
NSE,NIFTY,2025-04-23,15:20:00,24330.1,24331,24318.25,24329.4,
NSE,NIFTY,2025-04-23,15:25:00,24326.9,24328.65,24322.8,24325.45,
NSE,NIFTY,2025-04-23,15:30:00,24326.2,24327.05,24282.35,24282.35,
NSE,NIFTY,2025-04-23,15:35:00,24282.35,24328.95,24282.35,24328.95,
NSE,NIFTY,2025-04-23,15:40:00,24328.95,24328.95,24328.95,24328.95,
NSE,NIFTY,2025-04-23,15:45:00,24328.95,24328.95,24328.95,24328.95,
NSE,NIFTY,2025-04-23,15:50:00,24328.95,24328.95,24328.95,24328.95,
NSE,NIFTY,2025-04-23,15:55:00,24328.95,24328.95,24328.95,24328.95,
NSE,NIFTY,2025-04-23,16:00:00,24328.95,24328.95,24328.95,24328.95,
NSE,NIFTY,2025-04-24,07:30:00,24328.95,24328.95,24328.95,24328.95,
NSE,NIFTY,2025-04-24,07:35:00,24328.95,24328.95,24328.95,24328.95,
NSE,NIFTY,2025-04-24,07:40:00,24328.95,24328.95,24328.95,24328.95,
NSE,NIFTY,2025-04-24,07:45:00,24328.95,24328.95,24328.95,24328.95,
NSE,NIFTY,2025-04-24,07:50:00,24328.95,24328.95,24328.95,24328.95,
NSE,NIFTY,2025-04-24,07:55:00,24328.95,24328.95,24328.95,24328.95,
NSE,NIFTY,2025-04-24,08:00:00,24328.95,24328.95,24328.95,24328.95,
NSE,NIFTY,2025-04-24,08:05:00,24328.95,24328.95,24328.95,24328.95,
NSE,NIFTY,2025-04-24,08:10:00,24328.95,24328.95,24328.95,24328.95,
NSE,NIFTY,2025-04-24,08:15:00,24328.95,24328.95,24328.95,24328.95,
NSE,NIFTY,2025-04-24,08:20:00,24328.95,24328.95,24328.95,24328.95,
NSE,NIFTY,2025-04-24,08:25:00,24328.95,24328.95,24328.95,24328.95,
NSE,NIFTY,2025-04-24,08:30:00,24328.95,24328.95,24328.95,24328.95,
NSE,NIFTY,2025-04-24,08:35:00,24328.95,24328.95,24328.95,24328.95,
NSE,NIFTY,2025-04-24,08:40:00,24328.95,24328.95,24328.95,24328.95,
NSE,NIFTY,2025-04-24,08:45:00,24328.95,24328.95,24328.95,24328.95,
NSE,NIFTY,2025-04-24,08:50:00,24328.95,24328.95,24328.95,24328.95,
NSE,NIFTY,2025-04-24,08:55:00,24328.95,24328.95,24328.95,24328.95,
NSE,NIFTY,2025-04-24,09:00:00,24328.95,24537,24328.95,24391.85,
NSE,NIFTY,2025-04-24,09:05:00,24390.6,24390.6,24238.4,24313.65,
NSE,NIFTY,2025-04-24,09:10:00,24313.4,24324.4,24273.7,24277.9,
NSE,NIFTY,2025-04-24,09:15:00,24277.9,24290.8,24276.95,24278.95,
NSE,NIFTY,2025-04-24,09:20:00,24278.9,24293.3,24270.35,24274.5,
NSE,NIFTY,2025-04-24,09:25:00,24274.7,24277.25,24263.35,24263.35,
NSE,NIFTY,2025-04-24,09:30:00,24262.4,24268.1,24251.8,24254.4,
NSE,NIFTY,2025-04-24,09:35:00,24254.75,24339.2,24248.8,24339.2,
NSE,NIFTY,2025-04-24,09:40:00,24338.75,24347.55,24280.5,24281.85,
NSE,NIFTY,2025-04-24,09:45:00,24282.95,24284,24250.5,24255.75,
NSE,NIFTY,2025-04-24,09:50:00,24254,24263.35,24239.7,24263.1,
NSE,NIFTY,2025-04-24,09:55:00,24261.5,24291.05,24255.25,24284.15,
NSE,NIFTY,2025-04-24,10:00:00,24282.7,24287.1,24261.55,24271.25,
NSE,NIFTY,2025-04-24,10:05:00,24272.45,24274.8,24262.2,24270.7,
NSE,NIFTY,2025-04-24,10:10:00,24270.6,24278.8,24266.05,24269.8,
NSE,NIFTY,2025-04-24,10:15:00,24269.9,24302.2,24269.65,24301.2,
NSE,NIFTY,2025-04-24,10:20:00,24300.9,24301.4,24289.6,24292.45,
NSE,NIFTY,2025-04-24,10:25:00,24291.85,24307.4,24285,24306.45,
NSE,NIFTY,2025-04-24,10:30:00,24307.05,24313.1,24289.9,24290.9,
NSE,NIFTY,2025-04-24,10:35:00,24291,24297.05,24281.1,24281.95,
NSE,NIFTY,2025-04-24,10:40:00,24281.8,24287.3,24272.9,24279.8,
NSE,NIFTY,2025-04-24,10:45:00,24280.4,24284.25,24274.3,24280.05,
NSE,NIFTY,2025-04-24,10:50:00,24280.25,24285,24271.6,24275.05,
NSE,NIFTY,2025-04-24,10:55:00,24275.55,24280.85,24271.8,24272.8,
NSE,NIFTY,2025-04-24,11:00:00,24272.85,24283.65,24268.8,24283.65,
NSE,NIFTY,2025-04-24,11:05:00,24283.6,24287.75,24270.05,24278.1,
NSE,NIFTY,2025-04-24,11:10:00,24277.95,24285,24271.9,24285,
NSE,NIFTY,2025-04-24,11:15:00,24284.7,24284.7,24274.5,24281.85,
NSE,NIFTY,2025-04-24,11:20:00,24283.1,24283.75,24274.3,24277.5,
NSE,NIFTY,2025-04-24,11:25:00,24277,24277.55,24265.8,24266.5,
NSE,NIFTY,2025-04-24,11:30:00,24266.95,24268.45,24252.9,24256.1,
NSE,NIFTY,2025-04-24,11:35:00,24256.75,24266.8,24254.65,24264.5,
NSE,NIFTY,2025-04-24,11:40:00,24265.25,24269.1,24257.95,24268.95,
NSE,NIFTY,2025-04-24,11:45:00,24268,24269.25,24259.9,24265.5,
NSE,NIFTY,2025-04-24,11:50:00,24264.15,24271.25,24262.75,24265.8,
NSE,NIFTY,2025-04-24,11:55:00,24266.2,24269.15,24261.95,24263.3,
NSE,NIFTY,2025-04-24,12:00:00,24263.35,24267.35,24257.75,24260.9,
NSE,NIFTY,2025-04-24,12:05:00,24260.65,24263.05,24255.5,24262.15,
NSE,NIFTY,2025-04-24,12:10:00,24262.2,24270.65,24261.45,24262.55,
NSE,NIFTY,2025-04-24,12:15:00,24262.6,24264.5,24257,24263.3,
NSE,NIFTY,2025-04-24,12:20:00,24264.1,24272.7,24261.55,24270.05,
NSE,NIFTY,2025-04-24,12:25:00,24269.7,24273.1,24264.15,24265.25,
NSE,NIFTY,2025-04-24,12:30:00,24264.5,24265.05,24255.25,24256.15,
NSE,NIFTY,2025-04-24,12:35:00,24255.75,24263.05,24255.6,24256.9,
NSE,NIFTY,2025-04-24,12:40:00,24256.8,24261.45,24248.4,24260.85,
NSE,NIFTY,2025-04-24,12:45:00,24261.4,24268.3,24257.7,24265.3,
NSE,NIFTY,2025-04-24,12:50:00,24265.25,24273.4,24263.35,24268.4,
NSE,NIFTY,2025-04-24,12:55:00,24268.05,24270.4,24263.7,24266.3,
NSE,NIFTY,2025-04-24,13:00:00,24265.95,24269.6,24261.6,24265.55,
NSE,NIFTY,2025-04-24,13:05:00,24265.6,24270.05,24259.65,24269.85,
NSE,NIFTY,2025-04-24,13:10:00,24269.25,24271.9,24259.6,24267.05,
NSE,NIFTY,2025-04-24,13:15:00,24265.8,24267.8,24257.45,24261.2,
NSE,NIFTY,2025-04-24,13:20:00,24260.7,24265.2,24255.8,24257.4,
NSE,NIFTY,2025-04-24,13:25:00,24257.95,24263.4,24253.75,24259.4,
NSE,NIFTY,2025-04-24,13:30:00,24259.75,24262.55,24253.5,24258.05,
NSE,NIFTY,2025-04-24,13:35:00,24258.55,24263.45,24251.75,24254.5,
NSE,NIFTY,2025-04-24,13:40:00,24254.9,24256,24242.05,24248.35,
NSE,NIFTY,2025-04-24,13:45:00,24247.9,24254.15,24245.5,24249.75,
NSE,NIFTY,2025-04-24,13:50:00,24250,24253.55,24246.6,24251.5,
NSE,NIFTY,2025-04-24,13:55:00,24250.9,24252.8,24244.1,24246.7,
NSE,NIFTY,2025-04-24,14:00:00,24246.3,24255.25,24243.45,24252.85,
NSE,NIFTY,2025-04-24,14:05:00,24253.8,24258.9,24245.95,24248.8,
NSE,NIFTY,2025-04-24,14:10:00,24249.5,24254.55,24246.3,24249.1,
NSE,NIFTY,2025-04-24,14:15:00,24249.05,24251.6,24245.05,24247.85,
NSE,NIFTY,2025-04-24,14:20:00,24251.6,24254.75,24243.75,24252.75,
NSE,NIFTY,2025-04-24,14:25:00,24252.3,24263.15,24250.25,24252.25,
NSE,NIFTY,2025-04-24,14:30:00,24253,24256.15,24245.7,24247.75,
NSE,NIFTY,2025-04-24,14:35:00,24248.4,24249.1,24239.8,24245.2,
NSE,NIFTY,2025-04-24,14:40:00,24244.25,24247,24235.45,24237.6,
NSE,NIFTY,2025-04-24,14:45:00,24237.55,24246.4,24232.4,24243.55,
NSE,NIFTY,2025-04-24,14:50:00,24243.65,24244.5,24237.25,24239.6,
NSE,NIFTY,2025-04-24,14:55:00,24239.4,24241.05,24218.5,24225.95,
NSE,NIFTY,2025-04-24,15:00:00,24229.7,24245.8,24217.2,24243.45,
NSE,NIFTY,2025-04-24,15:05:00,24243.95,24247.6,24235.5,24247.2,
NSE,NIFTY,2025-04-24,15:10:00,24246.4,24252.75,24235.55,24243.45,
NSE,NIFTY,2025-04-24,15:15:00,24243.3,24259.7,24242.5,24251.3,
NSE,NIFTY,2025-04-24,15:20:00,24251.1,24257.2,24244.3,24252.85,
NSE,NIFTY,2025-04-24,15:25:00,24252.45,24254.4,24244.4,24251.5,
NSE,NIFTY,2025-04-24,15:30:00,24251.6,24254.1,24240.75,24244.7,
NSE,NIFTY,2025-04-24,15:35:00,24244.7,24246.7,24244.7,24246.7,
NSE,NIFTY,2025-04-24,15:40:00,24246.7,24246.7,24246.7,24246.7,
NSE,NIFTY,2025-04-24,15:45:00,24246.7,24246.7,24246.7,24246.7,
NSE,NIFTY,2025-04-24,15:50:00,24246.7,24246.7,24246.7,24246.7,
NSE,NIFTY,2025-04-24,15:55:00,24246.7,24246.7,24246.7,24246.7,
NSE,NIFTY,2025-04-24,16:00:00,24246.7,24246.7,24246.7,24246.7,
NSE,NIFTY,2025-04-25,07:30:00,24246.7,24246.7,24246.7,24246.7,
NSE,NIFTY,2025-04-25,07:35:00,24246.7,24246.7,24246.7,24246.7,
NSE,NIFTY,2025-04-25,07:40:00,24246.7,24246.7,24246.7,24246.7,
NSE,NIFTY,2025-04-25,07:45:00,24246.7,24246.7,24246.7,24246.7,
NSE,NIFTY,2025-04-25,07:50:00,24246.7,24246.7,24246.7,24246.7,
NSE,NIFTY,2025-04-25,07:55:00,24246.7,24246.7,24246.7,24246.7,
NSE,NIFTY,2025-04-25,08:00:00,24246.7,24246.7,24246.7,24246.7,
NSE,NIFTY,2025-04-25,08:05:00,24246.7,24246.7,24246.7,24246.7,
NSE,NIFTY,2025-04-25,08:10:00,24246.7,24246.7,24246.7,24246.7,
NSE,NIFTY,2025-04-25,08:15:00,24246.7,24246.7,24246.7,24246.7,
NSE,NIFTY,2025-04-25,08:20:00,24246.7,24246.7,24246.7,24246.7,
NSE,NIFTY,2025-04-25,08:25:00,24246.7,24246.7,24246.7,24246.7,
NSE,NIFTY,2025-04-25,08:30:00,24246.7,24246.7,24246.7,24246.7,
NSE,NIFTY,2025-04-25,08:35:00,24246.7,24246.7,24246.7,24246.7,
NSE,NIFTY,2025-04-25,08:40:00,24246.7,24246.7,24246.7,24246.7,
NSE,NIFTY,2025-04-25,08:45:00,24246.7,24246.7,24246.7,24246.7,
NSE,NIFTY,2025-04-25,08:50:00,24246.7,24246.7,24246.7,24246.7,
NSE,NIFTY,2025-04-25,08:55:00,24246.7,24246.7,24246.7,24246.7,
NSE,NIFTY,2025-04-25,09:00:00,24246.7,24246.7,24011.85,24095.45,
NSE,NIFTY,2025-04-25,09:05:00,24093.9,24330.3,24086.05,24319.95,
NSE,NIFTY,2025-04-25,09:10:00,24320.25,24327.55,24289,24289,
NSE,NIFTY,2025-04-25,09:15:00,24289,24348.9,24274.95,24337.4,
NSE,NIFTY,2025-04-25,09:20:00,24336.9,24364.85,24320.85,24333.75,
NSE,NIFTY,2025-04-25,09:25:00,24331.6,24332.7,24296.25,24300.6,
NSE,NIFTY,2025-04-25,09:30:00,24300.55,24346.8,24295.35,24313.1,
NSE,NIFTY,2025-04-25,09:35:00,24311.85,24314.05,24261.55,24265.2,
NSE,NIFTY,2025-04-25,09:40:00,24264.65,24282.2,24227.05,24236.5,
NSE,NIFTY,2025-04-25,09:45:00,24233.55,24233.75,24188.15,24201.25,
NSE,NIFTY,2025-04-25,09:50:00,24200.85,24215.85,24149.1,24154.7,
NSE,NIFTY,2025-04-25,09:55:00,24151.4,24170,24116.9,24117.65,
NSE,NIFTY,2025-04-25,10:00:00,24117.35,24120.65,24054.45,24055.8,
NSE,NIFTY,2025-04-25,10:05:00,24056.45,24056.6,23950.35,23956.75,
NSE,NIFTY,2025-04-25,10:10:00,23958.2,24028.6,23951.25,24012.2,
NSE,NIFTY,2025-04-25,10:15:00,24011.3,24044.25,24011.3,24031.35,
NSE,NIFTY,2025-04-25,10:20:00,24029.35,24043.65,24003,24008.55,
NSE,NIFTY,2025-04-25,10:25:00,24006.8,24043.5,23997.55,24017.25,
NSE,NIFTY,2025-04-25,10:30:00,24017.85,24017.85,23924.05,23934.9,
NSE,NIFTY,2025-04-25,10:35:00,23935.65,23969.75,23908.95,23955.5,
NSE,NIFTY,2025-04-25,10:40:00,23955.75,23984.05,23955.1,23970.35,
NSE,NIFTY,2025-04-25,10:45:00,23970.9,23997.65,23950.8,23956,
NSE,NIFTY,2025-04-25,10:50:00,23955.9,23987.8,23954.6,23966.4,
NSE,NIFTY,2025-04-25,10:55:00,23966.5,23968.6,23937.75,23944.25,
NSE,NIFTY,2025-04-25,11:00:00,23944.25,23949.75,23923.55,23936,
NSE,NIFTY,2025-04-25,11:05:00,23935.75,23938.65,23901.45,23907.55,
NSE,NIFTY,2025-04-25,11:10:00,23907.9,23950.1,23906.9,23935.3,
NSE,NIFTY,2025-04-25,11:15:00,23935.65,23944.8,23920.25,23942.6,
NSE,NIFTY,2025-04-25,11:20:00,23943.65,23945.9,23891.5,23900.95,
NSE,NIFTY,2025-04-25,11:25:00,23901.55,23906.9,23879.7,23898.1,
NSE,NIFTY,2025-04-25,11:30:00,23897.85,23918.55,23889.85,23912.25,
NSE,NIFTY,2025-04-25,11:35:00,23912.3,23916.15,23886.1,23891.5,
NSE,NIFTY,2025-04-25,11:40:00,23890.85,23924.7,23889,23924.45,
NSE,NIFTY,2025-04-25,11:45:00,23924.6,23927.25,23898.2,23898.2,
NSE,NIFTY,2025-04-25,11:50:00,23899.3,23902.95,23852.5,23853.8,
NSE,NIFTY,2025-04-25,11:55:00,23852.95,23877.15,23848.35,23875.35,
NSE,NIFTY,2025-04-25,12:00:00,23874.65,23881.2,23864.9,23880.4,
NSE,NIFTY,2025-04-25,12:05:00,23881.3,23885.45,23859.25,23882.6,
NSE,NIFTY,2025-04-25,12:10:00,23884.75,23898.1,23882.3,23895.45,
NSE,NIFTY,2025-04-25,12:15:00,23894.9,23946.65,23893.15,23936.4,
NSE,NIFTY,2025-04-25,12:20:00,23929.65,23962.65,23922,23946.45,
NSE,NIFTY,2025-04-25,12:25:00,23945.05,23951.9,23927.25,23927.25,
NSE,NIFTY,2025-04-25,12:30:00,23927.65,23952.55,23922.5,23947.15,
NSE,NIFTY,2025-04-25,12:35:00,23947.15,23955.7,23935.85,23945.65,
NSE,NIFTY,2025-04-25,12:40:00,23946.65,23984.8,23945.45,23981.75,
NSE,NIFTY,2025-04-25,12:45:00,23980.9,23984.7,23943.2,23962.55,
NSE,NIFTY,2025-04-25,12:50:00,23963.5,23980.4,23961.1,23976.65,
NSE,NIFTY,2025-04-25,12:55:00,23977.15,23985,23962.6,23976.85,
NSE,NIFTY,2025-04-25,13:00:00,23978.1,24033,23975.15,24026.8,
NSE,NIFTY,2025-04-25,13:05:00,24028.65,24047.95,24013.05,24024.65,
NSE,NIFTY,2025-04-25,13:10:00,24024.4,24060.8,24022.05,24038.8,
NSE,NIFTY,2025-04-25,13:15:00,24042.1,24051.4,24026.3,24040.85,
NSE,NIFTY,2025-04-25,13:20:00,24042.35,24066.65,24040.7,24062.15,
NSE,NIFTY,2025-04-25,13:25:00,24062.5,24071.15,24052.85,24058.25,
NSE,NIFTY,2025-04-25,13:30:00,24056.8,24063.6,24029.5,24043.85,
NSE,NIFTY,2025-04-25,13:35:00,24044.15,24084.1,24039.15,24077.25,
NSE,NIFTY,2025-04-25,13:40:00,24077,24098.25,24054.55,24078.35,
NSE,NIFTY,2025-04-25,13:45:00,24080.45,24090.25,24069.1,24090.05,
NSE,NIFTY,2025-04-25,13:50:00,24089.1,24121.95,24078.55,24120.65,
NSE,NIFTY,2025-04-25,13:55:00,24122.75,24128.5,24103.6,24116.9,
NSE,NIFTY,2025-04-25,14:00:00,24116.4,24149.6,24110.95,24145.7,
NSE,NIFTY,2025-04-25,14:05:00,24146.1,24150.65,24117.65,24123.45,
NSE,NIFTY,2025-04-25,14:10:00,24123.5,24130.1,24060.9,24066.15,
NSE,NIFTY,2025-04-25,14:15:00,24068.2,24097.65,24046,24097.65,
NSE,NIFTY,2025-04-25,14:20:00,24096.95,24130.25,24090.9,24110.05,
NSE,NIFTY,2025-04-25,14:25:00,24112.4,24120,24103.35,24110.1,
NSE,NIFTY,2025-04-25,14:30:00,24110.35,24110.5,24091.45,24101.7,
NSE,NIFTY,2025-04-25,14:35:00,24099.3,24101.1,24057.6,24069.9,
NSE,NIFTY,2025-04-25,14:40:00,24068.85,24071.2,24042.75,24054.85,
NSE,NIFTY,2025-04-25,14:45:00,24055.05,24067.45,24047.75,24052.6,
NSE,NIFTY,2025-04-25,14:50:00,24050.5,24076.2,24038.15,24075.2,
NSE,NIFTY,2025-04-25,14:55:00,24074.75,24092.45,24066.2,24090.3,
NSE,NIFTY,2025-04-25,15:00:00,24090.9,24100.3,24072.25,24081.6,
NSE,NIFTY,2025-04-25,15:05:00,24082.95,24085.35,24058.45,24081.75,
NSE,NIFTY,2025-04-25,15:10:00,24080.7,24083.45,24059.3,24071.9,
NSE,NIFTY,2025-04-25,15:15:00,24071.25,24079.8,24045.95,24050.7,
NSE,NIFTY,2025-04-25,15:20:00,24050.9,24050.9,24029.45,24030.25,
NSE,NIFTY,2025-04-25,15:25:00,24029.25,24032.85,23994.85,24001.5,
NSE,NIFTY,2025-04-25,15:30:00,24002.05,24006.3,23986.1,23992.45,
NSE,NIFTY,2025-04-25,15:35:00,23992.45,24039.35,23992.45,24039.35,
NSE,NIFTY,2025-04-25,15:40:00,24039.35,24039.35,24039.35,24039.35,
NSE,NIFTY,2025-04-25,15:45:00,24039.35,24039.35,24039.35,24039.35,
NSE,NIFTY,2025-04-25,15:50:00,24039.35,24039.35,24039.35,24039.35,
NSE,NIFTY,2025-04-25,15:55:00,24039.35,24039.35,24039.35,24039.35,
NSE,NIFTY,2025-04-25,16:00:00,24039.35,24039.35,24039.35,24039.35,
NSE,NIFTY,2025-04-28,08:10:00,24039.35,24039.35,24039.35,24039.35,
NSE,NIFTY,2025-04-28,08:15:00,24039.35,24039.35,24039.35,24039.35,
NSE,NIFTY,2025-04-28,08:20:00,24039.35,24039.35,24039.35,24039.35,
NSE,NIFTY,2025-04-28,08:25:00,24039.35,24039.35,24039.35,24039.35,
NSE,NIFTY,2025-04-28,08:30:00,24039.35,24039.35,24039.35,24039.35,
NSE,NIFTY,2025-04-28,08:35:00,24039.35,24039.35,24039.35,24039.35,
NSE,NIFTY,2025-04-28,08:40:00,24039.35,24039.35,24039.35,24039.35,
NSE,NIFTY,2025-04-28,08:45:00,24039.35,24039.35,24039.35,24039.35,
NSE,NIFTY,2025-04-28,08:50:00,24039.35,24039.35,24039.35,24039.35,
NSE,NIFTY,2025-04-28,08:55:00,24039.35,24039.35,24039.35,24039.35,
NSE,NIFTY,2025-04-28,09:00:00,24039.35,24159.4,23947.45,24139.65,
NSE,NIFTY,2025-04-28,09:05:00,24135.95,24181.35,24051.55,24103.15,
NSE,NIFTY,2025-04-28,09:10:00,24095.05,24118.15,24070.25,24070.25,
NSE,NIFTY,2025-04-28,09:15:00,24070.25,24118.7,24059.15,24118.7,
NSE,NIFTY,2025-04-28,09:20:00,24120,24151.65,24099.9,24136.6,
NSE,NIFTY,2025-04-28,09:25:00,24136.1,24136.1,24082.1,24105.05,
NSE,NIFTY,2025-04-28,09:30:00,24103.85,24136.2,24082.75,24120.15,
NSE,NIFTY,2025-04-28,09:35:00,24123.4,24193.7,24120.7,24192.1,
NSE,NIFTY,2025-04-28,09:40:00,24191.95,24227.4,24177.65,24217.7,
NSE,NIFTY,2025-04-28,09:45:00,24219.1,24219.55,24173.45,24189.85,
NSE,NIFTY,2025-04-28,09:50:00,24185.25,24216.8,24179.55,24195.55,
NSE,NIFTY,2025-04-28,09:55:00,24198.45,24207.9,24174.3,24199.8,
NSE,NIFTY,2025-04-28,10:00:00,24200.1,24231.85,24183,24231.85,
NSE,NIFTY,2025-04-28,10:05:00,24230.9,24256,24217.8,24256,
NSE,NIFTY,2025-04-28,10:10:00,24252,24266.8,24248.05,24264.25,
NSE,NIFTY,2025-04-28,10:15:00,24263.75,24279.35,24252.9,24278.95,
NSE,NIFTY,2025-04-28,10:20:00,24278.5,24282.75,24265.3,24272.75,
NSE,NIFTY,2025-04-28,10:25:00,24272.2,24276.95,24238,24249.8,
NSE,NIFTY,2025-04-28,10:30:00,24249.5,24263,24229.35,24241.5,
NSE,NIFTY,2025-04-28,10:35:00,24239.6,24263.15,24239.5,24254.25,
NSE,NIFTY,2025-04-28,10:40:00,24253.6,24262.65,24240.9,24250.25,
NSE,NIFTY,2025-04-28,10:45:00,24250.6,24256.1,24242.8,24243.75,
NSE,NIFTY,2025-04-28,10:50:00,24244.75,24263.85,24243.25,24261.65,
NSE,NIFTY,2025-04-28,10:55:00,24261.8,24282.9,24252.9,24269.45,
NSE,NIFTY,2025-04-28,11:00:00,24269.7,24280.4,24263.2,24277.5,
NSE,NIFTY,2025-04-28,11:05:00,24276.95,24277.6,24262.9,24263.8,
NSE,NIFTY,2025-04-28,11:10:00,24263.7,24282.2,24258.3,24277.05,
NSE,NIFTY,2025-04-28,11:15:00,24277.45,24277.6,24227.75,24241.8,
NSE,NIFTY,2025-04-28,11:20:00,24241.55,24243.35,24210.75,24222.6,
NSE,NIFTY,2025-04-28,11:25:00,24223.5,24246.25,24223,24229.2,
NSE,NIFTY,2025-04-28,11:30:00,24229.5,24260.15,24228.95,24255.4,
NSE,NIFTY,2025-04-28,11:35:00,24255.4,24266.45,24248.65,24264.85,
NSE,NIFTY,2025-04-28,11:40:00,24262.5,24270.9,24260.45,24267.4,
NSE,NIFTY,2025-04-28,11:45:00,24267.45,24280.45,24267,24280.25,
NSE,NIFTY,2025-04-28,11:50:00,24279.1,24284.6,24267.95,24275.25,
NSE,NIFTY,2025-04-28,11:55:00,24276.6,24288.7,24269.85,24269.85,
NSE,NIFTY,2025-04-28,12:00:00,24270.05,24279.45,24261.3,24278.4,
NSE,NIFTY,2025-04-28,12:05:00,24278.55,24291.25,24278.2,24284.9,
NSE,NIFTY,2025-04-28,12:10:00,24286.45,24296.4,24272.15,24274.4,
NSE,NIFTY,2025-04-28,12:15:00,24279.25,24296.5,24274.1,24290.5,
NSE,NIFTY,2025-04-28,12:20:00,24292.3,24330.3,24287.85,24328.2,
NSE,NIFTY,2025-04-28,12:25:00,24332.5,24335.2,24320.1,24321.8,
NSE,NIFTY,2025-04-28,12:30:00,24321.95,24350.7,24320.3,24347.8,
NSE,NIFTY,2025-04-28,12:35:00,24349.45,24349.45,24336.2,24340.85,
NSE,NIFTY,2025-04-28,12:40:00,24343.7,24347.75,24331.9,24342.05,
NSE,NIFTY,2025-04-28,12:45:00,24343.85,24345.05,24326.6,24334.4,
NSE,NIFTY,2025-04-28,12:50:00,24336.3,24343.4,24333.15,24339.35,
NSE,NIFTY,2025-04-28,12:55:00,24341.35,24345.25,24332.7,24333.95,
NSE,NIFTY,2025-04-28,13:00:00,24337.45,24354.75,24332.15,24347.6,
NSE,NIFTY,2025-04-28,13:05:00,24348.35,24352.5,24326.7,24330.1,
NSE,NIFTY,2025-04-28,13:10:00,24331.25,24341.5,24313.5,24337.9,
NSE,NIFTY,2025-04-28,13:15:00,24340.05,24349.3,24328.25,24332.1,
NSE,NIFTY,2025-04-28,13:20:00,24334.9,24351.55,24325.5,24328,
NSE,NIFTY,2025-04-28,13:25:00,24329.6,24336.4,24319.9,24332.45,
NSE,NIFTY,2025-04-28,13:30:00,24334.4,24336,24323.15,24327.85,
NSE,NIFTY,2025-04-28,13:35:00,24329.85,24342.05,24323.2,24339.35,
NSE,NIFTY,2025-04-28,13:40:00,24340.35,24347.1,24323.35,24338.75,
NSE,NIFTY,2025-04-28,13:45:00,24337.6,24345.95,24335,24345.8,
NSE,NIFTY,2025-04-28,13:50:00,24347.25,24351.6,24341.85,24346.45,
NSE,NIFTY,2025-04-28,13:55:00,24348.95,24348.95,24329.9,24331.1,
NSE,NIFTY,2025-04-28,14:00:00,24332.6,24337.65,24325.9,24334.65,
NSE,NIFTY,2025-04-28,14:05:00,24335.45,24341.85,24328.3,24340.8,
NSE,NIFTY,2025-04-28,14:10:00,24342.8,24345.1,24331.6,24345.1,
NSE,NIFTY,2025-04-28,14:15:00,24346.5,24353.7,24333.8,24344,
NSE,NIFTY,2025-04-28,14:20:00,24346.6,24346.6,24319.55,24319.6,
NSE,NIFTY,2025-04-28,14:25:00,24320.8,24325.2,24297.65,24297.7,
NSE,NIFTY,2025-04-28,14:30:00,24300.45,24314.9,24293.55,24306,
NSE,NIFTY,2025-04-28,14:35:00,24307.5,24321.65,24287.25,24287.25,
NSE,NIFTY,2025-04-28,14:40:00,24290.95,24297.3,24273.6,24273.6,
NSE,NIFTY,2025-04-28,14:45:00,24276.75,24282.3,24265.45,24271.35,
NSE,NIFTY,2025-04-28,14:50:00,24272.35,24283.75,24260.9,24278.1,
NSE,NIFTY,2025-04-28,14:55:00,24279.5,24313.6,24278.45,24309.15,
NSE,NIFTY,2025-04-28,15:00:00,24311.05,24332.3,24306.3,24325.9,
NSE,NIFTY,2025-04-28,15:05:00,24328.25,24341.3,24323.25,24326.5,
NSE,NIFTY,2025-04-28,15:10:00,24327.35,24328.5,24311.85,24312.9,
NSE,NIFTY,2025-04-28,15:15:00,24313.85,24333.4,24312.9,24331.5,
NSE,NIFTY,2025-04-28,15:20:00,24331.9,24337.65,24327.55,24336.1,
NSE,NIFTY,2025-04-28,15:25:00,24336.15,24337.75,24319.95,24325.15,
NSE,NIFTY,2025-04-28,15:30:00,24325.2,24330.05,24309.55,24312.25,
NSE,NIFTY,2025-04-28,15:35:00,24312.25,24328.5,24312.25,24328.5,
NSE,NIFTY,2025-04-28,15:40:00,24328.5,24328.5,24328.5,24328.5,
NSE,NIFTY,2025-04-28,15:45:00,24328.5,24328.5,24328.5,24328.5,
NSE,NIFTY,2025-04-28,15:50:00,24328.5,24328.5,24328.5,24328.5,
NSE,NIFTY,2025-04-28,15:55:00,24328.5,24328.5,24328.5,24328.5,
NSE,NIFTY,2025-04-28,16:00:00,24328.5,24328.5,24328.5,24328.5,
NSE,NIFTY,2025-04-29,07:30:00,24328.5,24328.5,24328.5,24328.5,
NSE,NIFTY,2025-04-29,07:35:00,24328.5,24328.5,24328.5,24328.5,
NSE,NIFTY,2025-04-29,07:40:00,24328.5,24328.5,24328.5,24328.5,
NSE,NIFTY,2025-04-29,07:45:00,24328.5,24328.5,24328.5,24328.5,
NSE,NIFTY,2025-04-29,07:50:00,24328.5,24328.5,24328.5,24328.5,
NSE,NIFTY,2025-04-29,07:55:00,24328.5,24328.5,24328.5,24328.5,
NSE,NIFTY,2025-04-29,08:00:00,24328.5,24328.5,24328.5,24328.5,
NSE,NIFTY,2025-04-29,08:05:00,24328.5,24328.5,24328.5,24328.5,
NSE,NIFTY,2025-04-29,08:10:00,24328.5,24328.5,24328.5,24328.5,
NSE,NIFTY,2025-04-29,08:15:00,24328.5,24328.5,24328.5,24328.5,
NSE,NIFTY,2025-04-29,08:20:00,24328.5,24328.5,24328.5,24328.5,
NSE,NIFTY,2025-04-29,08:25:00,24328.5,24328.5,24328.5,24328.5,
NSE,NIFTY,2025-04-29,08:30:00,24328.5,24328.5,24328.5,24328.5,
NSE,NIFTY,2025-04-29,08:35:00,24328.5,24328.5,24328.5,24328.5,
NSE,NIFTY,2025-04-29,08:40:00,24328.5,24328.5,24328.5,24328.5,
NSE,NIFTY,2025-04-29,08:45:00,24328.5,24328.5,24328.5,24328.5,
NSE,NIFTY,2025-04-29,08:50:00,24328.5,24328.5,24328.5,24328.5,
NSE,NIFTY,2025-04-29,08:55:00,24328.5,24328.5,24328.5,24328.5,
NSE,NIFTY,2025-04-29,09:00:00,24328.5,24328.5,24121.15,24200.6,
NSE,NIFTY,2025-04-29,09:05:00,24200.8,24396.8,24180.2,24396.35,
NSE,NIFTY,2025-04-29,09:10:00,24396.65,24396.95,24370.7,24370.7,
NSE,NIFTY,2025-04-29,09:15:00,24370.7,24407.45,24370.7,24405,
NSE,NIFTY,2025-04-29,09:20:00,24403.45,24440.65,24403.45,24427.85,
NSE,NIFTY,2025-04-29,09:25:00,24425.75,24456.85,24424.5,24451.05,
NSE,NIFTY,2025-04-29,09:30:00,24449.6,24451.1,24411,24414.05,
NSE,NIFTY,2025-04-29,09:35:00,24410.3,24452.9,24393.55,24423.55,
NSE,NIFTY,2025-04-29,09:40:00,24422.75,24432.7,24360.4,24383.2,
NSE,NIFTY,2025-04-29,09:45:00,24385.85,24387.05,24304.6,24355.2,
NSE,NIFTY,2025-04-29,09:50:00,24355.2,24364.5,24304.1,24308.9,
NSE,NIFTY,2025-04-29,09:55:00,24309.7,24343.85,24291,24343.85,
NSE,NIFTY,2025-04-29,10:00:00,24343.6,24395,24343.6,24386.65,
NSE,NIFTY,2025-04-29,10:05:00,24384.6,24396.15,24362.2,24368.85,
NSE,NIFTY,2025-04-29,10:10:00,24365.15,24368.8,24333.8,24343.8,
NSE,NIFTY,2025-04-29,10:15:00,24343.95,24365.1,24342,24350.05,
NSE,NIFTY,2025-04-29,10:20:00,24351.85,24352.05,24317.4,24320.7,
NSE,NIFTY,2025-04-29,10:25:00,24320.6,24348.15,24317.4,24347.2,
NSE,NIFTY,2025-04-29,10:30:00,24345.8,24345.8,24311.3,24315.85,
NSE,NIFTY,2025-04-29,10:35:00,24314.8,24329.7,24305.5,24320.4,
NSE,NIFTY,2025-04-29,10:40:00,24319.8,24335.25,24314.55,24324.4,
NSE,NIFTY,2025-04-29,10:45:00,24324.85,24333.9,24312.8,24321.6,
NSE,NIFTY,2025-04-29,10:50:00,24321,24353.7,24319.1,24348.45,
NSE,NIFTY,2025-04-29,10:55:00,24348.15,24350.05,24328.45,24334.4,
NSE,NIFTY,2025-04-29,11:00:00,24335.7,24349.95,24332.3,24337.55,
NSE,NIFTY,2025-04-29,11:05:00,24338.1,24355.95,24335.8,24352.8,
NSE,NIFTY,2025-04-29,11:10:00,24353.15,24369.85,24352.35,24366.5,
NSE,NIFTY,2025-04-29,11:15:00,24367.2,24367.35,24350.6,24356.85,
NSE,NIFTY,2025-04-29,11:20:00,24356.75,24357.6,24338.95,24352.6,
NSE,NIFTY,2025-04-29,11:25:00,24352.45,24360.35,24347.3,24350.8,
NSE,NIFTY,2025-04-29,11:30:00,24351.1,24358.75,24347.2,24349.8,
NSE,NIFTY,2025-04-29,11:35:00,24351.45,24351.45,24334.95,24347.8,
NSE,NIFTY,2025-04-29,11:40:00,24347.6,24353.6,24341.6,24342.55,
NSE,NIFTY,2025-04-29,11:45:00,24344.55,24356.8,24342.5,24351.9,
NSE,NIFTY,2025-04-29,11:50:00,24352.6,24354.35,24335.3,24337.45,
NSE,NIFTY,2025-04-29,11:55:00,24337.6,24340.85,24320.6,24321.95,
NSE,NIFTY,2025-04-29,12:00:00,24322.25,24329.1,24307.15,24307.45,
NSE,NIFTY,2025-04-29,12:05:00,24307.5,24323.25,24302.45,24320.05,
NSE,NIFTY,2025-04-29,12:10:00,24320.05,24323.75,24310.65,24314.7,
NSE,NIFTY,2025-04-29,12:15:00,24314.5,24322.3,24309.2,24314.9,
NSE,NIFTY,2025-04-29,12:20:00,24314.55,24321.6,24310.65,24314.25,
NSE,NIFTY,2025-04-29,12:25:00,24314.5,24316.65,24304.1,24316.65,
NSE,NIFTY,2025-04-29,12:30:00,24317.25,24317.75,24306.6,24316.25,
NSE,NIFTY,2025-04-29,12:35:00,24316.1,24330.8,24316,24328.25,
NSE,NIFTY,2025-04-29,12:40:00,24328.3,24347.95,24325.4,24340.55,
NSE,NIFTY,2025-04-29,12:45:00,24340.6,24346.8,24336.4,24339.15,
NSE,NIFTY,2025-04-29,12:50:00,24341.7,24344.85,24330.6,24343.2,
NSE,NIFTY,2025-04-29,12:55:00,24341.15,24359.75,24337.6,24356.2,
NSE,NIFTY,2025-04-29,13:00:00,24356.35,24363.55,24353,24360.65,
NSE,NIFTY,2025-04-29,13:05:00,24361.35,24369.5,24352.2,24360.7,
NSE,NIFTY,2025-04-29,13:10:00,24360.4,24366.35,24350.6,24355.1,
NSE,NIFTY,2025-04-29,13:15:00,24357.1,24363.55,24353.5,24358.75,
NSE,NIFTY,2025-04-29,13:20:00,24355.8,24359.35,24341.35,24346.55,
NSE,NIFTY,2025-04-29,13:25:00,24347.15,24363.15,24347.15,24362.75,
NSE,NIFTY,2025-04-29,13:30:00,24362.1,24376.05,24360,24366.65,
NSE,NIFTY,2025-04-29,13:35:00,24366.6,24371.7,24361.45,24365.75,
NSE,NIFTY,2025-04-29,13:40:00,24367.05,24370.65,24357.4,24368.55,
NSE,NIFTY,2025-04-29,13:45:00,24368.55,24372.7,24351,24354.3,
NSE,NIFTY,2025-04-29,13:50:00,24355.5,24367.7,24353.2,24364.35,
NSE,NIFTY,2025-04-29,13:55:00,24366.75,24368.75,24350.8,24350.95,
NSE,NIFTY,2025-04-29,14:00:00,24351,24363.4,24347.65,24359.85,
NSE,NIFTY,2025-04-29,14:05:00,24359.95,24368.3,24356.85,24363.15,
NSE,NIFTY,2025-04-29,14:10:00,24363.85,24375.5,24360.6,24368.35,
NSE,NIFTY,2025-04-29,14:15:00,24367.5,24374.8,24360.25,24364.65,
NSE,NIFTY,2025-04-29,14:20:00,24364.9,24366.6,24355.05,24362.5,
NSE,NIFTY,2025-04-29,14:25:00,24362.1,24367.55,24352.65,24354.95,
NSE,NIFTY,2025-04-29,14:30:00,24355.2,24359.7,24342.4,24347.25,
NSE,NIFTY,2025-04-29,14:35:00,24348.7,24350.4,24339,24346.75,
NSE,NIFTY,2025-04-29,14:40:00,24348.9,24361.95,24344.85,24353.95,
NSE,NIFTY,2025-04-29,14:45:00,24354.75,24360.7,24350.6,24350.6,
NSE,NIFTY,2025-04-29,14:50:00,24351.35,24357.95,24347.85,24352.45,
NSE,NIFTY,2025-04-29,14:55:00,24353.45,24358,24342.6,24342.6,
NSE,NIFTY,2025-04-29,15:00:00,24343.6,24355.7,24339.45,24345.7,
NSE,NIFTY,2025-04-29,15:05:00,24344.6,24345.3,24325.2,24334.6,
NSE,NIFTY,2025-04-29,15:10:00,24335.2,24336.45,24324.9,24331.7,
NSE,NIFTY,2025-04-29,15:15:00,24332,24335.6,24323.5,24325.2,
NSE,NIFTY,2025-04-29,15:20:00,24326.6,24341.45,24310.6,24329.85,
NSE,NIFTY,2025-04-29,15:25:00,24329.15,24348.5,24325.85,24332.35,
NSE,NIFTY,2025-04-29,15:30:00,24333.2,24340.85,24317.6,24328.65,
NSE,NIFTY,2025-04-29,15:35:00,24328.65,24335.95,24328.65,24335.95,
NSE,NIFTY,2025-04-29,15:40:00,24335.95,24335.95,24335.95,24335.95,
NSE,NIFTY,2025-04-29,15:45:00,24335.95,24335.95,24335.95,24335.95,
NSE,NIFTY,2025-04-29,15:50:00,24335.95,24335.95,24335.95,24335.95,
NSE,NIFTY,2025-04-29,15:55:00,24335.95,24335.95,24335.95,24335.95,
NSE,NIFTY,2025-04-29,16:00:00,24335.95,24335.95,24335.95,24335.95,
NSE,NIFTY,2025-04-30,07:30:00,24335.95,24335.95,24335.95,24335.95,
NSE,NIFTY,2025-04-30,07:35:00,24335.95,24335.95,24335.95,24335.95,
NSE,NIFTY,2025-04-30,07:40:00,24335.95,24335.95,24335.95,24335.95,
NSE,NIFTY,2025-04-30,07:45:00,24335.95,24335.95,24335.95,24335.95,
NSE,NIFTY,2025-04-30,07:50:00,24335.95,24335.95,24335.95,24335.95,
NSE,NIFTY,2025-04-30,07:55:00,24335.95,24335.95,24335.95,24335.95,
NSE,NIFTY,2025-04-30,08:00:00,24335.95,24335.95,24335.95,24335.95,
NSE,NIFTY,2025-04-30,08:05:00,24335.95,24335.95,24335.95,24335.95,
NSE,NIFTY,2025-04-30,08:10:00,24335.95,24335.95,24335.95,24335.95,
NSE,NIFTY,2025-04-30,08:15:00,24335.95,24335.95,24335.95,24335.95,
NSE,NIFTY,2025-04-30,08:20:00,24335.95,24335.95,24335.95,24335.95,
NSE,NIFTY,2025-04-30,08:25:00,24335.95,24335.95,24335.95,24335.95,
NSE,NIFTY,2025-04-30,08:30:00,24335.95,24335.95,24335.95,24335.95,
NSE,NIFTY,2025-04-30,08:35:00,24335.95,24335.95,24335.95,24335.95,
NSE,NIFTY,2025-04-30,08:40:00,24335.95,24335.95,24335.95,24335.95,
NSE,NIFTY,2025-04-30,08:45:00,24335.95,24335.95,24335.95,24335.95,
NSE,NIFTY,2025-04-30,08:50:00,24335.95,24335.95,24335.95,24335.95,
NSE,NIFTY,2025-04-30,08:55:00,24335.95,24335.95,24335.95,24335.95,
NSE,NIFTY,2025-04-30,09:00:00,24335.95,24864.1,24335.95,24703.65,
NSE,NIFTY,2025-04-30,09:05:00,24702.65,24702.65,24377.55,24411.9,
NSE,NIFTY,2025-04-30,09:10:00,24408.7,24410.45,24342.05,24342.05,
NSE,NIFTY,2025-04-30,09:15:00,24342.05,24342.05,24274.15,24278.3,
NSE,NIFTY,2025-04-30,09:20:00,24278.3,24330.05,24270.35,24328.65,
NSE,NIFTY,2025-04-30,09:25:00,24323.3,24332.45,24297.75,24301.75,
NSE,NIFTY,2025-04-30,09:30:00,24301.95,24325.15,24279.9,24323.5,
NSE,NIFTY,2025-04-30,09:35:00,24323.15,24352.5,24321.65,24323.55,
NSE,NIFTY,2025-04-30,09:40:00,24320.65,24364.9,24319.55,24356.6,
NSE,NIFTY,2025-04-30,09:45:00,24355.45,24359.65,24329.75,24354.9,
NSE,NIFTY,2025-04-30,09:50:00,24355.4,24386.7,24352.45,24381.95,
NSE,NIFTY,2025-04-30,09:55:00,24380,24395.15,24375.65,24387.25,
NSE,NIFTY,2025-04-30,10:00:00,24387.8,24389.3,24360.7,24360.7,
NSE,NIFTY,2025-04-30,10:05:00,24361.05,24371.95,24353.1,24358,
NSE,NIFTY,2025-04-30,10:10:00,24357.85,24368.95,24355.95,24361.95,
NSE,NIFTY,2025-04-30,10:15:00,24361.8,24366.55,24348.25,24351.95,
NSE,NIFTY,2025-04-30,10:20:00,24350.2,24362.8,24346.45,24347.15,
NSE,NIFTY,2025-04-30,10:25:00,24346.7,24362.95,24343.35,24358.25,
NSE,NIFTY,2025-04-30,10:30:00,24359.6,24360.9,24327.75,24332.35,
NSE,NIFTY,2025-04-30,10:35:00,24332.75,24333.6,24301.6,24306.9,
NSE,NIFTY,2025-04-30,10:40:00,24307.4,24311,24290.4,24307.85,
NSE,NIFTY,2025-04-30,10:45:00,24307.8,24326.7,24305.85,24321.5,
NSE,NIFTY,2025-04-30,10:50:00,24321,24330.05,24317.9,24322.35,
NSE,NIFTY,2025-04-30,10:55:00,24322.85,24330.35,24318.6,24326.9,
NSE,NIFTY,2025-04-30,11:00:00,24327.05,24351.2,24325.75,24347.95,
NSE,NIFTY,2025-04-30,11:05:00,24347.95,24354.45,24343.8,24348.35,
NSE,NIFTY,2025-04-30,11:10:00,24346.6,24347.25,24326.15,24328.1,
NSE,NIFTY,2025-04-30,11:15:00,24327.75,24336.6,24326.7,24331.9,
NSE,NIFTY,2025-04-30,11:20:00,24331.75,24371.6,24331.45,24346.95,
NSE,NIFTY,2025-04-30,11:25:00,24346.85,24347.45,24333.55,24340,
NSE,NIFTY,2025-04-30,11:30:00,24339.95,24341.35,24329.05,24333.15,
NSE,NIFTY,2025-04-30,11:35:00,24332.7,24335.15,24326.5,24331.4,
NSE,NIFTY,2025-04-30,11:40:00,24331.3,24337,24326.45,24331.4,
NSE,NIFTY,2025-04-30,11:45:00,24331.6,24337.85,24329.2,24330.55,
NSE,NIFTY,2025-04-30,11:50:00,24330.5,24333.7,24313.55,24323.65,
NSE,NIFTY,2025-04-30,11:55:00,24323.5,24337.65,24322.95,24336.3,
NSE,NIFTY,2025-04-30,12:00:00,24336.1,24345.85,24334.3,24337.9,
NSE,NIFTY,2025-04-30,12:05:00,24338.15,24350.95,24337.35,24348.55,
NSE,NIFTY,2025-04-30,12:10:00,24348.4,24348.5,24340.15,24346.75,
NSE,NIFTY,2025-04-30,12:15:00,24345.95,24353.7,24340.6,24342.75,
NSE,NIFTY,2025-04-30,12:20:00,24341.7,24348,24339.45,24345.05,
NSE,NIFTY,2025-04-30,12:25:00,24345.05,24355.65,24343.9,24355.3,
NSE,NIFTY,2025-04-30,12:30:00,24355.3,24365,24346.45,24346.45,
NSE,NIFTY,2025-04-30,12:35:00,24346.55,24363.75,24342.4,24356.35,
NSE,NIFTY,2025-04-30,12:40:00,24356.45,24361.55,24352.05,24355.8,
NSE,NIFTY,2025-04-30,12:45:00,24356.2,24360.9,24353,24354.1,
NSE,NIFTY,2025-04-30,12:50:00,24354.1,24357.15,24349.6,24353.85,
NSE,NIFTY,2025-04-30,12:55:00,24353.8,24359.6,24349.95,24355.2,
NSE,NIFTY,2025-04-30,13:00:00,24355.25,24358.4,24338.85,24340.35,
NSE,NIFTY,2025-04-30,13:05:00,24339.85,24342.4,24328.8,24331.2,
NSE,NIFTY,2025-04-30,13:10:00,24330.55,24338.5,24326.7,24337.15,
NSE,NIFTY,2025-04-30,13:15:00,24335.9,24338.1,24330.55,24334.15,
NSE,NIFTY,2025-04-30,13:20:00,24333.5,24338.65,24327.45,24332.3,
NSE,NIFTY,2025-04-30,13:25:00,24332.25,24339.05,24330.85,24336.35,
NSE,NIFTY,2025-04-30,13:30:00,24335.95,24343.1,24329.6,24333.7,
NSE,NIFTY,2025-04-30,13:35:00,24333.6,24343.05,24333.4,24337.85,
NSE,NIFTY,2025-04-30,13:40:00,24338.2,24349.85,24336.6,24346.9,
NSE,NIFTY,2025-04-30,13:45:00,24345.95,24351.15,24344.3,24347.75,
NSE,NIFTY,2025-04-30,13:50:00,24346.8,24353.25,24344.95,24346.55,
NSE,NIFTY,2025-04-30,13:55:00,24348.1,24351.85,24336.15,24337.05,
NSE,NIFTY,2025-04-30,14:00:00,24336.25,24350.8,24334.55,24348,
NSE,NIFTY,2025-04-30,14:05:00,24347.95,24351.55,24342,24343.9,
NSE,NIFTY,2025-04-30,14:10:00,24344.15,24346.1,24337.1,24338.55,
NSE,NIFTY,2025-04-30,14:15:00,24337.75,24342.75,24335.55,24338.9,
NSE,NIFTY,2025-04-30,14:20:00,24338.25,24343.1,24335.95,24337.45,
NSE,NIFTY,2025-04-30,14:25:00,24337.4,24341.05,24334.1,24336.8,
NSE,NIFTY,2025-04-30,14:30:00,24337.3,24339.3,24331.4,24336.7,
NSE,NIFTY,2025-04-30,14:35:00,24336.35,24338.95,24324.15,24327.05,
NSE,NIFTY,2025-04-30,14:40:00,24326.75,24343,24325.7,24342.95,
NSE,NIFTY,2025-04-30,14:45:00,24342.45,24348,24333.95,24345.85,
NSE,NIFTY,2025-04-30,14:50:00,24346.45,24358.8,24345.45,24354.65,
NSE,NIFTY,2025-04-30,14:55:00,24354.6,24379.2,24353.95,24371.2,
NSE,NIFTY,2025-04-30,15:00:00,24370.85,24388.8,24354.85,24386.95,
NSE,NIFTY,2025-04-30,15:05:00,24385.75,24395.8,24364.95,24379.9,
NSE,NIFTY,2025-04-30,15:10:00,24379,24385.8,24373.6,24376.25,
NSE,NIFTY,2025-04-30,15:15:00,24376.25,24378.15,24344.7,24345.05,
NSE,NIFTY,2025-04-30,15:20:00,24345,24349.75,24318.15,24321.15,
NSE,NIFTY,2025-04-30,15:25:00,24318.65,24324.15,24282.45,24282.9,
NSE,NIFTY,2025-04-30,15:30:00,24281.1,24285.95,24230.1,24246.25,
NSE,NIFTY,2025-04-30,15:35:00,24246.25,24334.2,24246.25,24334.2,
NSE,NIFTY,2025-04-30,15:40:00,24334.2,24334.2,24334.2,24334.2,
NSE,NIFTY,2025-04-30,15:45:00,24334.2,24334.2,24334.2,24334.2,
NSE,NIFTY,2025-04-30,15:50:00,24334.2,24334.2,24334.2,24334.2,
NSE,NIFTY,2025-04-30,15:55:00,24334.2,24334.2,24334.2,24334.2,
NSE,NIFTY,2025-04-30,16:00:00,24334.2,24334.2,24334.2,24334.2,
NSE,NIFTY,2025-05-02,07:30:00,24334.2,24334.2,24334.2,24334.2,
NSE,NIFTY,2025-05-02,07:35:00,24334.2,24334.2,24334.2,24334.2,
NSE,NIFTY,2025-05-02,07:40:00,24334.2,24334.2,24334.2,24334.2,
NSE,NIFTY,2025-05-02,07:45:00,24334.2,24334.2,24334.2,24334.2,
NSE,NIFTY,2025-05-02,07:50:00,24334.2,24334.2,24334.2,24334.2,
NSE,NIFTY,2025-05-02,07:55:00,24334.2,24334.2,24334.2,24334.2,
NSE,NIFTY,2025-05-02,08:00:00,24334.2,24334.2,24334.2,24334.2,
NSE,NIFTY,2025-05-02,08:05:00,24334.2,24334.2,24334.2,24334.2,
NSE,NIFTY,2025-05-02,08:10:00,24334.2,24334.2,24334.2,24334.2,
NSE,NIFTY,2025-05-02,08:15:00,24334.2,24334.2,24334.2,24334.2,
NSE,NIFTY,2025-05-02,08:20:00,24334.2,24334.2,24334.2,24334.2,
NSE,NIFTY,2025-05-02,08:25:00,24334.2,24334.2,24334.2,24334.2,
NSE,NIFTY,2025-05-02,08:30:00,24334.2,24334.2,24334.2,24334.2,
NSE,NIFTY,2025-05-02,08:35:00,24334.2,24334.2,24334.2,24334.2,
NSE,NIFTY,2025-05-02,08:40:00,24334.2,24334.2,24334.2,24334.2,
NSE,NIFTY,2025-05-02,08:45:00,24334.2,24334.2,24334.2,24334.2,
NSE,NIFTY,2025-05-02,08:50:00,24334.2,24334.2,24334.2,24334.2,
NSE,NIFTY,2025-05-02,08:55:00,24334.2,24334.2,24334.2,24334.2,
NSE,NIFTY,2025-05-02,09:00:00,24334.2,24712.95,24334.2,24678.2,
NSE,NIFTY,2025-05-02,09:05:00,24679.5,24685.55,24308.95,24332.85,
NSE,NIFTY,2025-05-02,09:10:00,24333.4,24352.45,24307.25,24311.9,
NSE,NIFTY,2025-05-02,09:15:00,24311.9,24421.2,24311.9,24421.2,
NSE,NIFTY,2025-05-02,09:20:00,24419.6,24443.7,24409.35,24417.1,
NSE,NIFTY,2025-05-02,09:25:00,24418.15,24429.55,24385.9,24405.5,
NSE,NIFTY,2025-05-02,09:30:00,24407.35,24498.8,24405.95,24497.7,
NSE,NIFTY,2025-05-02,09:35:00,24498.65,24532.1,24494,24518.6,
NSE,NIFTY,2025-05-02,09:40:00,24518.1,24551.05,24504.65,24543.45,
NSE,NIFTY,2025-05-02,09:45:00,24542.15,24545,24514.55,24531.35,
NSE,NIFTY,2025-05-02,09:50:00,24530.6,24555.9,24516.7,24549.75,
NSE,NIFTY,2025-05-02,09:55:00,24550.1,24570.4,24530.3,24567.75,
NSE,NIFTY,2025-05-02,10:00:00,24565.85,24576.2,24559.6,24575.8,
NSE,NIFTY,2025-05-02,10:05:00,24576.15,24588.65,24558.35,24569.25,
NSE,NIFTY,2025-05-02,10:10:00,24568.85,24586.55,24558.85,24584.7,
NSE,NIFTY,2025-05-02,10:15:00,24584.75,24588,24570.8,24580.65,
NSE,NIFTY,2025-05-02,10:20:00,24578.9,24583.9,24554.6,24562.65,
NSE,NIFTY,2025-05-02,10:25:00,24563.6,24564.15,24544,24555.45,
NSE,NIFTY,2025-05-02,10:30:00,24555.8,24556.5,24505.8,24506.2,
NSE,NIFTY,2025-05-02,10:35:00,24505.95,24519.3,24484.75,24501.75,
NSE,NIFTY,2025-05-02,10:40:00,24501.9,24526.85,24468.6,24514.25,
NSE,NIFTY,2025-05-02,10:45:00,24513.6,24531.15,24497.6,24497.6,
NSE,NIFTY,2025-05-02,10:50:00,24498.15,24507.2,24481.5,24484.3,
NSE,NIFTY,2025-05-02,10:55:00,24484.6,24492.25,24425.95,24434.15,
NSE,NIFTY,2025-05-02,11:00:00,24434.8,24447.85,24410.45,24443.2,
NSE,NIFTY,2025-05-02,11:05:00,24443.05,24445.3,24420.6,24421.35,
NSE,NIFTY,2025-05-02,11:10:00,24421.1,24440.55,24419.65,24433.35,
NSE,NIFTY,2025-05-02,11:15:00,24431.9,24433.1,24404.7,24418.05,
NSE,NIFTY,2025-05-02,11:20:00,24418,24443.05,24406.1,24406.1,
NSE,NIFTY,2025-05-02,11:25:00,24405.75,24410.2,24372.7,24378.95,
NSE,NIFTY,2025-05-02,11:30:00,24378.8,24398.3,24371.2,24380.4,
NSE,NIFTY,2025-05-02,11:35:00,24380.2,24381.8,24319.75,24335.05,
NSE,NIFTY,2025-05-02,11:40:00,24334.25,24351.3,24334.2,24342.65,
NSE,NIFTY,2025-05-02,11:45:00,24342.85,24367.5,24332.15,24347.4,
NSE,NIFTY,2025-05-02,11:50:00,24346.7,24348.8,24328.55,24337.4,
NSE,NIFTY,2025-05-02,11:55:00,24337.25,24352.25,24326.35,24351.4,
NSE,NIFTY,2025-05-02,12:00:00,24351.9,24365,24347.55,24347.95,
NSE,NIFTY,2025-05-02,12:05:00,24346.75,24350.35,24330.6,24332.05,
NSE,NIFTY,2025-05-02,12:10:00,24332,24332,24303.05,24322.2,
NSE,NIFTY,2025-05-02,12:15:00,24322,24324.55,24306.35,24307.4,
NSE,NIFTY,2025-05-02,12:20:00,24307.55,24309.75,24281.85,24298.6,
NSE,NIFTY,2025-05-02,12:25:00,24299.25,24303.9,24290.4,24298.3,
NSE,NIFTY,2025-05-02,12:30:00,24297.8,24298.3,24239.3,24249.05,
NSE,NIFTY,2025-05-02,12:35:00,24249.6,24267.2,24243.15,24267.2,
NSE,NIFTY,2025-05-02,12:40:00,24266.45,24275.2,24259.7,24259.85,
NSE,NIFTY,2025-05-02,12:45:00,24259.9,24292.5,24241,24292.3,
NSE,NIFTY,2025-05-02,12:50:00,24290.65,24310.85,24289.05,24290.35,
NSE,NIFTY,2025-05-02,12:55:00,24288.6,24306.2,24280.65,24291.9,
NSE,NIFTY,2025-05-02,13:00:00,24292.45,24304.45,24282.3,24289.9,
NSE,NIFTY,2025-05-02,13:05:00,24290.95,24301.9,24266.2,24282.9,
NSE,NIFTY,2025-05-02,13:10:00,24282,24310.1,24279.65,24296,
NSE,NIFTY,2025-05-02,13:15:00,24295.6,24302.4,24286.45,24301.55,
NSE,NIFTY,2025-05-02,13:20:00,24302.05,24351.85,24301.75,24345.55,
NSE,NIFTY,2025-05-02,13:25:00,24345.85,24359.8,24333.5,24351.6,
NSE,NIFTY,2025-05-02,13:30:00,24351.45,24378.6,24349.65,24374.5,
NSE,NIFTY,2025-05-02,13:35:00,24374.1,24412.2,24374.1,24398.7,
NSE,NIFTY,2025-05-02,13:40:00,24397.85,24400.95,24379.6,24397.6,
NSE,NIFTY,2025-05-02,13:45:00,24395.7,24399.9,24375.2,24395.6,
NSE,NIFTY,2025-05-02,13:50:00,24394.3,24405.8,24386.9,24395.2,
NSE,NIFTY,2025-05-02,13:55:00,24395.35,24402.45,24384.3,24396.05,
NSE,NIFTY,2025-05-02,14:00:00,24397,24404.85,24374.55,24375.6,
NSE,NIFTY,2025-05-02,14:05:00,24376.2,24397.95,24359.65,24395.95,
NSE,NIFTY,2025-05-02,14:10:00,24396,24399.65,24385.35,24393.6,
NSE,NIFTY,2025-05-02,14:15:00,24394.7,24400.65,24359,24374.35,
NSE,NIFTY,2025-05-02,14:20:00,24373.45,24389.2,24363.95,24374.45,
NSE,NIFTY,2025-05-02,14:25:00,24373.65,24376.1,24337.4,24337.75,
NSE,NIFTY,2025-05-02,14:30:00,24339.1,24343,24293.25,24294.35,
NSE,NIFTY,2025-05-02,14:35:00,24295.5,24318.3,24291.95,24294.5,
NSE,NIFTY,2025-05-02,14:40:00,24295,24319.55,24286.9,24318.15,
NSE,NIFTY,2025-05-02,14:45:00,24316.5,24332.25,24316.25,24323.75,
NSE,NIFTY,2025-05-02,14:50:00,24323.2,24359.9,24319.1,24359.9,
NSE,NIFTY,2025-05-02,14:55:00,24358.55,24373.5,24351.9,24370.1,
NSE,NIFTY,2025-05-02,15:00:00,24371.35,24392.05,24366.3,24392.05,
NSE,NIFTY,2025-05-02,15:05:00,24392.4,24397.75,24351.95,24354.6,
NSE,NIFTY,2025-05-02,15:10:00,24355.35,24363.6,24338.15,24351.5,
NSE,NIFTY,2025-05-02,15:15:00,24350.25,24368.15,24346.65,24346.65,
NSE,NIFTY,2025-05-02,15:20:00,24346.7,24346.7,24322.7,24333.35,
NSE,NIFTY,2025-05-02,15:25:00,24329.35,24342.7,24326.2,24327,
NSE,NIFTY,2025-05-02,15:30:00,24327.95,24334.55,24309.85,24312.2,
NSE,NIFTY,2025-05-02,15:35:00,24312.2,24346.7,24312.2,24346.7,
NSE,NIFTY,2025-05-02,15:40:00,24346.7,24346.7,24346.7,24346.7,
NSE,NIFTY,2025-05-02,15:45:00,24346.7,24346.7,24346.7,24346.7,
NSE,NIFTY,2025-05-02,15:50:00,24346.7,24346.7,24346.7,24346.7,
NSE,NIFTY,2025-05-02,15:55:00,24346.7,24346.7,24346.7,24346.7,
NSE,NIFTY,2025-05-02,16:00:00,24346.7,24346.7,24346.7,24346.7,
NSE,NIFTY,2025-05-05,07:30:00,24346.7,24346.7,24346.7,24346.7,
NSE,NIFTY,2025-05-05,07:35:00,24346.7,24346.7,24346.7,24346.7,
NSE,NIFTY,2025-05-05,07:40:00,24346.7,24346.7,24346.7,24346.7,
NSE,NIFTY,2025-05-05,07:45:00,24346.7,24346.7,24346.7,24346.7,
NSE,NIFTY,2025-05-05,07:50:00,24346.7,24346.7,24346.7,24346.7,
NSE,NIFTY,2025-05-05,07:55:00,24346.7,24346.7,24346.7,24346.7,
NSE,NIFTY,2025-05-05,08:00:00,24346.7,24346.7,24346.7,24346.7,
NSE,NIFTY,2025-05-05,08:05:00,24346.7,24346.7,24346.7,24346.7,
NSE,NIFTY,2025-05-05,08:10:00,24346.7,24346.7,24346.7,24346.7,
NSE,NIFTY,2025-05-05,08:15:00,24346.7,24346.7,24346.7,24346.7,
NSE,NIFTY,2025-05-05,08:20:00,24346.7,24346.7,24346.7,24346.7,
NSE,NIFTY,2025-05-05,08:25:00,24346.7,24346.7,24346.7,24346.7,
NSE,NIFTY,2025-05-05,08:30:00,24346.7,24346.7,24346.7,24346.7,
NSE,NIFTY,2025-05-05,08:35:00,24346.7,24346.7,24346.7,24346.7,
NSE,NIFTY,2025-05-05,08:40:00,24346.7,24346.7,24346.7,24346.7,
NSE,NIFTY,2025-05-05,08:45:00,24346.7,24346.7,24346.7,24346.7,
NSE,NIFTY,2025-05-05,08:50:00,24346.7,24346.7,24346.7,24346.7,
NSE,NIFTY,2025-05-05,08:55:00,24346.7,24346.7,24346.7,24346.7,
NSE,NIFTY,2025-05-05,09:00:00,24346.7,24731.8,24316,24505.6,
NSE,NIFTY,2025-05-05,09:05:00,24503.6,24505.45,24395.95,24440.55,
NSE,NIFTY,2025-05-05,09:10:00,24440.6,24447.05,24419.5,24419.5,
NSE,NIFTY,2025-05-05,09:15:00,24419.5,24446.9,24411.45,24446.9,
NSE,NIFTY,2025-05-05,09:20:00,24449.8,24457.7,24421.55,24439.25,
NSE,NIFTY,2025-05-05,09:25:00,24437.55,24451.2,24414.65,24437.3,
NSE,NIFTY,2025-05-05,09:30:00,24439.2,24477.4,24426.55,24437.6,
NSE,NIFTY,2025-05-05,09:35:00,24435.35,24452.15,24403.1,24426.2,
NSE,NIFTY,2025-05-05,09:40:00,24426.4,24446.8,24416.65,24432.8,
NSE,NIFTY,2025-05-05,09:45:00,24433.1,24466.25,24421.1,24455.35,
NSE,NIFTY,2025-05-05,09:50:00,24456.7,24463,24439.4,24450.8,
NSE,NIFTY,2025-05-05,09:55:00,24452.6,24497.85,24451.75,24492.8,
NSE,NIFTY,2025-05-05,10:00:00,24493.05,24510.6,24480.2,24507.45,
NSE,NIFTY,2025-05-05,10:05:00,24508.35,24508.35,24475.25,24481.85,
NSE,NIFTY,2025-05-05,10:10:00,24480.9,24493.85,24464,24480.2,
NSE,NIFTY,2025-05-05,10:15:00,24482.5,24487,24467.85,24483.75,
NSE,NIFTY,2025-05-05,10:20:00,24483.3,24495.55,24468.3,24494.5,
NSE,NIFTY,2025-05-05,10:25:00,24495.35,24499.5,24475.7,24481.5,
NSE,NIFTY,2025-05-05,10:30:00,24482.05,24500.25,24477.45,24483.95,
NSE,NIFTY,2025-05-05,10:35:00,24484.65,24509.7,24481.35,24505.95,
NSE,NIFTY,2025-05-05,10:40:00,24506.2,24520.65,24501.6,24512.05,
NSE,NIFTY,2025-05-05,10:45:00,24511.65,24526.2,24510.2,24522.15,
NSE,NIFTY,2025-05-05,10:50:00,24521.95,24523.5,24508.05,24517.9,
NSE,NIFTY,2025-05-05,10:55:00,24516.45,24517.65,24491.5,24493.95,
NSE,NIFTY,2025-05-05,11:00:00,24494.45,24496.55,24460.45,24474.7,
NSE,NIFTY,2025-05-05,11:05:00,24474.8,24480.8,24464.5,24473.75,
NSE,NIFTY,2025-05-05,11:10:00,24474,24481.3,24459.65,24481.3,
NSE,NIFTY,2025-05-05,11:15:00,24482.35,24494.2,24468.6,24493,
NSE,NIFTY,2025-05-05,11:20:00,24493.65,24495.9,24468.7,24470.4,
NSE,NIFTY,2025-05-05,11:25:00,24469.65,24488.8,24467.05,24483.1,
NSE,NIFTY,2025-05-05,11:30:00,24482.1,24483.05,24463.3,24464.8,
NSE,NIFTY,2025-05-05,11:35:00,24467.15,24481.6,24463.3,24463.95,
NSE,NIFTY,2025-05-05,11:40:00,24461.25,24462.8,24446.6,24450.4,
NSE,NIFTY,2025-05-05,11:45:00,24449.05,24452,24436.15,24443.6,
NSE,NIFTY,2025-05-05,11:50:00,24443.1,24443.1,24429.2,24432.5,
NSE,NIFTY,2025-05-05,11:55:00,24432.4,24443.6,24414.45,24420.7,
NSE,NIFTY,2025-05-05,12:00:00,24421.45,24446.4,24421.05,24443.4,
NSE,NIFTY,2025-05-05,12:05:00,24443.6,24459.75,24437.65,24444.5,
NSE,NIFTY,2025-05-05,12:10:00,24445,24453.35,24440.85,24447.2,
NSE,NIFTY,2025-05-05,12:15:00,24447.35,24450.6,24438.9,24443.15,
NSE,NIFTY,2025-05-05,12:20:00,24442.05,24447,24430,24435.2,
NSE,NIFTY,2025-05-05,12:25:00,24433.25,24446.2,24431.65,24442.2,
NSE,NIFTY,2025-05-05,12:30:00,24441.5,24460.6,24432.45,24458.25,
NSE,NIFTY,2025-05-05,12:35:00,24457.45,24460.35,24447.65,24460.35,
NSE,NIFTY,2025-05-05,12:40:00,24458.65,24460.5,24442.9,24450.25,
NSE,NIFTY,2025-05-05,12:45:00,24450,24457.15,24443.3,24453.35,
NSE,NIFTY,2025-05-05,12:50:00,24451.1,24454.7,24441.7,24452.2,
NSE,NIFTY,2025-05-05,12:55:00,24453.6,24472.25,24452.05,24472.25,
NSE,NIFTY,2025-05-05,13:00:00,24472.3,24475.95,24466.15,24474.7,
NSE,NIFTY,2025-05-05,13:05:00,24472.75,24477,24462.05,24464.45,
NSE,NIFTY,2025-05-05,13:10:00,24464.45,24467.15,24453.35,24453.9,
NSE,NIFTY,2025-05-05,13:15:00,24454,24456.15,24443.35,24453.8,
NSE,NIFTY,2025-05-05,13:20:00,24453.65,24456.85,24435.75,24441.2,
NSE,NIFTY,2025-05-05,13:25:00,24440.65,24458.9,24434.05,24454.6,
NSE,NIFTY,2025-05-05,13:30:00,24453.95,24463.6,24450.85,24458.3,
NSE,NIFTY,2025-05-05,13:35:00,24457.1,24470.7,24456.05,24468,
NSE,NIFTY,2025-05-05,13:40:00,24467.6,24473.45,24461.1,24470.6,
NSE,NIFTY,2025-05-05,13:45:00,24471.8,24481.25,24469.35,24479,
NSE,NIFTY,2025-05-05,13:50:00,24480.25,24482.3,24469.5,24477.1,
NSE,NIFTY,2025-05-05,13:55:00,24478.15,24482.75,24474.6,24481.55,
NSE,NIFTY,2025-05-05,14:00:00,24481.5,24492.9,24476.4,24483.2,
NSE,NIFTY,2025-05-05,14:05:00,24484.3,24488.05,24474.05,24474.25,
NSE,NIFTY,2025-05-05,14:10:00,24476.7,24490.35,24472.65,24485.4,
NSE,NIFTY,2025-05-05,14:15:00,24487.5,24489.05,24472.55,24473.9,
NSE,NIFTY,2025-05-05,14:20:00,24474.05,24476,24459,24459,
NSE,NIFTY,2025-05-05,14:25:00,24460.9,24463.95,24455.35,24457.65,
NSE,NIFTY,2025-05-05,14:30:00,24456.45,24474.9,24455,24474.9,
NSE,NIFTY,2025-05-05,14:35:00,24476.25,24492.15,24475.05,24486.65,
NSE,NIFTY,2025-05-05,14:40:00,24488.45,24490.25,24477.5,24485,
NSE,NIFTY,2025-05-05,14:45:00,24484.4,24485.6,24471.3,24473.05,
NSE,NIFTY,2025-05-05,14:50:00,24473.65,24481.8,24471.85,24478,
NSE,NIFTY,2025-05-05,14:55:00,24478.05,24485.8,24473.8,24483.95,
NSE,NIFTY,2025-05-05,15:00:00,24485,24487,24465.25,24465.25,
NSE,NIFTY,2025-05-05,15:05:00,24466.35,24468.75,24451.35,24452.5,
NSE,NIFTY,2025-05-05,15:10:00,24453.65,24457.8,24442.15,24455.15,
NSE,NIFTY,2025-05-05,15:15:00,24455.15,24456.5,24446.85,24452.85,
NSE,NIFTY,2025-05-05,15:20:00,24453.4,24474.2,24451.15,24467.4,
NSE,NIFTY,2025-05-05,15:25:00,24466.2,24474.6,24464,24472.6,
NSE,NIFTY,2025-05-05,15:30:00,24470.35,24475.2,24457.2,24460.4,
NSE,NIFTY,2025-05-05,15:35:00,24460.4,24461.15,24460.4,24461.15,
NSE,NIFTY,2025-05-05,15:40:00,24461.15,24461.15,24461.15,24461.15,
NSE,NIFTY,2025-05-05,15:45:00,24461.15,24461.15,24461.15,24461.15,
NSE,NIFTY,2025-05-05,15:50:00,24461.15,24461.15,24461.15,24461.15,
NSE,NIFTY,2025-05-05,15:55:00,24461.15,24461.15,24461.15,24461.15,
NSE,NIFTY,2025-05-05,16:00:00,24461.15,24461.15,24461.15,24461.15,
NSE,NIFTY,2025-05-06,07:30:00,24461.15,24461.15,24461.15,24461.15,
NSE,NIFTY,2025-05-06,07:35:00,24461.15,24461.15,24461.15,24461.15,
NSE,NIFTY,2025-05-06,07:40:00,24461.15,24461.15,24461.15,24461.15,
NSE,NIFTY,2025-05-06,07:45:00,24461.15,24461.15,24461.15,24461.15,
NSE,NIFTY,2025-05-06,07:50:00,24461.15,24461.15,24461.15,24461.15,
NSE,NIFTY,2025-05-06,07:55:00,24461.15,24461.15,24461.15,24461.15,
NSE,NIFTY,2025-05-06,08:00:00,24461.15,24461.15,24461.15,24461.15,
NSE,NIFTY,2025-05-06,08:05:00,24461.15,24461.15,24461.15,24461.15,
NSE,NIFTY,2025-05-06,08:10:00,24461.15,24461.15,24461.15,24461.15,
NSE,NIFTY,2025-05-06,08:15:00,24461.15,24461.15,24461.15,24461.15,
NSE,NIFTY,2025-05-06,08:20:00,24461.15,24461.15,24461.15,24461.15,
NSE,NIFTY,2025-05-06,08:25:00,24461.15,24461.15,24461.15,24461.15,
NSE,NIFTY,2025-05-06,08:30:00,24461.15,24461.15,24461.15,24461.15,
NSE,NIFTY,2025-05-06,08:35:00,24461.15,24461.15,24461.15,24461.15,
NSE,NIFTY,2025-05-06,08:40:00,24461.15,24461.15,24461.15,24461.15,
NSE,NIFTY,2025-05-06,08:45:00,24461.15,24461.15,24461.15,24461.15,
NSE,NIFTY,2025-05-06,08:50:00,24461.15,24461.15,24461.15,24461.15,
NSE,NIFTY,2025-05-06,08:55:00,24461.15,24461.15,24461.15,24461.15,
NSE,NIFTY,2025-05-06,09:00:00,24461.15,25010.15,24461.15,24470.8,
NSE,NIFTY,2025-05-06,09:05:00,24467.7,24511.4,24350.3,24496.45,
NSE,NIFTY,2025-05-06,09:10:00,24496.05,24504.75,24484.75,24500.75,
NSE,NIFTY,2025-05-06,09:15:00,24500.75,24501.4,24451.5,24456.35,
NSE,NIFTY,2025-05-06,09:20:00,24455.4,24486.9,24446,24451.2,
NSE,NIFTY,2025-05-06,09:25:00,24449.6,24459.95,24430.9,24432.7,
NSE,NIFTY,2025-05-06,09:30:00,24431.35,24453.1,24421.25,24432.2,
NSE,NIFTY,2025-05-06,09:35:00,24431.4,24476.8,24424.1,24474.4,
NSE,NIFTY,2025-05-06,09:40:00,24474.3,24477.05,24448,24453.75,
NSE,NIFTY,2025-05-06,09:45:00,24453.6,24468.75,24436.5,24456.75,
NSE,NIFTY,2025-05-06,09:50:00,24456.15,24456.45,24430.05,24431.35,
NSE,NIFTY,2025-05-06,09:55:00,24431.7,24436.3,24403.6,24408.2,
NSE,NIFTY,2025-05-06,10:00:00,24409.3,24412.05,24388.85,24389.2,
NSE,NIFTY,2025-05-06,10:05:00,24388.2,24411.2,24380.65,24411.2,
NSE,NIFTY,2025-05-06,10:10:00,24411.05,24414.35,24386.9,24386.9,
NSE,NIFTY,2025-05-06,10:15:00,24387.7,24406.85,24380.75,24383.35,
NSE,NIFTY,2025-05-06,10:20:00,24383.65,24392.1,24373.55,24377.35,
NSE,NIFTY,2025-05-06,10:25:00,24377.45,24382.45,24369.2,24376.4,
NSE,NIFTY,2025-05-06,10:30:00,24376.5,24389.85,24370.2,24389.4,
NSE,NIFTY,2025-05-06,10:35:00,24389.05,24392.8,24375.5,24385.5,
NSE,NIFTY,2025-05-06,10:40:00,24383.45,24394.3,24376.3,24390.25,
NSE,NIFTY,2025-05-06,10:45:00,24390.95,24400.15,24385.55,24399.05,
NSE,NIFTY,2025-05-06,10:50:00,24399.8,24402.95,24389.75,24392.4,
NSE,NIFTY,2025-05-06,10:55:00,24392.7,24395.55,24384.7,24387.75,
NSE,NIFTY,2025-05-06,11:00:00,24388,24406.15,24386.75,24402.4,
NSE,NIFTY,2025-05-06,11:05:00,24402.6,24404.35,24389.05,24392.85,
NSE,NIFTY,2025-05-06,11:10:00,24393.55,24399.4,24388.8,24390.65,
NSE,NIFTY,2025-05-06,11:15:00,24390.05,24396.35,24385.85,24386.1,
NSE,NIFTY,2025-05-06,11:20:00,24386.25,24390.35,24374.2,24377.2,
NSE,NIFTY,2025-05-06,11:25:00,24378.2,24382.5,24373.75,24377.7,
NSE,NIFTY,2025-05-06,11:30:00,24378.9,24378.9,24366.9,24371.85,
NSE,NIFTY,2025-05-06,11:35:00,24371.65,24375.45,24366.55,24367.65,
NSE,NIFTY,2025-05-06,11:40:00,24369.45,24375.45,24360.55,24364.6,
NSE,NIFTY,2025-05-06,11:45:00,24365.15,24366.4,24356.95,24360.9,
NSE,NIFTY,2025-05-06,11:50:00,24361.5,24370.1,24357.35,24364.45,
NSE,NIFTY,2025-05-06,11:55:00,24363.75,24390,24359.95,24389.95,
NSE,NIFTY,2025-05-06,12:00:00,24389.95,24393.3,24372.25,24372.25,
NSE,NIFTY,2025-05-06,12:05:00,24373.2,24396.85,24372.6,24382.95,
NSE,NIFTY,2025-05-06,12:10:00,24383.2,24390.25,24373,24387.5,
NSE,NIFTY,2025-05-06,12:15:00,24386.8,24395.65,24381.65,24392.35,
NSE,NIFTY,2025-05-06,12:20:00,24389.85,24401.95,24386.1,24401.95,
NSE,NIFTY,2025-05-06,12:25:00,24401.9,24402.05,24387.7,24392.15,
NSE,NIFTY,2025-05-06,12:30:00,24390.25,24397.4,24384.5,24393.65,
NSE,NIFTY,2025-05-06,12:35:00,24394.05,24398.55,24381.65,24385.25,
NSE,NIFTY,2025-05-06,12:40:00,24385.25,24389.9,24378.1,24383.4,
NSE,NIFTY,2025-05-06,12:45:00,24384.5,24390.5,24378.9,24386,
NSE,NIFTY,2025-05-06,12:50:00,24384.6,24387.6,24375.2,24376.8,
NSE,NIFTY,2025-05-06,12:55:00,24380.45,24384.4,24372.95,24383.8,
NSE,NIFTY,2025-05-06,13:00:00,24382.15,24388.75,24373.3,24375.35,
NSE,NIFTY,2025-05-06,13:05:00,24376.4,24378.75,24367.05,24371.9,
NSE,NIFTY,2025-05-06,13:10:00,24372.3,24394.2,24368.35,24379.25,
NSE,NIFTY,2025-05-06,13:15:00,24380.2,24385.05,24372.75,24380,
NSE,NIFTY,2025-05-06,13:20:00,24381.45,24390.65,24377.45,24386,
NSE,NIFTY,2025-05-06,13:25:00,24384.35,24386.85,24376,24379.65,
NSE,NIFTY,2025-05-06,13:30:00,24377.8,24394.35,24376.8,24388.1,
NSE,NIFTY,2025-05-06,13:35:00,24389.6,24393.9,24384.95,24389.75,
NSE,NIFTY,2025-05-06,13:40:00,24388.6,24396.05,24386.7,24393.8,
NSE,NIFTY,2025-05-06,13:45:00,24394.75,24395.6,24385.55,24389.1,
NSE,NIFTY,2025-05-06,13:50:00,24390.2,24395.95,24386.5,24390.2,
NSE,NIFTY,2025-05-06,13:55:00,24390.4,24403.15,24388.4,24400.5,
NSE,NIFTY,2025-05-06,14:00:00,24399.1,24407.9,24395.1,24405.65,
NSE,NIFTY,2025-05-06,14:05:00,24407.5,24408.4,24387.1,24388.3,
NSE,NIFTY,2025-05-06,14:10:00,24387.25,24392.9,24379.05,24385.1,
NSE,NIFTY,2025-05-06,14:15:00,24383.8,24390.8,24380.75,24385.1,
NSE,NIFTY,2025-05-06,14:20:00,24384.2,24390.65,24377.75,24380.9,
NSE,NIFTY,2025-05-06,14:25:00,24383.2,24384.3,24361.9,24372.2,
NSE,NIFTY,2025-05-06,14:30:00,24368.05,24380.75,24366.1,24377.65,
NSE,NIFTY,2025-05-06,14:35:00,24375.95,24381.95,24370.65,24378.2,
NSE,NIFTY,2025-05-06,14:40:00,24378.55,24385.55,24376.6,24381.2,
NSE,NIFTY,2025-05-06,14:45:00,24381.95,24384.5,24372.3,24377.8,
NSE,NIFTY,2025-05-06,14:50:00,24377.3,24379.5,24367.6,24370.35,
NSE,NIFTY,2025-05-06,14:55:00,24369,24376.75,24364.15,24366.85,
NSE,NIFTY,2025-05-06,15:00:00,24366.2,24374.85,24356.4,24372.4,
NSE,NIFTY,2025-05-06,15:05:00,24373.1,24393.75,24369.4,24390.55,
NSE,NIFTY,2025-05-06,15:10:00,24391.35,24400.65,24387.1,24397.55,
NSE,NIFTY,2025-05-06,15:15:00,24396.45,24399.95,24375.8,24376.2,
NSE,NIFTY,2025-05-06,15:20:00,24376.95,24376.95,24360.95,24368.45,
NSE,NIFTY,2025-05-06,15:25:00,24365.7,24373.7,24365.7,24373.05,
NSE,NIFTY,2025-05-06,15:30:00,24373.45,24376,24332.75,24335.75,
NSE,NIFTY,2025-05-06,15:35:00,24335.75,24379.6,24335.75,24379.6,
NSE,NIFTY,2025-05-06,15:40:00,24379.6,24379.6,24379.6,24379.6,
NSE,NIFTY,2025-05-06,15:45:00,24379.6,24379.6,24379.6,24379.6,
NSE,NIFTY,2025-05-06,15:50:00,24379.6,24379.6,24379.6,24379.6,
NSE,NIFTY,2025-05-06,15:55:00,24379.6,24379.6,24379.6,24379.6,
NSE,NIFTY,2025-05-06,16:00:00,24379.6,24379.6,24379.6,24379.6,
NSE,NIFTY,2025-05-07,07:30:00,24379.6,24379.6,24379.6,24379.6,
NSE,NIFTY,2025-05-07,07:35:00,24379.6,24379.6,24379.6,24379.6,
NSE,NIFTY,2025-05-07,07:40:00,24379.6,24379.6,24379.6,24379.6,
NSE,NIFTY,2025-05-07,07:45:00,24379.6,24379.6,24379.6,24379.6,
NSE,NIFTY,2025-05-07,07:50:00,24379.6,24379.6,24379.6,24379.6,
NSE,NIFTY,2025-05-07,07:55:00,24379.6,24379.6,24379.6,24379.6,
NSE,NIFTY,2025-05-07,08:00:00,24379.6,24379.6,24379.6,24379.6,
NSE,NIFTY,2025-05-07,08:05:00,24379.6,24379.6,24379.6,24379.6,
NSE,NIFTY,2025-05-07,08:10:00,24379.6,24379.6,24379.6,24379.6,
NSE,NIFTY,2025-05-07,08:15:00,24379.6,24379.6,24379.6,24379.6,
NSE,NIFTY,2025-05-07,08:20:00,24379.6,24379.6,24379.6,24379.6,
NSE,NIFTY,2025-05-07,08:25:00,24379.6,24379.6,24379.6,24379.6,
NSE,NIFTY,2025-05-07,08:30:00,24379.6,24379.6,24379.6,24379.6,
NSE,NIFTY,2025-05-07,08:35:00,24379.6,24379.6,24379.6,24379.6,
NSE,NIFTY,2025-05-07,08:40:00,24379.6,24379.6,24379.6,24379.6,
NSE,NIFTY,2025-05-07,08:45:00,24379.6,24379.6,24379.6,24379.6,
NSE,NIFTY,2025-05-07,08:50:00,24379.6,24379.6,24379.6,24379.6,
NSE,NIFTY,2025-05-07,08:55:00,24379.6,24379.6,24379.6,24379.6,
NSE,NIFTY,2025-05-07,09:00:00,24379.6,24379.6,24033.1,24049.2,
NSE,NIFTY,2025-05-07,09:05:00,24043.15,24291.3,24041.35,24261.25,
NSE,NIFTY,2025-05-07,09:10:00,24261.15,24264.6,24213.45,24233.3,
NSE,NIFTY,2025-05-07,09:15:00,24233.3,24306.65,24224.65,24306.3,
NSE,NIFTY,2025-05-07,09:20:00,24306.3,24386.65,24306.3,24367.55,
NSE,NIFTY,2025-05-07,09:25:00,24369.15,24381.35,24349.2,24376.15,
NSE,NIFTY,2025-05-07,09:30:00,24376.65,24443.7,24371.7,24433.25,
NSE,NIFTY,2025-05-07,09:35:00,24432.7,24448.4,24413.1,24442.8,
NSE,NIFTY,2025-05-07,09:40:00,24442.65,24449.35,24396,24401.15,
NSE,NIFTY,2025-05-07,09:45:00,24400.35,24419,24391.3,24398.2,
NSE,NIFTY,2025-05-07,09:50:00,24396.1,24397.1,24335.2,24349.7,
NSE,NIFTY,2025-05-07,09:55:00,24350.3,24350.45,24320.05,24345.2,
NSE,NIFTY,2025-05-07,10:00:00,24346.75,24377.15,24337.1,24356.15,
NSE,NIFTY,2025-05-07,10:05:00,24358,24369.15,24336.5,24351.3,
NSE,NIFTY,2025-05-07,10:10:00,24352.05,24353.8,24293.75,24295.45,
NSE,NIFTY,2025-05-07,10:15:00,24294.6,24312.75,24290.3,24296.4,
NSE,NIFTY,2025-05-07,10:20:00,24296.45,24306.6,24285.55,24290.2,
NSE,NIFTY,2025-05-07,10:25:00,24290.65,24353.45,24285,24348.25,
NSE,NIFTY,2025-05-07,10:30:00,24348.55,24359.65,24328.55,24331.1,
NSE,NIFTY,2025-05-07,10:35:00,24330.1,24372.85,24329.2,24361.45,
NSE,NIFTY,2025-05-07,10:40:00,24361.35,24366.75,24350.85,24360.2,
NSE,NIFTY,2025-05-07,10:45:00,24361.95,24369.6,24352.1,24357.2,
NSE,NIFTY,2025-05-07,10:50:00,24357.45,24372,24354.05,24362.5,
NSE,NIFTY,2025-05-07,10:55:00,24364.1,24364.1,24337.15,24337.8,
NSE,NIFTY,2025-05-07,11:00:00,24338.05,24343.2,24324.75,24339.55,
NSE,NIFTY,2025-05-07,11:05:00,24339.75,24366.4,24339.65,24360.45,
NSE,NIFTY,2025-05-07,11:10:00,24360.1,24362.75,24350.55,24356.6,
NSE,NIFTY,2025-05-07,11:15:00,24358.4,24377.9,24356.5,24377.5,
NSE,NIFTY,2025-05-07,11:20:00,24377.3,24403.6,24373.75,24401.25,
NSE,NIFTY,2025-05-07,11:25:00,24401.35,24409.1,24393,24408.5,
NSE,NIFTY,2025-05-07,11:30:00,24409.05,24416.2,24404.95,24412.15,
NSE,NIFTY,2025-05-07,11:35:00,24412.9,24430.4,24411.65,24426.35,
NSE,NIFTY,2025-05-07,11:40:00,24426.1,24426.9,24402.45,24412.9,
NSE,NIFTY,2025-05-07,11:45:00,24412.25,24415.6,24405.75,24407.15,
NSE,NIFTY,2025-05-07,11:50:00,24407.4,24407.85,24369.85,24373.1,
NSE,NIFTY,2025-05-07,11:55:00,24372.7,24372.7,24349.75,24366.5,
NSE,NIFTY,2025-05-07,12:00:00,24366.8,24372.5,24354.75,24355,
NSE,NIFTY,2025-05-07,12:05:00,24354.5,24366.35,24352.9,24364.95,
NSE,NIFTY,2025-05-07,12:10:00,24365.75,24381.85,24359.3,24380.9,
NSE,NIFTY,2025-05-07,12:15:00,24381.75,24382.55,24372,24375.35,
NSE,NIFTY,2025-05-07,12:20:00,24375.6,24390.5,24365.65,24386.1,
NSE,NIFTY,2025-05-07,12:25:00,24386.3,24389.8,24371.1,24379.45,
NSE,NIFTY,2025-05-07,12:30:00,24379.4,24391.4,24378.3,24387.05,
NSE,NIFTY,2025-05-07,12:35:00,24387.6,24398.25,24385.05,24392.9,
NSE,NIFTY,2025-05-07,12:40:00,24393.5,24393.85,24380.95,24390.5,
NSE,NIFTY,2025-05-07,12:45:00,24390.95,24394.65,24383.3,24392,
NSE,NIFTY,2025-05-07,12:50:00,24391.1,24394.8,24388.9,24392.35,
NSE,NIFTY,2025-05-07,12:55:00,24393.4,24400.4,24386.45,24387.9,
NSE,NIFTY,2025-05-07,13:00:00,24388.75,24389.25,24380.35,24382.3,
NSE,NIFTY,2025-05-07,13:05:00,24381.95,24382.2,24366.05,24366.55,
NSE,NIFTY,2025-05-07,13:10:00,24366.6,24368,24354.95,24361.6,
NSE,NIFTY,2025-05-07,13:15:00,24361,24364.7,24358.9,24363.55,
NSE,NIFTY,2025-05-07,13:20:00,24364.15,24372.65,24362.85,24363.75,
NSE,NIFTY,2025-05-07,13:25:00,24363.4,24369.15,24357.95,24360.45,
NSE,NIFTY,2025-05-07,13:30:00,24360.45,24365.65,24356.4,24361.15,
NSE,NIFTY,2025-05-07,13:35:00,24360.7,24364,24351.8,24355.1,
NSE,NIFTY,2025-05-07,13:40:00,24356.25,24357.45,24345.35,24353,
NSE,NIFTY,2025-05-07,13:45:00,24353,24357,24345.9,24355.5,
NSE,NIFTY,2025-05-07,13:50:00,24354,24360.35,24346.15,24357,
NSE,NIFTY,2025-05-07,13:55:00,24357.35,24364.1,24354.15,24358.85,
NSE,NIFTY,2025-05-07,14:00:00,24360.5,24374.95,24359.05,24373.85,
NSE,NIFTY,2025-05-07,14:05:00,24374.85,24393.75,24368.3,24391.45,
NSE,NIFTY,2025-05-07,14:10:00,24392.3,24409.65,24387.9,24407.45,
NSE,NIFTY,2025-05-07,14:15:00,24406.9,24422.95,24403.3,24411.95,
NSE,NIFTY,2025-05-07,14:20:00,24412.45,24416.85,24393.6,24395.45,
NSE,NIFTY,2025-05-07,14:25:00,24395.85,24396.25,24367.85,24375.5,
NSE,NIFTY,2025-05-07,14:30:00,24377.3,24397.7,24371.6,24394.55,
NSE,NIFTY,2025-05-07,14:35:00,24394.7,24415.4,24394.25,24414.75,
NSE,NIFTY,2025-05-07,14:40:00,24413.95,24426.05,24401.35,24402.6,
NSE,NIFTY,2025-05-07,14:45:00,24401.6,24418.35,24400.75,24409.3,
NSE,NIFTY,2025-05-07,14:50:00,24411.2,24416.15,24400.75,24400.75,
NSE,NIFTY,2025-05-07,14:55:00,24402.4,24411.15,24396.95,24405.35,
NSE,NIFTY,2025-05-07,15:00:00,24405.1,24417.45,24394.4,24404.45,
NSE,NIFTY,2025-05-07,15:05:00,24405.8,24424.05,24401.85,24416.1,
NSE,NIFTY,2025-05-07,15:10:00,24416.55,24417.35,24410.85,24413.35,
NSE,NIFTY,2025-05-07,15:15:00,24412.95,24416.6,24403.45,24414.05,
NSE,NIFTY,2025-05-07,15:20:00,24416.65,24425.05,24408.65,24410.15,
NSE,NIFTY,2025-05-07,15:25:00,24410.4,24415.1,24406.2,24411.95,
NSE,NIFTY,2025-05-07,15:30:00,24412.25,24420.3,24403.8,24409.3,
NSE,NIFTY,2025-05-07,15:35:00,24409.3,24414.4,24409.3,24414.4,
NSE,NIFTY,2025-05-07,15:40:00,24414.4,24414.4,24414.4,24414.4,
NSE,NIFTY,2025-05-07,15:45:00,24414.4,24414.4,24414.4,24414.4,
NSE,NIFTY,2025-05-07,15:50:00,24414.4,24414.4,24414.4,24414.4,
NSE,NIFTY,2025-05-07,15:55:00,24414.4,24414.4,24414.4,24414.4,
NSE,NIFTY,2025-05-07,16:00:00,24414.4,24414.4,24414.4,24414.4,
NSE,NIFTY,2025-05-08,07:30:00,24414.4,24414.4,24414.4,24414.4,
NSE,NIFTY,2025-05-08,07:35:00,24414.4,24414.4,24414.4,24414.4,
NSE,NIFTY,2025-05-08,07:40:00,24414.4,24414.4,24414.4,24414.4,
NSE,NIFTY,2025-05-08,07:45:00,24414.4,24414.4,24414.4,24414.4,
NSE,NIFTY,2025-05-08,07:50:00,24414.4,24414.4,24414.4,24414.4,
NSE,NIFTY,2025-05-08,07:55:00,24414.4,24414.4,24414.4,24414.4,
NSE,NIFTY,2025-05-08,08:00:00,24414.4,24414.4,24414.4,24414.4,
NSE,NIFTY,2025-05-08,08:05:00,24414.4,24414.4,24414.4,24414.4,
NSE,NIFTY,2025-05-08,08:10:00,24414.4,24414.4,24414.4,24414.4,
NSE,NIFTY,2025-05-08,08:15:00,24414.4,24414.4,24414.4,24414.4,
NSE,NIFTY,2025-05-08,08:20:00,24414.4,24414.4,24414.4,24414.4,
NSE,NIFTY,2025-05-08,08:25:00,24414.4,24414.4,24414.4,24414.4,
NSE,NIFTY,2025-05-08,08:30:00,24414.4,24414.4,24414.4,24414.4,
NSE,NIFTY,2025-05-08,08:35:00,24414.4,24414.4,24414.4,24414.4,
NSE,NIFTY,2025-05-08,08:40:00,24414.4,24414.4,24414.4,24414.4,
NSE,NIFTY,2025-05-08,08:45:00,24414.4,24414.4,24414.4,24414.4,
NSE,NIFTY,2025-05-08,08:50:00,24414.4,24414.4,24414.4,24414.4,
NSE,NIFTY,2025-05-08,08:55:00,24414.4,24414.4,24414.4,24414.4,
NSE,NIFTY,2025-05-08,09:00:00,24414.4,24781.4,24414.4,24603.95,
NSE,NIFTY,2025-05-08,09:05:00,24602.1,24631.4,24435.85,24453.8,
NSE,NIFTY,2025-05-08,09:10:00,24453.85,24478.05,24424.1,24431.5,
NSE,NIFTY,2025-05-08,09:15:00,24431.5,24445.25,24421.2,24435.85,
NSE,NIFTY,2025-05-08,09:20:00,24437.8,24443.6,24394.05,24405.05,
NSE,NIFTY,2025-05-08,09:25:00,24405.3,24415.1,24382.25,24405.65,
NSE,NIFTY,2025-05-08,09:30:00,24406.1,24416.95,24382.15,24383.15,
NSE,NIFTY,2025-05-08,09:35:00,24383.35,24390,24374.55,24381.3,
NSE,NIFTY,2025-05-08,09:40:00,24383.15,24406.65,24378.65,24393.2,
NSE,NIFTY,2025-05-08,09:45:00,24391.4,24394.15,24378,24387.45,
NSE,NIFTY,2025-05-08,09:50:00,24388.4,24394.65,24373.85,24377.2,
NSE,NIFTY,2025-05-08,09:55:00,24377.05,24387.7,24376.3,24383.8,
NSE,NIFTY,2025-05-08,10:00:00,24384.5,24387.15,24376.95,24382.5,
NSE,NIFTY,2025-05-08,10:05:00,24383.85,24402.2,24381.9,24396.2,
NSE,NIFTY,2025-05-08,10:10:00,24396.8,24399.75,24392.4,24393.2,
NSE,NIFTY,2025-05-08,10:15:00,24393.75,24396.5,24387.9,24392,
NSE,NIFTY,2025-05-08,10:20:00,24391.55,24395.65,24384.35,24392.5,
NSE,NIFTY,2025-05-08,10:25:00,24392.45,24407.65,24390.15,24406.1,
NSE,NIFTY,2025-05-08,10:30:00,24406.3,24412.3,24402.6,24404.25,
NSE,NIFTY,2025-05-08,10:35:00,24405.45,24409.45,24394.85,24403.35,
NSE,NIFTY,2025-05-08,10:40:00,24403.2,24403.2,24388,24389.9,
NSE,NIFTY,2025-05-08,10:45:00,24388.95,24402.55,24388.8,24401.25,
NSE,NIFTY,2025-05-08,10:50:00,24400.55,24404.3,24390.3,24400.6,
NSE,NIFTY,2025-05-08,10:55:00,24400.95,24405.65,24398.25,24401.95,
NSE,NIFTY,2025-05-08,11:00:00,24403.45,24405.9,24393.2,24398.4,
NSE,NIFTY,2025-05-08,11:05:00,24398.4,24403.85,24395.5,24397.4,
NSE,NIFTY,2025-05-08,11:10:00,24397.25,24406.4,24395.15,24405.85,
NSE,NIFTY,2025-05-08,11:15:00,24406.05,24407.8,24397.15,24400.7,
NSE,NIFTY,2025-05-08,11:20:00,24401.05,24408.9,24398.35,24408.4,
NSE,NIFTY,2025-05-08,11:25:00,24408.5,24412.7,24406.15,24410.7,
NSE,NIFTY,2025-05-08,11:30:00,24410.8,24415.8,24409.65,24412.4,
NSE,NIFTY,2025-05-08,11:35:00,24411.05,24413.55,24407.05,24409.25,
NSE,NIFTY,2025-05-08,11:40:00,24408.4,24412,24403.6,24406.4,
NSE,NIFTY,2025-05-08,11:45:00,24406.9,24410.25,24406,24408.6,
NSE,NIFTY,2025-05-08,11:50:00,24409.05,24410,24398.3,24404.35,
NSE,NIFTY,2025-05-08,11:55:00,24404.25,24405.2,24398.45,24402.3,
NSE,NIFTY,2025-05-08,12:00:00,24402.8,24403.35,24398.25,24400.9,
NSE,NIFTY,2025-05-08,12:05:00,24401.5,24404.25,24397.25,24398.6,
NSE,NIFTY,2025-05-08,12:10:00,24399.35,24403.8,24396.7,24398.95,
NSE,NIFTY,2025-05-08,12:15:00,24398.5,24405.3,24397.65,24403.2,
NSE,NIFTY,2025-05-08,12:20:00,24403.1,24411.2,24399.6,24403.1,
NSE,NIFTY,2025-05-08,12:25:00,24404,24407.9,24399.25,24406.8,
NSE,NIFTY,2025-05-08,12:30:00,24406.25,24408.6,24400.4,24404.6,
NSE,NIFTY,2025-05-08,12:35:00,24404.75,24405.2,24398.1,24398.1,
NSE,NIFTY,2025-05-08,12:40:00,24400.1,24404.5,24398.8,24402.3,
NSE,NIFTY,2025-05-08,12:45:00,24402.7,24404.05,24395.2,24398.25,
NSE,NIFTY,2025-05-08,12:50:00,24397.1,24399.95,24396,24398.6,
NSE,NIFTY,2025-05-08,12:55:00,24399.3,24403.9,24394,24400.65,
NSE,NIFTY,2025-05-08,13:00:00,24400.1,24401.05,24395.15,24398.1,
NSE,NIFTY,2025-05-08,13:05:00,24397.5,24398.75,24392.5,24394.25,
NSE,NIFTY,2025-05-08,13:10:00,24395.1,24396.3,24387.15,24389.75,
NSE,NIFTY,2025-05-08,13:15:00,24389.9,24392.75,24381.05,24382.2,
NSE,NIFTY,2025-05-08,13:20:00,24382.2,24386.7,24371.2,24372.95,
NSE,NIFTY,2025-05-08,13:25:00,24372.2,24375.75,24350.15,24359.8,
NSE,NIFTY,2025-05-08,13:30:00,24358.85,24371.95,24357.65,24365.65,
NSE,NIFTY,2025-05-08,13:35:00,24365.55,24375.85,24361.65,24366.45,
NSE,NIFTY,2025-05-08,13:40:00,24366.85,24367.2,24331.05,24335.8,
NSE,NIFTY,2025-05-08,13:45:00,24337.95,24345,24323.05,24324.65,
NSE,NIFTY,2025-05-08,13:50:00,24325.55,24361.1,24324.7,24356.65,
NSE,NIFTY,2025-05-08,13:55:00,24357.1,24357.65,24335.4,24337.7,
NSE,NIFTY,2025-05-08,14:00:00,24338.35,24338.9,24322.65,24335.25,
NSE,NIFTY,2025-05-08,14:05:00,24334.3,24344.2,24330.15,24340.9,
NSE,NIFTY,2025-05-08,14:10:00,24340.45,24344.45,24326.35,24327.05,
NSE,NIFTY,2025-05-08,14:15:00,24326.95,24332.9,24314.4,24318.6,
NSE,NIFTY,2025-05-08,14:20:00,24319,24345.8,24319,24331.75,
NSE,NIFTY,2025-05-08,14:25:00,24333.5,24341.55,24327.4,24339.1,
NSE,NIFTY,2025-05-08,14:30:00,24337.9,24357.2,24334.3,24356,
NSE,NIFTY,2025-05-08,14:35:00,24356.7,24357.3,24338.9,24340.15,
NSE,NIFTY,2025-05-08,14:40:00,24339.35,24348.8,24337.45,24340.25,
NSE,NIFTY,2025-05-08,14:45:00,24339.95,24341.45,24331.15,24335.9,
NSE,NIFTY,2025-05-08,14:50:00,24335.9,24337.05,24310.1,24311.85,
NSE,NIFTY,2025-05-08,14:55:00,24310.45,24313.7,24244.4,24263.2,
NSE,NIFTY,2025-05-08,15:00:00,24266,24294.9,24247.7,24248.1,
NSE,NIFTY,2025-05-08,15:05:00,24249.2,24296.65,24248.85,24296.15,
NSE,NIFTY,2025-05-08,15:10:00,24296.3,24322.6,24296.3,24315.2,
NSE,NIFTY,2025-05-08,15:15:00,24315.9,24322.1,24302.9,24306.75,
NSE,NIFTY,2025-05-08,15:20:00,24306.9,24306.9,24265.35,24267.1,
NSE,NIFTY,2025-05-08,15:25:00,24266.7,24267.5,24212.75,24219.05,
NSE,NIFTY,2025-05-08,15:30:00,24218.6,24223.5,24151.45,24153.05,
NSE,NIFTY,2025-05-08,15:35:00,24153.05,24273.8,24153.05,24273.8,
NSE,NIFTY,2025-05-08,15:40:00,24273.8,24273.8,24273.8,24273.8,
NSE,NIFTY,2025-05-08,15:45:00,24273.8,24273.8,24273.8,24273.8,
NSE,NIFTY,2025-05-08,15:50:00,24273.8,24273.8,24273.8,24273.8,
NSE,NIFTY,2025-05-08,15:55:00,24273.8,24273.8,24273.8,24273.8,
NSE,NIFTY,2025-05-08,16:00:00,24273.8,24273.8,24273.8,24273.8,
NSE,NIFTY,2025-05-09,07:30:00,24273.8,24273.8,24273.8,24273.8,
NSE,NIFTY,2025-05-09,07:35:00,24273.8,24273.8,24273.8,24273.8,
NSE,NIFTY,2025-05-09,07:40:00,24273.8,24273.8,24273.8,24273.8,
NSE,NIFTY,2025-05-09,07:45:00,24273.8,24273.8,24273.8,24273.8,
NSE,NIFTY,2025-05-09,07:50:00,24273.8,24273.8,24273.8,24273.8,
NSE,NIFTY,2025-05-09,07:55:00,24273.8,24273.8,24273.8,24273.8,
NSE,NIFTY,2025-05-09,08:00:00,24273.8,24273.8,24273.8,24273.8,
NSE,NIFTY,2025-05-09,08:05:00,24273.8,24273.8,24273.8,24273.8,
NSE,NIFTY,2025-05-09,08:10:00,24273.8,24273.8,24273.8,24273.8,
NSE,NIFTY,2025-05-09,08:15:00,24273.8,24273.8,24273.8,24273.8,
NSE,NIFTY,2025-05-09,08:20:00,24273.8,24273.8,24273.8,24273.8,
NSE,NIFTY,2025-05-09,08:25:00,24273.8,24273.8,24273.8,24273.8,
NSE,NIFTY,2025-05-09,08:30:00,24273.8,24273.8,24273.8,24273.8,
NSE,NIFTY,2025-05-09,08:35:00,24273.8,24273.8,24273.8,24273.8,
NSE,NIFTY,2025-05-09,08:40:00,24273.8,24273.8,24273.8,24273.8,
NSE,NIFTY,2025-05-09,08:45:00,24273.8,24273.8,24273.8,24273.8,
NSE,NIFTY,2025-05-09,08:50:00,24273.8,24273.8,24273.8,24273.8,
NSE,NIFTY,2025-05-09,08:55:00,24273.8,24273.8,24273.8,24273.8,
NSE,NIFTY,2025-05-09,09:00:00,24273.8,24273.8,23138.25,23408.9,
NSE,NIFTY,2025-05-09,09:05:00,23410.6,23907.15,23393.4,23907.15,
NSE,NIFTY,2025-05-09,09:10:00,23910,23956.25,23907.3,23935.75,
NSE,NIFTY,2025-05-09,09:15:00,23935.75,24080.5,23935.75,24080.5,
NSE,NIFTY,2025-05-09,09:20:00,24097.45,24156.95,24066.25,24141.4,
NSE,NIFTY,2025-05-09,09:25:00,24141.15,24159.15,24059.8,24110.6,
NSE,NIFTY,2025-05-09,09:30:00,24108.3,24163.65,24060,24063.45,
NSE,NIFTY,2025-05-09,09:35:00,24063.6,24097.8,24039.15,24043.75,
NSE,NIFTY,2025-05-09,09:40:00,24044.85,24108.5,24043.85,24107.8,
NSE,NIFTY,2025-05-09,09:45:00,24107.1,24122.7,24083.3,24104.45,
NSE,NIFTY,2025-05-09,09:50:00,24100.15,24101.9,24045.95,24046.35,
NSE,NIFTY,2025-05-09,09:55:00,24046.55,24066.45,24029.6,24037.55,
NSE,NIFTY,2025-05-09,10:00:00,24037.5,24048.2,24007.15,24007.85,
NSE,NIFTY,2025-05-09,10:05:00,24008.45,24016.7,23966.7,23968.55,
NSE,NIFTY,2025-05-09,10:10:00,23967.95,23993.9,23949.2,23981,
NSE,NIFTY,2025-05-09,10:15:00,23981.2,24074.4,23979.6,24066.45,
NSE,NIFTY,2025-05-09,10:20:00,24066,24086.75,24041.7,24041.7,
NSE,NIFTY,2025-05-09,10:25:00,24041.45,24074.35,24030.55,24057.2,
NSE,NIFTY,2025-05-09,10:30:00,24056.45,24061.6,24031.2,24049,
NSE,NIFTY,2025-05-09,10:35:00,24049.6,24057.3,24029.45,24032.25,
NSE,NIFTY,2025-05-09,10:40:00,24032.4,24063.25,24016.75,24024.95,
NSE,NIFTY,2025-05-09,10:45:00,24024.15,24029.2,24007.45,24012.65,
NSE,NIFTY,2025-05-09,10:50:00,24011.95,24019,24004.75,24016.1,
NSE,NIFTY,2025-05-09,10:55:00,24015.65,24015.65,23976.95,23978.25,
NSE,NIFTY,2025-05-09,11:00:00,23976.65,23997.8,23976.65,23997.5,
NSE,NIFTY,2025-05-09,11:05:00,23996.85,24011.5,23990.55,24010.55,
NSE,NIFTY,2025-05-09,11:10:00,24010.7,24017.2,23989.55,23992.2,
NSE,NIFTY,2025-05-09,11:15:00,23991.8,24015.05,23989.4,24010.6,
NSE,NIFTY,2025-05-09,11:20:00,24010.25,24022.5,24005.4,24009.75,
NSE,NIFTY,2025-05-09,11:25:00,24008.65,24030.65,23999.45,24025.15,
NSE,NIFTY,2025-05-09,11:30:00,24025,24095.6,24023.7,24089.8,
NSE,NIFTY,2025-05-09,11:35:00,24088.45,24121.3,24087.45,24092.45,
NSE,NIFTY,2025-05-09,11:40:00,24092.2,24092.65,24065.5,24074.45,
NSE,NIFTY,2025-05-09,11:45:00,24074.25,24083.35,24054.35,24059.25,
NSE,NIFTY,2025-05-09,11:50:00,24059.8,24059.8,24013.95,24025.3,
NSE,NIFTY,2025-05-09,11:55:00,24024.55,24045.2,24020.05,24041.25,
NSE,NIFTY,2025-05-09,12:00:00,24042.6,24060.85,24039.5,24050.7,
NSE,NIFTY,2025-05-09,12:05:00,24050,24055.25,24024,24029.8,
NSE,NIFTY,2025-05-09,12:10:00,24029.15,24043.9,24025,24036,
NSE,NIFTY,2025-05-09,12:15:00,24036.55,24054.55,24031.8,24047.6,
NSE,NIFTY,2025-05-09,12:20:00,24049.45,24053.05,24020.35,24022.75,
NSE,NIFTY,2025-05-09,12:25:00,24021.7,24036.15,24010.15,24031.25,
NSE,NIFTY,2025-05-09,12:30:00,24033.6,24044.95,24027.7,24028.7,
NSE,NIFTY,2025-05-09,12:35:00,24029.1,24029.9,24010.75,24014.6,
NSE,NIFTY,2025-05-09,12:40:00,24014.3,24026.95,24008.75,24016.05,
NSE,NIFTY,2025-05-09,12:45:00,24016,24022.2,24001.85,24004.35,
NSE,NIFTY,2025-05-09,12:50:00,24003.45,24035.1,24002.25,24035.1,
NSE,NIFTY,2025-05-09,12:55:00,24034.15,24045.6,24026.8,24035.25,
NSE,NIFTY,2025-05-09,13:00:00,24035.15,24038.5,24017.8,24037.55,
NSE,NIFTY,2025-05-09,13:05:00,24036.7,24038.4,24011.9,24015.95,
NSE,NIFTY,2025-05-09,13:10:00,24015.35,24016.7,23992.8,23997,
NSE,NIFTY,2025-05-09,13:15:00,23997,24021.1,23995.95,24012.7,
NSE,NIFTY,2025-05-09,13:20:00,24013.85,24024.7,24009.9,24017.15,
NSE,NIFTY,2025-05-09,13:25:00,24016.7,24017.65,23974.45,23983.5,
NSE,NIFTY,2025-05-09,13:30:00,23982.8,23987.9,23961.7,23970.35,
NSE,NIFTY,2025-05-09,13:35:00,23970.35,23998.5,23968.55,23980.9,
NSE,NIFTY,2025-05-09,13:40:00,23979.9,23986.85,23971.55,23982.45,
NSE,NIFTY,2025-05-09,13:45:00,23981.65,23986,23965.4,23985.2,
NSE,NIFTY,2025-05-09,13:50:00,23985.15,23995.6,23972.85,23984.65,
NSE,NIFTY,2025-05-09,13:55:00,23984.5,24013.5,23976.75,24001.2,
NSE,NIFTY,2025-05-09,14:00:00,24000.8,24001.45,23977.95,23987.35,
NSE,NIFTY,2025-05-09,14:05:00,23987.6,24011.3,23982.25,23989.3,
NSE,NIFTY,2025-05-09,14:10:00,23989.5,24000.1,23980.15,23997.15,
NSE,NIFTY,2025-05-09,14:15:00,23991.15,24012.45,23987.45,24008.5,
NSE,NIFTY,2025-05-09,14:20:00,24007.25,24032.75,24007.2,24015.35,
NSE,NIFTY,2025-05-09,14:25:00,24014.75,24016.5,23975.6,23978.65,
NSE,NIFTY,2025-05-09,14:30:00,23979,23980.35,23960.95,23973.55,
NSE,NIFTY,2025-05-09,14:35:00,23973.05,23995.55,23969.65,23985.3,
NSE,NIFTY,2025-05-09,14:40:00,23985,23987.65,23974.2,23978.35,
NSE,NIFTY,2025-05-09,14:45:00,23976.3,23992.25,23975.6,23991.8,
NSE,NIFTY,2025-05-09,14:50:00,23991.15,24006.1,23989.7,24004.05,
NSE,NIFTY,2025-05-09,14:55:00,24004.55,24025.7,23999.8,24000.85,
NSE,NIFTY,2025-05-09,15:00:00,23999.4,24017.55,23998.45,24004.65,
NSE,NIFTY,2025-05-09,15:05:00,24002,24015.3,23988.45,24000.5,
NSE,NIFTY,2025-05-09,15:10:00,23999,24013.15,23994.45,23996.8,
NSE,NIFTY,2025-05-09,15:15:00,23995.5,24003.95,23993.2,24000.15,
NSE,NIFTY,2025-05-09,15:20:00,23999.1,24019.65,23999.1,24017.3,
NSE,NIFTY,2025-05-09,15:25:00,24014.95,24022.85,24001.1,24020.75,
NSE,NIFTY,2025-05-09,15:30:00,24019.5,24046.9,24018.45,24035.65,
NSE,NIFTY,2025-05-09,15:35:00,24035.65,24035.65,24008,24008,
NSE,NIFTY,2025-05-09,15:40:00,24008,24008,24008,24008,
NSE,NIFTY,2025-05-09,15:45:00,24008,24008,24008,24008,
NSE,NIFTY,2025-05-09,15:50:00,24008,24008,24008,24008,
NSE,NIFTY,2025-05-09,15:55:00,24008,24008,24008,24008,
NSE,NIFTY,2025-05-09,16:00:00,24008,24008,24008,24008,
NSE,NIFTY,2025-05-12,07:30:00,24008,24008,24008,24008,
NSE,NIFTY,2025-05-12,07:35:00,24008,24008,24008,24008,
NSE,NIFTY,2025-05-12,07:40:00,24008,24008,24008,24008,
NSE,NIFTY,2025-05-12,07:45:00,24008,24008,24008,24008,
NSE,NIFTY,2025-05-12,07:50:00,24008,24008,24008,24008,
NSE,NIFTY,2025-05-12,07:55:00,24008,24008,24008,24008,
NSE,NIFTY,2025-05-12,08:00:00,24008,24008,24008,24008,
NSE,NIFTY,2025-05-12,08:05:00,24008,24008,24008,24008,
NSE,NIFTY,2025-05-12,08:10:00,24008,24008,24008,24008,
NSE,NIFTY,2025-05-12,08:15:00,24008,24008,24008,24008,
NSE,NIFTY,2025-05-12,08:20:00,24008,24008,24008,24008,
NSE,NIFTY,2025-05-12,08:25:00,24008,24008,24008,24008,
NSE,NIFTY,2025-05-12,08:30:00,24008,24008,24008,24008,
NSE,NIFTY,2025-05-12,08:35:00,24008,24008,24008,24008,
NSE,NIFTY,2025-05-12,08:40:00,24008,24008,24008,24008,
NSE,NIFTY,2025-05-12,08:45:00,24008,24008,24008,24008,
NSE,NIFTY,2025-05-12,08:50:00,24008,24008,24008,24008,
NSE,NIFTY,2025-05-12,08:55:00,24008,24008,24008,24008,
NSE,NIFTY,2025-05-12,09:00:00,24008,24392.5,24008,24361,
NSE,NIFTY,2025-05-12,09:05:00,24357.7,24504.85,24357.1,24480.8,
NSE,NIFTY,2025-05-12,09:10:00,24480.25,24506.2,24414.55,24420.1,
NSE,NIFTY,2025-05-12,09:15:00,24420.1,24484.8,24386.6,24478.5,
NSE,NIFTY,2025-05-12,09:20:00,24480.1,24590,24479.25,24589.45,
NSE,NIFTY,2025-05-12,09:25:00,24589.25,24589.7,24562.55,24576.9,
NSE,NIFTY,2025-05-12,09:30:00,24577.9,24600.2,24572.2,24599.7,
NSE,NIFTY,2025-05-12,09:35:00,24601.05,24631.6,24585.6,24626.9,
NSE,NIFTY,2025-05-12,09:40:00,24627.2,24632.7,24602.25,24620,
NSE,NIFTY,2025-05-12,09:45:00,24619.75,24621.25,24583.4,24605.5,
NSE,NIFTY,2025-05-12,09:50:00,24607.15,24619.25,24603.2,24615.15,
NSE,NIFTY,2025-05-12,09:55:00,24614.95,24677.25,24613.4,24672.15,
NSE,NIFTY,2025-05-12,10:00:00,24673.9,24737.2,24670.5,24715.5,
NSE,NIFTY,2025-05-12,10:05:00,24719.5,24722.1,24691.45,24693.75,
NSE,NIFTY,2025-05-12,10:10:00,24693.9,24701.05,24680.8,24684.95,
NSE,NIFTY,2025-05-12,10:15:00,24686.2,24700.1,24668.4,24696.65,
NSE,NIFTY,2025-05-12,10:20:00,24697,24708.3,24687.6,24697.05,
NSE,NIFTY,2025-05-12,10:25:00,24698.95,24719.25,24695.95,24717.9,
NSE,NIFTY,2025-05-12,10:30:00,24718,24723.55,24696.45,24704.6,
NSE,NIFTY,2025-05-12,10:35:00,24705.35,24712.85,24684.25,24692.25,
NSE,NIFTY,2025-05-12,10:40:00,24694,24700.2,24679,24683.65,
NSE,NIFTY,2025-05-12,10:45:00,24684.65,24700.55,24673.3,24692.6,
NSE,NIFTY,2025-05-12,10:50:00,24692.85,24693.5,24674.95,24685.8,
NSE,NIFTY,2025-05-12,10:55:00,24686.25,24691.85,24677.75,24684.3,
NSE,NIFTY,2025-05-12,11:00:00,24684.4,24694.15,24669.1,24684.1,
NSE,NIFTY,2025-05-12,11:05:00,24683.35,24694,24680.95,24686.6,
NSE,NIFTY,2025-05-12,11:10:00,24686.65,24714.55,24685.35,24713.4,
NSE,NIFTY,2025-05-12,11:15:00,24712.9,24714.85,24701.9,24705.1,
NSE,NIFTY,2025-05-12,11:20:00,24706.5,24709.9,24698.55,24705.9,
NSE,NIFTY,2025-05-12,11:25:00,24705.65,24741.8,24703,24741.45,
NSE,NIFTY,2025-05-12,11:30:00,24742.3,24745.45,24730.7,24734,
NSE,NIFTY,2025-05-12,11:35:00,24734.35,24744.6,24734,24737.4,
NSE,NIFTY,2025-05-12,11:40:00,24737.3,24739.55,24718.9,24726.6,
NSE,NIFTY,2025-05-12,11:45:00,24727,24730.95,24715.75,24722.85,
NSE,NIFTY,2025-05-12,11:50:00,24723.4,24731.2,24713.2,24724.25,
NSE,NIFTY,2025-05-12,11:55:00,24724.7,24727.95,24716.35,24726.4,
NSE,NIFTY,2025-05-12,12:00:00,24726.45,24729.75,24715.5,24719.4,
NSE,NIFTY,2025-05-12,12:05:00,24718.4,24724.05,24711.35,24718.8,
NSE,NIFTY,2025-05-12,12:10:00,24719.05,24728.45,24716.25,24717.85,
NSE,NIFTY,2025-05-12,12:15:00,24717.2,24726.9,24713.4,24724.9,
NSE,NIFTY,2025-05-12,12:20:00,24725.7,24727.65,24715.4,24716.7,
NSE,NIFTY,2025-05-12,12:25:00,24716.1,24722.3,24700,24701.6,
NSE,NIFTY,2025-05-12,12:30:00,24701.3,24737,24690.35,24737,
NSE,NIFTY,2025-05-12,12:35:00,24736.95,24788.05,24734.6,24781.15,
NSE,NIFTY,2025-05-12,12:40:00,24780.65,24806.15,24776.75,24799.1,
NSE,NIFTY,2025-05-12,12:45:00,24797.65,24797.65,24778.55,24788.7,
NSE,NIFTY,2025-05-12,12:50:00,24787.8,24790.2,24772.35,24780.4,
NSE,NIFTY,2025-05-12,12:55:00,24780.2,24783.65,24773.1,24777.5,
NSE,NIFTY,2025-05-12,13:00:00,24776.4,24805.75,24776.1,24804.85,
NSE,NIFTY,2025-05-12,13:05:00,24804.2,24806.55,24781.25,24784.55,
NSE,NIFTY,2025-05-12,13:10:00,24784.3,24798.4,24779.95,24793.25,
NSE,NIFTY,2025-05-12,13:15:00,24792.7,24796.6,24784.45,24790.6,
NSE,NIFTY,2025-05-12,13:20:00,24791.1,24804.8,24790.6,24803.95,
NSE,NIFTY,2025-05-12,13:25:00,24802.95,24821.3,24801.75,24820.65,
NSE,NIFTY,2025-05-12,13:30:00,24819.75,24824.6,24803.7,24820.4,
NSE,NIFTY,2025-05-12,13:35:00,24821.4,24840.55,24818.2,24834.65,
NSE,NIFTY,2025-05-12,13:40:00,24834.2,24841.55,24827.3,24838.65,
NSE,NIFTY,2025-05-12,13:45:00,24838.7,24849.95,24836,24847.2,
NSE,NIFTY,2025-05-12,13:50:00,24846.65,24853.05,24841.15,24842.55,
NSE,NIFTY,2025-05-12,13:55:00,24842.65,24845.85,24833.75,24839.9,
NSE,NIFTY,2025-05-12,14:00:00,24839.95,24846.05,24830.1,24843.5,
NSE,NIFTY,2025-05-12,14:05:00,24843.8,24848.6,24840.95,24843.1,
NSE,NIFTY,2025-05-12,14:10:00,24843.35,24846.2,24836,24841.7,
NSE,NIFTY,2025-05-12,14:15:00,24840.75,24885.7,24836.65,24881.05,
NSE,NIFTY,2025-05-12,14:20:00,24879.75,24901.95,24877,24889.3,
NSE,NIFTY,2025-05-12,14:25:00,24889.2,24897.3,24887.45,24891.05,
NSE,NIFTY,2025-05-12,14:30:00,24891.85,24903.1,24889.15,24900.85,
NSE,NIFTY,2025-05-12,14:35:00,24900.9,24906.7,24870.45,24872.4,
NSE,NIFTY,2025-05-12,14:40:00,24870.9,24888.7,24862.65,24862.65,
NSE,NIFTY,2025-05-12,14:45:00,24862.65,24878.25,24854.75,24861.6,
NSE,NIFTY,2025-05-12,14:50:00,24862.25,24881.5,24858.2,24874.1,
NSE,NIFTY,2025-05-12,14:55:00,24873.45,24899.2,24871.15,24897.45,
NSE,NIFTY,2025-05-12,15:00:00,24897.85,24930.35,24894.05,24925.25,
NSE,NIFTY,2025-05-12,15:05:00,24924.5,24926.75,24908.95,24912,
NSE,NIFTY,2025-05-12,15:10:00,24911.35,24912.65,24898.35,24912.1,
NSE,NIFTY,2025-05-12,15:15:00,24912.7,24915.05,24904.75,24906.55,
NSE,NIFTY,2025-05-12,15:20:00,24907.55,24944.2,24906.2,24939.8,
NSE,NIFTY,2025-05-12,15:25:00,24938.2,24943.65,24928.65,24931.45,
NSE,NIFTY,2025-05-12,15:30:00,24931.05,24932.6,24920.25,24920.8,
NSE,NIFTY,2025-05-12,15:35:00,24920.8,24924.7,24920.8,24924.7,
NSE,NIFTY,2025-05-12,15:40:00,24924.7,24924.7,24924.7,24924.7,
NSE,NIFTY,2025-05-12,15:45:00,24924.7,24924.7,24924.7,24924.7,
NSE,NIFTY,2025-05-12,15:50:00,24924.7,24924.7,24924.7,24924.7,
NSE,NIFTY,2025-05-12,15:55:00,24924.7,24924.7,24924.7,24924.7,
NSE,NIFTY,2025-05-12,16:00:00,24924.7,24924.7,24924.7,24924.7,
NSE,NIFTY,2025-05-13,07:30:00,24924.7,24924.7,24924.7,24924.7,
NSE,NIFTY,2025-05-13,07:35:00,24924.7,24924.7,24924.7,24924.7,
NSE,NIFTY,2025-05-13,07:40:00,24924.7,24924.7,24924.7,24924.7,
NSE,NIFTY,2025-05-13,07:45:00,24924.7,24924.7,24924.7,24924.7,
NSE,NIFTY,2025-05-13,07:50:00,24924.7,24924.7,24924.7,24924.7,
NSE,NIFTY,2025-05-13,07:55:00,24924.7,24924.7,24924.7,24924.7,
NSE,NIFTY,2025-05-13,08:00:00,24924.7,24924.7,24924.7,24924.7,
NSE,NIFTY,2025-05-13,08:05:00,24924.7,24924.7,24924.7,24924.7,
NSE,NIFTY,2025-05-13,08:10:00,24924.7,24924.7,24924.7,24924.7,
NSE,NIFTY,2025-05-13,08:15:00,24924.7,24924.7,24924.7,24924.7,
NSE,NIFTY,2025-05-13,08:20:00,24924.7,24924.7,24924.7,24924.7,
NSE,NIFTY,2025-05-13,08:25:00,24924.7,24924.7,24924.7,24924.7,
NSE,NIFTY,2025-05-13,08:30:00,24924.7,24924.7,24924.7,24924.7,
NSE,NIFTY,2025-05-13,08:35:00,24924.7,24924.7,24924.7,24924.7,
NSE,NIFTY,2025-05-13,08:40:00,24924.7,24924.7,24924.7,24924.7,
NSE,NIFTY,2025-05-13,08:45:00,24924.7,24924.7,24924.7,24924.7,
NSE,NIFTY,2025-05-13,08:50:00,24924.7,24924.7,24924.7,24924.7,
NSE,NIFTY,2025-05-13,08:55:00,24924.7,24924.7,24924.7,24924.7,
NSE,NIFTY,2025-05-13,09:00:00,24924.7,25387.3,24924.7,25026.15,
NSE,NIFTY,2025-05-13,09:05:00,25027.05,25030.35,24835.25,24863,
NSE,NIFTY,2025-05-13,09:10:00,24863.25,24896.3,24851.65,24864.05,
NSE,NIFTY,2025-05-13,09:15:00,24864.05,24936.05,24864.05,24933.35,
NSE,NIFTY,2025-05-13,09:20:00,24935.6,24971.55,24835.95,24847.1,
NSE,NIFTY,2025-05-13,09:25:00,24847.8,24859.65,24777.25,24794.8,
NSE,NIFTY,2025-05-13,09:30:00,24797,24821.45,24738.65,24744.65,
NSE,NIFTY,2025-05-13,09:35:00,24747.1,24772.45,24676.85,24766.3,
NSE,NIFTY,2025-05-13,09:40:00,24766.75,24846.6,24763.7,24818.7,
NSE,NIFTY,2025-05-13,09:45:00,24819,24819,24730.95,24733.55,
NSE,NIFTY,2025-05-13,09:50:00,24736,24754.75,24677.6,24686.4,
NSE,NIFTY,2025-05-13,09:55:00,24686.15,24756.65,24685.2,24732,
NSE,NIFTY,2025-05-13,10:00:00,24733.45,24756.1,24707.3,24719.1,
NSE,NIFTY,2025-05-13,10:05:00,24719.2,24732.55,24681.15,24718.8,
NSE,NIFTY,2025-05-13,10:10:00,24718.25,24789.45,24705.75,24766.2,
NSE,NIFTY,2025-05-13,10:15:00,24767.6,24786.05,24742.95,24767.25,
NSE,NIFTY,2025-05-13,10:20:00,24767.05,24797.6,24750.6,24761.55,
NSE,NIFTY,2025-05-13,10:25:00,24761.55,24772.45,24737.85,24751.35,
NSE,NIFTY,2025-05-13,10:30:00,24752.05,24758.05,24653.75,24666.3,
NSE,NIFTY,2025-05-13,10:35:00,24667.2,24687.05,24636.55,24669.05,
NSE,NIFTY,2025-05-13,10:40:00,24669.35,24706.25,24659.35,24706.1,
NSE,NIFTY,2025-05-13,10:45:00,24706.85,24709.15,24680.15,24705.2,
NSE,NIFTY,2025-05-13,10:50:00,24704.65,24732,24683.1,24731,
NSE,NIFTY,2025-05-13,10:55:00,24730.3,24759.2,24720.6,24730.3,
NSE,NIFTY,2025-05-13,11:00:00,24726.85,24761.65,24713.4,24743.2,
NSE,NIFTY,2025-05-13,11:05:00,24742.8,24837.8,24742.05,24785.5,
NSE,NIFTY,2025-05-13,11:10:00,24786.4,24794.75,24730.75,24738.25,
NSE,NIFTY,2025-05-13,11:15:00,24737.95,24745,24700.35,24728.5,
NSE,NIFTY,2025-05-13,11:20:00,24728.9,24792.35,24728.6,24780.95,
NSE,NIFTY,2025-05-13,11:25:00,24773.1,24780.5,24742.65,24747.1,
NSE,NIFTY,2025-05-13,11:30:00,24748.15,24810.45,24746.65,24799.35,
NSE,NIFTY,2025-05-13,11:35:00,24800.5,24817.9,24769,24793.95,
NSE,NIFTY,2025-05-13,11:40:00,24793.5,24796.75,24745.7,24750.35,
NSE,NIFTY,2025-05-13,11:45:00,24749.3,24786.65,24738.25,24745.1,
NSE,NIFTY,2025-05-13,11:50:00,24744.5,24764.05,24717.55,24733.05,
NSE,NIFTY,2025-05-13,11:55:00,24732.6,24746.75,24719.55,24744.1,
NSE,NIFTY,2025-05-13,12:00:00,24744,24744.9,24709.2,24726.55,
NSE,NIFTY,2025-05-13,12:05:00,24726.85,24737.65,24693.9,24723.3,
NSE,NIFTY,2025-05-13,12:10:00,24723.5,24766.1,24719.35,24747.15,
NSE,NIFTY,2025-05-13,12:15:00,24750.85,24771.45,24742.2,24753.7,
NSE,NIFTY,2025-05-13,12:20:00,24751.95,24772,24725.55,24726.4,
NSE,NIFTY,2025-05-13,12:25:00,24726,24737.75,24712.45,24713.55,
NSE,NIFTY,2025-05-13,12:30:00,24715.4,24726.55,24697.4,24714.15,
NSE,NIFTY,2025-05-13,12:35:00,24714.3,24726.35,24660.05,24663.7,
NSE,NIFTY,2025-05-13,12:40:00,24667.25,24682.8,24644.45,24660.85,
NSE,NIFTY,2025-05-13,12:45:00,24662.4,24669.9,24640.15,24642.4,
NSE,NIFTY,2025-05-13,12:50:00,24641.95,24665.25,24641.9,24654.25,
NSE,NIFTY,2025-05-13,12:55:00,24652.95,24659.55,24610.7,24629.1,
NSE,NIFTY,2025-05-13,13:00:00,24630.3,24636.5,24597.9,24616.4,
NSE,NIFTY,2025-05-13,13:05:00,24614.8,24643.25,24606.75,24628.05,
NSE,NIFTY,2025-05-13,13:10:00,24631,24648.9,24612.25,24624.25,
NSE,NIFTY,2025-05-13,13:15:00,24625.9,24636,24610.25,24628.8,
NSE,NIFTY,2025-05-13,13:20:00,24627.75,24637,24593.1,24600.75,
NSE,NIFTY,2025-05-13,13:25:00,24602.75,24618.05,24597.55,24615.35,
NSE,NIFTY,2025-05-13,13:30:00,24615.05,24620.7,24589.9,24596.55,
NSE,NIFTY,2025-05-13,13:35:00,24600.2,24610.3,24591.7,24597.25,
NSE,NIFTY,2025-05-13,13:40:00,24596.25,24613.1,24589.1,24603.95,
NSE,NIFTY,2025-05-13,13:45:00,24605.15,24615.9,24600.15,24608.15,
NSE,NIFTY,2025-05-13,13:50:00,24608.25,24617.85,24599.65,24609.8,
NSE,NIFTY,2025-05-13,13:55:00,24609.05,24610.25,24590.7,24605.7,
NSE,NIFTY,2025-05-13,14:00:00,24605.05,24606.95,24578,24578,
NSE,NIFTY,2025-05-13,14:05:00,24577.75,24601.65,24577.75,24594.55,
NSE,NIFTY,2025-05-13,14:10:00,24595.5,24609.4,24592.4,24606.25,
NSE,NIFTY,2025-05-13,14:15:00,24603.95,24605.65,24580.3,24580.9,
NSE,NIFTY,2025-05-13,14:20:00,24578.9,24584.25,24561.3,24567.25,
NSE,NIFTY,2025-05-13,14:25:00,24568.55,24600.35,24564.4,24592.35,
NSE,NIFTY,2025-05-13,14:30:00,24588.35,24606.3,24581.35,24589.85,
NSE,NIFTY,2025-05-13,14:35:00,24587.85,24596.9,24575.55,24592.9,
NSE,NIFTY,2025-05-13,14:40:00,24592.6,24617.5,24587.7,24611.3,
NSE,NIFTY,2025-05-13,14:45:00,24610.05,24613.25,24596.85,24611.95,
NSE,NIFTY,2025-05-13,14:50:00,24611.15,24636.85,24609.5,24618.45,
NSE,NIFTY,2025-05-13,14:55:00,24620.35,24628.85,24603.3,24604.5,
NSE,NIFTY,2025-05-13,15:00:00,24603.65,24629.45,24591.3,24613.05,
NSE,NIFTY,2025-05-13,15:05:00,24613.3,24617.5,24573.65,24573.85,
NSE,NIFTY,2025-05-13,15:10:00,24573.9,24586.2,24569,24573.2,
NSE,NIFTY,2025-05-13,15:15:00,24572.65,24574.5,24558.4,24562.65,
NSE,NIFTY,2025-05-13,15:20:00,24565.15,24587.2,24564.1,24584.45,
NSE,NIFTY,2025-05-13,15:25:00,24584.35,24586.7,24548.05,24564.9,
NSE,NIFTY,2025-05-13,15:30:00,24564.8,24594.3,24563.2,24593.65,
NSE,NIFTY,2025-05-13,15:35:00,24593.65,24593.65,24578.3,24578.35,
NSE,NIFTY,2025-05-13,15:40:00,24578.35,24578.35,24578.35,24578.35,
NSE,NIFTY,2025-05-13,15:45:00,24578.35,24578.35,24578.35,24578.35,
NSE,NIFTY,2025-05-13,15:50:00,24578.35,24578.35,24578.35,24578.35,
NSE,NIFTY,2025-05-13,15:55:00,24578.35,24578.35,24578.35,24578.35,
NSE,NIFTY,2025-05-13,16:00:00,24578.35,24578.35,24578.35,24578.35,
NSE,NIFTY,2025-05-14,07:30:00,24578.35,24578.35,24578.35,24578.35,
NSE,NIFTY,2025-05-14,07:35:00,24578.35,24578.35,24578.35,24578.35,
NSE,NIFTY,2025-05-14,07:40:00,24578.35,24578.35,24578.35,24578.35,
NSE,NIFTY,2025-05-14,07:45:00,24578.35,24578.35,24578.35,24578.35,
NSE,NIFTY,2025-05-14,07:50:00,24578.35,24578.35,24578.35,24578.35,
NSE,NIFTY,2025-05-14,07:55:00,24578.35,24578.35,24578.35,24578.35,
NSE,NIFTY,2025-05-14,08:00:00,24578.35,24578.35,24578.35,24578.35,
NSE,NIFTY,2025-05-14,08:05:00,24578.35,24578.35,24578.35,24578.35,
NSE,NIFTY,2025-05-14,08:10:00,24578.35,24578.35,24578.35,24578.35,
NSE,NIFTY,2025-05-14,08:15:00,24578.35,24578.35,24578.35,24578.35,
NSE,NIFTY,2025-05-14,08:20:00,24578.35,24578.35,24578.35,24578.35,
NSE,NIFTY,2025-05-14,08:25:00,24578.35,24578.35,24578.35,24578.35,
NSE,NIFTY,2025-05-14,08:30:00,24578.35,24578.35,24578.35,24578.35,
NSE,NIFTY,2025-05-14,08:35:00,24578.35,24578.35,24578.35,24578.35,
NSE,NIFTY,2025-05-14,08:40:00,24578.35,24578.35,24578.35,24578.35,
NSE,NIFTY,2025-05-14,08:45:00,24578.35,24578.35,24578.35,24578.35,
NSE,NIFTY,2025-05-14,08:50:00,24578.35,24578.35,24578.35,24578.35,
NSE,NIFTY,2025-05-14,08:55:00,24578.35,24578.35,24578.35,24578.35,
NSE,NIFTY,2025-05-14,09:00:00,24578.35,24730.55,24496,24721.35,
NSE,NIFTY,2025-05-14,09:05:00,24725.8,24729.85,24614.3,24616.2,
NSE,NIFTY,2025-05-14,09:10:00,24615.6,24628.4,24593.4,24613.8,
NSE,NIFTY,2025-05-14,09:15:00,24613.8,24664.05,24613.8,24640.8,
NSE,NIFTY,2025-05-14,09:20:00,24633.8,24676.9,24587.3,24676.9,
NSE,NIFTY,2025-05-14,09:25:00,24675.15,24715.7,24673.5,24715.7,
NSE,NIFTY,2025-05-14,09:30:00,24716.25,24737,24700.05,24701.6,
NSE,NIFTY,2025-05-14,09:35:00,24700.85,24706.5,24657.6,24666.25,
NSE,NIFTY,2025-05-14,09:40:00,24665.2,24701.3,24664.9,24696.1,
NSE,NIFTY,2025-05-14,09:45:00,24697.3,24746.55,24690.9,24742.5,
NSE,NIFTY,2025-05-14,09:50:00,24744.7,24751.35,24717.15,24717.45,
NSE,NIFTY,2025-05-14,09:55:00,24719.55,24724.95,24690.8,24716.45,
NSE,NIFTY,2025-05-14,10:00:00,24717.75,24737.85,24708.45,24723.4,
NSE,NIFTY,2025-05-14,10:05:00,24723.05,24734.8,24718.75,24729.6,
NSE,NIFTY,2025-05-14,10:10:00,24729.85,24747.45,24726.1,24745.85,
NSE,NIFTY,2025-05-14,10:15:00,24745.4,24761.85,24734.2,24760.7,
NSE,NIFTY,2025-05-14,10:20:00,24760.95,24763.3,24746.95,24757.15,
NSE,NIFTY,2025-05-14,10:25:00,24757.1,24767.2,24756.3,24760.75,
NSE,NIFTY,2025-05-14,10:30:00,24761.55,24762.5,24738.75,24743.9,
NSE,NIFTY,2025-05-14,10:35:00,24744.4,24744.95,24716.15,24721.3,
NSE,NIFTY,2025-05-14,10:40:00,24721.05,24728.95,24711.25,24724.6,
NSE,NIFTY,2025-05-14,10:45:00,24724.2,24737.6,24722.3,24732,
NSE,NIFTY,2025-05-14,10:50:00,24731.8,24740.1,24714.95,24718.25,
NSE,NIFTY,2025-05-14,10:55:00,24719.15,24719.2,24702,24712,
NSE,NIFTY,2025-05-14,11:00:00,24711.85,24712.55,24683.45,24693.75,
NSE,NIFTY,2025-05-14,11:05:00,24693.6,24702.05,24690.3,24699.65,
NSE,NIFTY,2025-05-14,11:10:00,24699.6,24709.6,24694.9,24703.75,
NSE,NIFTY,2025-05-14,11:15:00,24703.95,24707.85,24697.85,24702.75,
NSE,NIFTY,2025-05-14,11:20:00,24703.55,24712.75,24693.45,24705.45,
NSE,NIFTY,2025-05-14,11:25:00,24705.75,24717.85,24703.4,24717.4,
NSE,NIFTY,2025-05-14,11:30:00,24717.8,24724.9,24708,24713.25,
NSE,NIFTY,2025-05-14,11:35:00,24712.9,24721.8,24708.7,24712.25,
NSE,NIFTY,2025-05-14,11:40:00,24712.35,24713.7,24697.1,24703.8,
NSE,NIFTY,2025-05-14,11:45:00,24703.9,24708.2,24681.1,24683.85,
NSE,NIFTY,2025-05-14,11:50:00,24684.2,24684.3,24633.05,24650.35,
NSE,NIFTY,2025-05-14,11:55:00,24650.95,24653.9,24640.8,24643.5,
NSE,NIFTY,2025-05-14,12:00:00,24643.6,24664.95,24640.55,24661.7,
NSE,NIFTY,2025-05-14,12:05:00,24661.3,24668.3,24654.75,24662.65,
NSE,NIFTY,2025-05-14,12:10:00,24661,24672.1,24657.5,24671.3,
NSE,NIFTY,2025-05-14,12:15:00,24671.2,24679.55,24661.15,24670.65,
NSE,NIFTY,2025-05-14,12:20:00,24670.7,24677.4,24667.5,24673.75,
NSE,NIFTY,2025-05-14,12:25:00,24674,24679.65,24668.5,24669.85,
NSE,NIFTY,2025-05-14,12:30:00,24671.6,24671.6,24659.65,24661.8,
NSE,NIFTY,2025-05-14,12:35:00,24662.6,24664.75,24650.75,24650.75,
NSE,NIFTY,2025-05-14,12:40:00,24652.2,24655.25,24609.35,24613.65,
NSE,NIFTY,2025-05-14,12:45:00,24614.05,24636.4,24613.55,24627,
NSE,NIFTY,2025-05-14,12:50:00,24628.1,24635.8,24579.85,24582.7,
NSE,NIFTY,2025-05-14,12:55:00,24584,24584,24535.9,24566,
NSE,NIFTY,2025-05-14,13:00:00,24566.3,24590.4,24559.5,24590.35,
NSE,NIFTY,2025-05-14,13:05:00,24589.8,24633.7,24586.9,24619.7,
NSE,NIFTY,2025-05-14,13:10:00,24620,24634.4,24619,24631.05,
NSE,NIFTY,2025-05-14,13:15:00,24630.45,24643,24629.9,24637.85,
NSE,NIFTY,2025-05-14,13:20:00,24638.05,24643.15,24604.35,24622.65,
NSE,NIFTY,2025-05-14,13:25:00,24622.15,24639.35,24620.95,24636.95,
NSE,NIFTY,2025-05-14,13:30:00,24636.65,24660.95,24636.3,24644.8,
NSE,NIFTY,2025-05-14,13:35:00,24645.55,24648,24639.15,24646,
NSE,NIFTY,2025-05-14,13:40:00,24645.2,24647.25,24631.5,24637.6,
NSE,NIFTY,2025-05-14,13:45:00,24635.6,24647.85,24625.35,24632.6,
NSE,NIFTY,2025-05-14,13:50:00,24631.75,24635.75,24614.7,24623.1,
NSE,NIFTY,2025-05-14,13:55:00,24623.1,24638.2,24622.8,24637.15,
NSE,NIFTY,2025-05-14,14:00:00,24637.6,24637.6,24615.6,24619.2,
NSE,NIFTY,2025-05-14,14:05:00,24618.25,24620,24596.75,24604.25,
NSE,NIFTY,2025-05-14,14:10:00,24603.75,24616.35,24601.75,24612.5,
NSE,NIFTY,2025-05-14,14:15:00,24612.3,24616.3,24598.9,24613.8,
NSE,NIFTY,2025-05-14,14:20:00,24613.95,24618.7,24605.65,24616.65,
NSE,NIFTY,2025-05-14,14:25:00,24617.35,24633,24615.75,24628.1,
NSE,NIFTY,2025-05-14,14:30:00,24628.3,24629.7,24608.65,24611.75,
NSE,NIFTY,2025-05-14,14:35:00,24611.4,24618.2,24577.7,24598,
NSE,NIFTY,2025-05-14,14:40:00,24598.1,24602.8,24584.95,24602,
NSE,NIFTY,2025-05-14,14:45:00,24603.4,24665.65,24602.65,24622.3,
NSE,NIFTY,2025-05-14,14:50:00,24623.2,24636.55,24618.4,24629,
NSE,NIFTY,2025-05-14,14:55:00,24628.45,24640.8,24624.15,24640.05,
NSE,NIFTY,2025-05-14,15:00:00,24639.25,24646.25,24629.45,24646,
NSE,NIFTY,2025-05-14,15:05:00,24645.15,24667.05,24637.9,24661.2,
NSE,NIFTY,2025-05-14,15:10:00,24661.3,24675.2,24661,24673.6,
NSE,NIFTY,2025-05-14,15:15:00,24673.45,24673.95,24661,24665.8,
NSE,NIFTY,2025-05-14,15:20:00,24666.15,24666.35,24651.3,24661.25,
NSE,NIFTY,2025-05-14,15:25:00,24660.95,24682.7,24659.3,24682.1,
NSE,NIFTY,2025-05-14,15:30:00,24682.5,24696.75,24681.65,24684.9,
NSE,NIFTY,2025-05-14,15:35:00,24684.9,24684.9,24666.9,24666.9,
NSE,NIFTY,2025-05-14,15:40:00,24666.9,24666.9,24666.9,24666.9,
NSE,NIFTY,2025-05-14,15:45:00,24666.9,24666.9,24666.9,24666.9,
NSE,NIFTY,2025-05-14,15:50:00,24666.9,24666.9,24666.9,24666.9,
NSE,NIFTY,2025-05-14,15:55:00,24666.9,24666.9,24666.9,24666.9,
NSE,NIFTY,2025-05-14,16:00:00,24666.9,24666.9,24666.9,24666.9,
NSE,NIFTY,2025-05-15,07:30:00,24666.9,24666.9,24666.9,24666.9,
NSE,NIFTY,2025-05-15,07:35:00,24666.9,24666.9,24666.9,24666.9,
NSE,NIFTY,2025-05-15,07:40:00,24666.9,24666.9,24666.9,24666.9,
NSE,NIFTY,2025-05-15,07:45:00,24666.9,24666.9,24666.9,24666.9,
NSE,NIFTY,2025-05-15,07:50:00,24666.9,24666.9,24666.9,24666.9,
NSE,NIFTY,2025-05-15,07:55:00,24666.9,24666.9,24666.9,24666.9,
NSE,NIFTY,2025-05-15,08:00:00,24666.9,24666.9,24666.9,24666.9,
NSE,NIFTY,2025-05-15,08:05:00,24666.9,24666.9,24666.9,24666.9,
NSE,NIFTY,2025-05-15,08:10:00,24666.9,24666.9,24666.9,24666.9,
NSE,NIFTY,2025-05-15,08:15:00,24666.9,24666.9,24666.9,24666.9,
NSE,NIFTY,2025-05-15,08:20:00,24666.9,24666.9,24666.9,24666.9,
NSE,NIFTY,2025-05-15,08:25:00,24666.9,24666.9,24666.9,24666.9,
NSE,NIFTY,2025-05-15,08:30:00,24666.9,24666.9,24666.9,24666.9,
NSE,NIFTY,2025-05-15,08:35:00,24666.9,24666.9,24666.9,24666.9,
NSE,NIFTY,2025-05-15,08:40:00,24666.9,24666.9,24666.9,24666.9,
NSE,NIFTY,2025-05-15,08:45:00,24666.9,24666.9,24666.9,24666.9,
NSE,NIFTY,2025-05-15,08:50:00,24666.9,24666.9,24666.9,24666.9,
NSE,NIFTY,2025-05-15,08:55:00,24666.9,24666.9,24666.9,24666.9,
NSE,NIFTY,2025-05-15,09:00:00,24666.9,24854.05,24520.75,24577.3,
NSE,NIFTY,2025-05-15,09:05:00,24529,24701.55,24523.8,24681.45,
NSE,NIFTY,2025-05-15,09:10:00,24681.45,24701,24678.35,24694.45,
NSE,NIFTY,2025-05-15,09:15:00,24694.45,24699.55,24642.65,24643.05,
NSE,NIFTY,2025-05-15,09:20:00,24640.6,24662.7,24586.55,24593.6,
NSE,NIFTY,2025-05-15,09:25:00,24595,24628.15,24591.05,24621.45,
NSE,NIFTY,2025-05-15,09:30:00,24621.6,24628.55,24601.15,24611.7,
NSE,NIFTY,2025-05-15,09:35:00,24610.05,24626.15,24574.55,24581.85,
NSE,NIFTY,2025-05-15,09:40:00,24582.6,24587.45,24560.85,24570.95,
NSE,NIFTY,2025-05-15,09:45:00,24570.3,24574.85,24509.45,24514.65,
NSE,NIFTY,2025-05-15,09:50:00,24515.9,24556.8,24494.95,24546.2,
NSE,NIFTY,2025-05-15,09:55:00,24546.75,24585.55,24530.25,24563.65,
NSE,NIFTY,2025-05-15,10:00:00,24563,24575.65,24540.3,24565.55,
NSE,NIFTY,2025-05-15,10:05:00,24566.05,24569.55,24537.35,24550.45,
NSE,NIFTY,2025-05-15,10:10:00,24551.05,24553.5,24511.5,24524.65,
NSE,NIFTY,2025-05-15,10:15:00,24523.95,24568.5,24523.15,24557.85,
NSE,NIFTY,2025-05-15,10:20:00,24559.2,24586.8,24534.15,24537.4,
NSE,NIFTY,2025-05-15,10:25:00,24538.95,24571.85,24533.2,24569.6,
NSE,NIFTY,2025-05-15,10:30:00,24569.4,24575.5,24551.45,24573.7,
NSE,NIFTY,2025-05-15,10:35:00,24573.65,24628.55,24571.8,24627.25,
NSE,NIFTY,2025-05-15,10:40:00,24627.55,24806.45,24611.25,24749.9,
NSE,NIFTY,2025-05-15,10:45:00,24749.8,24780.8,24728.35,24736.8,
NSE,NIFTY,2025-05-15,10:50:00,24736.6,24763.15,24693.95,24728.8,
NSE,NIFTY,2025-05-15,10:55:00,24727.75,24727.75,24696.8,24712.8,
NSE,NIFTY,2025-05-15,11:00:00,24712.75,24790.15,24710.75,24765.35,
NSE,NIFTY,2025-05-15,11:05:00,24764.2,24770.95,24703,24705.35,
NSE,NIFTY,2025-05-15,11:10:00,24706.25,24718.7,24668.05,24681.15,
NSE,NIFTY,2025-05-15,11:15:00,24679.5,24681.15,24600.6,24623.9,
NSE,NIFTY,2025-05-15,11:20:00,24627.55,24683.2,24609.6,24659.4,
NSE,NIFTY,2025-05-15,11:25:00,24656,24657.5,24603.75,24627.45,
NSE,NIFTY,2025-05-15,11:30:00,24627.15,24658,24620.05,24633.65,
NSE,NIFTY,2025-05-15,11:35:00,24637,24638.3,24607.9,24621.15,
NSE,NIFTY,2025-05-15,11:40:00,24622.25,24636.25,24601.15,24622.65,
NSE,NIFTY,2025-05-15,11:45:00,24622.35,24647.3,24613.8,24634.9,
NSE,NIFTY,2025-05-15,11:50:00,24634.95,24659.95,24614.05,24624.2,
NSE,NIFTY,2025-05-15,11:55:00,24624.2,24641.15,24616,24637.1,
NSE,NIFTY,2025-05-15,12:00:00,24638.8,24651.7,24616.45,24622.95,
NSE,NIFTY,2025-05-15,12:05:00,24620.55,24644.8,24617,24643.8,
NSE,NIFTY,2025-05-15,12:10:00,24643.15,24707.9,24640.95,24680.4,
NSE,NIFTY,2025-05-15,12:15:00,24680.4,24689.05,24651.1,24668.3,
NSE,NIFTY,2025-05-15,12:20:00,24668.4,24740.05,24667.65,24680.65,
NSE,NIFTY,2025-05-15,12:25:00,24681.6,24681.95,24637.8,24650.65,
NSE,NIFTY,2025-05-15,12:30:00,24652.35,24654.5,24629.9,24632.5,
NSE,NIFTY,2025-05-15,12:35:00,24632.6,24652.95,24626.3,24646.75,
NSE,NIFTY,2025-05-15,12:40:00,24647.65,24699.8,24642.6,24673.2,
NSE,NIFTY,2025-05-15,12:45:00,24673,24686.15,24637.15,24653.05,
NSE,NIFTY,2025-05-15,12:50:00,24654.2,24655.65,24636.15,24641.25,
NSE,NIFTY,2025-05-15,12:55:00,24641.45,24681.8,24639.2,24678.45,
NSE,NIFTY,2025-05-15,13:00:00,24678.45,24718.8,24678.45,24717.1,
NSE,NIFTY,2025-05-15,13:05:00,24716.35,24752.3,24705.85,24738.05,
NSE,NIFTY,2025-05-15,13:10:00,24739.15,24855.3,24734.5,24827.1,
NSE,NIFTY,2025-05-15,13:15:00,24830.25,24917.8,24828.2,24913.8,
NSE,NIFTY,2025-05-15,13:20:00,24909.3,24916.1,24850.7,24885.85,
NSE,NIFTY,2025-05-15,13:25:00,24883.35,24888.85,24848.8,24874.8,
NSE,NIFTY,2025-05-15,13:30:00,24875.9,24937.4,24863.25,24936.4,
NSE,NIFTY,2025-05-15,13:35:00,24941.05,24974.35,24932.3,24959.75,
NSE,NIFTY,2025-05-15,13:40:00,24953.65,25001.45,24940.1,25001.45,
NSE,NIFTY,2025-05-15,13:45:00,25002.05,25002.05,24977.8,24993.45,
NSE,NIFTY,2025-05-15,13:50:00,24995.85,25064.45,24993,25048.5,
NSE,NIFTY,2025-05-15,13:55:00,25049.8,25075.8,25044.35,25062.65,
NSE,NIFTY,2025-05-15,14:00:00,25063.6,25088.45,25055.55,25059.55,
NSE,NIFTY,2025-05-15,14:05:00,25056.4,25079.25,25037.05,25066.95,
NSE,NIFTY,2025-05-15,14:10:00,25065.2,25072.95,25053.25,25071.65,
NSE,NIFTY,2025-05-15,14:15:00,25072.3,25104.5,25070.7,25095.7,
NSE,NIFTY,2025-05-15,14:20:00,25097.8,25109.05,25070.5,25101.95,
NSE,NIFTY,2025-05-15,14:25:00,25102.75,25102.95,25078.05,25084.7,
NSE,NIFTY,2025-05-15,14:30:00,25088.25,25114.8,25085.35,25103.45,
NSE,NIFTY,2025-05-15,14:35:00,25105.45,25105.45,25044.35,25049.2,
NSE,NIFTY,2025-05-15,14:40:00,25053.45,25090.05,25053.45,25067.1,
NSE,NIFTY,2025-05-15,14:45:00,25067.75,25089.15,25055.85,25081.15,
NSE,NIFTY,2025-05-15,14:50:00,25081.05,25086.3,25061.4,25062.85,
NSE,NIFTY,2025-05-15,14:55:00,25064,25076.05,25040,25051.9,
NSE,NIFTY,2025-05-15,15:00:00,25054.6,25067.55,25049.3,25061.45,
NSE,NIFTY,2025-05-15,15:05:00,25060.7,25083.7,25048.6,25082.8,
NSE,NIFTY,2025-05-15,15:10:00,25082.95,25085.6,25072.3,25073.05,
NSE,NIFTY,2025-05-15,15:15:00,25071.3,25071.55,25047.5,25048.75,
NSE,NIFTY,2025-05-15,15:20:00,25046.65,25061.8,25043.65,25057,
NSE,NIFTY,2025-05-15,15:25:00,25057.3,25063.45,25052.8,25056.7,
NSE,NIFTY,2025-05-15,15:30:00,25055.7,25062.45,25035.3,25037.7,
NSE,NIFTY,2025-05-15,15:35:00,25037.7,25062.1,25037.7,25062.1,
NSE,NIFTY,2025-05-15,15:40:00,25062.1,25062.1,25062.1,25062.1,
NSE,NIFTY,2025-05-15,15:45:00,25062.1,25062.1,25062.1,25062.1,
NSE,NIFTY,2025-05-15,15:50:00,25062.1,25062.1,25062.1,25062.1,
NSE,NIFTY,2025-05-15,15:55:00,25062.1,25062.1,25062.1,25062.1,
NSE,NIFTY,2025-05-15,16:00:00,25062.1,25062.1,25062.1,25062.1,
NSE,NIFTY,2025-05-16,07:30:00,25062.1,25062.1,25062.1,25062.1,
NSE,NIFTY,2025-05-16,07:35:00,25062.1,25062.1,25062.1,25062.1,
NSE,NIFTY,2025-05-16,07:40:00,25062.1,25062.1,25062.1,25062.1,
NSE,NIFTY,2025-05-16,07:45:00,25062.1,25062.1,25062.1,25062.1,
NSE,NIFTY,2025-05-16,07:50:00,25062.1,25062.1,25062.1,25062.1,
NSE,NIFTY,2025-05-16,07:55:00,25062.1,25062.1,25062.1,25062.1,
NSE,NIFTY,2025-05-16,08:00:00,25062.1,25062.1,25062.1,25062.1,
NSE,NIFTY,2025-05-16,08:05:00,25062.1,25062.1,25062.1,25062.1,
NSE,NIFTY,2025-05-16,08:10:00,25062.1,25062.1,25062.1,25062.1,
NSE,NIFTY,2025-05-16,08:15:00,25062.1,25062.1,25062.1,25062.1,
NSE,NIFTY,2025-05-16,08:20:00,25062.1,25062.1,25062.1,25062.1,
NSE,NIFTY,2025-05-16,08:25:00,25062.1,25062.1,25062.1,25062.1,
NSE,NIFTY,2025-05-16,08:30:00,25062.1,25062.1,25062.1,25062.1,
NSE,NIFTY,2025-05-16,08:35:00,25062.1,25062.1,25062.1,25062.1,
NSE,NIFTY,2025-05-16,08:40:00,25062.1,25062.1,25062.1,25062.1,
NSE,NIFTY,2025-05-16,08:45:00,25062.1,25062.1,25062.1,25062.1,
NSE,NIFTY,2025-05-16,08:50:00,25062.1,25062.1,25062.1,25062.1,
NSE,NIFTY,2025-05-16,08:55:00,25062.1,25062.1,25062.1,25062.1,
NSE,NIFTY,2025-05-16,09:00:00,25062.1,25170.35,25062.1,25080.15,
NSE,NIFTY,2025-05-16,09:05:00,25081.25,25084.7,24884.85,25045.8,
NSE,NIFTY,2025-05-16,09:10:00,25045.6,25065.85,25045.6,25064.65,
NSE,NIFTY,2025-05-16,09:15:00,25064.65,25064.65,25001.85,25003.4,
NSE,NIFTY,2025-05-16,09:20:00,25001.5,25040.1,24995.8,24995.95,
NSE,NIFTY,2025-05-16,09:25:00,24994.45,25023.7,24984.65,25008.15,
NSE,NIFTY,2025-05-16,09:30:00,25006.25,25056.55,24997.4,25050.45,
NSE,NIFTY,2025-05-16,09:35:00,25049.55,25069.55,25007.2,25014.95,
NSE,NIFTY,2025-05-16,09:40:00,25018.1,25024.95,24997.9,24998.6,
NSE,NIFTY,2025-05-16,09:45:00,24999.45,25038.8,24983.15,25028.15,
NSE,NIFTY,2025-05-16,09:50:00,25028.8,25030.7,25005.7,25006.1,
NSE,NIFTY,2025-05-16,09:55:00,25005.9,25015.4,24976.25,24989.8,
NSE,NIFTY,2025-05-16,10:00:00,24990,25004.95,24983.6,24995.9,
NSE,NIFTY,2025-05-16,10:05:00,24995.75,25028.9,24995.75,25013.1,
NSE,NIFTY,2025-05-16,10:10:00,25014.2,25023.45,24998.35,24999.1,
NSE,NIFTY,2025-05-16,10:15:00,24999.15,25008.15,24993.15,25001.5,
NSE,NIFTY,2025-05-16,10:20:00,25001.55,25027.35,24999.85,25024.1,
NSE,NIFTY,2025-05-16,10:25:00,25024.25,25040.85,24990.35,24990.4,
NSE,NIFTY,2025-05-16,10:30:00,24991.5,25013.75,24987.6,25009.4,
NSE,NIFTY,2025-05-16,10:35:00,25008.15,25013.15,24997.6,25000.3,
NSE,NIFTY,2025-05-16,10:40:00,25000.75,25007.6,24983.7,24995.9,
NSE,NIFTY,2025-05-16,10:45:00,24998.1,25014.3,24991.8,24995.8,
NSE,NIFTY,2025-05-16,10:50:00,24996.2,25003.8,24994.55,24998.15,
NSE,NIFTY,2025-05-16,10:55:00,24998,24999.7,24991.1,24992.95,
NSE,NIFTY,2025-05-16,11:00:00,24992.55,25004.6,24992,24998.8,
NSE,NIFTY,2025-05-16,11:05:00,24999.15,24999.15,24979.3,24987.95,
NSE,NIFTY,2025-05-16,11:10:00,24986.4,24987.6,24953.15,24955.9,
NSE,NIFTY,2025-05-16,11:15:00,24955.95,24975.6,24954.85,24973.6,
NSE,NIFTY,2025-05-16,11:20:00,24974.65,24985.3,24969.2,24983.15,
NSE,NIFTY,2025-05-16,11:25:00,24982.35,24983.35,24972.6,24976.5,
NSE,NIFTY,2025-05-16,11:30:00,24976.65,24978.4,24958.7,24960.85,
NSE,NIFTY,2025-05-16,11:35:00,24961.4,24997.9,24960.55,24997.55,
NSE,NIFTY,2025-05-16,11:40:00,24997.6,24997.85,24984.55,24985.7,
NSE,NIFTY,2025-05-16,11:45:00,24985.55,24987.2,24975.15,24981.9,
NSE,NIFTY,2025-05-16,11:50:00,24982.35,24992,24980.7,24986.95,
NSE,NIFTY,2025-05-16,11:55:00,24986.6,24988.3,24972.95,24973.4,
NSE,NIFTY,2025-05-16,12:00:00,24972.7,24981.1,24971.4,24973.45,
NSE,NIFTY,2025-05-16,12:05:00,24974.35,24991.55,24973.1,24988.2,
NSE,NIFTY,2025-05-16,12:10:00,24988.3,24989.4,24982.15,24983.65,
NSE,NIFTY,2025-05-16,12:15:00,24983,24984.4,24972,24972.55,
NSE,NIFTY,2025-05-16,12:20:00,24972.75,24982.3,24968.8,24977.55,
NSE,NIFTY,2025-05-16,12:25:00,24977.65,24983.2,24974.7,24979.6,
NSE,NIFTY,2025-05-16,12:30:00,24979.1,24989.8,24978,24987.2,
NSE,NIFTY,2025-05-16,12:35:00,24988.35,25004.6,24982.25,25002.35,
NSE,NIFTY,2025-05-16,12:40:00,25002.35,25003.15,24991.5,24994.65,
NSE,NIFTY,2025-05-16,12:45:00,24994.55,25007.35,24992.6,25006.95,
NSE,NIFTY,2025-05-16,12:50:00,25007.55,25018.5,24999,25001.85,
NSE,NIFTY,2025-05-16,12:55:00,25002.25,25012.9,25000.75,25004.2,
NSE,NIFTY,2025-05-16,13:00:00,25003.75,25004.9,24987.95,24989.3,
NSE,NIFTY,2025-05-16,13:05:00,24990.1,24999.6,24986.85,24996.8,
NSE,NIFTY,2025-05-16,13:10:00,24996.9,25007.45,24995.2,25000.9,
NSE,NIFTY,2025-05-16,13:15:00,25000.4,25008.6,24994.9,25006.2,
NSE,NIFTY,2025-05-16,13:20:00,25006.6,25015.5,25004.95,25011.5,
NSE,NIFTY,2025-05-16,13:25:00,25011.45,25015.4,25005.5,25011.1,
NSE,NIFTY,2025-05-16,13:30:00,25011.2,25034.8,25010.8,25025,
NSE,NIFTY,2025-05-16,13:35:00,25025.8,25031.9,25016.3,25021.5,
NSE,NIFTY,2025-05-16,13:40:00,25019.2,25025.6,25011.7,25013.15,
NSE,NIFTY,2025-05-16,13:45:00,25012.3,25013.3,24995.8,24995.8,
NSE,NIFTY,2025-05-16,13:50:00,24996,25013.8,24994.45,25013.45,
NSE,NIFTY,2025-05-16,13:55:00,25012.35,25020.3,25010.6,25016.55,
NSE,NIFTY,2025-05-16,14:00:00,25016.4,25020.3,25010.6,25013.9,
NSE,NIFTY,2025-05-16,14:05:00,25012.6,25025,25010.25,25022.75,
NSE,NIFTY,2025-05-16,14:10:00,25023.25,25031.5,25021.25,25028.7,
NSE,NIFTY,2025-05-16,14:15:00,25028.65,25032.95,25016.3,25024,
NSE,NIFTY,2025-05-16,14:20:00,25022.65,25025.05,24999.7,25002.7,
NSE,NIFTY,2025-05-16,14:25:00,25002.4,25015.4,25001.55,25014.1,
NSE,NIFTY,2025-05-16,14:30:00,25013.1,25018.95,25001.85,25002.65,
NSE,NIFTY,2025-05-16,14:35:00,25002.15,25007.2,24992.35,25004.15,
NSE,NIFTY,2025-05-16,14:40:00,25004.95,25019.8,24996.1,25018.4,
NSE,NIFTY,2025-05-16,14:45:00,25018.85,25019.7,25011.85,25015.45,
NSE,NIFTY,2025-05-16,14:50:00,25016.15,25017.25,25008.7,25012.5,
NSE,NIFTY,2025-05-16,14:55:00,25013.3,25019.45,25008.35,25012.75,
NSE,NIFTY,2025-05-16,15:00:00,25013.4,25017.15,25005.3,25016.2,
NSE,NIFTY,2025-05-16,15:05:00,25016.8,25027.7,25013.05,25025.95,
NSE,NIFTY,2025-05-16,15:10:00,25025.15,25033.15,25020.05,25032.45,
NSE,NIFTY,2025-05-16,15:15:00,25032.7,25034.5,25023.05,25023.45,
NSE,NIFTY,2025-05-16,15:20:00,25024.5,25025.6,25014.55,25015.65,
NSE,NIFTY,2025-05-16,15:25:00,25017.2,25018.9,25010.8,25017.3,
NSE,NIFTY,2025-05-16,15:30:00,25017.9,25018.1,25002.7,25013.7,
NSE,NIFTY,2025-05-16,15:35:00,25013.7,25019.8,25013.7,25019.8,
NSE,NIFTY,2025-05-16,15:40:00,25019.8,25019.8,25019.8,25019.8,
NSE,NIFTY,2025-05-16,15:45:00,25019.8,25019.8,25019.8,25019.8,
NSE,NIFTY,2025-05-16,15:50:00,25019.8,25019.8,25019.8,25019.8,
NSE,NIFTY,2025-05-16,15:55:00,25019.8,25019.8,25019.8,25019.8,
NSE,NIFTY,2025-05-16,16:00:00,25019.8,25019.8,25019.8,25019.8,
NSE,NIFTY,2025-05-19,07:30:00,25019.8,25019.8,25019.8,25019.8,
NSE,NIFTY,2025-05-19,07:35:00,25019.8,25019.8,25019.8,25019.8,
NSE,NIFTY,2025-05-19,07:40:00,25019.8,25019.8,25019.8,25019.8,
NSE,NIFTY,2025-05-19,07:45:00,25019.8,25019.8,25019.8,25019.8,
NSE,NIFTY,2025-05-19,07:50:00,25019.8,25019.8,25019.8,25019.8,
NSE,NIFTY,2025-05-19,07:55:00,25019.8,25019.8,25019.8,25019.8,
NSE,NIFTY,2025-05-19,08:00:00,25019.8,25019.8,25019.8,25019.8,
NSE,NIFTY,2025-05-19,08:05:00,25019.8,25019.8,25019.8,25019.8,
NSE,NIFTY,2025-05-19,08:10:00,25019.8,25019.8,25019.8,25019.8,
NSE,NIFTY,2025-05-19,08:15:00,25019.8,25019.8,25019.8,25019.8,
NSE,NIFTY,2025-05-19,08:20:00,25019.8,25019.8,25019.8,25019.8,
NSE,NIFTY,2025-05-19,08:25:00,25019.8,25019.8,25019.8,25019.8,
NSE,NIFTY,2025-05-19,08:30:00,25019.8,25019.8,25019.8,25019.8,
NSE,NIFTY,2025-05-19,08:35:00,25019.8,25019.8,25019.8,25019.8,
NSE,NIFTY,2025-05-19,08:40:00,25019.8,25019.8,25019.8,25019.8,
NSE,NIFTY,2025-05-19,08:45:00,25019.8,25019.8,25019.8,25019.8,
NSE,NIFTY,2025-05-19,08:50:00,25019.8,25019.8,25019.8,25019.8,
NSE,NIFTY,2025-05-19,08:55:00,25019.8,25019.8,25019.8,25019.8,
NSE,NIFTY,2025-05-19,09:00:00,25019.8,25064.3,24905.9,25008.15,
NSE,NIFTY,2025-05-19,09:05:00,25009.85,25105.8,24986.55,25037.9,
NSE,NIFTY,2025-05-19,09:10:00,25037.8,25039.7,24999.35,25005.35,
NSE,NIFTY,2025-05-19,09:15:00,25005.35,25032.95,24978.15,24991.45,
NSE,NIFTY,2025-05-19,09:20:00,24989.75,25047.9,24967.95,25038.95,
NSE,NIFTY,2025-05-19,09:25:00,25035.8,25047.15,25006.15,25025.75,
NSE,NIFTY,2025-05-19,09:30:00,25026.8,25030.25,25003.35,25026.35,
NSE,NIFTY,2025-05-19,09:35:00,25027.8,25056.55,25025.35,25026.45,
NSE,NIFTY,2025-05-19,09:40:00,25027.1,25027.1,24978.55,24982.75,
NSE,NIFTY,2025-05-19,09:45:00,24984.85,25022.45,24978,24996.7,
NSE,NIFTY,2025-05-19,09:50:00,24995.9,25019.75,24994.55,25019.35,
NSE,NIFTY,2025-05-19,09:55:00,25019.55,25029.3,25006.65,25011.15,
NSE,NIFTY,2025-05-19,10:00:00,25010.4,25017.25,24996.25,25009.1,
NSE,NIFTY,2025-05-19,10:05:00,25007.25,25035.65,25002.05,25028.55,
NSE,NIFTY,2025-05-19,10:10:00,25028.4,25047.8,25026.45,25047.05,
NSE,NIFTY,2025-05-19,10:15:00,25046.35,25049.4,25034.4,25044.4,
NSE,NIFTY,2025-05-19,10:20:00,25044.4,25062.95,25038.65,25042.15,
NSE,NIFTY,2025-05-19,10:25:00,25040.4,25058.15,25038.85,25051.6,
NSE,NIFTY,2025-05-19,10:30:00,25050.75,25052.35,25015.65,25018.45,
NSE,NIFTY,2025-05-19,10:35:00,25018.75,25035.65,25015.4,25022.5,
NSE,NIFTY,2025-05-19,10:40:00,25019.8,25026.75,25009.05,25013.45,
NSE,NIFTY,2025-05-19,10:45:00,25013.7,25018.7,25000.45,25000.75,
NSE,NIFTY,2025-05-19,10:50:00,25000.45,25016.4,24999.45,25015.25,
NSE,NIFTY,2025-05-19,10:55:00,25015.25,25039.9,25008.25,25036.55,
NSE,NIFTY,2025-05-19,11:00:00,25036.25,25040.6,25032.05,25032.8,
NSE,NIFTY,2025-05-19,11:05:00,25031.9,25045,25023.5,25044.75,
NSE,NIFTY,2025-05-19,11:10:00,25044.55,25045.85,25035.25,25039.4,
NSE,NIFTY,2025-05-19,11:15:00,25038.8,25040.9,25022.3,25025.4,
NSE,NIFTY,2025-05-19,11:20:00,25024.4,25043.1,25024.4,25037.3,
NSE,NIFTY,2025-05-19,11:25:00,25035.4,25037.05,25023.1,25026.2,
NSE,NIFTY,2025-05-19,11:30:00,25026.75,25030,25023,25029.75,
NSE,NIFTY,2025-05-19,11:35:00,25029.3,25030.35,25008.5,25011.1,
NSE,NIFTY,2025-05-19,11:40:00,25010.9,25020.8,25009.25,25012.75,
NSE,NIFTY,2025-05-19,11:45:00,25013.45,25017.25,25006.4,25006.9,
NSE,NIFTY,2025-05-19,11:50:00,25007.7,25012.45,24998.95,25008.75,
NSE,NIFTY,2025-05-19,11:55:00,25009.55,25025.1,25009,25019.8,
NSE,NIFTY,2025-05-19,12:00:00,25019.45,25022.35,24991.4,24994.95,
NSE,NIFTY,2025-05-19,12:05:00,24993.75,24996.4,24979.65,24990.25,
NSE,NIFTY,2025-05-19,12:10:00,24990.15,24996.3,24986.2,24989.95,
NSE,NIFTY,2025-05-19,12:15:00,24988.35,24992.7,24974.45,24974.5,
NSE,NIFTY,2025-05-19,12:20:00,24973.8,25005.4,24972.25,25005.15,
NSE,NIFTY,2025-05-19,12:25:00,25003.1,25012.2,25000.8,25011.55,
NSE,NIFTY,2025-05-19,12:30:00,25010.7,25017.5,25004.45,25008.25,
NSE,NIFTY,2025-05-19,12:35:00,25009.45,25014.45,25005.65,25006.9,
NSE,NIFTY,2025-05-19,12:40:00,25006.25,25011.6,25000.1,25002.35,
NSE,NIFTY,2025-05-19,12:45:00,25002.2,25007.7,24999.95,25004.25,
NSE,NIFTY,2025-05-19,12:50:00,25002.9,25009.7,24997.85,25004,
NSE,NIFTY,2025-05-19,12:55:00,25004.5,25018.6,25003.6,25014.85,
NSE,NIFTY,2025-05-19,13:00:00,25014.45,25016.3,25010,25012.15,
NSE,NIFTY,2025-05-19,13:05:00,25012.4,25016.1,24995.75,25000.1,
NSE,NIFTY,2025-05-19,13:10:00,24998.6,25004.35,24982.25,24985.25,
NSE,NIFTY,2025-05-19,13:15:00,24984.9,24985.2,24975.95,24979.7,
NSE,NIFTY,2025-05-19,13:20:00,24978.95,24989.7,24974.7,24984.95,
NSE,NIFTY,2025-05-19,13:25:00,24984.9,25006.1,24984,25002,
NSE,NIFTY,2025-05-19,13:30:00,25001.6,25003.2,24988.8,25001,
NSE,NIFTY,2025-05-19,13:35:00,25001.6,25004,24984.05,24990.8,
NSE,NIFTY,2025-05-19,13:40:00,24990.35,24992.95,24981.6,24991.15,
NSE,NIFTY,2025-05-19,13:45:00,24990.35,24992.55,24978.25,24983.15,
NSE,NIFTY,2025-05-19,13:50:00,24983.6,24984.9,24972,24974.7,
NSE,NIFTY,2025-05-19,13:55:00,24973.7,24984.8,24970.45,24982.3,
NSE,NIFTY,2025-05-19,14:00:00,24982.05,24984.05,24967.4,24968.7,
NSE,NIFTY,2025-05-19,14:05:00,24968.5,24969.35,24944.2,24951.7,
NSE,NIFTY,2025-05-19,14:10:00,24951.55,24951.55,24934.9,24937.85,
NSE,NIFTY,2025-05-19,14:15:00,24936.1,24943.2,24919.3,24939.2,
NSE,NIFTY,2025-05-19,14:20:00,24938.75,24960.55,24936.35,24954.55,
NSE,NIFTY,2025-05-19,14:25:00,24954.1,24956.8,24944.2,24945.65,
NSE,NIFTY,2025-05-19,14:30:00,24944.45,24951.7,24935.1,24939.75,
NSE,NIFTY,2025-05-19,14:35:00,24939.15,24948.2,24932.55,24948.2,
NSE,NIFTY,2025-05-19,14:40:00,24947.25,24947.85,24938.65,24944.25,
NSE,NIFTY,2025-05-19,14:45:00,24944.55,24949.65,24938.1,24939.95,
NSE,NIFTY,2025-05-19,14:50:00,24938.95,24939.45,24916.65,24932.05,
NSE,NIFTY,2025-05-19,14:55:00,24931.1,24937.35,24919,24927.85,
NSE,NIFTY,2025-05-19,15:00:00,24929.55,24938.7,24923.35,24938.7,
NSE,NIFTY,2025-05-19,15:05:00,24938.55,24958.5,24937.75,24949.5,
NSE,NIFTY,2025-05-19,15:10:00,24949.75,24956.15,24936.25,24946,
NSE,NIFTY,2025-05-19,15:15:00,24945.85,24949.5,24942.5,24944.75,
NSE,NIFTY,2025-05-19,15:20:00,24944.65,24947,24940.3,24945.6,
NSE,NIFTY,2025-05-19,15:25:00,24946.1,24948.45,24939.75,24947.95,
NSE,NIFTY,2025-05-19,15:30:00,24947.85,24951.65,24927.45,24933.2,
NSE,NIFTY,2025-05-19,15:35:00,24933.2,24945.45,24933.2,24945.45,
NSE,NIFTY,2025-05-19,15:40:00,24945.45,24945.45,24945.45,24945.45,
NSE,NIFTY,2025-05-19,15:45:00,24945.45,24945.45,24945.45,24945.45,
NSE,NIFTY,2025-05-19,15:50:00,24945.45,24945.45,24945.45,24945.45,
NSE,NIFTY,2025-05-19,15:55:00,24945.45,24945.45,24945.45,24945.45,
NSE,NIFTY,2025-05-19,16:00:00,24945.45,24945.45,24945.45,24945.45,
NSE,NIFTY,2025-05-20,07:30:00,24945.45,24945.45,24945.45,24945.45,
NSE,NIFTY,2025-05-20,07:35:00,24945.45,24945.45,24945.45,24945.45,
NSE,NIFTY,2025-05-20,07:40:00,24945.45,24945.45,24945.45,24945.45,
NSE,NIFTY,2025-05-20,07:45:00,24945.45,24945.45,24945.45,24945.45,
NSE,NIFTY,2025-05-20,07:50:00,24945.45,24945.45,24945.45,24945.45,
NSE,NIFTY,2025-05-20,07:55:00,24945.45,24945.45,24945.45,24945.45,
NSE,NIFTY,2025-05-20,08:00:00,24945.45,24945.45,24945.45,24945.45,
NSE,NIFTY,2025-05-20,08:05:00,24945.45,24945.45,24945.45,24945.45,
NSE,NIFTY,2025-05-20,08:10:00,24945.45,24945.45,24945.45,24945.45,
NSE,NIFTY,2025-05-20,08:15:00,24945.45,24945.45,24945.45,24945.45,
NSE,NIFTY,2025-05-20,08:20:00,24945.45,24945.45,24945.45,24945.45,
NSE,NIFTY,2025-05-20,08:25:00,24945.45,24945.45,24945.45,24945.45,
NSE,NIFTY,2025-05-20,08:30:00,24945.45,24945.45,24945.45,24945.45,
NSE,NIFTY,2025-05-20,08:35:00,24945.45,24945.45,24945.45,24945.45,
NSE,NIFTY,2025-05-20,08:40:00,24945.45,24945.45,24945.45,24945.45,
NSE,NIFTY,2025-05-20,08:45:00,24945.45,24945.45,24945.45,24945.45,
NSE,NIFTY,2025-05-20,08:50:00,24945.45,24945.45,24945.45,24945.45,
NSE,NIFTY,2025-05-20,08:55:00,24945.45,24945.45,24945.45,24945.45,
NSE,NIFTY,2025-05-20,09:00:00,24945.45,24945.45,24298.25,24557.9,
NSE,NIFTY,2025-05-20,09:05:00,24563.35,24946.7,24561.3,24924.35,
NSE,NIFTY,2025-05-20,09:10:00,24924.95,24997.9,24921.5,24996.2,
NSE,NIFTY,2025-05-20,09:15:00,24996.2,25007.65,24988.3,24997.6,
NSE,NIFTY,2025-05-20,09:20:00,24995.3,24998.6,24962.2,24962.2,
NSE,NIFTY,2025-05-20,09:25:00,24961.35,24985.05,24936.2,24956.3,
NSE,NIFTY,2025-05-20,09:30:00,24956.75,24971.5,24927.8,24934.2,
NSE,NIFTY,2025-05-20,09:35:00,24935.8,24956.9,24917.35,24935.8,
NSE,NIFTY,2025-05-20,09:40:00,24936.15,24961.7,24932.25,24946.15,
NSE,NIFTY,2025-05-20,09:45:00,24947.45,24947.6,24895.5,24896.75,
NSE,NIFTY,2025-05-20,09:50:00,24898.65,24909.5,24887.95,24889.25,
NSE,NIFTY,2025-05-20,09:55:00,24889.6,24906.05,24864.05,24869.35,
NSE,NIFTY,2025-05-20,10:00:00,24869.65,24897.45,24868.9,24890.05,
NSE,NIFTY,2025-05-20,10:05:00,24889.85,24894.65,24874.3,24892.45,
NSE,NIFTY,2025-05-20,10:10:00,24893.15,24909.85,24886.1,24901.15,
NSE,NIFTY,2025-05-20,10:15:00,24900.95,24902.6,24888.6,24898.3,
NSE,NIFTY,2025-05-20,10:20:00,24897.55,24898.25,24879,24893.85,
NSE,NIFTY,2025-05-20,10:25:00,24895.2,24896.8,24888.65,24891.7,
NSE,NIFTY,2025-05-20,10:30:00,24892.85,24902.5,24884.5,24889.45,
NSE,NIFTY,2025-05-20,10:35:00,24889.85,24902.6,24889.2,24902.6,
NSE,NIFTY,2025-05-20,10:40:00,24902.75,24934.65,24900.95,24931.95,
NSE,NIFTY,2025-05-20,10:45:00,24931.9,24935.15,24922.9,24933.2,
NSE,NIFTY,2025-05-20,10:50:00,24938.15,24967.25,24938.15,24947.65,
NSE,NIFTY,2025-05-20,10:55:00,24948.65,24951.35,24926.5,24928,
NSE,NIFTY,2025-05-20,11:00:00,24928.15,24942.5,24917.15,24942.1,
NSE,NIFTY,2025-05-20,11:05:00,24944.6,24946.55,24920.3,24931.9,
NSE,NIFTY,2025-05-20,11:10:00,24932.8,24935.9,24919.8,24920.35,
NSE,NIFTY,2025-05-20,11:15:00,24920.05,24922.95,24905.95,24909.9,
NSE,NIFTY,2025-05-20,11:20:00,24909.4,24917.05,24895.2,24899.85,
NSE,NIFTY,2025-05-20,11:25:00,24899.3,24902.15,24888.6,24896.05,
NSE,NIFTY,2025-05-20,11:30:00,24896.05,24905.35,24878.6,24879.05,
NSE,NIFTY,2025-05-20,11:35:00,24878.4,24896.65,24876.7,24895.45,
NSE,NIFTY,2025-05-20,11:40:00,24895.95,24901.15,24876.85,24876.85,
NSE,NIFTY,2025-05-20,11:45:00,24876.25,24879.4,24865.05,24868.35,
NSE,NIFTY,2025-05-20,11:50:00,24867.4,24879.75,24863.75,24872.75,
NSE,NIFTY,2025-05-20,11:55:00,24873.75,24881.75,24846.5,24860,
NSE,NIFTY,2025-05-20,12:00:00,24859.05,24864.65,24844.8,24864.65,
NSE,NIFTY,2025-05-20,12:05:00,24864.55,24876.45,24862.1,24867.15,
NSE,NIFTY,2025-05-20,12:10:00,24867.05,24887.9,24866.55,24877.1,
NSE,NIFTY,2025-05-20,12:15:00,24876.5,24878.15,24856.35,24857.7,
NSE,NIFTY,2025-05-20,12:20:00,24856.8,24867.75,24855.2,24859.8,
NSE,NIFTY,2025-05-20,12:25:00,24859.1,24865.95,24854.15,24862.1,
NSE,NIFTY,2025-05-20,12:30:00,24861.25,24869.3,24852.05,24866.2,
NSE,NIFTY,2025-05-20,12:35:00,24865.1,24876.2,24858.8,24865.9,
NSE,NIFTY,2025-05-20,12:40:00,24866.6,24870.95,24861.7,24865,
NSE,NIFTY,2025-05-20,12:45:00,24863.8,24870.35,24849.9,24862.75,
NSE,NIFTY,2025-05-20,12:50:00,24862.75,24864.4,24826.35,24831.05,
NSE,NIFTY,2025-05-20,12:55:00,24830.75,24838.15,24801.75,24814.6,
NSE,NIFTY,2025-05-20,13:00:00,24811.6,24815.35,24781.4,24800.6,
NSE,NIFTY,2025-05-20,13:05:00,24800.85,24807.85,24788.6,24796.2,
NSE,NIFTY,2025-05-20,13:10:00,24797.7,24814.65,24787.2,24795.6,
NSE,NIFTY,2025-05-20,13:15:00,24794.05,24806.15,24784.05,24790.15,
NSE,NIFTY,2025-05-20,13:20:00,24790.85,24793.25,24765.85,24776.9,
NSE,NIFTY,2025-05-20,13:25:00,24776.95,24786.35,24772.85,24776.05,
NSE,NIFTY,2025-05-20,13:30:00,24776.35,24789.4,24772.6,24783.4,
NSE,NIFTY,2025-05-20,13:35:00,24780.15,24795.1,24772.1,24772.1,
NSE,NIFTY,2025-05-20,13:40:00,24770.25,24781.95,24766.85,24772.4,
NSE,NIFTY,2025-05-20,13:45:00,24772.2,24777.15,24750.9,24757.55,
NSE,NIFTY,2025-05-20,13:50:00,24757.75,24783,24753.85,24774.5,
NSE,NIFTY,2025-05-20,13:55:00,24774.55,24784.55,24771.8,24773.25,
NSE,NIFTY,2025-05-20,14:00:00,24772.25,24778.15,24766.9,24769.05,
NSE,NIFTY,2025-05-20,14:05:00,24768.35,24768.75,24745.75,24745.75,
NSE,NIFTY,2025-05-20,14:10:00,24743.75,24745.1,24728.35,24735.25,
NSE,NIFTY,2025-05-20,14:15:00,24733.9,24743.35,24729.15,24733.8,
NSE,NIFTY,2025-05-20,14:20:00,24732.55,24745.6,24719.4,24720.9,
NSE,NIFTY,2025-05-20,14:25:00,24721.45,24721.45,24709.3,24715.4,
NSE,NIFTY,2025-05-20,14:30:00,24713.85,24716.15,24701.15,24704.2,
NSE,NIFTY,2025-05-20,14:35:00,24704.45,24710.95,24697.35,24710.95,
NSE,NIFTY,2025-05-20,14:40:00,24708.6,24710.7,24699.9,24701.9,
NSE,NIFTY,2025-05-20,14:45:00,24702.35,24702.35,24677.3,24680.25,
NSE,NIFTY,2025-05-20,14:50:00,24680.55,24707.05,24679.15,24701.7,
NSE,NIFTY,2025-05-20,14:55:00,24701.1,24706.7,24687.85,24688.2,
NSE,NIFTY,2025-05-20,15:00:00,24687.6,24691.7,24675,24681.25,
NSE,NIFTY,2025-05-20,15:05:00,24680.35,24695.2,24676.85,24680.55,
NSE,NIFTY,2025-05-20,15:10:00,24679.95,24686.95,24670,24686.5,
NSE,NIFTY,2025-05-20,15:15:00,24687.5,24703.55,24687.2,24689.5,
NSE,NIFTY,2025-05-20,15:20:00,24689.6,24691.75,24672.05,24683,
NSE,NIFTY,2025-05-20,15:25:00,24683.35,24692.4,24676.75,24692.2,
NSE,NIFTY,2025-05-20,15:30:00,24691.85,24713.85,24691.75,24713.2,
NSE,NIFTY,2025-05-20,15:35:00,24713.2,24713.2,24683.9,24683.9,
NSE,NIFTY,2025-05-20,15:40:00,24683.9,24683.9,24683.9,24683.9,
NSE,NIFTY,2025-05-20,15:45:00,24683.9,24683.9,24683.9,24683.9,
NSE,NIFTY,2025-05-20,15:50:00,24683.9,24683.9,24683.9,24683.9,
NSE,NIFTY,2025-05-20,15:55:00,24683.9,24683.9,24683.9,24683.9,
NSE,NIFTY,2025-05-20,16:00:00,24683.9,24683.9,24683.9,24683.9,
NSE,NIFTY,2025-05-21,07:30:00,24683.9,24683.9,24683.9,24683.9,
NSE,NIFTY,2025-05-21,07:35:00,24683.9,24683.9,24683.9,24683.9,
NSE,NIFTY,2025-05-21,07:40:00,24683.9,24683.9,24683.9,24683.9,
NSE,NIFTY,2025-05-21,07:45:00,24683.9,24683.9,24683.9,24683.9,
NSE,NIFTY,2025-05-21,07:50:00,24683.9,24683.9,24683.9,24683.9,
NSE,NIFTY,2025-05-21,07:55:00,24683.9,24683.9,24683.9,24683.9,
NSE,NIFTY,2025-05-21,08:00:00,24683.9,24683.9,24683.9,24683.9,
NSE,NIFTY,2025-05-21,08:05:00,24683.9,24683.9,24683.9,24683.9,
NSE,NIFTY,2025-05-21,08:10:00,24683.9,24683.9,24683.9,24683.9,
NSE,NIFTY,2025-05-21,08:15:00,24683.9,24683.9,24683.9,24683.9,
NSE,NIFTY,2025-05-21,08:20:00,24683.9,24683.9,24683.9,24683.9,
NSE,NIFTY,2025-05-21,08:25:00,24683.9,24683.9,24683.9,24683.9,
NSE,NIFTY,2025-05-21,08:30:00,24683.9,24683.9,24683.9,24683.9,
NSE,NIFTY,2025-05-21,08:35:00,24683.9,24683.9,24683.9,24683.9,
NSE,NIFTY,2025-05-21,08:40:00,24683.9,24683.9,24683.9,24683.9,
NSE,NIFTY,2025-05-21,08:45:00,24683.9,24683.9,24683.9,24683.9,
NSE,NIFTY,2025-05-21,08:50:00,24683.9,24683.9,24683.9,24683.9,
NSE,NIFTY,2025-05-21,08:55:00,24683.9,24683.9,24683.9,24683.9,
NSE,NIFTY,2025-05-21,09:00:00,24683.9,24840,24615.45,24819.6,
NSE,NIFTY,2025-05-21,09:05:00,24823,24823,24681.8,24767.85,
NSE,NIFTY,2025-05-21,09:10:00,24767.8,24790.65,24734.7,24744.25,
NSE,NIFTY,2025-05-21,09:15:00,24744.25,24765,24742.85,24744.8,
NSE,NIFTY,2025-05-21,09:20:00,24745.3,24764.2,24701.05,24737.8,
NSE,NIFTY,2025-05-21,09:25:00,24738.9,24753.4,24692.65,24699.05,
NSE,NIFTY,2025-05-21,09:30:00,24700.9,24746.05,24698.1,24728.45,
NSE,NIFTY,2025-05-21,09:35:00,24727.95,24778.6,24722.5,24776.6,
NSE,NIFTY,2025-05-21,09:40:00,24778.1,24808.45,24765.15,24800.5,
NSE,NIFTY,2025-05-21,09:45:00,24799.7,24818.9,24791.65,24817.7,
NSE,NIFTY,2025-05-21,09:50:00,24816.2,24839.55,24816.2,24829.35,
NSE,NIFTY,2025-05-21,09:55:00,24828,24844,24818.6,24837.6,
NSE,NIFTY,2025-05-21,10:00:00,24837.95,24838.35,24807.25,24814.7,
NSE,NIFTY,2025-05-21,10:05:00,24816.35,24841.45,24811.25,24828.7,
NSE,NIFTY,2025-05-21,10:10:00,24828.95,24861.35,24827.4,24857.65,
NSE,NIFTY,2025-05-21,10:15:00,24858,24878.4,24852.25,24877.35,
NSE,NIFTY,2025-05-21,10:20:00,24878.85,24905.25,24878,24894.75,
NSE,NIFTY,2025-05-21,10:25:00,24895.25,24911.35,24894.5,24906.45,
NSE,NIFTY,2025-05-21,10:30:00,24907.7,24914.15,24884,24896.3,
NSE,NIFTY,2025-05-21,10:35:00,24896.6,24917.45,24894.6,24914.05,
NSE,NIFTY,2025-05-21,10:40:00,24914.35,24945.4,24914.05,24938.45,
NSE,NIFTY,2025-05-21,10:45:00,24938.7,24943.95,24914.1,24918,
NSE,NIFTY,2025-05-21,10:50:00,24918,24931.1,24905.95,24930.3,
NSE,NIFTY,2025-05-21,10:55:00,24929.05,24936.05,24912.9,24918.95,
NSE,NIFTY,2025-05-21,11:00:00,24918.75,24928.65,24909.05,24914.9,
NSE,NIFTY,2025-05-21,11:05:00,24915.5,24921.45,24877.95,24879.15,
NSE,NIFTY,2025-05-21,11:10:00,24879.45,24913.9,24858.05,24913.55,
NSE,NIFTY,2025-05-21,11:15:00,24913.9,24917,24894.55,24898.5,
NSE,NIFTY,2025-05-21,11:20:00,24898.4,24913,24893.8,24912.45,
NSE,NIFTY,2025-05-21,11:25:00,24911.8,24914.4,24869,24876.85,
NSE,NIFTY,2025-05-21,11:30:00,24878.05,24886.15,24865.8,24872.65,
NSE,NIFTY,2025-05-21,11:35:00,24873.15,24875.2,24845.8,24848.55,
NSE,NIFTY,2025-05-21,11:40:00,24848.85,24866.45,24833.6,24865.45,
NSE,NIFTY,2025-05-21,11:45:00,24865.95,24878.85,24851.55,24853.5,
NSE,NIFTY,2025-05-21,11:50:00,24853.6,24853.85,24819,24822.3,
NSE,NIFTY,2025-05-21,11:55:00,24822.45,24834.3,24812.4,24830.85,
NSE,NIFTY,2025-05-21,12:00:00,24830.75,24834.8,24825.4,24828.95,
NSE,NIFTY,2025-05-21,12:05:00,24828,24829.35,24779.7,24781.45,
NSE,NIFTY,2025-05-21,12:10:00,24781.25,24794.4,24777.35,24779.85,
NSE,NIFTY,2025-05-21,12:15:00,24780.6,24780.6,24727.1,24730.6,
NSE,NIFTY,2025-05-21,12:20:00,24730,24734.8,24685.95,24734.4,
NSE,NIFTY,2025-05-21,12:25:00,24739.4,24767.4,24733.25,24758,
NSE,NIFTY,2025-05-21,12:30:00,24758.1,24762,24717,24752.75,
NSE,NIFTY,2025-05-21,12:35:00,24754.05,24775,24750.5,24764.5,
NSE,NIFTY,2025-05-21,12:40:00,24767.4,24808.5,24764.8,24800.45,
NSE,NIFTY,2025-05-21,12:45:00,24800.05,24803.4,24776.75,24783.9,
NSE,NIFTY,2025-05-21,12:50:00,24784.5,24785.55,24751.55,24768.85,
NSE,NIFTY,2025-05-21,12:55:00,24770.55,24774.75,24736.3,24745.8,
NSE,NIFTY,2025-05-21,13:00:00,24744.8,24781.05,24741.1,24779.2,
NSE,NIFTY,2025-05-21,13:05:00,24779.55,24790.05,24767.35,24789.4,
NSE,NIFTY,2025-05-21,13:10:00,24789.75,24802.35,24778.15,24783.45,
NSE,NIFTY,2025-05-21,13:15:00,24783.85,24804.15,24780.8,24800.5,
NSE,NIFTY,2025-05-21,13:20:00,24801.8,24839.35,24793.2,24837.85,
NSE,NIFTY,2025-05-21,13:25:00,24837.35,24838.55,24810.15,24813.4,
NSE,NIFTY,2025-05-21,13:30:00,24814.45,24815.4,24775.1,24782.45,
NSE,NIFTY,2025-05-21,13:35:00,24782.9,24804.55,24778.75,24804.1,
NSE,NIFTY,2025-05-21,13:40:00,24805,24815.15,24769,24783.65,
NSE,NIFTY,2025-05-21,13:45:00,24784.2,24788.6,24758.5,24778.6,
NSE,NIFTY,2025-05-21,13:50:00,24779.9,24785.2,24773.45,24783.55,
NSE,NIFTY,2025-05-21,13:55:00,24784.3,24787.6,24773.7,24785.25,
NSE,NIFTY,2025-05-21,14:00:00,24782.8,24793.8,24774.75,24780.2,
NSE,NIFTY,2025-05-21,14:05:00,24780.5,24780.5,24740.8,24761.6,
NSE,NIFTY,2025-05-21,14:10:00,24763.8,24772.1,24762.95,24764.1,
NSE,NIFTY,2025-05-21,14:15:00,24763.85,24801.95,24763.35,24797.65,
NSE,NIFTY,2025-05-21,14:20:00,24797.9,24804.05,24789.35,24792.95,
NSE,NIFTY,2025-05-21,14:25:00,24792.9,24819.35,24792,24800.65,
NSE,NIFTY,2025-05-21,14:30:00,24801.85,24813.75,24798.25,24812.35,
NSE,NIFTY,2025-05-21,14:35:00,24814.7,24818.95,24803.85,24807.85,
NSE,NIFTY,2025-05-21,14:40:00,24809.25,24819.6,24802.95,24808.15,
NSE,NIFTY,2025-05-21,14:45:00,24808.6,24813,24780.65,24798.5,
NSE,NIFTY,2025-05-21,14:50:00,24801.35,24806,24792.55,24797.8,
NSE,NIFTY,2025-05-21,14:55:00,24799.3,24813.9,24790.15,24810.15,
NSE,NIFTY,2025-05-21,15:00:00,24809.9,24818.45,24796.35,24817.35,
NSE,NIFTY,2025-05-21,15:05:00,24817.4,24828.45,24810.15,24817.7,
NSE,NIFTY,2025-05-21,15:10:00,24817.35,24829.85,24816.3,24825.6,
NSE,NIFTY,2025-05-21,15:15:00,24825.55,24826.35,24803.65,24810.65,
NSE,NIFTY,2025-05-21,15:20:00,24810.3,24815.7,24806.5,24813.6,
NSE,NIFTY,2025-05-21,15:25:00,24813.3,24819.95,24794.85,24800.9,
NSE,NIFTY,2025-05-21,15:30:00,24801.1,24806.5,24796.75,24801.35,
NSE,NIFTY,2025-05-21,15:35:00,24801.35,24813.45,24801.35,24813.45,
NSE,NIFTY,2025-05-21,15:40:00,24813.45,24813.45,24813.45,24813.45,
NSE,NIFTY,2025-05-21,15:45:00,24813.45,24813.45,24813.45,24813.45,
NSE,NIFTY,2025-05-21,15:50:00,24813.45,24813.45,24813.45,24813.45,
NSE,NIFTY,2025-05-21,15:55:00,24813.45,24813.45,24813.45,24813.45,
NSE,NIFTY,2025-05-21,16:00:00,24813.45,24813.45,24813.45,24813.45,
NSE,NIFTY,2025-05-22,07:30:00,24813.45,24813.45,24813.45,24813.45,
NSE,NIFTY,2025-05-22,07:35:00,24813.45,24813.45,24813.45,24813.45,
NSE,NIFTY,2025-05-22,07:40:00,24813.45,24813.45,24813.45,24813.45,
NSE,NIFTY,2025-05-22,07:45:00,24813.45,24813.45,24813.45,24813.45,
NSE,NIFTY,2025-05-22,07:50:00,24813.45,24813.45,24813.45,24813.45,
NSE,NIFTY,2025-05-22,07:55:00,24813.45,24813.45,24813.45,24813.45,
NSE,NIFTY,2025-05-22,08:00:00,24813.45,24813.45,24813.45,24813.45,
NSE,NIFTY,2025-05-22,08:05:00,24813.45,24813.45,24813.45,24813.45,
NSE,NIFTY,2025-05-22,08:10:00,24813.45,24813.45,24813.45,24813.45,
NSE,NIFTY,2025-05-22,08:15:00,24813.45,24813.45,24813.45,24813.45,
NSE,NIFTY,2025-05-22,08:20:00,24813.45,24813.45,24813.45,24813.45,
NSE,NIFTY,2025-05-22,08:25:00,24813.45,24813.45,24813.45,24813.45,
NSE,NIFTY,2025-05-22,08:30:00,24813.45,24813.45,24813.45,24813.45,
NSE,NIFTY,2025-05-22,08:35:00,24813.45,24813.45,24813.45,24813.45,
NSE,NIFTY,2025-05-22,08:40:00,24813.45,24813.45,24813.45,24813.45,
NSE,NIFTY,2025-05-22,08:45:00,24813.45,24813.45,24813.45,24813.45,
NSE,NIFTY,2025-05-22,08:50:00,24813.45,24813.45,24813.45,24813.45,
NSE,NIFTY,2025-05-22,08:55:00,24813.45,24813.45,24813.45,24813.45,
NSE,NIFTY,2025-05-22,09:00:00,24813.45,24856.45,24709.9,24709.9,
NSE,NIFTY,2025-05-22,09:05:00,24705.45,24764.1,24545.75,24737.9,
NSE,NIFTY,2025-05-22,09:10:00,24737.9,24751.7,24716,24733.95,
NSE,NIFTY,2025-05-22,09:15:00,24733.95,24733.95,24687.1,24709.95,
NSE,NIFTY,2025-05-22,09:20:00,24707.75,24715.35,24610.95,24622.65,
NSE,NIFTY,2025-05-22,09:25:00,24621.5,24638.55,24574.8,24588.9,
NSE,NIFTY,2025-05-22,09:30:00,24587.7,24614,24563.25,24570.3,
NSE,NIFTY,2025-05-22,09:35:00,24566.65,24577.95,24542.1,24543.05,
NSE,NIFTY,2025-05-22,09:40:00,24543.7,24603.75,24543.6,24567.2,
NSE,NIFTY,2025-05-22,09:45:00,24567.65,24616.05,24567.55,24572.2,
NSE,NIFTY,2025-05-22,09:50:00,24567.05,24576.4,24556.65,24566,
NSE,NIFTY,2025-05-22,09:55:00,24565.7,24599.1,24559.8,24573.6,
NSE,NIFTY,2025-05-22,10:00:00,24574.2,24631.7,24574.2,24622.75,
NSE,NIFTY,2025-05-22,10:05:00,24622.85,24628.25,24602.3,24609.1,
NSE,NIFTY,2025-05-22,10:10:00,24609.3,24609.8,24580.2,24591,
NSE,NIFTY,2025-05-22,10:15:00,24591.6,24612.65,24587.6,24606.3,
NSE,NIFTY,2025-05-22,10:20:00,24606.05,24621,24601.15,24610.5,
NSE,NIFTY,2025-05-22,10:25:00,24610.7,24622.8,24608.65,24613.4,
NSE,NIFTY,2025-05-22,10:30:00,24613,24613.7,24571.15,24580.5,
NSE,NIFTY,2025-05-22,10:35:00,24580.05,24602.55,24577.65,24600.3,
NSE,NIFTY,2025-05-22,10:40:00,24600.85,24628.6,24599.9,24608.8,
NSE,NIFTY,2025-05-22,10:45:00,24608.55,24622.8,24603.15,24612.85,
NSE,NIFTY,2025-05-22,10:50:00,24612.5,24613.05,24594.1,24600.4,
NSE,NIFTY,2025-05-22,10:55:00,24600.95,24611.3,24598,24602.1,
NSE,NIFTY,2025-05-22,11:00:00,24603.1,24611.75,24593.3,24608.85,
NSE,NIFTY,2025-05-22,11:05:00,24609.35,24610.25,24593.25,24598.4,
NSE,NIFTY,2025-05-22,11:10:00,24596,24603.7,24588.15,24601.25,
NSE,NIFTY,2025-05-22,11:15:00,24600.2,24605,24594.15,24595.9,
NSE,NIFTY,2025-05-22,11:20:00,24595.25,24604.3,24595.05,24598,
NSE,NIFTY,2025-05-22,11:25:00,24598.35,24599.5,24579.2,24588.1,
NSE,NIFTY,2025-05-22,11:30:00,24588.3,24598.8,24585.4,24597.85,
NSE,NIFTY,2025-05-22,11:35:00,24598.2,24598.5,24587.9,24590.1,
NSE,NIFTY,2025-05-22,11:40:00,24589.5,24593.35,24548.75,24554.25,
NSE,NIFTY,2025-05-22,11:45:00,24554.1,24565.05,24543.05,24560.65,
NSE,NIFTY,2025-05-22,11:50:00,24560.9,24578.25,24557.75,24573.95,
NSE,NIFTY,2025-05-22,11:55:00,24574.3,24607.5,24573.45,24591,
NSE,NIFTY,2025-05-22,12:00:00,24591.3,24592.3,24578.5,24590.75,
NSE,NIFTY,2025-05-22,12:05:00,24590.7,24599,24583.25,24593.75,
NSE,NIFTY,2025-05-22,12:10:00,24590,24593.9,24576.05,24579.6,
NSE,NIFTY,2025-05-22,12:15:00,24579.95,24581.25,24567.4,24572.9,
NSE,NIFTY,2025-05-22,12:20:00,24573,24574.65,24555.65,24559.65,
NSE,NIFTY,2025-05-22,12:25:00,24560.3,24569,24549.8,24552.3,
NSE,NIFTY,2025-05-22,12:30:00,24552.9,24563.45,24548.9,24557.3,
NSE,NIFTY,2025-05-22,12:35:00,24557.8,24571.9,24552.65,24562.1,
NSE,NIFTY,2025-05-22,12:40:00,24562.3,24565.15,24557.5,24564.7,
NSE,NIFTY,2025-05-22,12:45:00,24565.35,24565.7,24553.65,24558.8,
NSE,NIFTY,2025-05-22,12:50:00,24557.85,24559,24523,24535.6,
NSE,NIFTY,2025-05-22,12:55:00,24537.05,24537.3,24513.7,24518.45,
NSE,NIFTY,2025-05-22,13:00:00,24518.8,24528.45,24509.35,24517.25,
NSE,NIFTY,2025-05-22,13:05:00,24518.05,24526.15,24517.2,24517.35,
NSE,NIFTY,2025-05-22,13:10:00,24518.3,24520.35,24511.95,24514.4,
NSE,NIFTY,2025-05-22,13:15:00,24514.4,24543,24513.2,24542.25,
NSE,NIFTY,2025-05-22,13:20:00,24542.2,24548.9,24531.3,24536.4,
NSE,NIFTY,2025-05-22,13:25:00,24536.2,24554.1,24535.15,24544.9,
NSE,NIFTY,2025-05-22,13:30:00,24545.25,24556.6,24542.6,24555.5,
NSE,NIFTY,2025-05-22,13:35:00,24554.75,24555.5,24543.9,24547.45,
NSE,NIFTY,2025-05-22,13:40:00,24547.8,24551.45,24537.1,24537.45,
NSE,NIFTY,2025-05-22,13:45:00,24538,24538.45,24518.2,24525.45,
NSE,NIFTY,2025-05-22,13:50:00,24525.65,24534.85,24523.55,24525.75,
NSE,NIFTY,2025-05-22,13:55:00,24525,24527.45,24515.05,24522.4,
NSE,NIFTY,2025-05-22,14:00:00,24522.55,24530.2,24521.7,24526.8,
NSE,NIFTY,2025-05-22,14:05:00,24526.6,24539.55,24522.6,24530.9,
NSE,NIFTY,2025-05-22,14:10:00,24531.5,24532.7,24518.55,24522.1,
NSE,NIFTY,2025-05-22,14:15:00,24522,24531,24520.55,24525.1,
NSE,NIFTY,2025-05-22,14:20:00,24524.7,24524.7,24481.45,24482.9,
NSE,NIFTY,2025-05-22,14:25:00,24482.45,24499.9,24475.6,24485.05,
NSE,NIFTY,2025-05-22,14:30:00,24485.8,24494.15,24476.55,24488.5,
NSE,NIFTY,2025-05-22,14:35:00,24488.75,24497.45,24474.3,24481.3,
NSE,NIFTY,2025-05-22,14:40:00,24482.55,24530.55,24464.15,24525.95,
NSE,NIFTY,2025-05-22,14:45:00,24523.6,24577.55,24523.6,24543.05,
NSE,NIFTY,2025-05-22,14:50:00,24543.6,24580.05,24512.7,24566.05,
NSE,NIFTY,2025-05-22,14:55:00,24564.9,24586.55,24545.75,24584.45,
NSE,NIFTY,2025-05-22,15:00:00,24584.45,24639.85,24584.45,24599.7,
NSE,NIFTY,2025-05-22,15:05:00,24598.65,24614.95,24594.9,24600.15,
NSE,NIFTY,2025-05-22,15:10:00,24600.65,24619.35,24594,24611.75,
NSE,NIFTY,2025-05-22,15:15:00,24614.45,24615.35,24600.6,24602.65,
NSE,NIFTY,2025-05-22,15:20:00,24603.1,24616.4,24597.5,24606.5,
NSE,NIFTY,2025-05-22,15:25:00,24607.2,24633.55,24598.6,24632.6,
NSE,NIFTY,2025-05-22,15:30:00,24633.3,24647.15,24632.95,24637.75,
NSE,NIFTY,2025-05-22,15:35:00,24637.75,24637.75,24609.7,24609.7,
NSE,NIFTY,2025-05-22,15:40:00,24609.7,24609.7,24609.7,24609.7,
NSE,NIFTY,2025-05-22,15:45:00,24609.7,24609.7,24609.7,24609.7,
NSE,NIFTY,2025-05-22,15:50:00,24609.7,24609.7,24609.7,24609.7,
NSE,NIFTY,2025-05-22,15:55:00,24609.7,24609.7,24609.7,24609.7,
NSE,NIFTY,2025-05-22,16:00:00,24609.7,24609.7,24609.7,24609.7,
NSE,NIFTY,2025-05-23,07:30:00,24609.7,24609.7,24609.7,24609.7,
NSE,NIFTY,2025-05-23,07:35:00,24609.7,24609.7,24609.7,24609.7,
NSE,NIFTY,2025-05-23,07:40:00,24609.7,24609.7,24609.7,24609.7,
NSE,NIFTY,2025-05-23,07:45:00,24609.7,24609.7,24609.7,24609.7,
NSE,NIFTY,2025-05-23,07:50:00,24609.7,24609.7,24609.7,24609.7,
NSE,NIFTY,2025-05-23,07:55:00,24609.7,24609.7,24609.7,24609.7,
NSE,NIFTY,2025-05-23,08:00:00,24609.7,24609.7,24609.7,24609.7,
NSE,NIFTY,2025-05-23,08:05:00,24609.7,24609.7,24609.7,24609.7,
NSE,NIFTY,2025-05-23,08:10:00,24609.7,24609.7,24609.7,24609.7,
NSE,NIFTY,2025-05-23,08:15:00,24609.7,24609.7,24609.7,24609.7,
NSE,NIFTY,2025-05-23,08:20:00,24609.7,24609.7,24609.7,24609.7,
NSE,NIFTY,2025-05-23,08:25:00,24609.7,24609.7,24609.7,24609.7,
NSE,NIFTY,2025-05-23,08:30:00,24609.7,24609.7,24609.7,24609.7,
NSE,NIFTY,2025-05-23,08:35:00,24609.7,24609.7,24609.7,24609.7,
NSE,NIFTY,2025-05-23,08:40:00,24609.7,24609.7,24609.7,24609.7,
NSE,NIFTY,2025-05-23,08:45:00,24609.7,24609.7,24609.7,24609.7,
NSE,NIFTY,2025-05-23,08:50:00,24609.7,24609.7,24609.7,24609.7,
NSE,NIFTY,2025-05-23,08:55:00,24609.7,24609.7,24609.7,24609.7,
NSE,NIFTY,2025-05-23,09:00:00,24609.7,24609.7,24290.15,24293.35,
NSE,NIFTY,2025-05-23,09:05:00,24293.7,24635.65,24267.55,24633.65,
NSE,NIFTY,2025-05-23,09:10:00,24633.35,24655.4,24633.35,24639.5,
NSE,NIFTY,2025-05-23,09:15:00,24639.5,24658.15,24631.25,24651.15,
NSE,NIFTY,2025-05-23,09:20:00,24657.9,24663.75,24614.65,24650.1,
NSE,NIFTY,2025-05-23,09:25:00,24652,24720.85,24650.45,24708.15,
NSE,NIFTY,2025-05-23,09:30:00,24708.7,24732.7,24696.1,24702.7,
NSE,NIFTY,2025-05-23,09:35:00,24703.25,24751.65,24698.6,24744.45,
NSE,NIFTY,2025-05-23,09:40:00,24744,24773,24742.65,24755.35,
NSE,NIFTY,2025-05-23,09:45:00,24755.25,24786.35,24746.3,24777.45,
NSE,NIFTY,2025-05-23,09:50:00,24776.75,24795.3,24763.25,24785.05,
NSE,NIFTY,2025-05-23,09:55:00,24785.35,24806.4,24768.3,24799.1,
NSE,NIFTY,2025-05-23,10:00:00,24798.4,24801.2,24783.8,24797.9,
NSE,NIFTY,2025-05-23,10:05:00,24797,24818.7,24785.15,24806.95,
NSE,NIFTY,2025-05-23,10:10:00,24808.1,24824.05,24800.7,24823.75,
NSE,NIFTY,2025-05-23,10:15:00,24824.25,24826.35,24798.7,24814.35,
NSE,NIFTY,2025-05-23,10:20:00,24812.8,24814.85,24785.05,24786.1,
NSE,NIFTY,2025-05-23,10:25:00,24786.9,24796,24773.6,24784.95,
NSE,NIFTY,2025-05-23,10:30:00,24787.45,24795.3,24768.05,24769.5,
NSE,NIFTY,2025-05-23,10:35:00,24769.75,24778.95,24751.1,24751.6,
NSE,NIFTY,2025-05-23,10:40:00,24751.15,24797.4,24748.55,24796.75,
NSE,NIFTY,2025-05-23,10:45:00,24798.6,24815.4,24796.9,24811.4,
NSE,NIFTY,2025-05-23,10:50:00,24810,24895.65,24807.9,24893.1,
NSE,NIFTY,2025-05-23,10:55:00,24891.65,24892.45,24875.95,24890.15,
NSE,NIFTY,2025-05-23,11:00:00,24890.45,24908.85,24885.65,24894.15,
NSE,NIFTY,2025-05-23,11:05:00,24894.3,24899.3,24884.15,24888.75,
NSE,NIFTY,2025-05-23,11:10:00,24889.6,24890.5,24874.85,24890.5,
NSE,NIFTY,2025-05-23,11:15:00,24891.35,24902.35,24879.5,24889.75,
NSE,NIFTY,2025-05-23,11:20:00,24888.95,24889.45,24864.75,24870.6,
NSE,NIFTY,2025-05-23,11:25:00,24870.25,24875.55,24857.35,24862.2,
NSE,NIFTY,2025-05-23,11:30:00,24861.75,24886.3,24854.15,24884.35,
NSE,NIFTY,2025-05-23,11:35:00,24885.35,24903.4,24881.3,24884.85,
NSE,NIFTY,2025-05-23,11:40:00,24885.8,24887.45,24865.9,24867.5,
NSE,NIFTY,2025-05-23,11:45:00,24867.2,24872.9,24861.8,24863.5,
NSE,NIFTY,2025-05-23,11:50:00,24863.8,24866.25,24804.3,24816.3,
NSE,NIFTY,2025-05-23,11:55:00,24816.6,24845.65,24814.3,24840.25,
NSE,NIFTY,2025-05-23,12:00:00,24838.8,24849.8,24827.55,24837.75,
NSE,NIFTY,2025-05-23,12:05:00,24839.3,24850.05,24835.7,24843.1,
NSE,NIFTY,2025-05-23,12:10:00,24843.5,24851.85,24834.85,24834.95,
NSE,NIFTY,2025-05-23,12:15:00,24834.95,24846.2,24819.8,24838.2,
NSE,NIFTY,2025-05-23,12:20:00,24837.8,24848.65,24828.85,24847.25,
NSE,NIFTY,2025-05-23,12:25:00,24847.25,24873.9,24842,24864.5,
NSE,NIFTY,2025-05-23,12:30:00,24865.85,24871.7,24855.25,24865.85,
NSE,NIFTY,2025-05-23,12:35:00,24866.55,24890.05,24865.95,24889.5,
NSE,NIFTY,2025-05-23,12:40:00,24889.8,24901.35,24879.35,24882.45,
NSE,NIFTY,2025-05-23,12:45:00,24883.35,24891.65,24869.4,24878.4,
NSE,NIFTY,2025-05-23,12:50:00,24878.6,24887.25,24875.25,24881.6,
NSE,NIFTY,2025-05-23,12:55:00,24882.05,24898.2,24879.95,24885.05,
NSE,NIFTY,2025-05-23,13:00:00,24885.65,24892.75,24879.5,24880.65,
NSE,NIFTY,2025-05-23,13:05:00,24881.5,24893.35,24880.45,24887.9,
NSE,NIFTY,2025-05-23,13:10:00,24889.3,24902,24886.85,24887,
NSE,NIFTY,2025-05-23,13:15:00,24887.3,24888,24874.65,24884.25,
NSE,NIFTY,2025-05-23,13:20:00,24884.65,24891.05,24873.75,24886.45,
NSE,NIFTY,2025-05-23,13:25:00,24887.9,24895.85,24885.2,24890.45,
NSE,NIFTY,2025-05-23,13:30:00,24891.05,24898.4,24883.2,24886.1,
NSE,NIFTY,2025-05-23,13:35:00,24887.6,24892.05,24871.2,24876.7,
NSE,NIFTY,2025-05-23,13:40:00,24876,24889.15,24870,24879.65,
NSE,NIFTY,2025-05-23,13:45:00,24878.85,24883.25,24841.7,24849.55,
NSE,NIFTY,2025-05-23,13:50:00,24850,24867.8,24838.05,24853.85,
NSE,NIFTY,2025-05-23,13:55:00,24853.95,24883.2,24852.85,24864.55,
NSE,NIFTY,2025-05-23,14:00:00,24864.65,24882.6,24863.15,24881.8,
NSE,NIFTY,2025-05-23,14:05:00,24882,24894.05,24881.15,24884,
NSE,NIFTY,2025-05-23,14:10:00,24884.2,24887.9,24876.7,24878.55,
NSE,NIFTY,2025-05-23,14:15:00,24878.3,24881.2,24863.6,24869.1,
NSE,NIFTY,2025-05-23,14:20:00,24869.5,24871.2,24857.1,24866.05,
NSE,NIFTY,2025-05-23,14:25:00,24865.5,24875.25,24860.1,24870.05,
NSE,NIFTY,2025-05-23,14:30:00,24869.55,24884.15,24868.5,24870.6,
NSE,NIFTY,2025-05-23,14:35:00,24871.7,24873.9,24860,24861.05,
NSE,NIFTY,2025-05-23,14:40:00,24860.7,24870.75,24847.65,24854,
NSE,NIFTY,2025-05-23,14:45:00,24853.4,24862.85,24832.1,24832.5,
NSE,NIFTY,2025-05-23,14:50:00,24834.85,24852.5,24834.85,24846.1,
NSE,NIFTY,2025-05-23,14:55:00,24845.9,24847.45,24819.3,24828.85,
NSE,NIFTY,2025-05-23,15:00:00,24830,24845.1,24821.05,24843,
NSE,NIFTY,2025-05-23,15:05:00,24841.4,24859.75,24836.8,24859.2,
NSE,NIFTY,2025-05-23,15:10:00,24860.85,24864,24847.1,24847.5,
NSE,NIFTY,2025-05-23,15:15:00,24846.95,24854.95,24842.8,24851.5,
NSE,NIFTY,2025-05-23,15:20:00,24851.75,24862.1,24846.85,24859.1,
NSE,NIFTY,2025-05-23,15:25:00,24859.35,24862,24852.1,24852.5,
NSE,NIFTY,2025-05-23,15:30:00,24853.4,24856.6,24842.9,24849.05,
NSE,NIFTY,2025-05-23,15:35:00,24849.05,24853.15,24849.05,24853.15,
NSE,NIFTY,2025-05-23,15:40:00,24853.15,24853.15,24853.15,24853.15,
NSE,NIFTY,2025-05-23,15:45:00,24853.15,24853.15,24853.15,24853.15,
NSE,NIFTY,2025-05-23,15:50:00,24853.15,24853.15,24853.15,24853.15,
NSE,NIFTY,2025-05-23,15:55:00,24853.15,24853.15,24853.15,24853.15,
NSE,NIFTY,2025-05-23,16:00:00,24853.15,24853.15,24853.15,24853.15,
NSE,NIFTY,2025-05-26,07:30:00,24853.15,24853.15,24853.15,24853.15,
NSE,NIFTY,2025-05-26,07:35:00,24853.15,24853.15,24853.15,24853.15,
NSE,NIFTY,2025-05-26,07:40:00,24853.15,24853.15,24853.15,24853.15,
NSE,NIFTY,2025-05-26,07:45:00,24853.15,24853.15,24853.15,24853.15,
NSE,NIFTY,2025-05-26,07:50:00,24853.15,24853.15,24853.15,24853.15,
NSE,NIFTY,2025-05-26,07:55:00,24853.15,24853.15,24853.15,24853.15,
NSE,NIFTY,2025-05-26,08:00:00,24853.15,24853.15,24853.15,24853.15,
NSE,NIFTY,2025-05-26,08:05:00,24853.15,24853.15,24853.15,24853.15,
NSE,NIFTY,2025-05-26,08:10:00,24853.15,24853.15,24853.15,24853.15,
NSE,NIFTY,2025-05-26,08:15:00,24853.15,24853.15,24853.15,24853.15,
NSE,NIFTY,2025-05-26,08:20:00,24853.15,24853.15,24853.15,24853.15,
NSE,NIFTY,2025-05-26,08:25:00,24853.15,24853.15,24853.15,24853.15,
NSE,NIFTY,2025-05-26,08:30:00,24853.15,24853.15,24853.15,24853.15,
NSE,NIFTY,2025-05-26,08:35:00,24853.15,24853.15,24853.15,24853.15,
NSE,NIFTY,2025-05-26,08:40:00,24853.15,24853.15,24853.15,24853.15,
NSE,NIFTY,2025-05-26,08:45:00,24853.15,24853.15,24853.15,24853.15,
NSE,NIFTY,2025-05-26,08:50:00,24853.15,24853.15,24853.15,24853.15,
NSE,NIFTY,2025-05-26,08:55:00,24853.15,24853.15,24853.15,24853.15,
NSE,NIFTY,2025-05-26,09:00:00,24853.15,25247.55,24652.1,24993.6,
NSE,NIFTY,2025-05-26,09:05:00,24994.25,25010.4,24898.35,24926.1,
NSE,NIFTY,2025-05-26,09:10:00,24926.35,24943.1,24913.75,24919.35,
NSE,NIFTY,2025-05-26,09:15:00,24919.35,24984.15,24908.5,24984.15,
NSE,NIFTY,2025-05-26,09:20:00,24986.3,25028.65,24983.05,25024.7,
NSE,NIFTY,2025-05-26,09:25:00,25023.9,25039.3,25006.4,25011.55,
NSE,NIFTY,2025-05-26,09:30:00,25012.1,25048.55,25011.05,25033.1,
NSE,NIFTY,2025-05-26,09:35:00,25033.75,25054.8,25031.5,25047.95,
NSE,NIFTY,2025-05-26,09:40:00,25046.7,25051.9,25024.35,25042.25,
NSE,NIFTY,2025-05-26,09:45:00,25040.8,25053.3,25028.45,25050.45,
NSE,NIFTY,2025-05-26,09:50:00,25050.7,25079.05,25050.7,25068.2,
NSE,NIFTY,2025-05-26,09:55:00,25067.95,25073.9,25054.65,25060.55,
NSE,NIFTY,2025-05-26,10:00:00,25062.7,25065.9,25049.5,25062.5,
NSE,NIFTY,2025-05-26,10:05:00,25063.65,25065.2,25040.55,25041.8,
NSE,NIFTY,2025-05-26,10:10:00,25041.25,25056.4,25035.15,25040.9,
NSE,NIFTY,2025-05-26,10:15:00,25041.35,25059.4,25040.9,25045.8,
NSE,NIFTY,2025-05-26,10:20:00,25044.65,25048.25,25009.9,25011.7,
NSE,NIFTY,2025-05-26,10:25:00,25006.65,25029.45,24998.9,25010.85,
NSE,NIFTY,2025-05-26,10:30:00,25010.95,25011.8,24938.65,24957.65,
NSE,NIFTY,2025-05-26,10:35:00,24958.35,24963.25,24941.45,24942,
NSE,NIFTY,2025-05-26,10:40:00,24943.4,24950.3,24910.5,24936.4,
NSE,NIFTY,2025-05-26,10:45:00,24934.8,24985,24931.7,24984.9,
NSE,NIFTY,2025-05-26,10:50:00,24985.7,24992.2,24950.95,24962.55,
NSE,NIFTY,2025-05-26,10:55:00,24962.35,24976.55,24962,24970.1,
NSE,NIFTY,2025-05-26,11:00:00,24969.7,24992.3,24965.1,24979.85,
NSE,NIFTY,2025-05-26,11:05:00,24978.95,24979.1,24966.55,24970.45,
NSE,NIFTY,2025-05-26,11:10:00,24969.95,24976.8,24960,24970.3,
NSE,NIFTY,2025-05-26,11:15:00,24970.95,24982,24963.25,24981.2,
NSE,NIFTY,2025-05-26,11:20:00,24981.05,25009.85,24978.4,24999.15,
NSE,NIFTY,2025-05-26,11:25:00,24999.1,25024.4,24990.4,24990.9,
NSE,NIFTY,2025-05-26,11:30:00,24991.5,24992.4,24961.65,24973.75,
NSE,NIFTY,2025-05-26,11:35:00,24973.75,24980.45,24968.4,24972.1,
NSE,NIFTY,2025-05-26,11:40:00,24972.3,24976.35,24954.1,24968.35,
NSE,NIFTY,2025-05-26,11:45:00,24968.75,24977.85,24966.7,24977.85,
NSE,NIFTY,2025-05-26,11:50:00,24977.3,24987.7,24973.95,24982.3,
NSE,NIFTY,2025-05-26,11:55:00,24982.6,24997.4,24981.4,24995.7,
NSE,NIFTY,2025-05-26,12:00:00,24995.65,25011.35,24988.4,25002.7,
NSE,NIFTY,2025-05-26,12:05:00,25002.95,25007.15,24991.55,25003.45,
NSE,NIFTY,2025-05-26,12:10:00,25003.6,25007.85,24987.4,24990.85,
NSE,NIFTY,2025-05-26,12:15:00,24991.65,24998.35,24977.2,24979.75,
NSE,NIFTY,2025-05-26,12:20:00,24980.05,24987.3,24972,24986.2,
NSE,NIFTY,2025-05-26,12:25:00,24985.85,24993.95,24980.1,24984.2,
NSE,NIFTY,2025-05-26,12:30:00,24984.5,25013.8,24978.95,25008.6,
NSE,NIFTY,2025-05-26,12:35:00,25008.95,25008.95,24992.65,25000.2,
NSE,NIFTY,2025-05-26,12:40:00,24999.35,25003.45,24991.25,25002.1,
NSE,NIFTY,2025-05-26,12:45:00,25002.4,25003.3,24964.15,24965.65,
NSE,NIFTY,2025-05-26,12:50:00,24965.15,24977.05,24963.15,24967.4,
NSE,NIFTY,2025-05-26,12:55:00,24967.85,24972.25,24953.35,24956.4,
NSE,NIFTY,2025-05-26,13:00:00,24955.5,24974.65,24939.45,24973.35,
NSE,NIFTY,2025-05-26,13:05:00,24973.35,24977.65,24969.05,24975.2,
NSE,NIFTY,2025-05-26,13:10:00,24975.6,24992.1,24974.15,24983.4,
NSE,NIFTY,2025-05-26,13:15:00,24982.5,24986.55,24977.95,24978.15,
NSE,NIFTY,2025-05-26,13:20:00,24977.95,24982.05,24972.35,24978.55,
NSE,NIFTY,2025-05-26,13:25:00,24978.8,24986.85,24968.65,24970.4,
NSE,NIFTY,2025-05-26,13:30:00,24969.9,24979.1,24968,24969.8,
NSE,NIFTY,2025-05-26,13:35:00,24970.35,24984.65,24967.85,24983.6,
NSE,NIFTY,2025-05-26,13:40:00,24983.75,24991.95,24983.15,24990.75,
NSE,NIFTY,2025-05-26,13:45:00,24991,25009.2,24989.6,25000.1,
NSE,NIFTY,2025-05-26,13:50:00,24999.7,25004.7,24993,25002.1,
NSE,NIFTY,2025-05-26,13:55:00,25003.05,25013.35,24992.25,25010.65,
NSE,NIFTY,2025-05-26,14:00:00,25010.7,25011.25,24987.75,24989.85,
NSE,NIFTY,2025-05-26,14:05:00,24989.8,25000.65,24984.25,24986.65,
NSE,NIFTY,2025-05-26,14:10:00,24987.15,24997.9,24976.75,24997.9,
NSE,NIFTY,2025-05-26,14:15:00,24996.75,25004.1,24991.75,24992.3,
NSE,NIFTY,2025-05-26,14:20:00,24992.85,24993.4,24982.9,24985.9,
NSE,NIFTY,2025-05-26,14:25:00,24985.85,24987.25,24969.25,24979.9,
NSE,NIFTY,2025-05-26,14:30:00,24980.05,24988.05,24975.95,24981.6,
NSE,NIFTY,2025-05-26,14:35:00,24980.95,25004.85,24979.85,25000.3,
NSE,NIFTY,2025-05-26,14:40:00,25000.35,25002.6,24987.95,24989.45,
NSE,NIFTY,2025-05-26,14:45:00,24989.45,25000.35,24987.05,24997.35,
NSE,NIFTY,2025-05-26,14:50:00,24996.4,24998.35,24983.15,24988.55,
NSE,NIFTY,2025-05-26,14:55:00,24988.6,25004.7,24986.65,24995,
NSE,NIFTY,2025-05-26,15:00:00,24995.4,25013.6,24993.35,25012.05,
NSE,NIFTY,2025-05-26,15:05:00,25012.15,25019.65,24998.75,25000.85,
NSE,NIFTY,2025-05-26,15:10:00,25002.8,25009.25,24999.3,25008.5,
NSE,NIFTY,2025-05-26,15:15:00,25007.8,25010.85,24999.95,25005.45,
NSE,NIFTY,2025-05-26,15:20:00,25005.55,25006.25,24994.9,24998.25,
NSE,NIFTY,2025-05-26,15:25:00,24998.15,25002.65,24993.95,25000.1,
NSE,NIFTY,2025-05-26,15:30:00,24999.4,25004.05,24992.6,24996.9,
NSE,NIFTY,2025-05-26,15:35:00,24996.9,25001.15,24996.9,25001.15,
NSE,NIFTY,2025-05-26,15:40:00,25001.15,25001.15,25001.15,25001.15,
NSE,NIFTY,2025-05-26,15:45:00,25001.15,25001.15,25001.15,25001.15,
NSE,NIFTY,2025-05-26,15:50:00,25001.15,25001.15,25001.15,25001.15,
NSE,NIFTY,2025-05-26,15:55:00,25001.15,25001.15,25001.15,25001.15,
NSE,NIFTY,2025-05-26,16:00:00,25001.15,25001.15,25001.15,25001.15,
NSE,NIFTY,2025-05-27,07:30:00,25001.15,25001.15,25001.15,25001.15,
NSE,NIFTY,2025-05-27,07:35:00,25001.15,25001.15,25001.15,25001.15,
NSE,NIFTY,2025-05-27,07:40:00,25001.15,25001.15,25001.15,25001.15,
NSE,NIFTY,2025-05-27,07:45:00,25001.15,25001.15,25001.15,25001.15,
NSE,NIFTY,2025-05-27,07:50:00,25001.15,25001.15,25001.15,25001.15,
NSE,NIFTY,2025-05-27,07:55:00,25001.15,25001.15,25001.15,25001.15,
NSE,NIFTY,2025-05-27,08:00:00,25001.15,25001.15,25001.15,25001.15,
NSE,NIFTY,2025-05-27,08:05:00,25001.15,25001.15,25001.15,25001.15,
NSE,NIFTY,2025-05-27,08:10:00,25001.15,25001.15,25001.15,25001.15,
NSE,NIFTY,2025-05-27,08:15:00,25001.15,25001.15,25001.15,25001.15,
NSE,NIFTY,2025-05-27,08:20:00,25001.15,25001.15,25001.15,25001.15,
NSE,NIFTY,2025-05-27,08:25:00,25001.15,25001.15,25001.15,25001.15,
NSE,NIFTY,2025-05-27,08:30:00,25001.15,25001.15,25001.15,25001.15,
NSE,NIFTY,2025-05-27,08:35:00,25001.15,25001.15,25001.15,25001.15,
NSE,NIFTY,2025-05-27,08:40:00,25001.15,25001.15,25001.15,25001.15,
NSE,NIFTY,2025-05-27,08:45:00,25001.15,25001.15,25001.15,25001.15,
NSE,NIFTY,2025-05-27,08:50:00,25001.15,25001.15,25001.15,25001.15,
NSE,NIFTY,2025-05-27,08:55:00,25001.15,25001.15,25001.15,25001.15,
NSE,NIFTY,2025-05-27,09:00:00,25001.15,25001.15,24213.4,24490.55,
NSE,NIFTY,2025-05-27,09:05:00,24486.35,24912.55,24482.8,24900.05,
NSE,NIFTY,2025-05-27,09:10:00,24899,24959.75,24899,24956.65,
NSE,NIFTY,2025-05-27,09:15:00,24956.65,24969.55,24883.4,24892.05,
NSE,NIFTY,2025-05-27,09:20:00,24897.9,24927.7,24854.95,24861.75,
NSE,NIFTY,2025-05-27,09:25:00,24861.65,24862,24771,24813.4,
NSE,NIFTY,2025-05-27,09:30:00,24810.65,24813.5,24768.8,24770.75,
NSE,NIFTY,2025-05-27,09:35:00,24771.35,24838.3,24766.35,24814.2,
NSE,NIFTY,2025-05-27,09:40:00,24814.7,24841.65,24795,24824.55,
NSE,NIFTY,2025-05-27,09:45:00,24823.9,24836.95,24804.1,24814.9,
NSE,NIFTY,2025-05-27,09:50:00,24814.2,24817.95,24778.55,24780.8,
NSE,NIFTY,2025-05-27,09:55:00,24780.9,24800.1,24772.1,24784.6,
NSE,NIFTY,2025-05-27,10:00:00,24784.45,24803.85,24750.15,24752.8,
NSE,NIFTY,2025-05-27,10:05:00,24754,24773.4,24737.75,24772.95,
NSE,NIFTY,2025-05-27,10:10:00,24772.4,24784.05,24754,24774.6,
NSE,NIFTY,2025-05-27,10:15:00,24773.05,24791.45,24759.55,24769.35,
NSE,NIFTY,2025-05-27,10:20:00,24769.2,24772.85,24753.45,24764.9,
NSE,NIFTY,2025-05-27,10:25:00,24765.45,24771.15,24753.05,24766,
NSE,NIFTY,2025-05-27,10:30:00,24765,24776.35,24752.45,24758.4,
NSE,NIFTY,2025-05-27,10:35:00,24757.85,24782.1,24751.35,24781.6,
NSE,NIFTY,2025-05-27,10:40:00,24782.3,24798.85,24767.35,24778.45,
NSE,NIFTY,2025-05-27,10:45:00,24777.95,24781.3,24758.7,24764.6,
NSE,NIFTY,2025-05-27,10:50:00,24763.75,24768.2,24754.25,24760.4,
NSE,NIFTY,2025-05-27,10:55:00,24760.95,24783.15,24759.95,24779.9,
NSE,NIFTY,2025-05-27,11:00:00,24780.55,24803.25,24770.85,24779.5,
NSE,NIFTY,2025-05-27,11:05:00,24779.45,24960.2,24772.6,24948.05,
NSE,NIFTY,2025-05-27,11:10:00,24941.75,24945,24825.1,24866.75,
NSE,NIFTY,2025-05-27,11:15:00,24867.25,24916.4,24842.65,24915.05,
NSE,NIFTY,2025-05-27,11:20:00,24913.2,24930.75,24897.75,24917.8,
NSE,NIFTY,2025-05-27,11:25:00,24917,24978.8,24888.6,24978.5,
NSE,NIFTY,2025-05-27,11:30:00,24975.35,25035.3,24967.6,25031.4,
NSE,NIFTY,2025-05-27,11:35:00,25029.75,25062.4,25001.2,25023.6,
NSE,NIFTY,2025-05-27,11:40:00,25025.15,25027.45,24925.4,24963.3,
NSE,NIFTY,2025-05-27,11:45:00,24963.5,24978.55,24940.4,24972.8,
NSE,NIFTY,2025-05-27,11:50:00,24975.45,24976.2,24910.5,24910.5,
NSE,NIFTY,2025-05-27,11:55:00,24912.6,24948.05,24908,24942.6,
NSE,NIFTY,2025-05-27,12:00:00,24942.3,24977.05,24930.65,24930.65,
NSE,NIFTY,2025-05-27,12:05:00,24930.9,24971.1,24926.6,24961,
NSE,NIFTY,2025-05-27,12:10:00,24960.9,24961.65,24936.7,24951.55,
NSE,NIFTY,2025-05-27,12:15:00,24951.7,24967.45,24942.1,24957.55,
NSE,NIFTY,2025-05-27,12:20:00,24958.95,24962.4,24923.4,24937.15,
NSE,NIFTY,2025-05-27,12:25:00,24936.95,24937.45,24881.8,24889.35,
NSE,NIFTY,2025-05-27,12:30:00,24889.45,24908.55,24824.25,24830.15,
NSE,NIFTY,2025-05-27,12:35:00,24831.9,24888.7,24819.95,24881.35,
NSE,NIFTY,2025-05-27,12:40:00,24882.6,24882.6,24850.4,24862.2,
NSE,NIFTY,2025-05-27,12:45:00,24865.25,24866.45,24835.7,24862.8,
NSE,NIFTY,2025-05-27,12:50:00,24865.6,24881.3,24844.5,24851.9,
NSE,NIFTY,2025-05-27,12:55:00,24851.7,24857.7,24824.6,24843.9,
NSE,NIFTY,2025-05-27,13:00:00,24844.8,24851.2,24820.55,24824.4,
NSE,NIFTY,2025-05-27,13:05:00,24823.4,24833.6,24802.7,24820.55,
NSE,NIFTY,2025-05-27,13:10:00,24818.8,24827.65,24800.8,24818.1,
NSE,NIFTY,2025-05-27,13:15:00,24817.9,24838.1,24817.85,24837.95,
NSE,NIFTY,2025-05-27,13:20:00,24838,24848.25,24808.4,24815.7,
NSE,NIFTY,2025-05-27,13:25:00,24816.1,24831.65,24804.95,24812.2,
NSE,NIFTY,2025-05-27,13:30:00,24815.2,24830.15,24804.2,24825.15,
NSE,NIFTY,2025-05-27,13:35:00,24827.15,24837.55,24820.25,24821.85,
NSE,NIFTY,2025-05-27,13:40:00,24822.35,24843.75,24813.95,24843.75,
NSE,NIFTY,2025-05-27,13:45:00,24841.4,24871.85,24826.2,24868.9,
NSE,NIFTY,2025-05-27,13:50:00,24868.55,24871.3,24834.95,24839.2,
NSE,NIFTY,2025-05-27,13:55:00,24837.45,24845.15,24806.8,24809.35,
NSE,NIFTY,2025-05-27,14:00:00,24809.4,24815.75,24744.55,24757.7,
NSE,NIFTY,2025-05-27,14:05:00,24757.85,24783.95,24757.55,24769.6,
NSE,NIFTY,2025-05-27,14:10:00,24767.35,24787.45,24756.95,24764.05,
NSE,NIFTY,2025-05-27,14:15:00,24766.5,24775.35,24760.65,24773.6,
NSE,NIFTY,2025-05-27,14:20:00,24775.3,24779.95,24706.05,24710.05,
NSE,NIFTY,2025-05-27,14:25:00,24711.2,24738.5,24707.1,24732.45,
NSE,NIFTY,2025-05-27,14:30:00,24732.05,24739.5,24725.1,24729.35,
NSE,NIFTY,2025-05-27,14:35:00,24729.3,24759.15,24728.55,24753.85,
NSE,NIFTY,2025-05-27,14:40:00,24754.9,24771.2,24745.2,24767.7,
NSE,NIFTY,2025-05-27,14:45:00,24767.6,24785.6,24765.55,24779.65,
NSE,NIFTY,2025-05-27,14:50:00,24780.65,24797.2,24767.1,24791.65,
NSE,NIFTY,2025-05-27,14:55:00,24793.55,24798.25,24780.4,24789.7,
NSE,NIFTY,2025-05-27,15:00:00,24789.9,24826.3,24778.95,24817.85,
NSE,NIFTY,2025-05-27,15:05:00,24818.65,24828.6,24816.65,24823.9,
NSE,NIFTY,2025-05-27,15:10:00,24824.4,24842.7,24818.45,24833.95,
NSE,NIFTY,2025-05-27,15:15:00,24834.45,24838.9,24826.95,24830.1,
NSE,NIFTY,2025-05-27,15:20:00,24829.8,24833,24820.6,24825.55,
NSE,NIFTY,2025-05-27,15:25:00,24824.25,24830.15,24819.9,24825.6,
NSE,NIFTY,2025-05-27,15:30:00,24826.05,24843.3,24816.55,24837.7,
NSE,NIFTY,2025-05-27,15:35:00,24837.7,24838.15,24826.2,24826.2,
NSE,NIFTY,2025-05-27,15:40:00,24826.2,24826.2,24826.2,24826.2,
NSE,NIFTY,2025-05-27,15:45:00,24826.2,24826.2,24826.2,24826.2,
NSE,NIFTY,2025-05-27,15:50:00,24826.2,24826.2,24826.2,24826.2,
NSE,NIFTY,2025-05-27,15:55:00,24826.2,24826.2,24826.2,24826.2,
NSE,NIFTY,2025-05-27,16:00:00,24826.2,24826.2,24826.2,24826.2,
NSE,NIFTY,2025-05-28,07:30:00,24826.2,24826.2,24826.2,24826.2,
NSE,NIFTY,2025-05-28,07:35:00,24826.2,24826.2,24826.2,24826.2,
NSE,NIFTY,2025-05-28,07:40:00,24826.2,24826.2,24826.2,24826.2,
NSE,NIFTY,2025-05-28,07:45:00,24826.2,24826.2,24826.2,24826.2,
NSE,NIFTY,2025-05-28,07:50:00,24826.2,24826.2,24826.2,24826.2,
NSE,NIFTY,2025-05-28,07:55:00,24826.2,24826.2,24826.2,24826.2,
NSE,NIFTY,2025-05-28,08:00:00,24826.2,24826.2,24826.2,24826.2,
NSE,NIFTY,2025-05-28,08:05:00,24826.2,24826.2,24826.2,24826.2,
NSE,NIFTY,2025-05-28,08:10:00,24826.2,24826.2,24826.2,24826.2,
NSE,NIFTY,2025-05-28,08:15:00,24826.2,24826.2,24826.2,24826.2,
NSE,NIFTY,2025-05-28,08:20:00,24826.2,24826.2,24826.2,24826.2,
NSE,NIFTY,2025-05-28,08:25:00,24826.2,24826.2,24826.2,24826.2,
NSE,NIFTY,2025-05-28,08:30:00,24826.2,24826.2,24826.2,24826.2,
NSE,NIFTY,2025-05-28,08:35:00,24826.2,24826.2,24826.2,24826.2,
NSE,NIFTY,2025-05-28,08:40:00,24826.2,24826.2,24826.2,24826.2,
NSE,NIFTY,2025-05-28,08:45:00,24826.2,24826.2,24826.2,24826.2,
NSE,NIFTY,2025-05-28,08:50:00,24826.2,24826.2,24826.2,24826.2,
NSE,NIFTY,2025-05-28,08:55:00,24826.2,24826.2,24826.2,24826.2,
NSE,NIFTY,2025-05-28,09:00:00,24826.2,25013.95,24826.2,24882.25,
NSE,NIFTY,2025-05-28,09:05:00,24882.2,24882.25,24662.2,24827.85,
NSE,NIFTY,2025-05-28,09:10:00,24828,24846.75,24824.25,24832.5,
NSE,NIFTY,2025-05-28,09:15:00,24832.5,24844.65,24766.95,24787.5,
NSE,NIFTY,2025-05-28,09:20:00,24788.2,24844.95,24781.2,24840.85,
NSE,NIFTY,2025-05-28,09:25:00,24841.05,24863.15,24783.3,24783.9,
NSE,NIFTY,2025-05-28,09:30:00,24785.25,24813.2,24765.2,24775.2,
NSE,NIFTY,2025-05-28,09:35:00,24775.2,24782.95,24757.7,24782.95,
NSE,NIFTY,2025-05-28,09:40:00,24780.85,24801.55,24743.35,24783.15,
NSE,NIFTY,2025-05-28,09:45:00,24780.95,24814.8,24770.9,24797.15,
NSE,NIFTY,2025-05-28,09:50:00,24795.3,24799.6,24771.95,24781.65,
NSE,NIFTY,2025-05-28,09:55:00,24781.05,24782.55,24752.95,24776.85,
NSE,NIFTY,2025-05-28,10:00:00,24776.85,24789.5,24762.65,24777.55,
NSE,NIFTY,2025-05-28,10:05:00,24778.95,24779.1,24758.65,24768.7,
NSE,NIFTY,2025-05-28,10:10:00,24768.05,24769.2,24755.8,24762.85,
NSE,NIFTY,2025-05-28,10:15:00,24763.55,24775.55,24755.35,24756.15,
NSE,NIFTY,2025-05-28,10:20:00,24756.2,24758.95,24737.25,24750.6,
NSE,NIFTY,2025-05-28,10:25:00,24750.7,24772.5,24749.95,24767.1,
NSE,NIFTY,2025-05-28,10:30:00,24767.1,24768.55,24747.6,24751.05,
NSE,NIFTY,2025-05-28,10:35:00,24751.1,24767.5,24748.4,24765.7,
NSE,NIFTY,2025-05-28,10:40:00,24764.85,24766.25,24743.85,24750.3,
NSE,NIFTY,2025-05-28,10:45:00,24750.8,24766.25,24748.95,24756.9,
NSE,NIFTY,2025-05-28,10:50:00,24757.05,24799.05,24755.9,24785.6,
NSE,NIFTY,2025-05-28,10:55:00,24786.1,24797.9,24776.9,24789.55,
NSE,NIFTY,2025-05-28,11:00:00,24788.75,24789.65,24775.9,24787.15,
NSE,NIFTY,2025-05-28,11:05:00,24787.1,24801.9,24783.7,24795.35,
NSE,NIFTY,2025-05-28,11:10:00,24795.8,24796.05,24770.45,24771.95,
NSE,NIFTY,2025-05-28,11:15:00,24772.85,24775.4,24758.45,24775.15,
NSE,NIFTY,2025-05-28,11:20:00,24774.3,24783.85,24772.45,24776.3,
NSE,NIFTY,2025-05-28,11:25:00,24776.35,24783.1,24757.6,24761.85,
NSE,NIFTY,2025-05-28,11:30:00,24760.55,24765.7,24753.75,24763.55,
NSE,NIFTY,2025-05-28,11:35:00,24763.1,24763.25,24746.35,24754.6,
NSE,NIFTY,2025-05-28,11:40:00,24755.25,24761.7,24750.2,24751.8,
NSE,NIFTY,2025-05-28,11:45:00,24751.4,24760.65,24750.1,24753.55,
NSE,NIFTY,2025-05-28,11:50:00,24753.95,24773.1,24752.25,24772.3,
NSE,NIFTY,2025-05-28,11:55:00,24772.45,24780.7,24766.65,24773.55,
NSE,NIFTY,2025-05-28,12:00:00,24774.5,24775.35,24764.9,24767.2,
NSE,NIFTY,2025-05-28,12:05:00,24767.8,24767.95,24759.1,24766.15,
NSE,NIFTY,2025-05-28,12:10:00,24765.9,24770.35,24754.5,24758.05,
NSE,NIFTY,2025-05-28,12:15:00,24757.75,24763.65,24755.7,24762.45,
NSE,NIFTY,2025-05-28,12:20:00,24762.5,24769.3,24759.05,24768.1,
NSE,NIFTY,2025-05-28,12:25:00,24766.7,24770.9,24764.15,24768.95,
NSE,NIFTY,2025-05-28,12:30:00,24768.65,24780.45,24768.1,24778.6,
NSE,NIFTY,2025-05-28,12:35:00,24778,24796.65,24775.3,24795.25,
NSE,NIFTY,2025-05-28,12:40:00,24794.35,24795.85,24783.95,24790.1,
NSE,NIFTY,2025-05-28,12:45:00,24790.6,24799.15,24788.55,24791.2,
NSE,NIFTY,2025-05-28,12:50:00,24793.3,24813.6,24789.3,24810.95,
NSE,NIFTY,2025-05-28,12:55:00,24811.05,24827.05,24804.4,24815.6,
NSE,NIFTY,2025-05-28,13:00:00,24815.1,24819.7,24802.6,24806.6,
NSE,NIFTY,2025-05-28,13:05:00,24807.1,24821.65,24804.25,24816.45,
NSE,NIFTY,2025-05-28,13:10:00,24817.1,24823.3,24800.95,24801.55,
NSE,NIFTY,2025-05-28,13:15:00,24801.7,24804.95,24787.6,24792.1,
NSE,NIFTY,2025-05-28,13:20:00,24793.6,24797.1,24780.4,24781.05,
NSE,NIFTY,2025-05-28,13:25:00,24781.3,24784.2,24774.4,24779.8,
NSE,NIFTY,2025-05-28,13:30:00,24780.15,24791.9,24774.05,24789.9,
NSE,NIFTY,2025-05-28,13:35:00,24789.95,24796.85,24781.55,24786.2,
NSE,NIFTY,2025-05-28,13:40:00,24785.7,24788.15,24770.75,24774.95,
NSE,NIFTY,2025-05-28,13:45:00,24774.6,24781.75,24765.7,24776.85,
NSE,NIFTY,2025-05-28,13:50:00,24776.75,24777.65,24761.1,24766.2,
NSE,NIFTY,2025-05-28,13:55:00,24765.75,24776.1,24761.4,24771.9,
NSE,NIFTY,2025-05-28,14:00:00,24771.9,24781.45,24770.6,24775.4,
NSE,NIFTY,2025-05-28,14:05:00,24775,24775,24765.55,24772.6,
NSE,NIFTY,2025-05-28,14:10:00,24771.8,24790.75,24769.85,24788.25,
NSE,NIFTY,2025-05-28,14:15:00,24788.15,24795.2,24786.1,24789.5,
NSE,NIFTY,2025-05-28,14:20:00,24789.2,24798,24785.3,24794.3,
NSE,NIFTY,2025-05-28,14:25:00,24793.95,24795.3,24785.2,24787.85,
NSE,NIFTY,2025-05-28,14:30:00,24787.35,24787.75,24770.35,24772.1,
NSE,NIFTY,2025-05-28,14:35:00,24771.65,24786.1,24769.05,24783.85,
NSE,NIFTY,2025-05-28,14:40:00,24782.95,24792.95,24772,24779.2,
NSE,NIFTY,2025-05-28,14:45:00,24778.2,24784.8,24776.35,24784.7,
NSE,NIFTY,2025-05-28,14:50:00,24784.25,24786.1,24776.65,24782.55,
NSE,NIFTY,2025-05-28,14:55:00,24782.25,24784,24772.65,24775.05,
NSE,NIFTY,2025-05-28,15:00:00,24775.75,24780.5,24766.3,24767.4,
NSE,NIFTY,2025-05-28,15:05:00,24767.3,24768.8,24755.15,24760.9,
NSE,NIFTY,2025-05-28,15:10:00,24760.6,24767,24756.7,24762.75,
NSE,NIFTY,2025-05-28,15:15:00,24762.6,24763.2,24747.5,24748.8,
NSE,NIFTY,2025-05-28,15:20:00,24748.75,24749.9,24740.05,24746.95,
NSE,NIFTY,2025-05-28,15:25:00,24747.05,24753.7,24743.25,24752.7,
NSE,NIFTY,2025-05-28,15:30:00,24752.35,24757.45,24743.7,24757.15,
NSE,NIFTY,2025-05-28,15:35:00,24757.15,24757.75,24752.45,24752.45,
NSE,NIFTY,2025-05-28,15:40:00,24752.45,24752.45,24752.45,24752.45,
NSE,NIFTY,2025-05-28,15:45:00,24752.45,24752.45,24752.45,24752.45,
NSE,NIFTY,2025-05-28,15:50:00,24752.45,24752.45,24752.45,24752.45,
NSE,NIFTY,2025-05-28,15:55:00,24752.45,24752.45,24752.45,24752.45,
NSE,NIFTY,2025-05-28,16:00:00,24752.45,24752.45,24752.45,24752.45,
NSE,NIFTY,2025-05-29,07:30:00,24752.45,24752.45,24752.45,24752.45,
NSE,NIFTY,2025-05-29,07:35:00,24752.45,24752.45,24752.45,24752.45,
NSE,NIFTY,2025-05-29,07:40:00,24752.45,24752.45,24752.45,24752.45,
NSE,NIFTY,2025-05-29,07:45:00,24752.45,24752.45,24752.45,24752.45,
NSE,NIFTY,2025-05-29,07:50:00,24752.45,24752.45,24752.45,24752.45,
NSE,NIFTY,2025-05-29,07:55:00,24752.45,24752.45,24752.45,24752.45,
NSE,NIFTY,2025-05-29,08:00:00,24752.45,24752.45,24752.45,24752.45,
NSE,NIFTY,2025-05-29,08:05:00,24752.45,24752.45,24752.45,24752.45,
NSE,NIFTY,2025-05-29,08:10:00,24752.45,24752.45,24752.45,24752.45,
NSE,NIFTY,2025-05-29,08:15:00,24752.45,24752.45,24752.45,24752.45,
NSE,NIFTY,2025-05-29,08:20:00,24752.45,24752.45,24752.45,24752.45,
NSE,NIFTY,2025-05-29,08:25:00,24752.45,24752.45,24752.45,24752.45,
NSE,NIFTY,2025-05-29,08:30:00,24752.45,24752.45,24752.45,24752.45,
NSE,NIFTY,2025-05-29,08:35:00,24752.45,24752.45,24752.45,24752.45,
NSE,NIFTY,2025-05-29,08:40:00,24752.45,24752.45,24752.45,24752.45,
NSE,NIFTY,2025-05-29,08:45:00,24752.45,24752.45,24752.45,24752.45,
NSE,NIFTY,2025-05-29,08:50:00,24752.45,24752.45,24752.45,24752.45,
NSE,NIFTY,2025-05-29,08:55:00,24752.45,24752.45,24752.45,24752.45,
NSE,NIFTY,2025-05-29,09:00:00,24752.45,24752.45,24507.75,24696.2,
NSE,NIFTY,2025-05-29,09:05:00,24695.6,24835.4,24695.6,24826.1,
NSE,NIFTY,2025-05-29,09:10:00,24826,24840.95,24793.55,24825.1,
NSE,NIFTY,2025-05-29,09:15:00,24825.1,24867.45,24825.1,24867.45,
NSE,NIFTY,2025-05-29,09:20:00,24873.35,24888.3,24840.6,24857.25,
NSE,NIFTY,2025-05-29,09:25:00,24856.35,24871.05,24793.8,24805.85,
NSE,NIFTY,2025-05-29,09:30:00,24810.75,24817.6,24798.2,24802.9,
NSE,NIFTY,2025-05-29,09:35:00,24803.1,24826.65,24801.55,24807.25,
NSE,NIFTY,2025-05-29,09:40:00,24806.2,24813.9,24780.3,24803.15,
NSE,NIFTY,2025-05-29,09:45:00,24802.25,24814.65,24793.2,24808.55,
NSE,NIFTY,2025-05-29,09:50:00,24808.55,24809.1,24786.85,24791.65,
NSE,NIFTY,2025-05-29,09:55:00,24791.5,24801.45,24780.8,24793.85,
NSE,NIFTY,2025-05-29,10:00:00,24792.85,24806.2,24792.15,24795.8,
NSE,NIFTY,2025-05-29,10:05:00,24796.15,24846.2,24795.05,24840.9,
NSE,NIFTY,2025-05-29,10:10:00,24842.4,24848.05,24819.95,24823.6,
NSE,NIFTY,2025-05-29,10:15:00,24826.15,24826.55,24793.55,24802.8,
NSE,NIFTY,2025-05-29,10:20:00,24804.2,24804.55,24781.45,24795.8,
NSE,NIFTY,2025-05-29,10:25:00,24795.75,24797.8,24788.85,24789.3,
NSE,NIFTY,2025-05-29,10:30:00,24790.55,24796.35,24759.8,24761.6,
NSE,NIFTY,2025-05-29,10:35:00,24761.75,24764.3,24749.9,24761.85,
NSE,NIFTY,2025-05-29,10:40:00,24761.25,24767.1,24746.8,24751.5,
NSE,NIFTY,2025-05-29,10:45:00,24752.55,24759.5,24741.5,24743.85,
NSE,NIFTY,2025-05-29,10:50:00,24744.95,24759.05,24742.5,24756.45,
NSE,NIFTY,2025-05-29,10:55:00,24756.9,24768.05,24749.9,24761.9,
NSE,NIFTY,2025-05-29,11:00:00,24762.25,24765.85,24743.95,24753.05,
NSE,NIFTY,2025-05-29,11:05:00,24752.35,24753.75,24714.65,24722.5,
NSE,NIFTY,2025-05-29,11:10:00,24723.2,24737.1,24722.8,24732.15,
NSE,NIFTY,2025-05-29,11:15:00,24731.3,24739.45,24720.5,24725.15,
NSE,NIFTY,2025-05-29,11:20:00,24724.75,24726.25,24709.05,24718.1,
NSE,NIFTY,2025-05-29,11:25:00,24718.35,24727.7,24709.7,24726.7,
NSE,NIFTY,2025-05-29,11:30:00,24725.05,24735.75,24719.55,24730.8,
NSE,NIFTY,2025-05-29,11:35:00,24731.1,24737.15,24721.2,24731,
NSE,NIFTY,2025-05-29,11:40:00,24730.5,24748.3,24728.7,24741.95,
NSE,NIFTY,2025-05-29,11:45:00,24742.9,24744.55,24728.4,24731.3,
NSE,NIFTY,2025-05-29,11:50:00,24730.6,24738.3,24728.55,24737.4,
NSE,NIFTY,2025-05-29,11:55:00,24737.85,24744.55,24730.2,24730.9,
NSE,NIFTY,2025-05-29,12:00:00,24730.8,24744.3,24729,24740.8,
NSE,NIFTY,2025-05-29,12:05:00,24740.6,24747.8,24732.35,24744.65,
NSE,NIFTY,2025-05-29,12:10:00,24744.45,24746.8,24734.7,24737.95,
NSE,NIFTY,2025-05-29,12:15:00,24738.4,24738.95,24730.55,24733.9,
NSE,NIFTY,2025-05-29,12:20:00,24734.35,24736.95,24727.15,24733.8,
NSE,NIFTY,2025-05-29,12:25:00,24733.1,24742.4,24731.75,24738,
NSE,NIFTY,2025-05-29,12:30:00,24741.1,24757.7,24738.75,24754.85,
NSE,NIFTY,2025-05-29,12:35:00,24753.65,24754.45,24736,24736.9,
NSE,NIFTY,2025-05-29,12:40:00,24737.95,24749.6,24677.6,24689.25,
NSE,NIFTY,2025-05-29,12:45:00,24688.15,24703.05,24686.75,24699.5,
NSE,NIFTY,2025-05-29,12:50:00,24699.15,24722.75,24699,24720.8,
NSE,NIFTY,2025-05-29,12:55:00,24721.3,24729.9,24714.1,24728.4,
NSE,NIFTY,2025-05-29,13:00:00,24728.5,24772.9,24723.95,24765.95,
NSE,NIFTY,2025-05-29,13:05:00,24764.35,24771.55,24748.75,24761.55,
NSE,NIFTY,2025-05-29,13:10:00,24759.4,24765.2,24741.3,24759.05,
NSE,NIFTY,2025-05-29,13:15:00,24759.55,24762.1,24741.7,24751.75,
NSE,NIFTY,2025-05-29,13:20:00,24752.15,24761.7,24742.8,24747.9,
NSE,NIFTY,2025-05-29,13:25:00,24747.45,24765.75,24744,24763.5,
NSE,NIFTY,2025-05-29,13:30:00,24762.6,24765.9,24745.35,24761.2,
NSE,NIFTY,2025-05-29,13:35:00,24761.15,24773.7,24754.6,24759.3,
NSE,NIFTY,2025-05-29,13:40:00,24758.9,24762.85,24748.45,24752.85,
NSE,NIFTY,2025-05-29,13:45:00,24753.05,24757.1,24750.95,24757.1,
NSE,NIFTY,2025-05-29,13:50:00,24756.5,24758,24743.45,24747.55,
NSE,NIFTY,2025-05-29,13:55:00,24746.85,24760.45,24745.85,24752.3,
NSE,NIFTY,2025-05-29,14:00:00,24751.8,24758.35,24739.85,24746.35,
NSE,NIFTY,2025-05-29,14:05:00,24746,24749.3,24723.65,24727.9,
NSE,NIFTY,2025-05-29,14:10:00,24727.9,24735.55,24724.85,24734,
NSE,NIFTY,2025-05-29,14:15:00,24733.85,24736.65,24717.8,24726.45,
NSE,NIFTY,2025-05-29,14:20:00,24726.35,24736.2,24718.05,24732.8,
NSE,NIFTY,2025-05-29,14:25:00,24732.65,24746.2,24731.8,24742,
NSE,NIFTY,2025-05-29,14:30:00,24741.8,24760.75,24740.8,24746.25,
NSE,NIFTY,2025-05-29,14:35:00,24746.95,24767.6,24743.85,24759.7,
NSE,NIFTY,2025-05-29,14:40:00,24761.15,24766.8,24751.8,24753.65,
NSE,NIFTY,2025-05-29,14:45:00,24752.7,24759.8,24748.85,24758.05,
NSE,NIFTY,2025-05-29,14:50:00,24757.75,24759.5,24738.35,24745.25,
NSE,NIFTY,2025-05-29,14:55:00,24745.1,24750.65,24742.2,24748.4,
NSE,NIFTY,2025-05-29,15:00:00,24748.8,24783.15,24747.3,24782.15,
NSE,NIFTY,2025-05-29,15:05:00,24782.15,24812.85,24782.15,24812.85,
NSE,NIFTY,2025-05-29,15:10:00,24813.05,24834.45,24811.1,24830.95,
NSE,NIFTY,2025-05-29,15:15:00,24831.35,24854,24829.25,24852.25,
NSE,NIFTY,2025-05-29,15:20:00,24851.3,24857.1,24838.9,24846.55,
NSE,NIFTY,2025-05-29,15:25:00,24846.25,24861.6,24837.1,24861.1,
NSE,NIFTY,2025-05-29,15:30:00,24861.05,24891.15,24856.35,24880.8,
NSE,NIFTY,2025-05-29,15:35:00,24880.8,24880.8,24833.6,24833.6,
NSE,NIFTY,2025-05-29,15:40:00,24833.6,24833.6,24833.6,24833.6,
NSE,NIFTY,2025-05-29,15:45:00,24833.6,24833.6,24833.6,24833.6,
NSE,NIFTY,2025-05-29,15:50:00,24833.6,24833.6,24833.6,24833.6,
NSE,NIFTY,2025-05-29,15:55:00,24833.6,24833.6,24833.6,24833.6,
NSE,NIFTY,2025-05-29,16:00:00,24833.6,24833.6,24833.6,24833.6,
NSE,NIFTY,2025-05-30,07:30:00,24833.6,24833.6,24833.6,24833.6,
NSE,NIFTY,2025-05-30,07:35:00,24833.6,24833.6,24833.6,24833.6,
NSE,NIFTY,2025-05-30,07:40:00,24833.6,24833.6,24833.6,24833.6,
NSE,NIFTY,2025-05-30,07:45:00,24833.6,24833.6,24833.6,24833.6,
NSE,NIFTY,2025-05-30,07:50:00,24833.6,24833.6,24833.6,24833.6,
NSE,NIFTY,2025-05-30,07:55:00,24833.6,24833.6,24833.6,24833.6,
NSE,NIFTY,2025-05-30,08:00:00,24833.6,24833.6,24833.6,24833.6,
NSE,NIFTY,2025-05-30,08:05:00,24833.6,24833.6,24833.6,24833.6,
NSE,NIFTY,2025-05-30,08:10:00,24833.6,24833.6,24833.6,24833.6,
NSE,NIFTY,2025-05-30,08:15:00,24833.6,24833.6,24833.6,24833.6,
NSE,NIFTY,2025-05-30,08:20:00,24833.6,24833.6,24833.6,24833.6,
NSE,NIFTY,2025-05-30,08:25:00,24833.6,24833.6,24833.6,24833.6,
NSE,NIFTY,2025-05-30,08:30:00,24833.6,24833.6,24833.6,24833.6,
NSE,NIFTY,2025-05-30,08:35:00,24833.6,24833.6,24833.6,24833.6,
NSE,NIFTY,2025-05-30,08:40:00,24833.6,24833.6,24833.6,24833.6,
NSE,NIFTY,2025-05-30,08:45:00,24833.6,24833.6,24833.6,24833.6,
NSE,NIFTY,2025-05-30,08:50:00,24833.6,24833.6,24833.6,24833.6,
NSE,NIFTY,2025-05-30,08:55:00,24833.6,24833.6,24833.6,24833.6,
NSE,NIFTY,2025-05-30,09:00:00,24833.6,24915.55,24792.9,24816.4,
NSE,NIFTY,2025-05-30,09:05:00,24816.7,24868.95,24796.7,24861.2,
NSE,NIFTY,2025-05-30,09:10:00,24860.1,24867.25,24804.9,24812.6,
NSE,NIFTY,2025-05-30,09:15:00,24812.6,24843.3,24803.75,24808.3,
NSE,NIFTY,2025-05-30,09:20:00,24807.1,24823.25,24780.7,24822.9,
NSE,NIFTY,2025-05-30,09:25:00,24821.75,24859.7,24820.45,24843.55,
NSE,NIFTY,2025-05-30,09:30:00,24842.25,24862.45,24838.1,24838.1,
NSE,NIFTY,2025-05-30,09:35:00,24838.95,24863.6,24815.85,24816.35,
NSE,NIFTY,2025-05-30,09:40:00,24816.05,24831.05,24805.6,24817.35,
NSE,NIFTY,2025-05-30,09:45:00,24816.75,24829.75,24799.85,24827.95,
NSE,NIFTY,2025-05-30,09:50:00,24827.25,24833.55,24788.3,24803.9,
NSE,NIFTY,2025-05-30,09:55:00,24805,24821.45,24802,24804.2,
NSE,NIFTY,2025-05-30,10:00:00,24804.4,24813.6,24784,24796.05,
NSE,NIFTY,2025-05-30,10:05:00,24797.3,24807.25,24787.9,24787.9,
NSE,NIFTY,2025-05-30,10:10:00,24788.25,24808.8,24784.35,24797.45,
NSE,NIFTY,2025-05-30,10:15:00,24797.5,24804.45,24771.55,24771.95,
NSE,NIFTY,2025-05-30,10:20:00,24771.65,24785.25,24758.1,24758.5,
NSE,NIFTY,2025-05-30,10:25:00,24758.1,24766.25,24746.55,24749.8,
NSE,NIFTY,2025-05-30,10:30:00,24749.5,24769.15,24749.5,24751.6,
NSE,NIFTY,2025-05-30,10:35:00,24750.05,24755.6,24740.15,24740.9,
NSE,NIFTY,2025-05-30,10:40:00,24739.55,24745.4,24722.05,24737.65,
NSE,NIFTY,2025-05-30,10:45:00,24738,24746.05,24731.1,24731.7,
NSE,NIFTY,2025-05-30,10:50:00,24731.3,24732,24717.85,24725.5,
NSE,NIFTY,2025-05-30,10:55:00,24726.1,24751.9,24726.1,24751.9,
NSE,NIFTY,2025-05-30,11:00:00,24752.55,24756.45,24747.7,24753.25,
NSE,NIFTY,2025-05-30,11:05:00,24754.7,24768,24753.95,24764.75,
NSE,NIFTY,2025-05-30,11:10:00,24766.8,24772.3,24757.1,24760.6,
NSE,NIFTY,2025-05-30,11:15:00,24762.9,24764.75,24746.6,24754,
NSE,NIFTY,2025-05-30,11:20:00,24754.95,24769.45,24753.2,24762.7,
NSE,NIFTY,2025-05-30,11:25:00,24763.8,24774.15,24761.45,24773.1,
NSE,NIFTY,2025-05-30,11:30:00,24773.45,24783.15,24767.4,24779.8,
NSE,NIFTY,2025-05-30,11:35:00,24780.95,24787.95,24766.25,24766.9,
NSE,NIFTY,2025-05-30,11:40:00,24767.75,24772.9,24755.85,24756.7,
NSE,NIFTY,2025-05-30,11:45:00,24757.95,24762.45,24745,24749.8,
NSE,NIFTY,2025-05-30,11:50:00,24751.9,24755.8,24737.75,24752.7,
NSE,NIFTY,2025-05-30,11:55:00,24754.2,24768.4,24752.05,24766.35,
NSE,NIFTY,2025-05-30,12:00:00,24766.85,24767.8,24748.8,24749.3,
NSE,NIFTY,2025-05-30,12:05:00,24749.65,24749.65,24728.7,24735.7,
NSE,NIFTY,2025-05-30,12:10:00,24737.4,24747.6,24735.6,24741.65,
NSE,NIFTY,2025-05-30,12:15:00,24743.2,24745.25,24729.35,24730.75,
NSE,NIFTY,2025-05-30,12:20:00,24729.85,24750.75,24729.85,24749.45,
NSE,NIFTY,2025-05-30,12:25:00,24750.3,24756.8,24745.6,24750.05,
NSE,NIFTY,2025-05-30,12:30:00,24750.55,24755.4,24747.8,24747.8,
NSE,NIFTY,2025-05-30,12:35:00,24747.95,24747.95,24735.95,24746.1,
NSE,NIFTY,2025-05-30,12:40:00,24746.9,24747.75,24733.45,24733.7,
NSE,NIFTY,2025-05-30,12:45:00,24735.55,24741.1,24732.2,24740.15,
NSE,NIFTY,2025-05-30,12:50:00,24740.35,24750.15,24739.7,24748.65,
NSE,NIFTY,2025-05-30,12:55:00,24749.45,24757.2,24747.65,24755.4,
NSE,NIFTY,2025-05-30,13:00:00,24756.15,24761.35,24753.25,24753.45,
NSE,NIFTY,2025-05-30,13:05:00,24753.85,24768.4,24753.85,24767.4,
NSE,NIFTY,2025-05-30,13:10:00,24767.15,24768.9,24751.85,24760.55,
NSE,NIFTY,2025-05-30,13:15:00,24760.6,24764.55,24754.75,24759.35,
NSE,NIFTY,2025-05-30,13:20:00,24760.5,24766.65,24756.2,24757.25,
NSE,NIFTY,2025-05-30,13:25:00,24758.85,24759.8,24751.85,24752.75,
NSE,NIFTY,2025-05-30,13:30:00,24754.3,24776.7,24750.75,24773.55,
NSE,NIFTY,2025-05-30,13:35:00,24774.5,24782.45,24773.1,24775.6,
NSE,NIFTY,2025-05-30,13:40:00,24776.85,24783.2,24769.55,24776.15,
NSE,NIFTY,2025-05-30,13:45:00,24778,24781.65,24770.7,24772.9,
NSE,NIFTY,2025-05-30,13:50:00,24773.85,24775.45,24762.65,24764.55,
NSE,NIFTY,2025-05-30,13:55:00,24764.75,24776.95,24762.4,24776.1,
NSE,NIFTY,2025-05-30,14:00:00,24778.7,24801.7,24776.2,24792.5,
NSE,NIFTY,2025-05-30,14:05:00,24792.4,24796.25,24780.85,24783.2,
NSE,NIFTY,2025-05-30,14:10:00,24783.8,24784.35,24766.4,24769.35,
NSE,NIFTY,2025-05-30,14:15:00,24768.45,24770.1,24751.1,24754.35,
NSE,NIFTY,2025-05-30,14:20:00,24753.65,24766.45,24751.45,24765.75,
NSE,NIFTY,2025-05-30,14:25:00,24765.9,24775.45,24765.5,24774.15,
NSE,NIFTY,2025-05-30,14:30:00,24773,24776.3,24767.4,24773.9,
NSE,NIFTY,2025-05-30,14:35:00,24773.95,24786.8,24773.4,24781.9,
NSE,NIFTY,2025-05-30,14:40:00,24781.65,24784.3,24769.1,24775.05,
NSE,NIFTY,2025-05-30,14:45:00,24773.7,24775.25,24766.75,24769.1,
NSE,NIFTY,2025-05-30,14:50:00,24768.45,24770.35,24758.3,24765.4,
NSE,NIFTY,2025-05-30,14:55:00,24764.4,24778.55,24761.4,24771,
NSE,NIFTY,2025-05-30,15:00:00,24770.9,24784.1,24757.7,24781.95,
NSE,NIFTY,2025-05-30,15:05:00,24781.65,24782.95,24729.8,24738.25,
NSE,NIFTY,2025-05-30,15:10:00,24738.4,24761.45,24738.4,24757.1,
NSE,NIFTY,2025-05-30,15:15:00,24757.2,24761.45,24748.55,24751.6,
NSE,NIFTY,2025-05-30,15:20:00,24751.5,24757.15,24745.75,24747.25,
NSE,NIFTY,2025-05-30,15:25:00,24746.8,24751.05,24740.5,24741.8,
NSE,NIFTY,2025-05-30,15:30:00,24741.55,24749.3,24731.1,24738,
NSE,NIFTY,2025-05-30,15:35:00,24738,24750.7,24738,24750.7,
NSE,NIFTY,2025-05-30,15:40:00,24750.7,24750.7,24750.7,24750.7,
NSE,NIFTY,2025-05-30,15:45:00,24750.7,24750.7,24750.7,24750.7,
NSE,NIFTY,2025-05-30,15:50:00,24750.7,24750.7,24750.7,24750.7,
NSE,NIFTY,2025-05-30,15:55:00,24750.7,24750.7,24750.7,24750.7,
NSE,NIFTY,2025-05-30,16:00:00,24750.7,24750.7,24750.7,24750.7,
NSE,NIFTY,2025-06-02,07:30:00,24750.7,24750.7,24750.7,24750.7,
NSE,NIFTY,2025-06-02,07:35:00,24750.7,24750.7,24750.7,24750.7,
NSE,NIFTY,2025-06-02,07:40:00,24750.7,24750.7,24750.7,24750.7,
NSE,NIFTY,2025-06-02,07:45:00,24750.7,24750.7,24750.7,24750.7,
NSE,NIFTY,2025-06-02,07:50:00,24750.7,24750.7,24750.7,24750.7,
NSE,NIFTY,2025-06-02,07:55:00,24750.7,24750.7,24750.7,24750.7,
NSE,NIFTY,2025-06-02,08:00:00,24750.7,24750.7,24750.7,24750.7,
NSE,NIFTY,2025-06-02,08:05:00,24750.7,24750.7,24750.7,24750.7,
NSE,NIFTY,2025-06-02,08:10:00,24750.7,24750.7,24750.7,24750.7,
NSE,NIFTY,2025-06-02,08:15:00,24750.7,24750.7,24750.7,24750.7,
NSE,NIFTY,2025-06-02,08:20:00,24750.7,24750.7,24750.7,24750.7,
NSE,NIFTY,2025-06-02,08:25:00,24750.7,24750.7,24750.7,24750.7,
NSE,NIFTY,2025-06-02,08:30:00,24750.7,24750.7,24750.7,24750.7,
NSE,NIFTY,2025-06-02,08:35:00,24750.7,24750.7,24750.7,24750.7,
NSE,NIFTY,2025-06-02,08:40:00,24750.7,24750.7,24750.7,24750.7,
NSE,NIFTY,2025-06-02,08:45:00,24750.7,24750.7,24750.7,24750.7,
NSE,NIFTY,2025-06-02,08:50:00,24750.7,24750.7,24750.7,24750.7,
NSE,NIFTY,2025-06-02,08:55:00,24750.7,24750.7,24750.7,24750.7,
NSE,NIFTY,2025-06-02,09:00:00,24750.7,24750.7,24288.4,24293.95,
NSE,NIFTY,2025-06-02,09:05:00,24302.85,24726.15,24301.95,24673.15,
NSE,NIFTY,2025-06-02,09:10:00,24673.15,24679.15,24611.3,24669.7,
NSE,NIFTY,2025-06-02,09:15:00,24669.7,24700.5,24630.9,24642.7,
NSE,NIFTY,2025-06-02,09:20:00,24637,24642.55,24542.05,24545.55,
NSE,NIFTY,2025-06-02,09:25:00,24545.65,24577.95,24541.75,24552.8,
NSE,NIFTY,2025-06-02,09:30:00,24551.75,24587.65,24544.25,24561.8,
NSE,NIFTY,2025-06-02,09:35:00,24561.95,24572.4,24526.15,24545.4,
NSE,NIFTY,2025-06-02,09:40:00,24544.8,24571.8,24541.15,24571.45,
NSE,NIFTY,2025-06-02,09:45:00,24570.75,24591.2,24560,24560.35,
NSE,NIFTY,2025-06-02,09:50:00,24559.2,24597.5,24556.95,24582.75,
NSE,NIFTY,2025-06-02,09:55:00,24582.25,24596.25,24576.75,24577.55,
NSE,NIFTY,2025-06-02,10:00:00,24576.6,24601.1,24572.15,24591.65,
NSE,NIFTY,2025-06-02,10:05:00,24591.85,24606.8,24572.75,24577.1,
NSE,NIFTY,2025-06-02,10:10:00,24577,24599.4,24575.85,24598.8,
NSE,NIFTY,2025-06-02,10:15:00,24598.9,24601.65,24567.65,24567.65,
NSE,NIFTY,2025-06-02,10:20:00,24567.1,24569.4,24560.25,24564.2,
NSE,NIFTY,2025-06-02,10:25:00,24564.5,24582.1,24554.2,24574.8,
NSE,NIFTY,2025-06-02,10:30:00,24574.9,24592,24574.65,24589.8,
NSE,NIFTY,2025-06-02,10:35:00,24589.5,24597.5,24582.25,24592.55,
NSE,NIFTY,2025-06-02,10:40:00,24592.05,24629.7,24590.95,24625.4,
NSE,NIFTY,2025-06-02,10:45:00,24625,24633.95,24615.35,24632.4,
NSE,NIFTY,2025-06-02,10:50:00,24632.5,24638.85,24617.65,24629.05,
NSE,NIFTY,2025-06-02,10:55:00,24629.55,24636.85,24614.5,24618.85,
NSE,NIFTY,2025-06-02,11:00:00,24618.5,24619.25,24609.6,24617.5,
NSE,NIFTY,2025-06-02,11:05:00,24617.65,24628.8,24611.45,24625,
NSE,NIFTY,2025-06-02,11:10:00,24625.7,24634.15,24620.35,24627.05,
NSE,NIFTY,2025-06-02,11:15:00,24627.55,24632.2,24620.85,24621.5,
NSE,NIFTY,2025-06-02,11:20:00,24621.5,24644.15,24611.6,24643.9,
NSE,NIFTY,2025-06-02,11:25:00,24643.55,24657.85,24640.8,24641.25,
NSE,NIFTY,2025-06-02,11:30:00,24641,24642.45,24628.8,24629.4,
NSE,NIFTY,2025-06-02,11:35:00,24629.45,24635.3,24621.9,24634.55,
NSE,NIFTY,2025-06-02,11:40:00,24633.9,24637.1,24623.35,24631.95,
NSE,NIFTY,2025-06-02,11:45:00,24631.05,24639.2,24622.15,24622.85,
NSE,NIFTY,2025-06-02,11:50:00,24622.5,24640,24621.25,24639.1,
NSE,NIFTY,2025-06-02,11:55:00,24638.85,24645.45,24636,24641.35,
NSE,NIFTY,2025-06-02,12:00:00,24641.2,24652.6,24640.2,24649.7,
NSE,NIFTY,2025-06-02,12:05:00,24649.75,24667.6,24647.4,24660.55,
NSE,NIFTY,2025-06-02,12:10:00,24660.85,24673.25,24657.05,24659.8,
NSE,NIFTY,2025-06-02,12:15:00,24658.95,24683.75,24657.9,24681.4,
NSE,NIFTY,2025-06-02,12:20:00,24680.95,24681.25,24666.15,24676.25,
NSE,NIFTY,2025-06-02,12:25:00,24677.5,24688.7,24672.65,24673.3,
NSE,NIFTY,2025-06-02,12:30:00,24674.6,24676.3,24668.25,24673.2,
NSE,NIFTY,2025-06-02,12:35:00,24673.05,24723.7,24672.5,24721.65,
NSE,NIFTY,2025-06-02,12:40:00,24721.95,24739.15,24710.85,24732.35,
NSE,NIFTY,2025-06-02,12:45:00,24732,24732,24717.5,24721.8,
NSE,NIFTY,2025-06-02,12:50:00,24721.9,24737.05,24718.1,24730.85,
NSE,NIFTY,2025-06-02,12:55:00,24730.8,24736.25,24717.2,24718.8,
NSE,NIFTY,2025-06-02,13:00:00,24718.7,24721.1,24683.1,24690.45,
NSE,NIFTY,2025-06-02,13:05:00,24691.2,24716.15,24689.2,24699.4,
NSE,NIFTY,2025-06-02,13:10:00,24700.05,24702.05,24693.3,24694.85,
NSE,NIFTY,2025-06-02,13:15:00,24694.95,24706.65,24692.8,24704.7,
NSE,NIFTY,2025-06-02,13:20:00,24705.4,24714.55,24700.75,24713.65,
NSE,NIFTY,2025-06-02,13:25:00,24714.75,24720.95,24706,24720.7,
NSE,NIFTY,2025-06-02,13:30:00,24721.6,24721.7,24705.35,24708.2,
NSE,NIFTY,2025-06-02,13:35:00,24708.75,24716.85,24698.75,24700.35,
NSE,NIFTY,2025-06-02,13:40:00,24700.5,24732.9,24698.5,24727.55,
NSE,NIFTY,2025-06-02,13:45:00,24728.6,24732.5,24714.15,24728.8,
NSE,NIFTY,2025-06-02,13:50:00,24729.65,24729.7,24713.7,24718.9,
NSE,NIFTY,2025-06-02,13:55:00,24718.95,24719.8,24710.4,24715.5,
NSE,NIFTY,2025-06-02,14:00:00,24716.2,24718.8,24697.95,24709.4,
NSE,NIFTY,2025-06-02,14:05:00,24711.4,24713.5,24703.55,24705.7,
NSE,NIFTY,2025-06-02,14:10:00,24706.2,24708.8,24683.35,24684.4,
NSE,NIFTY,2025-06-02,14:15:00,24686.35,24695.4,24682.15,24686.8,
NSE,NIFTY,2025-06-02,14:20:00,24685.75,24694.85,24685,24687.6,
NSE,NIFTY,2025-06-02,14:25:00,24687.55,24691.4,24681.55,24688.25,
NSE,NIFTY,2025-06-02,14:30:00,24689.9,24705.6,24688.95,24700.45,
NSE,NIFTY,2025-06-02,14:35:00,24700.45,24704.05,24658.6,24659.2,
NSE,NIFTY,2025-06-02,14:40:00,24661.15,24669.45,24654.8,24663.2,
NSE,NIFTY,2025-06-02,14:45:00,24663.85,24669.6,24659.95,24660.3,
NSE,NIFTY,2025-06-02,14:50:00,24660.2,24677.05,24656.75,24672.9,
NSE,NIFTY,2025-06-02,14:55:00,24672.65,24687.55,24671.6,24685.95,
NSE,NIFTY,2025-06-02,15:00:00,24686.2,24738.25,24683.45,24737.9,
NSE,NIFTY,2025-06-02,15:05:00,24737.4,24754.3,24734.7,24744.35,
NSE,NIFTY,2025-06-02,15:10:00,24743.65,24744.65,24730.75,24737.4,
NSE,NIFTY,2025-06-02,15:15:00,24737.55,24746.3,24721.9,24722,
NSE,NIFTY,2025-06-02,15:20:00,24721.6,24721.65,24708.9,24714.85,
NSE,NIFTY,2025-06-02,15:25:00,24716.35,24720.5,24689,24691.4,
NSE,NIFTY,2025-06-02,15:30:00,24690.7,24694.6,24666.6,24690.35,
NSE,NIFTY,2025-06-02,15:35:00,24690.35,24716.6,24690.35,24716.6,
NSE,NIFTY,2025-06-02,15:40:00,24716.6,24716.6,24716.6,24716.6,
NSE,NIFTY,2025-06-02,15:45:00,24716.6,24716.6,24716.6,24716.6,
NSE,NIFTY,2025-06-02,15:50:00,24716.6,24716.6,24716.6,24716.6,
NSE,NIFTY,2025-06-02,15:55:00,24716.6,24716.6,24716.6,24716.6,
NSE,NIFTY,2025-06-02,16:00:00,24716.6,24716.6,24716.6,24716.6,
NSE,NIFTY,2025-06-03,07:30:00,24716.6,24716.6,24716.6,24716.6,
NSE,NIFTY,2025-06-03,07:35:00,24716.6,24716.6,24716.6,24716.6,
NSE,NIFTY,2025-06-03,07:40:00,24716.6,24716.6,24716.6,24716.6,
NSE,NIFTY,2025-06-03,07:45:00,24716.6,24716.6,24716.6,24716.6,
NSE,NIFTY,2025-06-03,07:50:00,24716.6,24716.6,24716.6,24716.6,
NSE,NIFTY,2025-06-03,07:55:00,24716.6,24716.6,24716.6,24716.6,
NSE,NIFTY,2025-06-03,08:00:00,24716.6,24716.6,24716.6,24716.6,
NSE,NIFTY,2025-06-03,08:05:00,24716.6,24716.6,24716.6,24716.6,
NSE,NIFTY,2025-06-03,08:10:00,24716.6,24716.6,24716.6,24716.6,
NSE,NIFTY,2025-06-03,08:15:00,24716.6,24716.6,24716.6,24716.6,
NSE,NIFTY,2025-06-03,08:20:00,24716.6,24716.6,24716.6,24716.6,
NSE,NIFTY,2025-06-03,08:25:00,24716.6,24716.6,24716.6,24716.6,
NSE,NIFTY,2025-06-03,08:30:00,24716.6,24716.6,24716.6,24716.6,
NSE,NIFTY,2025-06-03,08:35:00,24716.6,24716.6,24716.6,24716.6,
NSE,NIFTY,2025-06-03,08:40:00,24716.6,24716.6,24716.6,24716.6,
NSE,NIFTY,2025-06-03,08:45:00,24716.6,24716.6,24716.6,24716.6,
NSE,NIFTY,2025-06-03,08:50:00,24716.6,24716.6,24716.6,24716.6,
NSE,NIFTY,2025-06-03,08:55:00,24716.6,24716.6,24716.6,24716.6,
NSE,NIFTY,2025-06-03,09:00:00,24716.6,24830.45,24492,24633.9,
NSE,NIFTY,2025-06-03,09:05:00,24635.15,24824,24629.2,24822.3,
NSE,NIFTY,2025-06-03,09:10:00,24820.05,24823.65,24782.45,24786.3,
NSE,NIFTY,2025-06-03,09:15:00,24786.3,24841.9,24772,24828.95,
NSE,NIFTY,2025-06-03,09:20:00,24837.9,24837.9,24669.05,24677.1,
NSE,NIFTY,2025-06-03,09:25:00,24679.05,24705.8,24654.75,24677.6,
NSE,NIFTY,2025-06-03,09:30:00,24675.15,24679.8,24613.6,24614.45,
NSE,NIFTY,2025-06-03,09:35:00,24612.85,24638.2,24601.8,24631.15,
NSE,NIFTY,2025-06-03,09:40:00,24631.9,24691.7,24631.1,24675.75,
NSE,NIFTY,2025-06-03,09:45:00,24675.6,24675.6,24641.95,24653.8,
NSE,NIFTY,2025-06-03,09:50:00,24653.8,24665.3,24639.35,24658.35,
NSE,NIFTY,2025-06-03,09:55:00,24659.05,24685.5,24647.2,24649.85,
NSE,NIFTY,2025-06-03,10:00:00,24652.95,24664.05,24619.15,24621.8,
NSE,NIFTY,2025-06-03,10:05:00,24621.55,24641,24620.45,24638.8,
NSE,NIFTY,2025-06-03,10:10:00,24638.45,24655.65,24637.05,24646.7,
NSE,NIFTY,2025-06-03,10:15:00,24646.15,24667.05,24645.25,24656.6,
NSE,NIFTY,2025-06-03,10:20:00,24656.2,24733.65,24655.8,24727.85,
NSE,NIFTY,2025-06-03,10:25:00,24724.9,24766.45,24722.2,24751.9,
NSE,NIFTY,2025-06-03,10:30:00,24751.6,24752.3,24711.35,24714.4,
NSE,NIFTY,2025-06-03,10:35:00,24714.4,24748.05,24714.4,24727.8,
NSE,NIFTY,2025-06-03,10:40:00,24727,24727.35,24615.45,24619.05,
NSE,NIFTY,2025-06-03,10:45:00,24619.35,24650.35,24612.1,24641.45,
NSE,NIFTY,2025-06-03,10:50:00,24641.45,24662.85,24641.1,24658.5,
NSE,NIFTY,2025-06-03,10:55:00,24659.15,24663.2,24649.05,24653.25,
NSE,NIFTY,2025-06-03,11:00:00,24653.55,24664.75,24636,24646.8,
NSE,NIFTY,2025-06-03,11:05:00,24646.8,24647.4,24629.5,24636.05,
NSE,NIFTY,2025-06-03,11:10:00,24635.75,24636.5,24619.55,24632.75,
NSE,NIFTY,2025-06-03,11:15:00,24632.3,24646.2,24572.55,24584.1,
NSE,NIFTY,2025-06-03,11:20:00,24585.5,24608.65,24582.55,24606.75,
NSE,NIFTY,2025-06-03,11:25:00,24606,24611.6,24586.1,24588.65,
NSE,NIFTY,2025-06-03,11:30:00,24588.05,24632.8,24587.8,24631.35,
NSE,NIFTY,2025-06-03,11:35:00,24633,24662.6,24622.55,24645.1,
NSE,NIFTY,2025-06-03,11:40:00,24644,24646.1,24598.95,24605.15,
NSE,NIFTY,2025-06-03,11:45:00,24602,24606.1,24576.05,24596.45,
NSE,NIFTY,2025-06-03,11:50:00,24596.4,24608.85,24588.9,24606.55,
NSE,NIFTY,2025-06-03,11:55:00,24606.25,24632.15,24602.6,24631.25,
NSE,NIFTY,2025-06-03,12:00:00,24631.15,24631.6,24613,24615.65,
NSE,NIFTY,2025-06-03,12:05:00,24615.4,24640.8,24614.3,24639.65,
NSE,NIFTY,2025-06-03,12:10:00,24639.2,24641.8,24614.8,24622.8,
NSE,NIFTY,2025-06-03,12:15:00,24623.35,24630.9,24596,24596,
NSE,NIFTY,2025-06-03,12:20:00,24596.05,24606.25,24583.75,24597.2,
NSE,NIFTY,2025-06-03,12:25:00,24597.15,24598.4,24586.85,24590.45,
NSE,NIFTY,2025-06-03,12:30:00,24591.15,24611,24590.6,24609.7,
NSE,NIFTY,2025-06-03,12:35:00,24608.95,24628.1,24608.95,24622.35,
NSE,NIFTY,2025-06-03,12:40:00,24622.5,24648.95,24616.65,24635.65,
NSE,NIFTY,2025-06-03,12:45:00,24636.45,24637.85,24623.45,24626.65,
NSE,NIFTY,2025-06-03,12:50:00,24626.4,24626.85,24587.75,24591,
NSE,NIFTY,2025-06-03,12:55:00,24591.25,24593.6,24502.75,24524.3,
NSE,NIFTY,2025-06-03,13:00:00,24524.2,24541.85,24515.65,24536.4,
NSE,NIFTY,2025-06-03,13:05:00,24536,24545.85,24511.35,24511.35,
NSE,NIFTY,2025-06-03,13:10:00,24513.5,24527.5,24504.15,24522.8,
NSE,NIFTY,2025-06-03,13:15:00,24523.1,24543.85,24513.25,24527.95,
NSE,NIFTY,2025-06-03,13:20:00,24527.9,24539.2,24516.5,24534.1,
NSE,NIFTY,2025-06-03,13:25:00,24534.75,24557.25,24526.6,24528.65,
NSE,NIFTY,2025-06-03,13:30:00,24528.6,24551.7,24526.45,24551.1,
NSE,NIFTY,2025-06-03,13:35:00,24551.85,24564.85,24548.3,24564.8,
NSE,NIFTY,2025-06-03,13:40:00,24565.4,24572.7,24556.85,24559.1,
NSE,NIFTY,2025-06-03,13:45:00,24559.4,24567.2,24536.25,24539.7,
NSE,NIFTY,2025-06-03,13:50:00,24539.1,24549.35,24531.7,24540.45,
NSE,NIFTY,2025-06-03,13:55:00,24539.45,24552.45,24537.35,24551.55,
NSE,NIFTY,2025-06-03,14:00:00,24551.5,24572.3,24551.25,24567.75,
NSE,NIFTY,2025-06-03,14:05:00,24568.8,24572.3,24561.7,24571.8,
NSE,NIFTY,2025-06-03,14:10:00,24571.95,24576.95,24568.15,24572.3,
NSE,NIFTY,2025-06-03,14:15:00,24573.7,24583.25,24559.85,24578.7,
NSE,NIFTY,2025-06-03,14:20:00,24578.45,24585.85,24565.15,24565.5,
NSE,NIFTY,2025-06-03,14:25:00,24564,24578.95,24559.95,24572.75,
NSE,NIFTY,2025-06-03,14:30:00,24572,24576.95,24560.55,24564.7,
NSE,NIFTY,2025-06-03,14:35:00,24564.8,24586.15,24564.65,24581.4,
NSE,NIFTY,2025-06-03,14:40:00,24581.95,24601.7,24579.15,24587.8,
NSE,NIFTY,2025-06-03,14:45:00,24587.6,24595.55,24578.65,24585.1,
NSE,NIFTY,2025-06-03,14:50:00,24583.85,24585.5,24570.05,24572.25,
NSE,NIFTY,2025-06-03,14:55:00,24571.5,24576.7,24556.85,24566.7,
NSE,NIFTY,2025-06-03,15:00:00,24567.25,24574.2,24558.15,24568.4,
NSE,NIFTY,2025-06-03,15:05:00,24569.05,24575.05,24542.85,24545.05,
NSE,NIFTY,2025-06-03,15:10:00,24544.55,24547.4,24534.4,24540.3,
NSE,NIFTY,2025-06-03,15:15:00,24539.55,24542.4,24534.65,24538.9,
NSE,NIFTY,2025-06-03,15:20:00,24539.1,24550.65,24535.85,24547.85,
NSE,NIFTY,2025-06-03,15:25:00,24547.75,24548.1,24524.45,24538.5,
NSE,NIFTY,2025-06-03,15:30:00,24538.55,24539.4,24529.6,24538.2,
NSE,NIFTY,2025-06-03,15:35:00,24538.2,24542.5,24538.2,24542.5,
NSE,NIFTY,2025-06-03,15:40:00,24542.5,24542.5,24542.5,24542.5,
NSE,NIFTY,2025-06-03,15:45:00,24542.5,24542.5,24542.5,24542.5,
NSE,NIFTY,2025-06-03,15:50:00,24542.5,24542.5,24542.5,24542.5,
NSE,NIFTY,2025-06-03,15:55:00,24542.5,24542.5,24542.5,24542.5,
NSE,NIFTY,2025-06-03,16:00:00,24542.5,24542.5,24542.5,24542.5,
NSE,NIFTY,2025-06-04,07:30:00,24542.5,24542.5,24542.5,24542.5,
NSE,NIFTY,2025-06-04,07:35:00,24542.5,24542.5,24542.5,24542.5,
NSE,NIFTY,2025-06-04,07:40:00,24542.5,24542.5,24542.5,24542.5,
NSE,NIFTY,2025-06-04,07:45:00,24542.5,24542.5,24542.5,24542.5,
NSE,NIFTY,2025-06-04,07:50:00,24542.5,24542.5,24542.5,24542.5,
NSE,NIFTY,2025-06-04,07:55:00,24542.5,24542.5,24542.5,24542.5,
NSE,NIFTY,2025-06-04,08:00:00,24542.5,24542.5,24542.5,24542.5,
NSE,NIFTY,2025-06-04,08:05:00,24542.5,24542.5,24542.5,24542.5,
NSE,NIFTY,2025-06-04,08:10:00,24542.5,24542.5,24542.5,24542.5,
NSE,NIFTY,2025-06-04,08:15:00,24542.5,24542.5,24542.5,24542.5,
NSE,NIFTY,2025-06-04,08:20:00,24542.5,24542.5,24542.5,24542.5,
NSE,NIFTY,2025-06-04,08:25:00,24542.5,24542.5,24542.5,24542.5,
NSE,NIFTY,2025-06-04,08:30:00,24542.5,24542.5,24542.5,24542.5,
NSE,NIFTY,2025-06-04,08:35:00,24542.5,24542.5,24542.5,24542.5,
NSE,NIFTY,2025-06-04,08:40:00,24542.5,24542.5,24542.5,24542.5,
NSE,NIFTY,2025-06-04,08:45:00,24542.5,24542.5,24542.5,24542.5,
NSE,NIFTY,2025-06-04,08:50:00,24542.5,24542.5,24542.5,24542.5,
NSE,NIFTY,2025-06-04,08:55:00,24542.5,24542.5,24542.5,24542.5,
NSE,NIFTY,2025-06-04,09:00:00,24542.5,24542.5,23884.35,24197.1,
NSE,NIFTY,2025-06-04,09:05:00,24198.6,24593.3,24198.6,24587.85,
NSE,NIFTY,2025-06-04,09:10:00,24587.85,24589.25,24538.05,24560.45,
NSE,NIFTY,2025-06-04,09:15:00,24560.45,24596.95,24560.45,24580.35,
NSE,NIFTY,2025-06-04,09:20:00,24579.35,24612,24567.4,24584.3,
NSE,NIFTY,2025-06-04,09:25:00,24584,24599,24579.6,24597.5,
NSE,NIFTY,2025-06-04,09:30:00,24598.35,24611.8,24560.45,24561.95,
NSE,NIFTY,2025-06-04,09:35:00,24561.9,24581.15,24547.4,24549.05,
NSE,NIFTY,2025-06-04,09:40:00,24549.15,24569.25,24536.8,24557.2,
NSE,NIFTY,2025-06-04,09:45:00,24557.6,24563.55,24544.1,24549.3,
NSE,NIFTY,2025-06-04,09:50:00,24549.55,24561.65,24537.05,24542.2,
NSE,NIFTY,2025-06-04,09:55:00,24541.9,24563.05,24530.75,24563.05,
NSE,NIFTY,2025-06-04,10:00:00,24562.6,24576.35,24556.8,24573.95,
NSE,NIFTY,2025-06-04,10:05:00,24573.95,24588.15,24572.65,24577.65,
NSE,NIFTY,2025-06-04,10:10:00,24578.05,24591.1,24574.95,24576.25,
NSE,NIFTY,2025-06-04,10:15:00,24576,24582.5,24570.75,24581,
NSE,NIFTY,2025-06-04,10:20:00,24581.1,24584.1,24569.6,24576.8,
NSE,NIFTY,2025-06-04,10:25:00,24577.3,24596.85,24576.9,24593.15,
NSE,NIFTY,2025-06-04,10:30:00,24593.2,24594.55,24579.95,24586.7,
NSE,NIFTY,2025-06-04,10:35:00,24586.55,24603.25,24585.4,24600.15,
NSE,NIFTY,2025-06-04,10:40:00,24600.05,24601.3,24588.6,24591.85,
NSE,NIFTY,2025-06-04,10:45:00,24592,24609.6,24591.6,24602.15,
NSE,NIFTY,2025-06-04,10:50:00,24601.3,24603.8,24585.65,24587.4,
NSE,NIFTY,2025-06-04,10:55:00,24587.15,24590.05,24581.65,24585.95,
NSE,NIFTY,2025-06-04,11:00:00,24585.5,24590.9,24577.05,24590.7,
NSE,NIFTY,2025-06-04,11:05:00,24590.55,24593.15,24582.8,24585.8,
NSE,NIFTY,2025-06-04,11:10:00,24586.1,24589.25,24585.6,24588.65,
NSE,NIFTY,2025-06-04,11:15:00,24589.5,24593.55,24580.65,24581.15,
NSE,NIFTY,2025-06-04,11:20:00,24581.8,24586.6,24572,24586.6,
NSE,NIFTY,2025-06-04,11:25:00,24585.6,24593,24583.2,24591.85,
NSE,NIFTY,2025-06-04,11:30:00,24592.35,24598.15,24590.25,24592.45,
NSE,NIFTY,2025-06-04,11:35:00,24592.55,24599.9,24592.35,24596.65,
NSE,NIFTY,2025-06-04,11:40:00,24597.1,24601.55,24593.35,24597.9,
NSE,NIFTY,2025-06-04,11:45:00,24598,24598.35,24590.65,24594.25,
NSE,NIFTY,2025-06-04,11:50:00,24594.5,24594.95,24584.05,24587.1,
NSE,NIFTY,2025-06-04,11:55:00,24586.8,24591.55,24584.4,24591,
NSE,NIFTY,2025-06-04,12:00:00,24590.35,24595.65,24583.2,24594,
NSE,NIFTY,2025-06-04,12:05:00,24593.6,24595.45,24589.4,24594.05,
NSE,NIFTY,2025-06-04,12:10:00,24593.2,24603.65,24588,24603.1,
NSE,NIFTY,2025-06-04,12:15:00,24602.65,24609.15,24601.1,24607.75,
NSE,NIFTY,2025-06-04,12:20:00,24607.5,24608.35,24596.75,24605.1,
NSE,NIFTY,2025-06-04,12:25:00,24604.95,24606.4,24595.7,24604,
NSE,NIFTY,2025-06-04,12:30:00,24603.6,24603.65,24592,24593.1,
NSE,NIFTY,2025-06-04,12:35:00,24593.7,24597.55,24582.2,24593.75,
NSE,NIFTY,2025-06-04,12:40:00,24594.6,24595.85,24586.25,24595.85,
NSE,NIFTY,2025-06-04,12:45:00,24595.75,24602.05,24587.05,24600.95,
NSE,NIFTY,2025-06-04,12:50:00,24601.55,24605.2,24596.4,24599.15,
NSE,NIFTY,2025-06-04,12:55:00,24599.2,24602.95,24593.05,24596,
NSE,NIFTY,2025-06-04,13:00:00,24595.5,24615.6,24594.35,24615.6,
NSE,NIFTY,2025-06-04,13:05:00,24616.3,24619.9,24609.6,24612.1,
NSE,NIFTY,2025-06-04,13:10:00,24613.75,24614.7,24606.85,24609.55,
NSE,NIFTY,2025-06-04,13:15:00,24609.1,24612.45,24598.1,24600.95,
NSE,NIFTY,2025-06-04,13:20:00,24601.05,24604.6,24594.95,24602.1,
NSE,NIFTY,2025-06-04,13:25:00,24602.9,24607.4,24588.8,24606.75,
NSE,NIFTY,2025-06-04,13:30:00,24605.15,24610.9,24600,24610.75,
NSE,NIFTY,2025-06-04,13:35:00,24610.7,24611.95,24601.8,24606.7,
NSE,NIFTY,2025-06-04,13:40:00,24606.25,24609.25,24601.6,24603.3,
NSE,NIFTY,2025-06-04,13:45:00,24603.1,24609,24601.05,24604.75,
NSE,NIFTY,2025-06-04,13:50:00,24604.4,24614.75,24603.35,24613.1,
NSE,NIFTY,2025-06-04,13:55:00,24614.05,24622.55,24610.7,24612.45,
NSE,NIFTY,2025-06-04,14:00:00,24613.25,24623.3,24611.5,24622.2,
NSE,NIFTY,2025-06-04,14:05:00,24622.25,24624.65,24610.9,24619.2,
NSE,NIFTY,2025-06-04,14:10:00,24618.55,24632,24616.45,24621.5,
NSE,NIFTY,2025-06-04,14:15:00,24621.05,24625.9,24612.1,24619.4,
NSE,NIFTY,2025-06-04,14:20:00,24619.85,24625.8,24618.75,24619.9,
NSE,NIFTY,2025-06-04,14:25:00,24619.55,24623.3,24615.5,24619.65,
NSE,NIFTY,2025-06-04,14:30:00,24619.5,24621.3,24608.65,24613.9,
NSE,NIFTY,2025-06-04,14:35:00,24613.75,24622.9,24613.75,24620.65,
NSE,NIFTY,2025-06-04,14:40:00,24621.3,24622.75,24615.7,24620.4,
NSE,NIFTY,2025-06-04,14:45:00,24619.85,24622.55,24612,24616.75,
NSE,NIFTY,2025-06-04,14:50:00,24616.8,24618.15,24610.55,24615.35,
NSE,NIFTY,2025-06-04,14:55:00,24615.2,24620.15,24612.2,24615.2,
NSE,NIFTY,2025-06-04,15:00:00,24615.75,24640.55,24615.75,24639.4,
NSE,NIFTY,2025-06-04,15:05:00,24638,24644.25,24633.85,24639.5,
NSE,NIFTY,2025-06-04,15:10:00,24638.25,24639.75,24622.1,24623.2,
NSE,NIFTY,2025-06-04,15:15:00,24623.15,24624.05,24612.9,24614.35,
NSE,NIFTY,2025-06-04,15:20:00,24612.85,24615.25,24607.35,24609.7,
NSE,NIFTY,2025-06-04,15:25:00,24609.15,24612.7,24604.1,24607.9,
NSE,NIFTY,2025-06-04,15:30:00,24607.2,24622.05,24607.2,24612.05,
NSE,NIFTY,2025-06-04,15:35:00,24612.05,24620.2,24612.05,24620.2,
NSE,NIFTY,2025-06-04,15:40:00,24620.2,24620.2,24620.2,24620.2,
NSE,NIFTY,2025-06-04,15:45:00,24620.2,24620.2,24620.2,24620.2,
NSE,NIFTY,2025-06-04,15:50:00,24620.2,24620.2,24620.2,24620.2,
NSE,NIFTY,2025-06-04,15:55:00,24620.2,24620.2,24620.2,24620.2,
NSE,NIFTY,2025-06-04,16:00:00,24620.2,24620.2,24620.2,24620.2,
NSE,NIFTY,2025-06-05,07:30:00,24620.2,24620.2,24620.2,24620.2,
NSE,NIFTY,2025-06-05,07:35:00,24620.2,24620.2,24620.2,24620.2,
NSE,NIFTY,2025-06-05,07:40:00,24620.2,24620.2,24620.2,24620.2,
NSE,NIFTY,2025-06-05,07:45:00,24620.2,24620.2,24620.2,24620.2,
NSE,NIFTY,2025-06-05,07:50:00,24620.2,24620.2,24620.2,24620.2,
NSE,NIFTY,2025-06-05,07:55:00,24620.2,24620.2,24620.2,24620.2,
NSE,NIFTY,2025-06-05,08:00:00,24620.2,24620.2,24620.2,24620.2,
NSE,NIFTY,2025-06-05,08:05:00,24620.2,24620.2,24620.2,24620.2,
NSE,NIFTY,2025-06-05,08:10:00,24620.2,24620.2,24620.2,24620.2,
NSE,NIFTY,2025-06-05,08:15:00,24620.2,24620.2,24620.2,24620.2,
NSE,NIFTY,2025-06-05,08:20:00,24620.2,24620.2,24620.2,24620.2,
NSE,NIFTY,2025-06-05,08:25:00,24620.2,24620.2,24620.2,24620.2,
NSE,NIFTY,2025-06-05,08:30:00,24620.2,24620.2,24620.2,24620.2,
NSE,NIFTY,2025-06-05,08:35:00,24620.2,24620.2,24620.2,24620.2,
NSE,NIFTY,2025-06-05,08:40:00,24620.2,24620.2,24620.2,24620.2,
NSE,NIFTY,2025-06-05,08:45:00,24620.2,24620.2,24620.2,24620.2,
NSE,NIFTY,2025-06-05,08:50:00,24620.2,24620.2,24620.2,24620.2,
NSE,NIFTY,2025-06-05,08:55:00,24620.2,24620.2,24620.2,24620.2,
NSE,NIFTY,2025-06-05,09:00:00,24620.2,25481.15,24620.2,25050.3,
NSE,NIFTY,2025-06-05,09:05:00,25042.7,25052.05,24680.3,24680.7,
NSE,NIFTY,2025-06-05,09:10:00,24678.4,24707,24659.5,24691.2,
NSE,NIFTY,2025-06-05,09:15:00,24691.2,24691.2,24650.65,24661.05,
NSE,NIFTY,2025-06-05,09:20:00,24658.9,24672.6,24613.65,24626.9,
NSE,NIFTY,2025-06-05,09:25:00,24625.75,24678.85,24624.35,24678.85,
NSE,NIFTY,2025-06-05,09:30:00,24679.45,24723.3,24678.8,24716.5,
NSE,NIFTY,2025-06-05,09:35:00,24715.2,24737.65,24704.05,24735.65,
NSE,NIFTY,2025-06-05,09:40:00,24735.5,24749.75,24729.6,24742,
NSE,NIFTY,2025-06-05,09:45:00,24741.8,24755.35,24732.6,24754.65,
NSE,NIFTY,2025-06-05,09:50:00,24754.4,24757.2,24743.85,24754.6,
NSE,NIFTY,2025-06-05,09:55:00,24753.7,24760.95,24747.35,24748.7,
NSE,NIFTY,2025-06-05,10:00:00,24748.55,24761.25,24740.55,24753.45,
NSE,NIFTY,2025-06-05,10:05:00,24753.55,24757.4,24743.2,24749.25,
NSE,NIFTY,2025-06-05,10:10:00,24749.25,24750.05,24728.95,24735.1,
NSE,NIFTY,2025-06-05,10:15:00,24734.5,24740.95,24724.4,24730.45,
NSE,NIFTY,2025-06-05,10:20:00,24732.4,24734.95,24714.05,24718.1,
NSE,NIFTY,2025-06-05,10:25:00,24717.75,24737.2,24713.75,24734.25,
NSE,NIFTY,2025-06-05,10:30:00,24735.05,24741.15,24720.85,24727.9,
NSE,NIFTY,2025-06-05,10:35:00,24728.15,24734.85,24713.85,24720.15,
NSE,NIFTY,2025-06-05,10:40:00,24720.1,24724.45,24709.65,24720.2,
NSE,NIFTY,2025-06-05,10:45:00,24720.6,24723,24715.65,24719.95,
NSE,NIFTY,2025-06-05,10:50:00,24719.5,24723.5,24701.8,24704,
NSE,NIFTY,2025-06-05,10:55:00,24702.8,24706.45,24690.9,24694.6,
NSE,NIFTY,2025-06-05,11:00:00,24691.85,24705.2,24691.2,24700.5,
NSE,NIFTY,2025-06-05,11:05:00,24700.8,24712.6,24699.05,24708.7,
NSE,NIFTY,2025-06-05,11:10:00,24707.9,24715.1,24702.05,24705,
NSE,NIFTY,2025-06-05,11:15:00,24705.2,24711.65,24703.55,24711.2,
NSE,NIFTY,2025-06-05,11:20:00,24710.7,24717.75,24708.15,24713.85,
NSE,NIFTY,2025-06-05,11:25:00,24715.2,24754.2,24712.95,24752.5,
NSE,NIFTY,2025-06-05,11:30:00,24753.8,24753.85,24733.45,24735.05,
NSE,NIFTY,2025-06-05,11:35:00,24735.05,24739.9,24731.2,24731.65,
NSE,NIFTY,2025-06-05,11:40:00,24732.7,24735.55,24730.55,24732.05,
NSE,NIFTY,2025-06-05,11:45:00,24732.95,24736.25,24725.9,24727.8,
NSE,NIFTY,2025-06-05,11:50:00,24728.6,24729.45,24713.8,24719.1,
NSE,NIFTY,2025-06-05,11:55:00,24718.9,24733.5,24717.3,24728.25,
NSE,NIFTY,2025-06-05,12:00:00,24728.4,24746.7,24721.25,24744.95,
NSE,NIFTY,2025-06-05,12:05:00,24745.6,24809.85,24743.15,24807.75,
NSE,NIFTY,2025-06-05,12:10:00,24806.8,24829.2,24800.75,24820.9,
NSE,NIFTY,2025-06-05,12:15:00,24820.7,24875.3,24815.2,24871.4,
NSE,NIFTY,2025-06-05,12:20:00,24870.85,24898.9,24849.4,24856.25,
NSE,NIFTY,2025-06-05,12:25:00,24854.55,24860.4,24837.75,24838.6,
NSE,NIFTY,2025-06-05,12:30:00,24839.2,24839.4,24803.65,24836,
NSE,NIFTY,2025-06-05,12:35:00,24835.8,24837.45,24809.05,24812.75,
NSE,NIFTY,2025-06-05,12:40:00,24812.25,24820.05,24798.5,24808.85,
NSE,NIFTY,2025-06-05,12:45:00,24809.15,24834.5,24809.15,24817.9,
NSE,NIFTY,2025-06-05,12:50:00,24816.95,24831.6,24807.45,24813.65,
NSE,NIFTY,2025-06-05,12:55:00,24812.65,24829.2,24809.7,24827.95,
NSE,NIFTY,2025-06-05,13:00:00,24826.25,24827.95,24785.55,24800.7,
NSE,NIFTY,2025-06-05,13:05:00,24801.4,24805.15,24790.45,24805.15,
NSE,NIFTY,2025-06-05,13:10:00,24804.75,24822.55,24790.05,24799.1,
NSE,NIFTY,2025-06-05,13:15:00,24800.55,24800.55,24770.4,24782.15,
NSE,NIFTY,2025-06-05,13:20:00,24781.8,24790.2,24770.65,24778.5,
NSE,NIFTY,2025-06-05,13:25:00,24777.75,24781.95,24763.05,24781.8,
NSE,NIFTY,2025-06-05,13:30:00,24781.1,24786.6,24734.35,24736.4,
NSE,NIFTY,2025-06-05,13:35:00,24735.85,24745.3,24711.35,24721.55,
NSE,NIFTY,2025-06-05,13:40:00,24723.75,24753.35,24720.7,24753.35,
NSE,NIFTY,2025-06-05,13:45:00,24752.65,24762.9,24725.5,24734.1,
NSE,NIFTY,2025-06-05,13:50:00,24734.85,24758.45,24730.2,24747.5,
NSE,NIFTY,2025-06-05,13:55:00,24746.9,24747.25,24736.05,24738.7,
NSE,NIFTY,2025-06-05,14:00:00,24737.55,24741.05,24722.75,24737.5,
NSE,NIFTY,2025-06-05,14:05:00,24738.25,24742.55,24695.65,24715.25,
NSE,NIFTY,2025-06-05,14:10:00,24716.35,24726.9,24706.45,24711.2,
NSE,NIFTY,2025-06-05,14:15:00,24712.2,24717.8,24693.1,24708.85,
NSE,NIFTY,2025-06-05,14:20:00,24708.85,24716.45,24701.1,24711.2,
NSE,NIFTY,2025-06-05,14:25:00,24709.9,24723.45,24701.7,24710.4,
NSE,NIFTY,2025-06-05,14:30:00,24711.1,24744.4,24709.65,24728.75,
NSE,NIFTY,2025-06-05,14:35:00,24727.6,24749.85,24712.9,24736.3,
NSE,NIFTY,2025-06-05,14:40:00,24735.75,24744.15,24722.3,24732.5,
NSE,NIFTY,2025-06-05,14:45:00,24735,24764.45,24734.45,24763.3,
NSE,NIFTY,2025-06-05,14:50:00,24763.2,24771.15,24752.8,24771.05,
NSE,NIFTY,2025-06-05,14:55:00,24775,24780.65,24747.05,24747.5,
NSE,NIFTY,2025-06-05,15:00:00,24746.85,24753.05,24738.05,24742.15,
NSE,NIFTY,2025-06-05,15:05:00,24741.65,24745,24727.1,24733.9,
NSE,NIFTY,2025-06-05,15:10:00,24735.25,24747.9,24731.95,24744.5,
NSE,NIFTY,2025-06-05,15:15:00,24743.45,24755.9,24733.8,24755.35,
NSE,NIFTY,2025-06-05,15:20:00,24754.8,24769.4,24745.45,24764.4,
NSE,NIFTY,2025-06-05,15:25:00,24764.85,24770.95,24757.1,24769,
NSE,NIFTY,2025-06-05,15:30:00,24769.05,24775.4,24755.55,24761.3,
NSE,NIFTY,2025-06-05,15:35:00,24761.3,24761.3,24750.9,24750.9,
NSE,NIFTY,2025-06-05,15:40:00,24750.9,24750.9,24750.9,24750.9,
NSE,NIFTY,2025-06-05,15:45:00,24750.9,24750.9,24750.9,24750.9,
NSE,NIFTY,2025-06-05,15:50:00,24750.9,24750.9,24750.9,24750.9,
NSE,NIFTY,2025-06-05,15:55:00,24750.9,24750.9,24750.9,24750.9,
NSE,NIFTY,2025-06-05,16:00:00,24750.9,24750.9,24750.9,24750.9,
NSE,NIFTY,2025-06-06,07:30:00,24750.9,24750.9,24750.9,24750.9,
NSE,NIFTY,2025-06-06,07:35:00,24750.9,24750.9,24750.9,24750.9,
NSE,NIFTY,2025-06-06,07:40:00,24750.9,24750.9,24750.9,24750.9,
NSE,NIFTY,2025-06-06,07:45:00,24750.9,24750.9,24750.9,24750.9,
NSE,NIFTY,2025-06-06,07:50:00,24750.9,24750.9,24750.9,24750.9,
NSE,NIFTY,2025-06-06,07:55:00,24750.9,24750.9,24750.9,24750.9,
NSE,NIFTY,2025-06-06,08:00:00,24750.9,24750.9,24750.9,24750.9,
NSE,NIFTY,2025-06-06,08:05:00,24750.9,24750.9,24750.9,24750.9,
NSE,NIFTY,2025-06-06,08:10:00,24750.9,24750.9,24750.9,24750.9,
NSE,NIFTY,2025-06-06,08:15:00,24750.9,24750.9,24750.9,24750.9,
NSE,NIFTY,2025-06-06,08:20:00,24750.9,24750.9,24750.9,24750.9,
NSE,NIFTY,2025-06-06,08:25:00,24750.9,24750.9,24750.9,24750.9,
NSE,NIFTY,2025-06-06,08:30:00,24750.9,24750.9,24750.9,24750.9,
NSE,NIFTY,2025-06-06,08:35:00,24750.9,24750.9,24750.9,24750.9,
NSE,NIFTY,2025-06-06,08:40:00,24750.9,24750.9,24750.9,24750.9,
NSE,NIFTY,2025-06-06,08:45:00,24750.9,24750.9,24750.9,24750.9,
NSE,NIFTY,2025-06-06,08:50:00,24750.9,24750.9,24750.9,24750.9,
NSE,NIFTY,2025-06-06,08:55:00,24750.9,24750.9,24750.9,24750.9,
NSE,NIFTY,2025-06-06,09:00:00,24750.9,24872,24573.45,24713.4,
NSE,NIFTY,2025-06-06,09:05:00,24713.55,24775,24652.1,24750.2,
NSE,NIFTY,2025-06-06,09:10:00,24750.5,24763.9,24702.75,24748.7,
NSE,NIFTY,2025-06-06,09:15:00,24748.7,24758.95,24737.9,24739.95,
NSE,NIFTY,2025-06-06,09:20:00,24741.6,24751.6,24723.55,24737.95,
NSE,NIFTY,2025-06-06,09:25:00,24737.35,24755.85,24736.95,24745.9,
NSE,NIFTY,2025-06-06,09:30:00,24745.45,24754.35,24720.65,24721.85,
NSE,NIFTY,2025-06-06,09:35:00,24721.45,24732.15,24704.25,24711.75,
NSE,NIFTY,2025-06-06,09:40:00,24712.4,24713.4,24687.15,24690.4,
NSE,NIFTY,2025-06-06,09:45:00,24690.45,24704.85,24681.1,24687.15,
NSE,NIFTY,2025-06-06,09:50:00,24688.25,24707.75,24685.7,24707.7,
NSE,NIFTY,2025-06-06,09:55:00,24706.35,24709.15,24696.1,24702.5,
NSE,NIFTY,2025-06-06,10:00:00,24702,24715.25,24702,24712.65,
NSE,NIFTY,2025-06-06,10:05:00,24712.55,24713.1,24671.65,24683.65,
NSE,NIFTY,2025-06-06,10:10:00,24683.5,24816.95,24682.2,24792.2,
NSE,NIFTY,2025-06-06,10:15:00,24793.65,24796.45,24723.9,24754.5,
NSE,NIFTY,2025-06-06,10:20:00,24754.15,24766.2,24735.75,24765.4,
NSE,NIFTY,2025-06-06,10:25:00,24766.4,24794,24737.75,24792.65,
NSE,NIFTY,2025-06-06,10:30:00,24794.2,24837.6,24789.2,24835.4,
NSE,NIFTY,2025-06-06,10:35:00,24833.7,24868.15,24829.05,24860.65,
NSE,NIFTY,2025-06-06,10:40:00,24861.1,24894.65,24845.55,24894.25,
NSE,NIFTY,2025-06-06,10:45:00,24894,24925.5,24889.95,24917.65,
NSE,NIFTY,2025-06-06,10:50:00,24917.45,24947.85,24915.9,24934.1,
NSE,NIFTY,2025-06-06,10:55:00,24932.4,24940.05,24919.3,24929.35,
NSE,NIFTY,2025-06-06,11:00:00,24929.6,24950.35,24921.85,24949.15,
NSE,NIFTY,2025-06-06,11:05:00,24951.15,24974.35,24948.3,24970.05,
NSE,NIFTY,2025-06-06,11:10:00,24967.6,24982.4,24966.8,24974.15,
NSE,NIFTY,2025-06-06,11:15:00,24973.4,24988.25,24962.35,24987.45,
NSE,NIFTY,2025-06-06,11:20:00,24987.25,24993,24972.9,24985.7,
NSE,NIFTY,2025-06-06,11:25:00,24985.35,24987.2,24960.55,24969.3,
NSE,NIFTY,2025-06-06,11:30:00,24969.2,24984.35,24968.5,24974.75,
NSE,NIFTY,2025-06-06,11:35:00,24974,24983.6,24970.15,24976.6,
NSE,NIFTY,2025-06-06,11:40:00,24977.2,24983.5,24975.2,24981.4,
NSE,NIFTY,2025-06-06,11:45:00,24981.45,25007.95,24981.25,25003.85,
NSE,NIFTY,2025-06-06,11:50:00,25003.9,25006,24993.4,25000.05,
NSE,NIFTY,2025-06-06,11:55:00,24998.9,25019.6,24997.7,25018.4,
NSE,NIFTY,2025-06-06,12:00:00,25017.7,25029.3,25016.4,25027,
NSE,NIFTY,2025-06-06,12:05:00,25026.65,25028.4,25008,25010.8,
NSE,NIFTY,2025-06-06,12:10:00,25011.6,25019.3,25010.7,25015.6,
NSE,NIFTY,2025-06-06,12:15:00,25015.2,25017.95,24995.8,24997.85,
NSE,NIFTY,2025-06-06,12:20:00,24997.8,24999.55,24982.15,24984.5,
NSE,NIFTY,2025-06-06,12:25:00,24984.55,24985.4,24967.05,24982.7,
NSE,NIFTY,2025-06-06,12:30:00,24982.7,24990.6,24975.4,24989.75,
NSE,NIFTY,2025-06-06,12:35:00,24990.1,24994.85,24983.35,24985.35,
NSE,NIFTY,2025-06-06,12:40:00,24985.5,24990.1,24966,24966.15,
NSE,NIFTY,2025-06-06,12:45:00,24966.8,24988.2,24966.4,24988.2,
NSE,NIFTY,2025-06-06,12:50:00,24987.85,24988.65,24977.6,24985.3,
NSE,NIFTY,2025-06-06,12:55:00,24985.3,24987.25,24977.95,24984.45,
NSE,NIFTY,2025-06-06,13:00:00,24982.95,24990.25,24977.6,24979.95,
NSE,NIFTY,2025-06-06,13:05:00,24979.9,24991.05,24976.95,24980.5,
NSE,NIFTY,2025-06-06,13:10:00,24980.15,24983.75,24968,24972.4,
NSE,NIFTY,2025-06-06,13:15:00,24972.55,24979.15,24967.3,24969.45,
NSE,NIFTY,2025-06-06,13:20:00,24968.85,24976.2,24965.15,24971.55,
NSE,NIFTY,2025-06-06,13:25:00,24970.8,24979.45,24968.95,24977.05,
NSE,NIFTY,2025-06-06,13:30:00,24976.6,24981.1,24971.45,24972.15,
NSE,NIFTY,2025-06-06,13:35:00,24972.6,24983.55,24962.35,24982.25,
NSE,NIFTY,2025-06-06,13:40:00,24982.2,24997.7,24980.8,24996.85,
NSE,NIFTY,2025-06-06,13:45:00,24996.3,24996.35,24979.05,24983.4,
NSE,NIFTY,2025-06-06,13:50:00,24982.95,24994.25,24974.8,24979.55,
NSE,NIFTY,2025-06-06,13:55:00,24980.05,24981.35,24972.2,24975.5,
NSE,NIFTY,2025-06-06,14:00:00,24975,24991.15,24973.2,24987.8,
NSE,NIFTY,2025-06-06,14:05:00,24987.95,24994.5,24985.6,24988.5,
NSE,NIFTY,2025-06-06,14:10:00,24988.9,24989.85,24975.15,24977.7,
NSE,NIFTY,2025-06-06,14:15:00,24977.65,24992.8,24975.45,24991.8,
NSE,NIFTY,2025-06-06,14:20:00,24991.1,25007.3,24990.8,25001.8,
NSE,NIFTY,2025-06-06,14:25:00,25002.35,25021.75,24998.55,25011.95,
NSE,NIFTY,2025-06-06,14:30:00,25012.25,25019.5,25008.85,25013.7,
NSE,NIFTY,2025-06-06,14:35:00,25014.1,25014.65,24996.05,24996.05,
NSE,NIFTY,2025-06-06,14:40:00,24996.3,25002.05,24986.25,24990.6,
NSE,NIFTY,2025-06-06,14:45:00,24990.7,24997.15,24984.1,24984.3,
NSE,NIFTY,2025-06-06,14:50:00,24986,25003.3,24983.2,25002.05,
NSE,NIFTY,2025-06-06,14:55:00,25002,25004.75,24991.85,24996.6,
NSE,NIFTY,2025-06-06,15:00:00,24996.25,25006.85,24993.4,25006.6,
NSE,NIFTY,2025-06-06,15:05:00,25005.25,25013.4,24994.3,24995.75,
NSE,NIFTY,2025-06-06,15:10:00,24996.5,25010.25,24995.15,25006.95,
NSE,NIFTY,2025-06-06,15:15:00,25006.9,25008.1,24998.15,25002.85,
NSE,NIFTY,2025-06-06,15:20:00,25001.95,25010.05,24996.75,24998.45,
NSE,NIFTY,2025-06-06,15:25:00,25001.35,25004.75,24996.05,25000.95,
NSE,NIFTY,2025-06-06,15:30:00,25001.8,25007.35,24992.65,25003.15,
NSE,NIFTY,2025-06-06,15:35:00,25003.15,25003.15,25000.15,25003.05,
NSE,NIFTY,2025-06-06,15:40:00,25003.05,25003.05,25003.05,25003.05,
NSE,NIFTY,2025-06-06,15:45:00,25003.05,25003.05,25003.05,25003.05,
NSE,NIFTY,2025-06-06,15:50:00,25003.05,25003.05,25003.05,25003.05,
NSE,NIFTY,2025-06-06,15:55:00,25003.05,25003.05,25003.05,25003.05,
NSE,NIFTY,2025-06-06,16:00:00,25003.05,25003.05,25003.05,25003.05,
NSE,NIFTY,2025-06-09,07:30:00,25003.05,25003.05,25003.05,25003.05,
NSE,NIFTY,2025-06-09,07:35:00,25003.05,25003.05,25003.05,25003.05,
NSE,NIFTY,2025-06-09,07:40:00,25003.05,25003.05,25003.05,25003.05,
NSE,NIFTY,2025-06-09,07:45:00,25003.05,25003.05,25003.05,25003.05,
NSE,NIFTY,2025-06-09,07:50:00,25003.05,25003.05,25003.05,25003.05,
NSE,NIFTY,2025-06-09,07:55:00,25003.05,25003.05,25003.05,25003.05,
NSE,NIFTY,2025-06-09,08:00:00,25003.05,25003.05,25003.05,25003.05,
NSE,NIFTY,2025-06-09,08:05:00,25003.05,25003.05,25003.05,25003.05,
NSE,NIFTY,2025-06-09,08:10:00,25003.05,25003.05,25003.05,25003.05,
NSE,NIFTY,2025-06-09,08:15:00,25003.05,25003.05,25003.05,25003.05,
NSE,NIFTY,2025-06-09,08:20:00,25003.05,25003.05,25003.05,25003.05,
NSE,NIFTY,2025-06-09,08:25:00,25003.05,25003.05,25003.05,25003.05,
NSE,NIFTY,2025-06-09,08:30:00,25003.05,25003.05,25003.05,25003.05,
NSE,NIFTY,2025-06-09,08:35:00,25003.05,25003.05,25003.05,25003.05,
NSE,NIFTY,2025-06-09,08:40:00,25003.05,25003.05,25003.05,25003.05,
NSE,NIFTY,2025-06-09,08:45:00,25003.05,25003.05,25003.05,25003.05,
NSE,NIFTY,2025-06-09,08:50:00,25003.05,25003.05,25003.05,25003.05,
NSE,NIFTY,2025-06-09,08:55:00,25003.05,25003.05,25003.05,25003.05,
NSE,NIFTY,2025-06-09,09:00:00,25003.05,25043,24545.15,25004.2,
NSE,NIFTY,2025-06-09,09:05:00,25008.45,25182.25,25008.45,25179,
NSE,NIFTY,2025-06-09,09:10:00,25178.85,25183.15,25159.85,25160.1,
NSE,NIFTY,2025-06-09,09:15:00,25160.1,25160.1,25108.45,25126,
NSE,NIFTY,2025-06-09,09:20:00,25121.25,25143.45,25106.3,25111.8,
NSE,NIFTY,2025-06-09,09:25:00,25112.15,25118.65,25087.35,25097.35,
NSE,NIFTY,2025-06-09,09:30:00,25096.95,25129.8,25087.25,25090.95,
NSE,NIFTY,2025-06-09,09:35:00,25091.6,25107.05,25082.6,25097.6,
NSE,NIFTY,2025-06-09,09:40:00,25097.55,25103.9,25080.55,25082.85,
NSE,NIFTY,2025-06-09,09:45:00,25083.15,25116,25078.95,25115.95,
NSE,NIFTY,2025-06-09,09:50:00,25114,25114.8,25089.5,25103.55,
NSE,NIFTY,2025-06-09,09:55:00,25103.85,25108.05,25095.25,25095.6,
NSE,NIFTY,2025-06-09,10:00:00,25095.85,25106.35,25089.4,25102.2,
NSE,NIFTY,2025-06-09,10:05:00,25102.95,25124.35,25094.65,25122.8,
NSE,NIFTY,2025-06-09,10:10:00,25122.85,25123,25102.35,25114.3,
NSE,NIFTY,2025-06-09,10:15:00,25113.25,25123.8,25106.6,25121.6,
NSE,NIFTY,2025-06-09,10:20:00,25121.65,25122.7,25110,25115.2,
NSE,NIFTY,2025-06-09,10:25:00,25116.75,25125.4,25116.75,25122.55,
NSE,NIFTY,2025-06-09,10:30:00,25122.5,25129.4,25114.8,25123.35,
NSE,NIFTY,2025-06-09,10:35:00,25123.1,25132.65,25121.2,25123.65,
NSE,NIFTY,2025-06-09,10:40:00,25124.9,25126.15,25118.3,25123.4,
NSE,NIFTY,2025-06-09,10:45:00,25123.65,25136,25122.55,25134.2,
NSE,NIFTY,2025-06-09,10:50:00,25135.2,25140.4,25131.9,25140.1,
NSE,NIFTY,2025-06-09,10:55:00,25140.1,25141.3,25134.45,25136.7,
NSE,NIFTY,2025-06-09,11:00:00,25137.4,25140.2,25127.7,25130.75,
NSE,NIFTY,2025-06-09,11:05:00,25130.1,25142.7,25129.75,25137.2,
NSE,NIFTY,2025-06-09,11:10:00,25137.05,25140.2,25122.8,25123.6,
NSE,NIFTY,2025-06-09,11:15:00,25124.2,25130.9,25119.2,25123.7,
NSE,NIFTY,2025-06-09,11:20:00,25123.25,25128.2,25116,25119.05,
NSE,NIFTY,2025-06-09,11:25:00,25119.75,25123.95,25113.55,25120.95,
NSE,NIFTY,2025-06-09,11:30:00,25121.45,25122.05,25109.25,25115.25,
NSE,NIFTY,2025-06-09,11:35:00,25115.2,25121.7,25113.8,25119.05,
NSE,NIFTY,2025-06-09,11:40:00,25119.2,25128.1,25117.8,25121.2,
NSE,NIFTY,2025-06-09,11:45:00,25121.2,25122.55,25107.4,25111.7,
NSE,NIFTY,2025-06-09,11:50:00,25111.7,25114.55,25103.35,25105.85,
NSE,NIFTY,2025-06-09,11:55:00,25106.3,25114.8,25105,25106.2,
NSE,NIFTY,2025-06-09,12:00:00,25106.65,25113.75,25103.9,25110.1,
NSE,NIFTY,2025-06-09,12:05:00,25110.05,25112.05,25102.3,25109.65,
NSE,NIFTY,2025-06-09,12:10:00,25109.45,25112.85,25107.35,25110.7,
NSE,NIFTY,2025-06-09,12:15:00,25109.7,25118.65,25109.7,25116.45,
NSE,NIFTY,2025-06-09,12:20:00,25117.45,25118.2,25112.65,25113.85,
NSE,NIFTY,2025-06-09,12:25:00,25113.85,25115.2,25104.95,25111.7,
NSE,NIFTY,2025-06-09,12:30:00,25113.35,25119.85,25109.95,25118.85,
NSE,NIFTY,2025-06-09,12:35:00,25119.55,25127.6,25115.1,25126.1,
NSE,NIFTY,2025-06-09,12:40:00,25127.2,25127.85,25118.9,25119.7,
NSE,NIFTY,2025-06-09,12:45:00,25120.2,25122.65,25115.25,25116.2,
NSE,NIFTY,2025-06-09,12:50:00,25115.8,25118.4,25106.95,25107.85,
NSE,NIFTY,2025-06-09,12:55:00,25107.85,25111.4,25105.45,25108.35,
NSE,NIFTY,2025-06-09,13:00:00,25109.9,25111.85,25104.2,25107.6,
NSE,NIFTY,2025-06-09,13:05:00,25109.45,25111.75,25104.1,25105.35,
NSE,NIFTY,2025-06-09,13:10:00,25105.75,25111,25103.45,25108.3,
NSE,NIFTY,2025-06-09,13:15:00,25108.55,25111.4,25105,25109.85,
NSE,NIFTY,2025-06-09,13:20:00,25109.05,25117.1,25098.45,25099.45,
NSE,NIFTY,2025-06-09,13:25:00,25100,25109.5,25099.2,25104.75,
NSE,NIFTY,2025-06-09,13:30:00,25105.3,25110.25,25104.5,25107.3,
NSE,NIFTY,2025-06-09,13:35:00,25107.3,25108.85,25099.05,25102.05,
NSE,NIFTY,2025-06-09,13:40:00,25102.5,25109.35,25098.6,25105.35,
NSE,NIFTY,2025-06-09,13:45:00,25104.4,25113.45,25104.35,25112.6,
NSE,NIFTY,2025-06-09,13:50:00,25112.05,25113.85,25105.8,25106.65,
NSE,NIFTY,2025-06-09,13:55:00,25105.55,25113.05,25104.65,25112.3,
NSE,NIFTY,2025-06-09,14:00:00,25111.4,25116.05,25107.85,25109.85,
NSE,NIFTY,2025-06-09,14:05:00,25111.15,25112.45,25104.2,25107.35,
NSE,NIFTY,2025-06-09,14:10:00,25107.1,25110.45,25101.05,25101.9,
NSE,NIFTY,2025-06-09,14:15:00,25101.2,25102.9,25088.15,25089.6,
NSE,NIFTY,2025-06-09,14:20:00,25088.1,25099.55,25083.5,25098.05,
NSE,NIFTY,2025-06-09,14:25:00,25097.9,25102.2,25085.85,25090.5,
NSE,NIFTY,2025-06-09,14:30:00,25090.8,25103.3,25089.55,25101.15,
NSE,NIFTY,2025-06-09,14:35:00,25101.75,25107.1,25100.9,25103.15,
NSE,NIFTY,2025-06-09,14:40:00,25104,25107.25,25099.1,25101.5,
NSE,NIFTY,2025-06-09,14:45:00,25101.85,25105.8,25100.4,25102.7,
NSE,NIFTY,2025-06-09,14:50:00,25103.1,25104.45,25096,25096.85,
NSE,NIFTY,2025-06-09,14:55:00,25096.7,25100.15,25094.65,25097.25,
NSE,NIFTY,2025-06-09,15:00:00,25096.3,25099.55,25092.35,25097.15,
NSE,NIFTY,2025-06-09,15:05:00,25096.75,25106.45,25096.45,25102.6,
NSE,NIFTY,2025-06-09,15:10:00,25101.95,25105.5,25096.65,25102.6,
NSE,NIFTY,2025-06-09,15:15:00,25103.4,25104.45,25099.35,25101.45,
NSE,NIFTY,2025-06-09,15:20:00,25102.1,25105.55,25099.6,25103.25,
NSE,NIFTY,2025-06-09,15:25:00,25104.95,25110.95,25100.3,25107.4,
NSE,NIFTY,2025-06-09,15:30:00,25107.5,25107.95,25099.4,25103.35,
NSE,NIFTY,2025-06-09,15:35:00,25103.35,25103.35,25103.2,25103.2,
NSE,NIFTY,2025-06-09,15:40:00,25103.2,25103.2,25103.2,25103.2,
NSE,NIFTY,2025-06-09,15:45:00,25103.2,25103.2,25103.2,25103.2,
NSE,NIFTY,2025-06-09,15:50:00,25103.2,25103.2,25103.2,25103.2,
NSE,NIFTY,2025-06-09,15:55:00,25103.2,25103.2,25103.2,25103.2,
NSE,NIFTY,2025-06-09,16:00:00,25103.2,25103.2,25103.2,25103.2,
NSE,NIFTY,2025-06-10,07:30:00,25103.2,25103.2,25103.2,25103.2,
NSE,NIFTY,2025-06-10,07:35:00,25103.2,25103.2,25103.2,25103.2,
NSE,NIFTY,2025-06-10,07:40:00,25103.2,25103.2,25103.2,25103.2,
NSE,NIFTY,2025-06-10,07:45:00,25103.2,25103.2,25103.2,25103.2,
NSE,NIFTY,2025-06-10,07:50:00,25103.2,25103.2,25103.2,25103.2,
NSE,NIFTY,2025-06-10,07:55:00,25103.2,25103.2,25103.2,25103.2,
NSE,NIFTY,2025-06-10,08:00:00,25103.2,25103.2,25103.2,25103.2,
NSE,NIFTY,2025-06-10,08:05:00,25103.2,25103.2,25103.2,25103.2,
NSE,NIFTY,2025-06-10,08:10:00,25103.2,25103.2,25103.2,25103.2,
NSE,NIFTY,2025-06-10,08:15:00,25103.2,25103.2,25103.2,25103.2,
NSE,NIFTY,2025-06-10,08:20:00,25103.2,25103.2,25103.2,25103.2,
NSE,NIFTY,2025-06-10,08:25:00,25103.2,25103.2,25103.2,25103.2,
NSE,NIFTY,2025-06-10,08:30:00,25103.2,25103.2,25103.2,25103.2,
NSE,NIFTY,2025-06-10,08:35:00,25103.2,25103.2,25103.2,25103.2,
NSE,NIFTY,2025-06-10,08:40:00,25103.2,25103.2,25103.2,25103.2,
NSE,NIFTY,2025-06-10,08:45:00,25103.2,25103.2,25103.2,25103.2,
NSE,NIFTY,2025-06-10,08:50:00,25103.2,25103.2,25103.2,25103.2,
NSE,NIFTY,2025-06-10,08:55:00,25103.2,25103.2,25103.2,25103.2,
NSE,NIFTY,2025-06-10,09:00:00,25103.2,25565.6,25103.2,25226.35,
NSE,NIFTY,2025-06-10,09:05:00,25225.2,25243.15,25199.9,25224.7,
NSE,NIFTY,2025-06-10,09:10:00,25224.85,25226.55,25183.75,25196.05,
NSE,NIFTY,2025-06-10,09:15:00,25196.05,25196.05,25148.6,25161.35,
NSE,NIFTY,2025-06-10,09:20:00,25160.8,25165.05,25123.2,25128.15,
NSE,NIFTY,2025-06-10,09:25:00,25127.6,25144,25122.45,25142,
NSE,NIFTY,2025-06-10,09:30:00,25142.75,25149.55,25065.65,25067.65,
NSE,NIFTY,2025-06-10,09:35:00,25068.4,25119.2,25055.95,25111.45,
NSE,NIFTY,2025-06-10,09:40:00,25111.3,25130.9,25101.8,25124.45,
NSE,NIFTY,2025-06-10,09:45:00,25125.2,25126.75,25105.65,25110.9,
NSE,NIFTY,2025-06-10,09:50:00,25111.05,25127.55,25103.6,25127,
NSE,NIFTY,2025-06-10,09:55:00,25126.95,25142,25120.1,25129.7,
NSE,NIFTY,2025-06-10,10:00:00,25128.75,25131.65,25125.95,25129.4,
NSE,NIFTY,2025-06-10,10:05:00,25128.3,25150.1,25127.7,25142.95,
NSE,NIFTY,2025-06-10,10:10:00,25142.9,25157.6,25140.25,25143.9,
NSE,NIFTY,2025-06-10,10:15:00,25144,25158.35,25141.65,25158.2,
NSE,NIFTY,2025-06-10,10:20:00,25157.8,25159.75,25149.7,25158.95,
NSE,NIFTY,2025-06-10,10:25:00,25160,25163.75,25141.8,25144.05,
NSE,NIFTY,2025-06-10,10:30:00,25143.85,25147.55,25133.2,25134.65,
NSE,NIFTY,2025-06-10,10:35:00,25134.7,25145.15,25127.55,25145.15,
NSE,NIFTY,2025-06-10,10:40:00,25144.35,25152.85,25141.6,25151.3,
NSE,NIFTY,2025-06-10,10:45:00,25150.55,25153.8,25145.85,25149.7,
NSE,NIFTY,2025-06-10,10:50:00,25147.45,25149.75,25134.45,25138.95,
NSE,NIFTY,2025-06-10,10:55:00,25139.15,25139.85,25105.25,25118.25,
NSE,NIFTY,2025-06-10,11:00:00,25117.5,25119,25099.8,25114.75,
NSE,NIFTY,2025-06-10,11:05:00,25114.15,25120.05,25109.65,25119.45,
NSE,NIFTY,2025-06-10,11:10:00,25119.15,25128.4,25118.75,25128.4,
NSE,NIFTY,2025-06-10,11:15:00,25125.95,25129.1,25118.55,25126.7,
NSE,NIFTY,2025-06-10,11:20:00,25127.35,25128.7,25117.35,25121.05,
NSE,NIFTY,2025-06-10,11:25:00,25120.95,25125.7,25115.5,25125.1,
NSE,NIFTY,2025-06-10,11:30:00,25125.5,25131.5,25124.35,25129,
NSE,NIFTY,2025-06-10,11:35:00,25128.4,25134.15,25125.7,25130.45,
NSE,NIFTY,2025-06-10,11:40:00,25130.4,25136.65,25129.4,25134.95,
NSE,NIFTY,2025-06-10,11:45:00,25134.55,25138.25,25129.7,25138.25,
NSE,NIFTY,2025-06-10,11:50:00,25138.65,25143.9,25135.65,25140.75,
NSE,NIFTY,2025-06-10,11:55:00,25140.9,25143.15,25136.65,25142.8,
NSE,NIFTY,2025-06-10,12:00:00,25142.5,25148.85,25139.2,25148.85,
NSE,NIFTY,2025-06-10,12:05:00,25148.3,25150.5,25139.6,25141.75,
NSE,NIFTY,2025-06-10,12:10:00,25141.85,25146.2,25137.35,25144.8,
NSE,NIFTY,2025-06-10,12:15:00,25143.3,25144.95,25131.3,25133.85,
NSE,NIFTY,2025-06-10,12:20:00,25135.45,25135.6,25121.8,25126.55,
NSE,NIFTY,2025-06-10,12:25:00,25126.7,25128.85,25120.9,25125.05,
NSE,NIFTY,2025-06-10,12:30:00,25125.3,25126.25,25120,25124.1,
NSE,NIFTY,2025-06-10,12:35:00,25123.35,25133.35,25123.35,25131.35,
NSE,NIFTY,2025-06-10,12:40:00,25131,25135.45,25128.55,25132.2,
NSE,NIFTY,2025-06-10,12:45:00,25131.85,25138.65,25127.55,25135.6,
NSE,NIFTY,2025-06-10,12:50:00,25135,25138.75,25129.9,25132,
NSE,NIFTY,2025-06-10,12:55:00,25130.85,25136.9,25129,25135.3,
NSE,NIFTY,2025-06-10,13:00:00,25134.3,25139.35,25132.6,25138.35,
NSE,NIFTY,2025-06-10,13:05:00,25139,25142.75,25136.1,25138.85,
NSE,NIFTY,2025-06-10,13:10:00,25138.6,25140.3,25128.9,25131.4,
NSE,NIFTY,2025-06-10,13:15:00,25131.15,25132.25,25124.15,25128.1,
NSE,NIFTY,2025-06-10,13:20:00,25129.35,25132.2,25124.7,25127.6,
NSE,NIFTY,2025-06-10,13:25:00,25126.95,25130.25,25121.15,25125.05,
NSE,NIFTY,2025-06-10,13:30:00,25124.5,25133.85,25124.35,25131.2,
NSE,NIFTY,2025-06-10,13:35:00,25130.2,25135.25,25127.05,25132.1,
NSE,NIFTY,2025-06-10,13:40:00,25132.2,25140.85,25130.1,25139.9,
NSE,NIFTY,2025-06-10,13:45:00,25139.9,25140.8,25127.85,25129.6,
NSE,NIFTY,2025-06-10,13:50:00,25129.85,25132.15,25123.75,25132.15,
NSE,NIFTY,2025-06-10,13:55:00,25131.8,25137.1,25124.9,25126.95,
NSE,NIFTY,2025-06-10,14:00:00,25128.8,25129.7,25123.95,25128.8,
NSE,NIFTY,2025-06-10,14:05:00,25126.45,25130.1,25121.7,25126.4,
NSE,NIFTY,2025-06-10,14:10:00,25126.95,25132.65,25122.65,25130.1,
NSE,NIFTY,2025-06-10,14:15:00,25129.55,25130.35,25123.2,25128.1,
NSE,NIFTY,2025-06-10,14:20:00,25128.45,25129.15,25121.1,25122.7,
NSE,NIFTY,2025-06-10,14:25:00,25121.95,25125.9,25119.4,25123.8,
NSE,NIFTY,2025-06-10,14:30:00,25122.35,25129,25117.95,25124.55,
NSE,NIFTY,2025-06-10,14:35:00,25124.75,25127.25,25117.4,25125,
NSE,NIFTY,2025-06-10,14:40:00,25124.15,25124.4,25116.1,25122.45,
NSE,NIFTY,2025-06-10,14:45:00,25122.35,25124,25104.35,25109,
NSE,NIFTY,2025-06-10,14:50:00,25109.85,25119.3,25104.15,25119.25,
NSE,NIFTY,2025-06-10,14:55:00,25119,25119,25106.35,25110.1,
NSE,NIFTY,2025-06-10,15:00:00,25109.8,25110.95,25098.7,25101,
NSE,NIFTY,2025-06-10,15:05:00,25099.45,25105.45,25088.2,25088.2,
NSE,NIFTY,2025-06-10,15:10:00,25087.35,25122.5,25086.15,25118.05,
NSE,NIFTY,2025-06-10,15:15:00,25117.7,25121.1,25103.2,25104.55,
NSE,NIFTY,2025-06-10,15:20:00,25103.95,25111.8,25101.2,25107.15,
NSE,NIFTY,2025-06-10,15:25:00,25106.65,25107.5,25100.25,25102.9,
NSE,NIFTY,2025-06-10,15:30:00,25102.4,25104.65,25087.7,25091.55,
NSE,NIFTY,2025-06-10,15:35:00,25091.55,25104.25,25091.55,25104.25,
NSE,NIFTY,2025-06-10,15:40:00,25104.25,25104.25,25104.25,25104.25,
NSE,NIFTY,2025-06-10,15:45:00,25104.25,25104.25,25104.25,25104.25,
NSE,NIFTY,2025-06-10,15:50:00,25104.25,25104.25,25104.25,25104.25,
NSE,NIFTY,2025-06-10,15:55:00,25104.25,25104.25,25104.25,25104.25,
NSE,NIFTY,2025-06-10,16:00:00,25104.25,25104.25,25104.25,25104.25,
NSE,NIFTY,2025-06-11,07:30:00,25104.25,25104.25,25104.25,25104.25,
NSE,NIFTY,2025-06-11,07:35:00,25104.25,25104.25,25104.25,25104.25,
NSE,NIFTY,2025-06-11,07:40:00,25104.25,25104.25,25104.25,25104.25,
NSE,NIFTY,2025-06-11,07:45:00,25104.25,25104.25,25104.25,25104.25,
NSE,NIFTY,2025-06-11,07:50:00,25104.25,25104.25,25104.25,25104.25,
NSE,NIFTY,2025-06-11,07:55:00,25104.25,25104.25,25104.25,25104.25,
NSE,NIFTY,2025-06-11,08:00:00,25104.25,25104.25,25104.25,25104.25,
NSE,NIFTY,2025-06-11,08:05:00,25104.25,25104.25,25104.25,25104.25,
NSE,NIFTY,2025-06-11,08:10:00,25104.25,25104.25,25104.25,25104.25,
NSE,NIFTY,2025-06-11,08:15:00,25104.25,25104.25,25104.25,25104.25,
NSE,NIFTY,2025-06-11,08:20:00,25104.25,25104.25,25104.25,25104.25,
NSE,NIFTY,2025-06-11,08:25:00,25104.25,25104.25,25104.25,25104.25,
NSE,NIFTY,2025-06-11,08:30:00,25104.25,25104.25,25104.25,25104.25,
NSE,NIFTY,2025-06-11,08:35:00,25104.25,25104.25,25104.25,25104.25,
NSE,NIFTY,2025-06-11,08:40:00,25104.25,25104.25,25104.25,25104.25,
NSE,NIFTY,2025-06-11,08:45:00,25104.25,25104.25,25104.25,25104.25,
NSE,NIFTY,2025-06-11,08:50:00,25104.25,25104.25,25104.25,25104.25,
NSE,NIFTY,2025-06-11,08:55:00,25104.25,25104.25,25104.25,25104.25,
NSE,NIFTY,2025-06-11,09:00:00,25104.25,25242.3,25039.05,25110.55,
NSE,NIFTY,2025-06-11,09:05:00,25107.9,25188.1,25096.6,25150.65,
NSE,NIFTY,2025-06-11,09:10:00,25149,25150.75,25127.9,25134.15,
NSE,NIFTY,2025-06-11,09:15:00,25134.15,25134.15,25084.4,25094.4,
NSE,NIFTY,2025-06-11,09:20:00,25095.2,25136.85,25094.9,25133.95,
NSE,NIFTY,2025-06-11,09:25:00,25133.5,25137.1,25115.05,25118.1,
NSE,NIFTY,2025-06-11,09:30:00,25119.45,25137,25119.25,25133.95,
NSE,NIFTY,2025-06-11,09:35:00,25134.15,25148.45,25130.05,25148.45,
NSE,NIFTY,2025-06-11,09:40:00,25149.15,25149.7,25120.9,25121.95,
NSE,NIFTY,2025-06-11,09:45:00,25120.95,25132.5,25115.85,25128.1,
NSE,NIFTY,2025-06-11,09:50:00,25128.25,25135.85,25112.45,25131.65,
NSE,NIFTY,2025-06-11,09:55:00,25131.4,25139.25,25129.2,25139,
NSE,NIFTY,2025-06-11,10:00:00,25139.55,25149.2,25133.3,25148.5,
NSE,NIFTY,2025-06-11,10:05:00,25148,25154,25146.2,25153.3,
NSE,NIFTY,2025-06-11,10:10:00,25153.45,25158.6,25144.35,25156.65,
NSE,NIFTY,2025-06-11,10:15:00,25156.7,25158.35,25146.05,25147.65,
NSE,NIFTY,2025-06-11,10:20:00,25147.35,25154.25,25147.15,25152,
NSE,NIFTY,2025-06-11,10:25:00,25152.6,25152.6,25138.6,25139.5,
NSE,NIFTY,2025-06-11,10:30:00,25139.6,25140.25,25132.4,25140.1,
NSE,NIFTY,2025-06-11,10:35:00,25139.9,25150.95,25135.25,25148.55,
NSE,NIFTY,2025-06-11,10:40:00,25148.25,25150.75,25141.65,25146.75,
NSE,NIFTY,2025-06-11,10:45:00,25146.9,25188.1,25146.45,25188.1,
NSE,NIFTY,2025-06-11,10:50:00,25186.9,25188.85,25169,25169.95,
NSE,NIFTY,2025-06-11,10:55:00,25170.85,25174.2,25168.4,25170.95,
NSE,NIFTY,2025-06-11,11:00:00,25170.9,25178.25,25168.95,25175.65,
NSE,NIFTY,2025-06-11,11:05:00,25174.3,25176.45,25167.3,25171.4,
NSE,NIFTY,2025-06-11,11:10:00,25170.9,25183.75,25170.9,25178.85,
NSE,NIFTY,2025-06-11,11:15:00,25179.4,25182.75,25173.65,25182.25,
NSE,NIFTY,2025-06-11,11:20:00,25182.55,25203.6,25181.55,25195.5,
NSE,NIFTY,2025-06-11,11:25:00,25195.6,25196.85,25188.2,25193.5,
NSE,NIFTY,2025-06-11,11:30:00,25193.2,25193.55,25181.7,25186.55,
NSE,NIFTY,2025-06-11,11:35:00,25186.9,25193.65,25185.9,25188.45,
NSE,NIFTY,2025-06-11,11:40:00,25188.45,25193.75,25187.2,25192.05,
NSE,NIFTY,2025-06-11,11:45:00,25192.3,25193.6,25185.5,25186.25,
NSE,NIFTY,2025-06-11,11:50:00,25186.15,25196.2,25184.55,25195.7,
NSE,NIFTY,2025-06-11,11:55:00,25195.55,25215.8,25190.55,25212.3,
NSE,NIFTY,2025-06-11,12:00:00,25213.7,25213.7,25205.65,25210.8,
NSE,NIFTY,2025-06-11,12:05:00,25211.8,25213,25205,25211.9,
NSE,NIFTY,2025-06-11,12:10:00,25213.2,25213.25,25208.65,25211.4,
NSE,NIFTY,2025-06-11,12:15:00,25211.05,25213.2,25204.05,25205.5,
NSE,NIFTY,2025-06-11,12:20:00,25205.65,25209.15,25201.5,25206.55,
NSE,NIFTY,2025-06-11,12:25:00,25206.4,25220.4,25206.15,25214.65,
NSE,NIFTY,2025-06-11,12:30:00,25214.5,25216.15,25203.65,25205.2,
NSE,NIFTY,2025-06-11,12:35:00,25204.85,25206.45,25193.6,25193.85,
NSE,NIFTY,2025-06-11,12:40:00,25194.15,25198.45,25186.3,25189.8,
NSE,NIFTY,2025-06-11,12:45:00,25189.45,25202.7,25189.45,25198.65,
NSE,NIFTY,2025-06-11,12:50:00,25198.35,25212.8,25198.25,25212,
NSE,NIFTY,2025-06-11,12:55:00,25212.6,25222.2,25212.6,25218,
NSE,NIFTY,2025-06-11,13:00:00,25217.95,25222,25211.55,25215.75,
NSE,NIFTY,2025-06-11,13:05:00,25215.45,25220.1,25208,25208.55,
NSE,NIFTY,2025-06-11,13:10:00,25208.35,25216.45,25208.3,25212.55,
NSE,NIFTY,2025-06-11,13:15:00,25212.9,25214.35,25199.25,25203.2,
NSE,NIFTY,2025-06-11,13:20:00,25203.1,25214.2,25202.7,25210.1,
NSE,NIFTY,2025-06-11,13:25:00,25209.5,25210.8,25195.95,25196.95,
NSE,NIFTY,2025-06-11,13:30:00,25198.3,25199.8,25167,25168.8,
NSE,NIFTY,2025-06-11,13:35:00,25169.4,25173.5,25159.25,25167.2,
NSE,NIFTY,2025-06-11,13:40:00,25166.35,25173.8,25165.55,25168.9,
NSE,NIFTY,2025-06-11,13:45:00,25169.3,25170.45,25149.3,25149.9,
NSE,NIFTY,2025-06-11,13:50:00,25150.95,25152.55,25120.65,25126.55,
NSE,NIFTY,2025-06-11,13:55:00,25127.45,25132.3,25108.15,25124.05,
NSE,NIFTY,2025-06-11,14:00:00,25124,25151.85,25121.75,25142.2,
NSE,NIFTY,2025-06-11,14:05:00,25142.95,25143.85,25130.95,25135,
NSE,NIFTY,2025-06-11,14:10:00,25133.75,25135.15,25116.25,25122.15,
NSE,NIFTY,2025-06-11,14:15:00,25121.75,25130,25116.75,25127.45,
NSE,NIFTY,2025-06-11,14:20:00,25127.95,25142.3,25126.35,25139.45,
NSE,NIFTY,2025-06-11,14:25:00,25139,25151.35,25137.9,25147.6,
NSE,NIFTY,2025-06-11,14:30:00,25149.2,25153.3,25136.75,25145.8,
NSE,NIFTY,2025-06-11,14:35:00,25145.2,25146.4,25138.65,25141.35,
NSE,NIFTY,2025-06-11,14:40:00,25141.2,25142.95,25130.6,25136.2,
NSE,NIFTY,2025-06-11,14:45:00,25135.6,25140.45,25133.45,25137.4,
NSE,NIFTY,2025-06-11,14:50:00,25136.5,25144.3,25132.4,25143.15,
NSE,NIFTY,2025-06-11,14:55:00,25144,25157.6,25144,25152.1,
NSE,NIFTY,2025-06-11,15:00:00,25151.75,25154.65,25144.2,25149.45,
NSE,NIFTY,2025-06-11,15:05:00,25149.15,25154.85,25143.65,25145.85,
NSE,NIFTY,2025-06-11,15:10:00,25146.9,25150.15,25140.25,25146.95,
NSE,NIFTY,2025-06-11,15:15:00,25148.25,25149.25,25142.8,25145.55,
NSE,NIFTY,2025-06-11,15:20:00,25146.3,25146.7,25134.95,25137.15,
NSE,NIFTY,2025-06-11,15:25:00,25137.2,25138.95,25129,25131.5,
NSE,NIFTY,2025-06-11,15:30:00,25132.3,25135.4,25124.95,25126.35,
NSE,NIFTY,2025-06-11,15:35:00,25126.35,25141.4,25126.35,25141.4,
NSE,NIFTY,2025-06-11,15:40:00,25141.4,25141.4,25141.4,25141.4,
NSE,NIFTY,2025-06-11,15:45:00,25141.4,25141.4,25141.4,25141.4,
NSE,NIFTY,2025-06-11,15:50:00,25141.4,25141.4,25141.4,25141.4,
NSE,NIFTY,2025-06-11,15:55:00,25141.4,25141.4,25141.4,25141.4,
NSE,NIFTY,2025-06-11,16:00:00,25141.4,25141.4,25141.4,25141.4,
NSE,NIFTY,2025-06-12,07:30:00,25141.4,25141.4,25141.4,25141.4,
NSE,NIFTY,2025-06-12,07:35:00,25141.4,25141.4,25141.4,25141.4,
NSE,NIFTY,2025-06-12,07:40:00,25141.4,25141.4,25141.4,25141.4,
NSE,NIFTY,2025-06-12,07:45:00,25141.4,25141.4,25141.4,25141.4,
NSE,NIFTY,2025-06-12,07:50:00,25141.4,25141.4,25141.4,25141.4,
NSE,NIFTY,2025-06-12,07:55:00,25141.4,25141.4,25141.4,25141.4,
NSE,NIFTY,2025-06-12,08:00:00,25141.4,25141.4,25141.4,25141.4,
NSE,NIFTY,2025-06-12,08:05:00,25141.4,25141.4,25141.4,25141.4,
NSE,NIFTY,2025-06-12,08:10:00,25141.4,25141.4,25141.4,25141.4,
NSE,NIFTY,2025-06-12,08:15:00,25141.4,25141.4,25141.4,25141.4,
NSE,NIFTY,2025-06-12,08:20:00,25141.4,25141.4,25141.4,25141.4,
NSE,NIFTY,2025-06-12,08:25:00,25141.4,25141.4,25141.4,25141.4,
NSE,NIFTY,2025-06-12,08:30:00,25141.4,25141.4,25141.4,25141.4,
NSE,NIFTY,2025-06-12,08:35:00,25141.4,25141.4,25141.4,25141.4,
NSE,NIFTY,2025-06-12,08:40:00,25141.4,25141.4,25141.4,25141.4,
NSE,NIFTY,2025-06-12,08:45:00,25141.4,25141.4,25141.4,25141.4,
NSE,NIFTY,2025-06-12,08:50:00,25141.4,25141.4,25141.4,25141.4,
NSE,NIFTY,2025-06-12,08:55:00,25141.4,25141.4,25141.4,25141.4,
NSE,NIFTY,2025-06-12,09:00:00,25141.4,25508.1,25141.4,25248.75,
NSE,NIFTY,2025-06-12,09:05:00,25250.25,25250.25,25164.4,25192.4,
NSE,NIFTY,2025-06-12,09:10:00,25192.7,25192.9,25162.85,25164.45,
NSE,NIFTY,2025-06-12,09:15:00,25164.45,25164.45,25118.75,25120.6,
NSE,NIFTY,2025-06-12,09:20:00,25119.55,25172.1,25118.2,25170.1,
NSE,NIFTY,2025-06-12,09:25:00,25169.4,25179.95,25149.25,25176.45,
NSE,NIFTY,2025-06-12,09:30:00,25177.25,25181.85,25164.05,25179.15,
NSE,NIFTY,2025-06-12,09:35:00,25180.3,25191.55,25168.75,25177.9,
NSE,NIFTY,2025-06-12,09:40:00,25180.05,25195.55,25135.85,25136.1,
NSE,NIFTY,2025-06-12,09:45:00,25135.6,25141.85,25100.45,25112.45,
NSE,NIFTY,2025-06-12,09:50:00,25112.4,25115.3,25083.6,25115.3,
NSE,NIFTY,2025-06-12,09:55:00,25115,25126.55,25109.8,25110.8,
NSE,NIFTY,2025-06-12,10:00:00,25111.25,25111.8,25088.75,25091.6,
NSE,NIFTY,2025-06-12,10:05:00,25090.9,25092.75,25065.25,25076.85,
NSE,NIFTY,2025-06-12,10:10:00,25076.45,25107.4,25074.45,25104.15,
NSE,NIFTY,2025-06-12,10:15:00,25103.95,25108.3,25094.4,25097.8,
NSE,NIFTY,2025-06-12,10:20:00,25098.35,25101.05,25084.95,25088.95,
NSE,NIFTY,2025-06-12,10:25:00,25089.2,25103,25073.05,25102.15,
NSE,NIFTY,2025-06-12,10:30:00,25102.35,25111.7,25100.9,25109.5,
NSE,NIFTY,2025-06-12,10:35:00,25109.15,25115.75,25093.3,25096.55,
NSE,NIFTY,2025-06-12,10:40:00,25096.65,25101.3,25089.85,25098.35,
NSE,NIFTY,2025-06-12,10:45:00,25099.2,25099.2,25042.45,25049.05,
NSE,NIFTY,2025-06-12,10:50:00,25053.4,25063.85,25045.65,25059.05,
NSE,NIFTY,2025-06-12,10:55:00,25059.75,25065.15,25051.75,25054,
NSE,NIFTY,2025-06-12,11:00:00,25052.9,25059.95,25046,25058.4,
NSE,NIFTY,2025-06-12,11:05:00,25058.8,25062.9,25051,25055.2,
NSE,NIFTY,2025-06-12,11:10:00,25054.05,25060.55,25048.55,25057,
NSE,NIFTY,2025-06-12,11:15:00,25057.3,25058.25,25038.25,25044.2,
NSE,NIFTY,2025-06-12,11:20:00,25043.75,25073.15,25039.7,25067.05,
NSE,NIFTY,2025-06-12,11:25:00,25068.45,25083.7,25064.35,25079.7,
NSE,NIFTY,2025-06-12,11:30:00,25080.35,25092.75,25073.85,25074.1,
NSE,NIFTY,2025-06-12,11:35:00,25073.15,25074.05,25054.25,25056.85,
NSE,NIFTY,2025-06-12,11:40:00,25057.15,25058.05,25025.65,25033.35,
NSE,NIFTY,2025-06-12,11:45:00,25034.25,25040.3,25020.4,25037.2,
NSE,NIFTY,2025-06-12,11:50:00,25036.15,25044.1,25031,25042.55,
NSE,NIFTY,2025-06-12,11:55:00,25041.95,25044.05,25034.15,25034.15,
NSE,NIFTY,2025-06-12,12:00:00,25034.55,25038.95,25026.15,25026.65,
NSE,NIFTY,2025-06-12,12:05:00,25026.7,25042.35,25010,25025.2,
NSE,NIFTY,2025-06-12,12:10:00,25024.95,25036.25,25023.75,25035.45,
NSE,NIFTY,2025-06-12,12:15:00,25035.8,25040.4,25032.8,25039.9,
NSE,NIFTY,2025-06-12,12:20:00,25039.15,25043.7,25033.15,25037.35,
NSE,NIFTY,2025-06-12,12:25:00,25037.15,25049.15,25035.25,25042.15,
NSE,NIFTY,2025-06-12,12:30:00,25041.6,25044.8,25033.3,25040.25,
NSE,NIFTY,2025-06-12,12:35:00,25039.65,25062.8,25036.95,25059.5,
NSE,NIFTY,2025-06-12,12:40:00,25059.3,25059.3,25036.75,25051.65,
NSE,NIFTY,2025-06-12,12:45:00,25050.7,25059.95,25049.5,25054.55,
NSE,NIFTY,2025-06-12,12:50:00,25054.4,25072,25048,25071.25,
NSE,NIFTY,2025-06-12,12:55:00,25071.4,25074.5,25060,25061.65,
NSE,NIFTY,2025-06-12,13:00:00,25059.85,25061.55,25034.5,25042.15,
NSE,NIFTY,2025-06-12,13:05:00,25041.65,25043.2,25021.65,25031.55,
NSE,NIFTY,2025-06-12,13:10:00,25030.75,25040,25028.5,25033.6,
NSE,NIFTY,2025-06-12,13:15:00,25034.55,25043.15,25028.15,25041.75,
NSE,NIFTY,2025-06-12,13:20:00,25040.65,25045.45,25037.6,25043.7,
NSE,NIFTY,2025-06-12,13:25:00,25041.8,25043.15,25025.95,25034.85,
NSE,NIFTY,2025-06-12,13:30:00,25035.55,25036.95,24956.95,24965.75,
NSE,NIFTY,2025-06-12,13:35:00,24964.95,24984.8,24934.55,24942.3,
NSE,NIFTY,2025-06-12,13:40:00,24942.5,24953,24921.65,24926.15,
NSE,NIFTY,2025-06-12,13:45:00,24925.85,24931.2,24907.9,24923.1,
NSE,NIFTY,2025-06-12,13:50:00,24919.15,24922.25,24872.05,24876.9,
NSE,NIFTY,2025-06-12,13:55:00,24875.2,24907.2,24874.4,24907.2,
NSE,NIFTY,2025-06-12,14:00:00,24904.35,24910.5,24882.8,24885.65,
NSE,NIFTY,2025-06-12,14:05:00,24885.6,24889.05,24851.9,24854.1,
NSE,NIFTY,2025-06-12,14:10:00,24853.85,24854.25,24826.7,24835.35,
NSE,NIFTY,2025-06-12,14:15:00,24833.35,24858.6,24833.35,24846.9,
NSE,NIFTY,2025-06-12,14:20:00,24847.3,24882.7,24844.5,24881,
NSE,NIFTY,2025-06-12,14:25:00,24879.85,24894.75,24859.2,24860.1,
NSE,NIFTY,2025-06-12,14:30:00,24859.1,24887.85,24844.85,24883.3,
NSE,NIFTY,2025-06-12,14:35:00,24884.4,24912.5,24881.2,24897.4,
NSE,NIFTY,2025-06-12,14:40:00,24902.8,24912.3,24868.1,24884.25,
NSE,NIFTY,2025-06-12,14:45:00,24883.8,24903.6,24883.6,24898.65,
NSE,NIFTY,2025-06-12,14:50:00,24898.35,24913.15,24884.95,24909.9,
NSE,NIFTY,2025-06-12,14:55:00,24908.6,24909.2,24889.05,24889.05,
NSE,NIFTY,2025-06-12,15:00:00,24887.9,24917.25,24887.05,24917,
NSE,NIFTY,2025-06-12,15:05:00,24916.6,24920.95,24897.3,24907.65,
NSE,NIFTY,2025-06-12,15:10:00,24908.45,24910.25,24888.55,24891.35,
NSE,NIFTY,2025-06-12,15:15:00,24890.6,24900.25,24880.55,24881.3,
NSE,NIFTY,2025-06-12,15:20:00,24880.25,24881.35,24866.5,24871.25,
NSE,NIFTY,2025-06-12,15:25:00,24872.55,24877.9,24867.35,24870.25,
NSE,NIFTY,2025-06-12,15:30:00,24870.6,24871.65,24850.8,24857.05,
NSE,NIFTY,2025-06-12,15:35:00,24857.05,24888.2,24857.05,24888.2,
NSE,NIFTY,2025-06-12,15:40:00,24888.2,24888.2,24888.2,24888.2,
NSE,NIFTY,2025-06-12,15:45:00,24888.2,24888.2,24888.2,24888.2,
NSE,NIFTY,2025-06-12,15:50:00,24888.2,24888.2,24888.2,24888.2,
NSE,NIFTY,2025-06-12,15:55:00,24888.2,24888.2,24888.2,24888.2,
NSE,NIFTY,2025-06-12,16:00:00,24888.2,24888.2,24888.2,24888.2,
NSE,NIFTY,2025-06-13,07:30:00,24888.2,24888.2,24888.2,24888.2,
NSE,NIFTY,2025-06-13,07:35:00,24888.2,24888.2,24888.2,24888.2,
NSE,NIFTY,2025-06-13,07:40:00,24888.2,24888.2,24888.2,24888.2,
NSE,NIFTY,2025-06-13,07:45:00,24888.2,24888.2,24888.2,24888.2,
NSE,NIFTY,2025-06-13,07:50:00,24888.2,24888.2,24888.2,24888.2,
NSE,NIFTY,2025-06-13,07:55:00,24888.2,24888.2,24888.2,24888.2,
NSE,NIFTY,2025-06-13,08:00:00,24888.2,24888.2,24888.2,24888.2,
NSE,NIFTY,2025-06-13,08:05:00,24888.2,24888.2,24888.2,24888.2,
NSE,NIFTY,2025-06-13,08:10:00,24888.2,24888.2,24888.2,24888.2,
NSE,NIFTY,2025-06-13,08:15:00,24888.2,24888.2,24888.2,24888.2,
NSE,NIFTY,2025-06-13,08:20:00,24888.2,24888.2,24888.2,24888.2,
NSE,NIFTY,2025-06-13,08:25:00,24888.2,24888.2,24888.2,24888.2,
NSE,NIFTY,2025-06-13,08:30:00,24888.2,24888.2,24888.2,24888.2,
NSE,NIFTY,2025-06-13,08:35:00,24888.2,24888.2,24888.2,24888.2,
NSE,NIFTY,2025-06-13,08:40:00,24888.2,24888.2,24888.2,24888.2,
NSE,NIFTY,2025-06-13,08:45:00,24888.2,24888.2,24888.2,24888.2,
NSE,NIFTY,2025-06-13,08:50:00,24888.2,24888.2,24888.2,24888.2,
NSE,NIFTY,2025-06-13,08:55:00,24888.2,24888.2,24888.2,24888.2,
NSE,NIFTY,2025-06-13,09:00:00,24888.2,24888.2,24416.95,24490.1,
NSE,NIFTY,2025-06-13,09:05:00,24487.6,24582.7,24295.95,24435.35,
NSE,NIFTY,2025-06-13,09:10:00,24435.9,24511.25,24432.75,24473,
NSE,NIFTY,2025-06-13,09:15:00,24473,24585,24473,24549.8,
NSE,NIFTY,2025-06-13,09:20:00,24543.85,24621.2,24521.4,24609.65,
NSE,NIFTY,2025-06-13,09:25:00,24609.5,24643.35,24582.25,24630.7,
NSE,NIFTY,2025-06-13,09:30:00,24627.2,24652.35,24615.8,24623.25,
NSE,NIFTY,2025-06-13,09:35:00,24623.3,24630.6,24583.95,24592.35,
NSE,NIFTY,2025-06-13,09:40:00,24592.35,24638.5,24583.05,24631.55,
NSE,NIFTY,2025-06-13,09:45:00,24630.2,24638.7,24616.6,24634.15,
NSE,NIFTY,2025-06-13,09:50:00,24633.2,24635.05,24593.45,24627.25,
NSE,NIFTY,2025-06-13,09:55:00,24630.1,24646.15,24622.3,24641.2,
NSE,NIFTY,2025-06-13,10:00:00,24640.85,24647.15,24627.2,24640.6,
NSE,NIFTY,2025-06-13,10:05:00,24638.65,24641.85,24614.25,24630.05,
NSE,NIFTY,2025-06-13,10:10:00,24629.35,24631.1,24616.6,24629.4,
NSE,NIFTY,2025-06-13,10:15:00,24628.6,24654.4,24627.7,24640.35,
NSE,NIFTY,2025-06-13,10:20:00,24639.3,24646.25,24625.2,24626.65,
NSE,NIFTY,2025-06-13,10:25:00,24626.1,24663.9,24625.4,24663.75,
NSE,NIFTY,2025-06-13,10:30:00,24663.65,24675,24657.95,24666.65,
NSE,NIFTY,2025-06-13,10:35:00,24666.5,24682.4,24663.45,24678.9,
NSE,NIFTY,2025-06-13,10:40:00,24678.7,24683.95,24661.3,24667.7,
NSE,NIFTY,2025-06-13,10:45:00,24668,24678.65,24663.1,24677.6,
NSE,NIFTY,2025-06-13,10:50:00,24677.25,24687.75,24668.25,24675.95,
NSE,NIFTY,2025-06-13,10:55:00,24676.15,24692.25,24675.4,24680.45,
NSE,NIFTY,2025-06-13,11:00:00,24679.4,24682.75,24670.6,24673.9,
NSE,NIFTY,2025-06-13,11:05:00,24672.05,24691,24670.35,24690.4,
NSE,NIFTY,2025-06-13,11:10:00,24689.9,24692.35,24672.35,24674.25,
NSE,NIFTY,2025-06-13,11:15:00,24673.25,24677.45,24650.45,24655.4,
NSE,NIFTY,2025-06-13,11:20:00,24654.7,24657.55,24639.75,24655.4,
NSE,NIFTY,2025-06-13,11:25:00,24655.35,24662.15,24650.95,24659.25,
NSE,NIFTY,2025-06-13,11:30:00,24661.1,24667.05,24653.35,24663.3,
NSE,NIFTY,2025-06-13,11:35:00,24661.8,24682.45,24661.3,24680,
NSE,NIFTY,2025-06-13,11:40:00,24679.6,24692.9,24674.95,24690.45,
NSE,NIFTY,2025-06-13,11:45:00,24690.55,24693.65,24678.7,24685.9,
NSE,NIFTY,2025-06-13,11:50:00,24684.6,24687.3,24673.15,24679.2,
NSE,NIFTY,2025-06-13,11:55:00,24678.6,24689.6,24678.6,24684.1,
NSE,NIFTY,2025-06-13,12:00:00,24682.5,24687.85,24674.45,24686.65,
NSE,NIFTY,2025-06-13,12:05:00,24686.85,24694.15,24683.6,24689.6,
NSE,NIFTY,2025-06-13,12:10:00,24688.8,24702,24685.05,24689.45,
NSE,NIFTY,2025-06-13,12:15:00,24688.45,24692.1,24683.35,24690.75,
NSE,NIFTY,2025-06-13,12:20:00,24689.65,24724.55,24689.65,24718.95,
NSE,NIFTY,2025-06-13,12:25:00,24718.75,24719.55,24708.85,24709.2,
NSE,NIFTY,2025-06-13,12:30:00,24709.85,24712.85,24703.85,24709.15,
NSE,NIFTY,2025-06-13,12:35:00,24707.75,24709.85,24692.5,24695.15,
NSE,NIFTY,2025-06-13,12:40:00,24695.1,24698.8,24690.85,24692.95,
NSE,NIFTY,2025-06-13,12:45:00,24692.15,24696.45,24687.45,24690.1,
NSE,NIFTY,2025-06-13,12:50:00,24690.35,24695.8,24679.5,24681.1,
NSE,NIFTY,2025-06-13,12:55:00,24678.65,24687.75,24675.9,24679.8,
NSE,NIFTY,2025-06-13,13:00:00,24681.25,24685.5,24678,24684,
NSE,NIFTY,2025-06-13,13:05:00,24684.25,24686.55,24674.65,24676.55,
NSE,NIFTY,2025-06-13,13:10:00,24675.65,24685.25,24674.45,24679.8,
NSE,NIFTY,2025-06-13,13:15:00,24678.25,24690.45,24676.2,24688.85,
NSE,NIFTY,2025-06-13,13:20:00,24688.1,24689,24680.65,24686.1,
NSE,NIFTY,2025-06-13,13:25:00,24686.4,24700.3,24685.2,24699.7,
NSE,NIFTY,2025-06-13,13:30:00,24697.6,24699.75,24689,24695.45,
NSE,NIFTY,2025-06-13,13:35:00,24693.95,24715.45,24693.95,24712.1,
NSE,NIFTY,2025-06-13,13:40:00,24711.6,24729.75,24710.15,24728.95,
NSE,NIFTY,2025-06-13,13:45:00,24729.35,24740.5,24725.25,24740.25,
NSE,NIFTY,2025-06-13,13:50:00,24740.25,24754.1,24739,24745.9,
NSE,NIFTY,2025-06-13,13:55:00,24745.1,24746.6,24724.5,24726.4,
NSE,NIFTY,2025-06-13,14:00:00,24725.15,24725.5,24706,24709.55,
NSE,NIFTY,2025-06-13,14:05:00,24709.65,24724.05,24704.8,24722.9,
NSE,NIFTY,2025-06-13,14:10:00,24721.9,24728.85,24714.4,24725.7,
NSE,NIFTY,2025-06-13,14:15:00,24725.3,24727.9,24714.35,24716.9,
NSE,NIFTY,2025-06-13,14:20:00,24716.2,24717.75,24705.3,24711.5,
NSE,NIFTY,2025-06-13,14:25:00,24710.7,24717.9,24708.3,24714,
NSE,NIFTY,2025-06-13,14:30:00,24713.7,24718.05,24710.1,24717.65,
NSE,NIFTY,2025-06-13,14:35:00,24717.55,24724.9,24707.4,24711.15,
NSE,NIFTY,2025-06-13,14:40:00,24712.25,24713.7,24702,24705.25,
NSE,NIFTY,2025-06-13,14:45:00,24705.25,24715,24685.5,24688.6,
NSE,NIFTY,2025-06-13,14:50:00,24688,24700.55,24676.3,24677.25,
NSE,NIFTY,2025-06-13,14:55:00,24677.05,24680,24665.75,24669.95,
NSE,NIFTY,2025-06-13,15:00:00,24669.2,24679.7,24650.9,24679.7,
NSE,NIFTY,2025-06-13,15:05:00,24679.7,24706.15,24676.1,24704.5,
NSE,NIFTY,2025-06-13,15:10:00,24703.75,24727.95,24703.35,24724.35,
NSE,NIFTY,2025-06-13,15:15:00,24724.1,24728.45,24714.8,24715.45,
NSE,NIFTY,2025-06-13,15:20:00,24715.15,24725.9,24709.75,24721.65,
NSE,NIFTY,2025-06-13,15:25:00,24721.95,24733.15,24718.2,24730.4,
NSE,NIFTY,2025-06-13,15:30:00,24729.8,24744.95,24729.45,24736,
NSE,NIFTY,2025-06-13,15:35:00,24736,24736,24718.6,24718.6,
NSE,NIFTY,2025-06-13,15:40:00,24718.6,24718.6,24718.6,24718.6,
NSE,NIFTY,2025-06-13,15:45:00,24718.6,24718.6,24718.6,24718.6,
NSE,NIFTY,2025-06-13,15:50:00,24718.6,24718.6,24718.6,24718.6,
NSE,NIFTY,2025-06-13,15:55:00,24718.6,24718.6,24718.6,24718.6,
NSE,NIFTY,2025-06-13,16:00:00,24718.6,24718.6,24718.6,24718.6,
NSE,NIFTY,2025-06-16,07:30:00,24718.6,24718.6,24718.6,24718.6,
NSE,NIFTY,2025-06-16,07:35:00,24718.6,24718.6,24718.6,24718.6,
NSE,NIFTY,2025-06-16,07:40:00,24718.6,24718.6,24718.6,24718.6,
NSE,NIFTY,2025-06-16,07:45:00,24718.6,24718.6,24718.6,24718.6,
NSE,NIFTY,2025-06-16,07:50:00,24718.6,24718.6,24718.6,24718.6,
NSE,NIFTY,2025-06-16,07:55:00,24718.6,24718.6,24718.6,24718.6,
NSE,NIFTY,2025-06-16,08:00:00,24718.6,24718.6,24718.6,24718.6,
NSE,NIFTY,2025-06-16,08:05:00,24718.6,24718.6,24718.6,24718.6,
NSE,NIFTY,2025-06-16,08:10:00,24718.6,24718.6,24718.6,24718.6,
NSE,NIFTY,2025-06-16,08:15:00,24718.6,24718.6,24718.6,24718.6,
NSE,NIFTY,2025-06-16,08:20:00,24718.6,24718.6,24718.6,24718.6,
NSE,NIFTY,2025-06-16,08:25:00,24718.6,24718.6,24718.6,24718.6,
NSE,NIFTY,2025-06-16,08:30:00,24718.6,24718.6,24718.6,24718.6,
NSE,NIFTY,2025-06-16,08:35:00,24718.6,24718.6,24718.6,24718.6,
NSE,NIFTY,2025-06-16,08:40:00,24718.6,24718.6,24718.6,24718.6,
NSE,NIFTY,2025-06-16,08:45:00,24718.6,24718.6,24718.6,24718.6,
NSE,NIFTY,2025-06-16,08:50:00,24718.6,24718.6,24718.6,24718.6,
NSE,NIFTY,2025-06-16,08:55:00,24718.6,24718.6,24718.6,24718.6,
NSE,NIFTY,2025-06-16,09:00:00,24718.6,24718.6,24510.05,24665.35,
NSE,NIFTY,2025-06-16,09:05:00,24664.75,24751.35,24655.3,24738.5,
NSE,NIFTY,2025-06-16,09:10:00,24741.4,24760.3,24724,24732.35,
NSE,NIFTY,2025-06-16,09:15:00,24732.35,24747.65,24704.6,24744.95,
NSE,NIFTY,2025-06-16,09:20:00,24747.7,24804.75,24747.7,24792.85,
NSE,NIFTY,2025-06-16,09:25:00,24793.5,24817.4,24793.35,24801.8,
NSE,NIFTY,2025-06-16,09:30:00,24800.9,24816.8,24778.1,24784.4,
NSE,NIFTY,2025-06-16,09:35:00,24787.2,24791.65,24757.6,24758.5,
NSE,NIFTY,2025-06-16,09:40:00,24757.75,24775.05,24749.25,24759.1,
NSE,NIFTY,2025-06-16,09:45:00,24759.35,24775.2,24753.45,24762.1,
NSE,NIFTY,2025-06-16,09:50:00,24763.7,24764.3,24706.15,24716.5,
NSE,NIFTY,2025-06-16,09:55:00,24717.25,24743.75,24715.35,24723.35,
NSE,NIFTY,2025-06-16,10:00:00,24723.2,24737.9,24721.45,24735.1,
NSE,NIFTY,2025-06-16,10:05:00,24735.85,24739.25,24726.05,24738.75,
NSE,NIFTY,2025-06-16,10:10:00,24739.65,24771.95,24739.25,24768.25,
NSE,NIFTY,2025-06-16,10:15:00,24767.45,24770.35,24761.3,24767.1,
NSE,NIFTY,2025-06-16,10:20:00,24768.15,24791.8,24766.65,24790.05,
NSE,NIFTY,2025-06-16,10:25:00,24790.55,24798.3,24782.45,24794.15,
NSE,NIFTY,2025-06-16,10:30:00,24794.75,24833.55,24794.5,24832.15,
NSE,NIFTY,2025-06-16,10:35:00,24832.7,24863.85,24832.6,24853.85,
NSE,NIFTY,2025-06-16,10:40:00,24854.95,24856.85,24843,24853.45,
NSE,NIFTY,2025-06-16,10:45:00,24852.65,24881.1,24846.1,24880.55,
NSE,NIFTY,2025-06-16,10:50:00,24879.75,24890.7,24864.2,24864.5,
NSE,NIFTY,2025-06-16,10:55:00,24865.35,24874.55,24859.3,24871.1,
NSE,NIFTY,2025-06-16,11:00:00,24871.5,24880.05,24869.3,24878.55,
NSE,NIFTY,2025-06-16,11:05:00,24877.9,24906.75,24877.9,24899.65,
NSE,NIFTY,2025-06-16,11:10:00,24898.5,24930.5,24893.85,24926.45,
NSE,NIFTY,2025-06-16,11:15:00,24925.8,24927.75,24904.8,24910.9,
NSE,NIFTY,2025-06-16,11:20:00,24910.65,24912.3,24900.55,24905.15,
NSE,NIFTY,2025-06-16,11:25:00,24905.15,24905.75,24874.25,24884.45,
NSE,NIFTY,2025-06-16,11:30:00,24883.9,24891.2,24881.65,24887.25,
NSE,NIFTY,2025-06-16,11:35:00,24886.75,24904.25,24885.2,24895.15,
NSE,NIFTY,2025-06-16,11:40:00,24895.2,24907.35,24893.75,24896.95,
NSE,NIFTY,2025-06-16,11:45:00,24896.55,24912.8,24896.3,24905.15,
NSE,NIFTY,2025-06-16,11:50:00,24904.7,24922.4,24903.45,24917.55,
NSE,NIFTY,2025-06-16,11:55:00,24919.1,24925.05,24900.55,24900.8,
NSE,NIFTY,2025-06-16,12:00:00,24902.4,24902.4,24890.1,24896.5,
NSE,NIFTY,2025-06-16,12:05:00,24895.95,24901.85,24889.6,24893.05,
NSE,NIFTY,2025-06-16,12:10:00,24893.05,24899,24891.35,24895.2,
NSE,NIFTY,2025-06-16,12:15:00,24896.15,24918.05,24894,24915.05,
NSE,NIFTY,2025-06-16,12:20:00,24916.55,24918.55,24896.9,24898.9,
NSE,NIFTY,2025-06-16,12:25:00,24898.4,24903.55,24894.8,24899.95,
NSE,NIFTY,2025-06-16,12:30:00,24899.5,24899.5,24891.65,24894.3,
NSE,NIFTY,2025-06-16,12:35:00,24893.3,24942.6,24893.3,24928.75,
NSE,NIFTY,2025-06-16,12:40:00,24928.05,24952.7,24922.8,24943.6,
NSE,NIFTY,2025-06-16,12:45:00,24943.8,24949.4,24939.25,24944.95,
NSE,NIFTY,2025-06-16,12:50:00,24943.85,24948.15,24930,24934.25,
NSE,NIFTY,2025-06-16,12:55:00,24934.3,24936.3,24921.15,24924.95,
NSE,NIFTY,2025-06-16,13:00:00,24926.25,24926.6,24915.3,24924.8,
NSE,NIFTY,2025-06-16,13:05:00,24925.6,24932.3,24924.2,24926.6,
NSE,NIFTY,2025-06-16,13:10:00,24926.55,24941.05,24924.1,24938.75,
NSE,NIFTY,2025-06-16,13:15:00,24939.85,24941.7,24929.15,24933.65,
NSE,NIFTY,2025-06-16,13:20:00,24933.85,24938.75,24929.6,24933.15,
NSE,NIFTY,2025-06-16,13:25:00,24933.8,24942.35,24930.45,24931.65,
NSE,NIFTY,2025-06-16,13:30:00,24933.05,24947.95,24931.2,24938.05,
NSE,NIFTY,2025-06-16,13:35:00,24940.2,24946.8,24933.7,24941.7,
NSE,NIFTY,2025-06-16,13:40:00,24940.85,24953.75,24940.85,24950.5,
NSE,NIFTY,2025-06-16,13:45:00,24949.75,24966.3,24945.7,24948.15,
NSE,NIFTY,2025-06-16,13:50:00,24948.9,24951.65,24934.2,24934.2,
NSE,NIFTY,2025-06-16,13:55:00,24934.85,24938.9,24927.65,24938.9,
NSE,NIFTY,2025-06-16,14:00:00,24939.7,24945.8,24934.75,24945.15,
NSE,NIFTY,2025-06-16,14:05:00,24945.5,24953.3,24941.85,24950.8,
NSE,NIFTY,2025-06-16,14:10:00,24951.1,24963.9,24950.6,24958.7,
NSE,NIFTY,2025-06-16,14:15:00,24958.3,24965.85,24955,24960.25,
NSE,NIFTY,2025-06-16,14:20:00,24961.35,24965.75,24954.85,24955.9,
NSE,NIFTY,2025-06-16,14:25:00,24955.85,24956.45,24947.25,24950.25,
NSE,NIFTY,2025-06-16,14:30:00,24950.85,24954.75,24939.25,24943.3,
NSE,NIFTY,2025-06-16,14:35:00,24943.95,24946.5,24935.5,24938.1,
NSE,NIFTY,2025-06-16,14:40:00,24938.7,24940.35,24928.5,24932.85,
NSE,NIFTY,2025-06-16,14:45:00,24932.5,24941,24932.5,24937.1,
NSE,NIFTY,2025-06-16,14:50:00,24938.2,24941.35,24929.95,24936.2,
NSE,NIFTY,2025-06-16,14:55:00,24936.6,24937.15,24929.25,24933.1,
NSE,NIFTY,2025-06-16,15:00:00,24933.55,24945.4,24932.2,24935.85,
NSE,NIFTY,2025-06-16,15:05:00,24937.75,24949.6,24937.75,24943.5,
NSE,NIFTY,2025-06-16,15:10:00,24944.15,24948.3,24939.5,24944.35,
NSE,NIFTY,2025-06-16,15:15:00,24944.55,24952.2,24943.4,24947.9,
NSE,NIFTY,2025-06-16,15:20:00,24947.8,24957.95,24947.8,24951.2,
NSE,NIFTY,2025-06-16,15:25:00,24952.95,24954.1,24937.15,24941.3,
NSE,NIFTY,2025-06-16,15:30:00,24941.15,24953.95,24936.45,24939.75,
NSE,NIFTY,2025-06-16,15:35:00,24939.75,24946.5,24939.75,24946.5,
NSE,NIFTY,2025-06-16,15:40:00,24946.5,24946.5,24946.5,24946.5,
NSE,NIFTY,2025-06-16,15:45:00,24946.5,24946.5,24946.5,24946.5,
NSE,NIFTY,2025-06-16,15:50:00,24946.5,24946.5,24946.5,24946.5,
NSE,NIFTY,2025-06-16,15:55:00,24946.5,24946.5,24946.5,24946.5,
NSE,NIFTY,2025-06-16,16:00:00,24946.5,24946.5,24946.5,24946.5,
NSE,NIFTY,2025-06-17,07:30:00,24946.5,24946.5,24946.5,24946.5,
NSE,NIFTY,2025-06-17,07:35:00,24946.5,24946.5,24946.5,24946.5,
NSE,NIFTY,2025-06-17,07:40:00,24946.5,24946.5,24946.5,24946.5,
NSE,NIFTY,2025-06-17,07:45:00,24946.5,24946.5,24946.5,24946.5,
NSE,NIFTY,2025-06-17,07:50:00,24946.5,24946.5,24946.5,24946.5,
NSE,NIFTY,2025-06-17,07:55:00,24946.5,24946.5,24946.5,24946.5,
NSE,NIFTY,2025-06-17,08:00:00,24946.5,24946.5,24946.5,24946.5,
NSE,NIFTY,2025-06-17,08:05:00,24946.5,24946.5,24946.5,24946.5,
NSE,NIFTY,2025-06-17,08:10:00,24946.5,24946.5,24946.5,24946.5,
NSE,NIFTY,2025-06-17,08:15:00,24946.5,24946.5,24946.5,24946.5,
NSE,NIFTY,2025-06-17,08:20:00,24946.5,24946.5,24946.5,24946.5,
NSE,NIFTY,2025-06-17,08:25:00,24946.5,24946.5,24946.5,24946.5,
NSE,NIFTY,2025-06-17,08:30:00,24946.5,24946.5,24946.5,24946.5,
NSE,NIFTY,2025-06-17,08:35:00,24946.5,24946.5,24946.5,24946.5,
NSE,NIFTY,2025-06-17,08:40:00,24946.5,24946.5,24946.5,24946.5,
NSE,NIFTY,2025-06-17,08:45:00,24946.5,24946.5,24946.5,24946.5,
NSE,NIFTY,2025-06-17,08:50:00,24946.5,24946.5,24946.5,24946.5,
NSE,NIFTY,2025-06-17,08:55:00,24946.5,24946.5,24946.5,24946.5,
NSE,NIFTY,2025-06-17,09:00:00,24946.5,25345.75,24946.5,25164.15,
NSE,NIFTY,2025-06-17,09:05:00,25165.7,25190,24967.15,24981.35,
NSE,NIFTY,2025-06-17,09:10:00,24983.35,25018,24955.1,24977.85,
NSE,NIFTY,2025-06-17,09:15:00,24977.85,24977.85,24916.1,24918.55,
NSE,NIFTY,2025-06-17,09:20:00,24917.45,24967.15,24890,24894.35,
NSE,NIFTY,2025-06-17,09:25:00,24893.5,24907.6,24868.95,24888.1,
NSE,NIFTY,2025-06-17,09:30:00,24888.6,24892.1,24869.8,24872.1,
NSE,NIFTY,2025-06-17,09:35:00,24871.3,24912.7,24862.85,24892.15,
NSE,NIFTY,2025-06-17,09:40:00,24891.75,24917.15,24883.1,24893.2,
NSE,NIFTY,2025-06-17,09:45:00,24893.65,24893.9,24863.5,24879.95,
NSE,NIFTY,2025-06-17,09:50:00,24879,24880.05,24865.1,24869.75,
NSE,NIFTY,2025-06-17,09:55:00,24871.15,24883.4,24857.95,24862.8,
NSE,NIFTY,2025-06-17,10:00:00,24862.05,24875.4,24860.4,24869.35,
NSE,NIFTY,2025-06-17,10:05:00,24868.9,24877.35,24851.25,24859.7,
NSE,NIFTY,2025-06-17,10:10:00,24859.4,24867.35,24846.8,24849,
NSE,NIFTY,2025-06-17,10:15:00,24848.55,24856.3,24847.6,24850.85,
NSE,NIFTY,2025-06-17,10:20:00,24853.05,24881.3,24850.8,24880.95,
NSE,NIFTY,2025-06-17,10:25:00,24880.5,24881.1,24870.95,24880.75,
NSE,NIFTY,2025-06-17,10:30:00,24881.9,24884.3,24867.5,24869.5,
NSE,NIFTY,2025-06-17,10:35:00,24869.9,24891.8,24868.6,24890.3,
NSE,NIFTY,2025-06-17,10:40:00,24890.95,24908.4,24889.2,24895.9,
NSE,NIFTY,2025-06-17,10:45:00,24895,24904.25,24891.95,24895.25,
NSE,NIFTY,2025-06-17,10:50:00,24895.35,24896.9,24873.35,24877,
NSE,NIFTY,2025-06-17,10:55:00,24876.55,24881.8,24870.4,24875.2,
NSE,NIFTY,2025-06-17,11:00:00,24874.75,24877.4,24869.8,24875.35,
NSE,NIFTY,2025-06-17,11:05:00,24875.3,24876.5,24868.45,24870.5,
NSE,NIFTY,2025-06-17,11:10:00,24870.95,24879.25,24866.7,24870.3,
NSE,NIFTY,2025-06-17,11:15:00,24870.7,24882.5,24867.45,24881.35,
NSE,NIFTY,2025-06-17,11:20:00,24880.25,24882.65,24868.65,24870.55,
NSE,NIFTY,2025-06-17,11:25:00,24870.25,24889.4,24870.1,24882.25,
NSE,NIFTY,2025-06-17,11:30:00,24882.35,24890.7,24879.35,24888.05,
NSE,NIFTY,2025-06-17,11:35:00,24888.2,24893.6,24885.6,24890.35,
NSE,NIFTY,2025-06-17,11:40:00,24889.75,24894.6,24883.45,24891.9,
NSE,NIFTY,2025-06-17,11:45:00,24891.95,24899.85,24891.65,24895.15,
NSE,NIFTY,2025-06-17,11:50:00,24894.95,24896.3,24882.45,24882.95,
NSE,NIFTY,2025-06-17,11:55:00,24882.65,24886.9,24870.9,24875.05,
NSE,NIFTY,2025-06-17,12:00:00,24874.75,24876.75,24864.65,24866.5,
NSE,NIFTY,2025-06-17,12:05:00,24866.5,24867.5,24859.9,24864.6,
NSE,NIFTY,2025-06-17,12:10:00,24865.25,24870,24859.9,24869.9,
NSE,NIFTY,2025-06-17,12:15:00,24868.9,24872.65,24851.65,24853.45,
NSE,NIFTY,2025-06-17,12:20:00,24853.4,24862.4,24851.85,24858.15,
NSE,NIFTY,2025-06-17,12:25:00,24859.2,24862.3,24852.8,24854.15,
NSE,NIFTY,2025-06-17,12:30:00,24855.8,24859.2,24846.8,24853.65,
NSE,NIFTY,2025-06-17,12:35:00,24853.9,24862,24850.85,24853.8,
NSE,NIFTY,2025-06-17,12:40:00,24854.35,24858.95,24848.9,24852.95,
NSE,NIFTY,2025-06-17,12:45:00,24853,24864.05,24840.15,24844.9,
NSE,NIFTY,2025-06-17,12:50:00,24844.85,24849.95,24838.05,24838.7,
NSE,NIFTY,2025-06-17,12:55:00,24839.65,24840.3,24814,24814.9,
NSE,NIFTY,2025-06-17,13:00:00,24815.45,24831.65,24814.2,24822.8,
NSE,NIFTY,2025-06-17,13:05:00,24825.7,24830.25,24821.05,24827.4,
NSE,NIFTY,2025-06-17,13:10:00,24828.4,24841.35,24825.8,24838.9,
NSE,NIFTY,2025-06-17,13:15:00,24839.2,24841.4,24835.6,24837.9,
NSE,NIFTY,2025-06-17,13:20:00,24838.65,24843.75,24838,24840.15,
NSE,NIFTY,2025-06-17,13:25:00,24840,24840.7,24830.6,24837.9,
NSE,NIFTY,2025-06-17,13:30:00,24839.95,24846.15,24838.35,24839.9,
NSE,NIFTY,2025-06-17,13:35:00,24840.85,24852.7,24840.85,24849.2,
NSE,NIFTY,2025-06-17,13:40:00,24849,24852.5,24846.25,24850.15,
NSE,NIFTY,2025-06-17,13:45:00,24849.8,24852.05,24844.95,24846.05,
NSE,NIFTY,2025-06-17,13:50:00,24845.9,24846.95,24839.55,24844.05,
NSE,NIFTY,2025-06-17,13:55:00,24843.6,24856.95,24841.95,24849.4,
NSE,NIFTY,2025-06-17,14:00:00,24848.2,24854.8,24845.75,24848.25,
NSE,NIFTY,2025-06-17,14:05:00,24848.3,24855.15,24845.6,24853.3,
NSE,NIFTY,2025-06-17,14:10:00,24852,24865.65,24847,24863.65,
NSE,NIFTY,2025-06-17,14:15:00,24863.15,24866.25,24860.15,24863.6,
NSE,NIFTY,2025-06-17,14:20:00,24863,24868.2,24857.75,24867.4,
NSE,NIFTY,2025-06-17,14:25:00,24866.8,24868.3,24857.9,24865.95,
NSE,NIFTY,2025-06-17,14:30:00,24865.85,24869.25,24859,24862.05,
NSE,NIFTY,2025-06-17,14:35:00,24862.85,24867.8,24859.4,24860.7,
NSE,NIFTY,2025-06-17,14:40:00,24860.3,24860.9,24836.75,24842.2,
NSE,NIFTY,2025-06-17,14:45:00,24842.55,24854.45,24840.95,24852.55,
NSE,NIFTY,2025-06-17,14:50:00,24853.1,24858.8,24851.9,24856.25,
NSE,NIFTY,2025-06-17,14:55:00,24855.95,24861.8,24849.15,24852,
NSE,NIFTY,2025-06-17,15:00:00,24851.25,24861.75,24843.05,24861.25,
NSE,NIFTY,2025-06-17,15:05:00,24861,24867.1,24843.3,24851.65,
NSE,NIFTY,2025-06-17,15:10:00,24851.15,24864.8,24841.4,24855.75,
NSE,NIFTY,2025-06-17,15:15:00,24855.55,24867.35,24849,24850.75,
NSE,NIFTY,2025-06-17,15:20:00,24851.05,24868.45,24841.1,24850.55,
NSE,NIFTY,2025-06-17,15:25:00,24849.65,24861.65,24841.6,24848.95,
NSE,NIFTY,2025-06-17,15:30:00,24848.65,24852.1,24833.85,24838.1,
NSE,NIFTY,2025-06-17,15:35:00,24838.1,24853.4,24838.1,24853.4,
NSE,NIFTY,2025-06-17,15:40:00,24853.4,24853.4,24853.4,24853.4,
NSE,NIFTY,2025-06-17,15:45:00,24853.4,24853.4,24853.4,24853.4,
NSE,NIFTY,2025-06-17,15:50:00,24853.4,24853.4,24853.4,24853.4,
NSE,NIFTY,2025-06-17,15:55:00,24853.4,24853.4,24853.4,24853.4,
NSE,NIFTY,2025-06-17,16:00:00,24853.4,24853.4,24853.4,24853.4,
NSE,NIFTY,2025-06-18,07:30:00,24853.4,24853.4,24853.4,24853.4,
NSE,NIFTY,2025-06-18,07:35:00,24853.4,24853.4,24853.4,24853.4,
NSE,NIFTY,2025-06-18,07:40:00,24853.4,24853.4,24853.4,24853.4,
NSE,NIFTY,2025-06-18,07:45:00,24853.4,24853.4,24853.4,24853.4,
NSE,NIFTY,2025-06-18,07:50:00,24853.4,24853.4,24853.4,24853.4,
NSE,NIFTY,2025-06-18,07:55:00,24853.4,24853.4,24853.4,24853.4,
NSE,NIFTY,2025-06-18,08:00:00,24853.4,24853.4,24853.4,24853.4,
NSE,NIFTY,2025-06-18,08:05:00,24853.4,24853.4,24853.4,24853.4,
NSE,NIFTY,2025-06-18,08:10:00,24853.4,24853.4,24853.4,24853.4,
NSE,NIFTY,2025-06-18,08:15:00,24853.4,24853.4,24853.4,24853.4,
NSE,NIFTY,2025-06-18,08:20:00,24853.4,24853.4,24853.4,24853.4,
NSE,NIFTY,2025-06-18,08:25:00,24853.4,24853.4,24853.4,24853.4,
NSE,NIFTY,2025-06-18,08:30:00,24853.4,24853.4,24853.4,24853.4,
NSE,NIFTY,2025-06-18,08:35:00,24853.4,24853.4,24853.4,24853.4,
NSE,NIFTY,2025-06-18,08:40:00,24853.4,24853.4,24853.4,24853.4,
NSE,NIFTY,2025-06-18,08:45:00,24853.4,24853.4,24853.4,24853.4,
NSE,NIFTY,2025-06-18,08:50:00,24853.4,24853.4,24853.4,24853.4,
NSE,NIFTY,2025-06-18,08:55:00,24853.4,24853.4,24853.4,24853.4,
NSE,NIFTY,2025-06-18,09:00:00,24853.4,24853.4,24521.65,24527.95,
NSE,NIFTY,2025-06-18,09:05:00,24524.15,24844.65,24517.55,24804.15,
NSE,NIFTY,2025-06-18,09:10:00,24804.95,24809.1,24759.05,24788.35,
NSE,NIFTY,2025-06-18,09:15:00,24788.35,24800.65,24777.85,24787.2,
NSE,NIFTY,2025-06-18,09:20:00,24788.25,24838.9,24787.35,24834.95,
NSE,NIFTY,2025-06-18,09:25:00,24835.1,24881.55,24835.1,24874.3,
NSE,NIFTY,2025-06-18,09:30:00,24874.25,24900.05,24872.6,24897.65,
NSE,NIFTY,2025-06-18,09:35:00,24898.75,24924.55,24897.65,24916.95,
NSE,NIFTY,2025-06-18,09:40:00,24916.9,24944.35,24916.9,24937.05,
NSE,NIFTY,2025-06-18,09:45:00,24938.3,24946.75,24929.4,24945.5,
NSE,NIFTY,2025-06-18,09:50:00,24944.7,24947.4,24922.95,24932.15,
NSE,NIFTY,2025-06-18,09:55:00,24931.8,24933.55,24911.8,24912.05,
NSE,NIFTY,2025-06-18,10:00:00,24911.85,24917.4,24902.25,24910.1,
NSE,NIFTY,2025-06-18,10:05:00,24909.4,24917.1,24901.65,24912.2,
NSE,NIFTY,2025-06-18,10:10:00,24912.6,24923.65,24908.7,24912.65,
NSE,NIFTY,2025-06-18,10:15:00,24911.75,24924.6,24901.65,24924.4,
NSE,NIFTY,2025-06-18,10:20:00,24923.2,24928.85,24908,24912.2,
NSE,NIFTY,2025-06-18,10:25:00,24912.15,24912.15,24876.2,24878.3,
NSE,NIFTY,2025-06-18,10:30:00,24877.8,24888.25,24874.2,24883.7,
NSE,NIFTY,2025-06-18,10:35:00,24884.3,24884.65,24847.15,24847.9,
NSE,NIFTY,2025-06-18,10:40:00,24847.85,24879.8,24842.45,24878,
NSE,NIFTY,2025-06-18,10:45:00,24877.45,24877.6,24867.3,24870.7,
NSE,NIFTY,2025-06-18,10:50:00,24870.05,24872.15,24848.55,24851.45,
NSE,NIFTY,2025-06-18,10:55:00,24853.45,24856.45,24829.9,24831.95,
NSE,NIFTY,2025-06-18,11:00:00,24832.8,24847.7,24827.15,24841.6,
NSE,NIFTY,2025-06-18,11:05:00,24841,24844.9,24836.1,24837,
NSE,NIFTY,2025-06-18,11:10:00,24836.45,24840.85,24826,24839.85,
NSE,NIFTY,2025-06-18,11:15:00,24839.25,24839.85,24829.2,24835.35,
NSE,NIFTY,2025-06-18,11:20:00,24835.2,24837.05,24818.15,24824.35,
NSE,NIFTY,2025-06-18,11:25:00,24824.95,24825,24809.5,24810,
NSE,NIFTY,2025-06-18,11:30:00,24810.95,24812.9,24799.5,24800.15,
NSE,NIFTY,2025-06-18,11:35:00,24799.4,24802.55,24767.2,24769.45,
NSE,NIFTY,2025-06-18,11:40:00,24770.45,24800.75,24768.35,24794.15,
NSE,NIFTY,2025-06-18,11:45:00,24794.2,24807.35,24794.2,24805.55,
NSE,NIFTY,2025-06-18,11:50:00,24805.35,24806.85,24794.7,24794.8,
NSE,NIFTY,2025-06-18,11:55:00,24793.95,24795.95,24787.75,24787.75,
NSE,NIFTY,2025-06-18,12:00:00,24787.55,24789.15,24776.8,24781.65,
NSE,NIFTY,2025-06-18,12:05:00,24781.65,24800.3,24781.05,24798.65,
NSE,NIFTY,2025-06-18,12:10:00,24798.65,24821.75,24797.85,24817.75,
NSE,NIFTY,2025-06-18,12:15:00,24817.3,24819.5,24811.15,24815.15,
NSE,NIFTY,2025-06-18,12:20:00,24815.55,24816.1,24807.45,24808.1,
NSE,NIFTY,2025-06-18,12:25:00,24806.35,24808.5,24789.25,24794.65,
NSE,NIFTY,2025-06-18,12:30:00,24794.7,24797.15,24780.9,24789.85,
NSE,NIFTY,2025-06-18,12:35:00,24790.3,24797.2,24783.2,24788.5,
NSE,NIFTY,2025-06-18,12:40:00,24788.4,24794.5,24786.5,24790.15,
NSE,NIFTY,2025-06-18,12:45:00,24790.4,24791.2,24778.35,24778.6,
NSE,NIFTY,2025-06-18,12:50:00,24779.6,24787.35,24760.65,24770.9,
NSE,NIFTY,2025-06-18,12:55:00,24769.2,24780.25,24766.05,24775.7,
NSE,NIFTY,2025-06-18,13:00:00,24775.55,24783.95,24769.2,24772.6,
NSE,NIFTY,2025-06-18,13:05:00,24771.85,24794.3,24771.85,24790.45,
NSE,NIFTY,2025-06-18,13:10:00,24790.05,24795.65,24788.35,24795.1,
NSE,NIFTY,2025-06-18,13:15:00,24794.7,24803.3,24793.7,24799.4,
NSE,NIFTY,2025-06-18,13:20:00,24799.45,24801.3,24789.7,24791.65,
NSE,NIFTY,2025-06-18,13:25:00,24792.8,24803.8,24790.8,24796.5,
NSE,NIFTY,2025-06-18,13:30:00,24796.25,24802.7,24793.95,24801.45,
NSE,NIFTY,2025-06-18,13:35:00,24799.9,24808.05,24796.55,24804.4,
NSE,NIFTY,2025-06-18,13:40:00,24805.25,24814.95,24800.55,24800.9,
NSE,NIFTY,2025-06-18,13:45:00,24801.9,24809.9,24790.15,24791.65,
NSE,NIFTY,2025-06-18,13:50:00,24792.65,24794.45,24776.2,24776.4,
NSE,NIFTY,2025-06-18,13:55:00,24776.2,24779.65,24765.6,24773.3,
NSE,NIFTY,2025-06-18,14:00:00,24773.5,24782.4,24766.55,24776.45,
NSE,NIFTY,2025-06-18,14:05:00,24776.4,24782.1,24769.7,24777.55,
NSE,NIFTY,2025-06-18,14:10:00,24778.5,24782.05,24773.2,24778.1,
NSE,NIFTY,2025-06-18,14:15:00,24778.45,24782.75,24774.05,24775.35,
NSE,NIFTY,2025-06-18,14:20:00,24775.75,24777.05,24765.85,24768.45,
NSE,NIFTY,2025-06-18,14:25:00,24767.8,24770.25,24752.25,24762.35,
NSE,NIFTY,2025-06-18,14:30:00,24763.25,24777.55,24750.9,24772,
NSE,NIFTY,2025-06-18,14:35:00,24773.05,24795.35,24768.15,24792.6,
NSE,NIFTY,2025-06-18,14:40:00,24794.35,24797.35,24783.25,24783.65,
NSE,NIFTY,2025-06-18,14:45:00,24784.1,24792.6,24781.35,24787.95,
NSE,NIFTY,2025-06-18,14:50:00,24787,24811.25,24783.9,24809.2,
NSE,NIFTY,2025-06-18,14:55:00,24809.1,24812.95,24797.7,24807.2,
NSE,NIFTY,2025-06-18,15:00:00,24807.4,24826.8,24805.25,24823.3,
NSE,NIFTY,2025-06-18,15:05:00,24823.35,24829.65,24808.1,24809.85,
NSE,NIFTY,2025-06-18,15:10:00,24810.2,24819.1,24805.2,24816.1,
NSE,NIFTY,2025-06-18,15:15:00,24815.6,24816.9,24810.8,24813.4,
NSE,NIFTY,2025-06-18,15:20:00,24813.25,24814.7,24806.45,24811.65,
NSE,NIFTY,2025-06-18,15:25:00,24813.25,24823.3,24803.2,24805.2,
NSE,NIFTY,2025-06-18,15:30:00,24804,24809.15,24794.95,24798,
NSE,NIFTY,2025-06-18,15:35:00,24798,24812.05,24798,24812.05,
NSE,NIFTY,2025-06-18,15:40:00,24812.05,24812.05,24812.05,24812.05,
NSE,NIFTY,2025-06-18,15:45:00,24812.05,24812.05,24812.05,24812.05,
NSE,NIFTY,2025-06-18,15:50:00,24812.05,24812.05,24812.05,24812.05,
NSE,NIFTY,2025-06-18,15:55:00,24812.05,24812.05,24812.05,24812.05,
NSE,NIFTY,2025-06-18,16:00:00,24812.05,24812.05,24812.05,24812.05,
NSE,NIFTY,2025-06-19,07:30:00,24812.05,24812.05,24812.05,24812.05,
NSE,NIFTY,2025-06-19,07:35:00,24812.05,24812.05,24812.05,24812.05,
NSE,NIFTY,2025-06-19,07:40:00,24812.05,24812.05,24812.05,24812.05,
NSE,NIFTY,2025-06-19,07:45:00,24812.05,24812.05,24812.05,24812.05,
NSE,NIFTY,2025-06-19,07:50:00,24812.05,24812.05,24812.05,24812.05,
NSE,NIFTY,2025-06-19,07:55:00,24812.05,24812.05,24812.05,24812.05,
NSE,NIFTY,2025-06-19,08:00:00,24812.05,24812.05,24812.05,24812.05,
NSE,NIFTY,2025-06-19,08:05:00,24812.05,24812.05,24812.05,24812.05,
NSE,NIFTY,2025-06-19,08:10:00,24812.05,24812.05,24812.05,24812.05,
NSE,NIFTY,2025-06-19,08:15:00,24812.05,24812.05,24812.05,24812.05,
NSE,NIFTY,2025-06-19,08:20:00,24812.05,24812.05,24812.05,24812.05,
NSE,NIFTY,2025-06-19,08:25:00,24812.05,24812.05,24812.05,24812.05,
NSE,NIFTY,2025-06-19,08:30:00,24812.05,24812.05,24812.05,24812.05,
NSE,NIFTY,2025-06-19,08:35:00,24812.05,24812.05,24812.05,24812.05,
NSE,NIFTY,2025-06-19,08:40:00,24812.05,24812.05,24812.05,24812.05,
NSE,NIFTY,2025-06-19,08:45:00,24812.05,24812.05,24812.05,24812.05,
NSE,NIFTY,2025-06-19,08:50:00,24812.05,24812.05,24812.05,24812.05,
NSE,NIFTY,2025-06-19,08:55:00,24812.05,24812.05,24812.05,24812.05,
NSE,NIFTY,2025-06-19,09:00:00,24812.05,24812.05,24699.3,24757.6,
NSE,NIFTY,2025-06-19,09:05:00,24757.8,24831.85,24746,24800.35,
NSE,NIFTY,2025-06-19,09:10:00,24800.6,24811.7,24783,24803.25,
NSE,NIFTY,2025-06-19,09:15:00,24803.25,24803.35,24768.4,24770.15,
NSE,NIFTY,2025-06-19,09:20:00,24769.7,24813.95,24738.55,24747.9,
NSE,NIFTY,2025-06-19,09:25:00,24747.35,24824.85,24745.2,24820.6,
NSE,NIFTY,2025-06-19,09:30:00,24820.6,24823.75,24804.9,24814.2,
NSE,NIFTY,2025-06-19,09:35:00,24811.85,24834.7,24800.4,24828.25,
NSE,NIFTY,2025-06-19,09:40:00,24827.2,24838.1,24823.3,24827.05,
NSE,NIFTY,2025-06-19,09:45:00,24827,24844.85,24826.45,24841.15,
NSE,NIFTY,2025-06-19,09:50:00,24841.35,24862.4,24828.1,24837.45,
NSE,NIFTY,2025-06-19,09:55:00,24838.2,24838.2,24817.9,24828.4,
NSE,NIFTY,2025-06-19,10:00:00,24828.65,24847.9,24812.95,24837.7,
NSE,NIFTY,2025-06-19,10:05:00,24837.85,24839.7,24816.6,24823.05,
NSE,NIFTY,2025-06-19,10:10:00,24823.4,24830.4,24815,24829.8,
NSE,NIFTY,2025-06-19,10:15:00,24829.45,24838.9,24827.25,24832.05,
NSE,NIFTY,2025-06-19,10:20:00,24830.65,24839.5,24825.7,24831.25,
NSE,NIFTY,2025-06-19,10:25:00,24830.85,24836.9,24827.8,24833.35,
NSE,NIFTY,2025-06-19,10:30:00,24832.4,24838.35,24829.5,24835.6,
NSE,NIFTY,2025-06-19,10:35:00,24835.35,24835.4,24798.35,24801.95,
NSE,NIFTY,2025-06-19,10:40:00,24801.2,24817.65,24796.45,24812.55,
NSE,NIFTY,2025-06-19,10:45:00,24812.35,24818.1,24806.25,24813,
NSE,NIFTY,2025-06-19,10:50:00,24812.2,24824.65,24811.05,24816.8,
NSE,NIFTY,2025-06-19,10:55:00,24816.7,24821.45,24812,24817.8,
NSE,NIFTY,2025-06-19,11:00:00,24817.65,24824.25,24808.8,24812.85,
NSE,NIFTY,2025-06-19,11:05:00,24813.8,24816.1,24808.3,24809.25,
NSE,NIFTY,2025-06-19,11:10:00,24807.6,24811.85,24802.45,24806.1,
NSE,NIFTY,2025-06-19,11:15:00,24806.6,24816.6,24804.05,24813.25,
NSE,NIFTY,2025-06-19,11:20:00,24813.3,24815.65,24809.15,24809.15,
NSE,NIFTY,2025-06-19,11:25:00,24808.7,24813,24803.35,24805.8,
NSE,NIFTY,2025-06-19,11:30:00,24805.4,24808.7,24791.25,24803.2,
NSE,NIFTY,2025-06-19,11:35:00,24803.8,24816.45,24801.75,24811.45,
NSE,NIFTY,2025-06-19,11:40:00,24811.35,24811.8,24795.05,24805.65,
NSE,NIFTY,2025-06-19,11:45:00,24808.45,24815.15,24797.6,24801.35,
NSE,NIFTY,2025-06-19,11:50:00,24801.95,24806.2,24799.35,24805.45,
NSE,NIFTY,2025-06-19,11:55:00,24804.35,24807.6,24799.8,24805.2,
NSE,NIFTY,2025-06-19,12:00:00,24805.6,24808.2,24802.2,24803.55,
NSE,NIFTY,2025-06-19,12:05:00,24803.55,24810.15,24797.75,24807.05,
NSE,NIFTY,2025-06-19,12:10:00,24807.9,24822.2,24805.95,24815.8,
NSE,NIFTY,2025-06-19,12:15:00,24815.95,24817.35,24808.3,24812.3,
NSE,NIFTY,2025-06-19,12:20:00,24813.3,24813.75,24804.3,24804.5,
NSE,NIFTY,2025-06-19,12:25:00,24804.95,24813.1,24802.4,24810.25,
NSE,NIFTY,2025-06-19,12:30:00,24810.05,24810.55,24801.55,24805.3,
NSE,NIFTY,2025-06-19,12:35:00,24805.7,24807.6,24801.65,24802.1,
NSE,NIFTY,2025-06-19,12:40:00,24801.9,24806.05,24788.15,24790.85,
NSE,NIFTY,2025-06-19,12:45:00,24790.95,24795.2,24786.8,24787.85,
NSE,NIFTY,2025-06-19,12:50:00,24790.6,24790.85,24772.2,24781.6,
NSE,NIFTY,2025-06-19,12:55:00,24782.2,24791.6,24775.3,24790.15,
NSE,NIFTY,2025-06-19,13:00:00,24789.55,24792.6,24785.25,24788.75,
NSE,NIFTY,2025-06-19,13:05:00,24788.95,24793.2,24781.95,24791.65,
NSE,NIFTY,2025-06-19,13:10:00,24792.05,24807.7,24790.35,24800.2,
NSE,NIFTY,2025-06-19,13:15:00,24800.35,24802.4,24789.05,24792,
NSE,NIFTY,2025-06-19,13:20:00,24791.55,24793.15,24783.1,24786.35,
NSE,NIFTY,2025-06-19,13:25:00,24788,24791.85,24784.45,24790.15,
NSE,NIFTY,2025-06-19,13:30:00,24790.9,24793.9,24780.8,24780.8,
NSE,NIFTY,2025-06-19,13:35:00,24782.05,24797,24780.55,24789.45,
NSE,NIFTY,2025-06-19,13:40:00,24791.05,24801.85,24781.35,24800.1,
NSE,NIFTY,2025-06-19,13:45:00,24799.9,24801.8,24785.65,24789.4,
NSE,NIFTY,2025-06-19,13:50:00,24789.35,24794.85,24786.7,24789.55,
NSE,NIFTY,2025-06-19,13:55:00,24790.35,24801.65,24789.9,24798.35,
NSE,NIFTY,2025-06-19,14:00:00,24799,24825.2,24792.35,24821.25,
NSE,NIFTY,2025-06-19,14:05:00,24820.4,24836.9,24811.55,24834.4,
NSE,NIFTY,2025-06-19,14:10:00,24833.1,24842,24825.6,24835.8,
NSE,NIFTY,2025-06-19,14:15:00,24835.35,24835.95,24824.35,24834.65,
NSE,NIFTY,2025-06-19,14:20:00,24832.65,24841.65,24829.9,24835.35,
NSE,NIFTY,2025-06-19,14:25:00,24835.8,24849.85,24829.6,24830.15,
NSE,NIFTY,2025-06-19,14:30:00,24830.55,24831.55,24812.55,24815.45,
NSE,NIFTY,2025-06-19,14:35:00,24815.5,24829.7,24813.35,24823.45,
NSE,NIFTY,2025-06-19,14:40:00,24824,24825.95,24816.4,24819.7,
NSE,NIFTY,2025-06-19,14:45:00,24819.7,24820.75,24787.75,24806.8,
NSE,NIFTY,2025-06-19,14:50:00,24806.9,24809.5,24801.6,24806.4,
NSE,NIFTY,2025-06-19,14:55:00,24807.15,24817.9,24803.8,24808.2,
NSE,NIFTY,2025-06-19,15:00:00,24807.8,24815.35,24798.1,24798.1,
NSE,NIFTY,2025-06-19,15:05:00,24799.3,24811.15,24791.1,24806.1,
NSE,NIFTY,2025-06-19,15:10:00,24805.75,24810.1,24791.6,24794.65,
NSE,NIFTY,2025-06-19,15:15:00,24793.9,24806.6,24789.75,24796.95,
NSE,NIFTY,2025-06-19,15:20:00,24795.2,24805.15,24785.95,24789.3,
NSE,NIFTY,2025-06-19,15:25:00,24791.2,24798.55,24774.8,24775.95,
NSE,NIFTY,2025-06-19,15:30:00,24775.75,24777.15,24734,24743.45,
NSE,NIFTY,2025-06-19,15:35:00,24743.45,24793.25,24743.45,24793.25,
NSE,NIFTY,2025-06-19,15:40:00,24793.25,24793.25,24793.25,24793.25,
NSE,NIFTY,2025-06-19,15:45:00,24793.25,24793.25,24793.25,24793.25,
NSE,NIFTY,2025-06-19,15:50:00,24793.25,24793.25,24793.25,24793.25,
NSE,NIFTY,2025-06-19,15:55:00,24793.25,24793.25,24793.25,24793.25,
NSE,NIFTY,2025-06-19,16:00:00,24793.25,24793.25,24793.25,24793.25,
NSE,NIFTY,2025-06-20,07:30:00,24793.25,24793.25,24793.25,24793.25,
NSE,NIFTY,2025-06-20,07:35:00,24793.25,24793.25,24793.25,24793.25,
NSE,NIFTY,2025-06-20,07:40:00,24793.25,24793.25,24793.25,24793.25,
NSE,NIFTY,2025-06-20,07:45:00,24793.25,24793.25,24793.25,24793.25,
NSE,NIFTY,2025-06-20,07:50:00,24793.25,24793.25,24793.25,24793.25,
NSE,NIFTY,2025-06-20,07:55:00,24793.25,24793.25,24793.25,24793.25,
NSE,NIFTY,2025-06-20,08:00:00,24793.25,24793.25,24793.25,24793.25,
NSE,NIFTY,2025-06-20,08:05:00,24793.25,24793.25,24793.25,24793.25,
NSE,NIFTY,2025-06-20,08:10:00,24793.25,24793.25,24793.25,24793.25,
NSE,NIFTY,2025-06-20,08:15:00,24793.25,24793.25,24793.25,24793.25,
NSE,NIFTY,2025-06-20,08:20:00,24793.25,24793.25,24793.25,24793.25,
NSE,NIFTY,2025-06-20,08:25:00,24793.25,24793.25,24793.25,24793.25,
NSE,NIFTY,2025-06-20,08:30:00,24793.25,24793.25,24793.25,24793.25,
NSE,NIFTY,2025-06-20,08:35:00,24793.25,24793.25,24793.25,24793.25,
NSE,NIFTY,2025-06-20,08:40:00,24793.25,24793.25,24793.25,24793.25,
NSE,NIFTY,2025-06-20,08:45:00,24793.25,24793.25,24793.25,24793.25,
NSE,NIFTY,2025-06-20,08:50:00,24793.25,24793.25,24793.25,24793.25,
NSE,NIFTY,2025-06-20,08:55:00,24793.25,24793.25,24793.25,24793.25,
NSE,NIFTY,2025-06-20,09:00:00,24793.25,25026.05,24793.25,24822.75,
NSE,NIFTY,2025-06-20,09:05:00,24808.8,24810,24749.55,24785.05,
NSE,NIFTY,2025-06-20,09:10:00,24785.6,24801.95,24771.6,24787.65,
NSE,NIFTY,2025-06-20,09:15:00,24787.65,24854.25,24787.45,24850.7,
NSE,NIFTY,2025-06-20,09:20:00,24849.75,24880.65,24845.2,24862.65,
NSE,NIFTY,2025-06-20,09:25:00,24862,24864.1,24823.85,24843.35,
NSE,NIFTY,2025-06-20,09:30:00,24844.55,24851.45,24814.85,24841.5,
NSE,NIFTY,2025-06-20,09:35:00,24842.55,24847.1,24818.2,24831.05,
NSE,NIFTY,2025-06-20,09:40:00,24831.5,24847.45,24831.3,24835,
NSE,NIFTY,2025-06-20,09:45:00,24835.1,24885.05,24835.1,24883.1,
NSE,NIFTY,2025-06-20,09:50:00,24884.4,24900.1,24882.95,24893.45,
NSE,NIFTY,2025-06-20,09:55:00,24892.8,24893.7,24863.8,24873.65,
NSE,NIFTY,2025-06-20,10:00:00,24874.2,24877.5,24853,24869.8,
NSE,NIFTY,2025-06-20,10:05:00,24870.15,24887.6,24861,24886.65,
NSE,NIFTY,2025-06-20,10:10:00,24887.95,24894.95,24877.45,24882.65,
NSE,NIFTY,2025-06-20,10:15:00,24882.8,24930.6,24882.1,24930.6,
NSE,NIFTY,2025-06-20,10:20:00,24932.2,24970.6,24930.7,24969.85,
NSE,NIFTY,2025-06-20,10:25:00,24971.15,24981.6,24965.7,24980.75,
NSE,NIFTY,2025-06-20,10:30:00,24981.3,25017.65,24980.65,25008.75,
NSE,NIFTY,2025-06-20,10:35:00,25008.15,25039.55,25006.9,25028.4,
NSE,NIFTY,2025-06-20,10:40:00,25028.3,25030.55,25003.45,25003.9,
NSE,NIFTY,2025-06-20,10:45:00,25004.85,25018.8,24996.5,25000.75,
NSE,NIFTY,2025-06-20,10:50:00,25000.25,25009.85,24996.1,25009.05,
NSE,NIFTY,2025-06-20,10:55:00,25008.6,25024.65,25006.3,25014.15,
NSE,NIFTY,2025-06-20,11:00:00,25013.7,25016.4,24991.4,24997.9,
NSE,NIFTY,2025-06-20,11:05:00,24998.15,25015.6,24996.6,25010.35,
NSE,NIFTY,2025-06-20,11:10:00,25010.65,25015.85,25008.4,25012.9,
NSE,NIFTY,2025-06-20,11:15:00,25012.7,25017.8,25002.8,25013.9,
NSE,NIFTY,2025-06-20,11:20:00,25014.05,25019.8,25005.65,25010,
NSE,NIFTY,2025-06-20,11:25:00,25010.9,25018.7,25005.05,25011.3,
NSE,NIFTY,2025-06-20,11:30:00,25011.05,25012.4,25002.9,25005.65,
NSE,NIFTY,2025-06-20,11:35:00,25006.45,25018.6,25006,25015.55,
NSE,NIFTY,2025-06-20,11:40:00,25016.8,25042.6,25011.65,25040.75,
NSE,NIFTY,2025-06-20,11:45:00,25041.75,25044.65,25016.65,25021.1,
NSE,NIFTY,2025-06-20,11:50:00,25020.6,25036.8,25017.9,25035.25,
NSE,NIFTY,2025-06-20,11:55:00,25035.4,25044.25,25031.35,25035.9,
NSE,NIFTY,2025-06-20,12:00:00,25037,25039.7,25027.4,25028.65,
NSE,NIFTY,2025-06-20,12:05:00,25029.05,25033.3,25022.35,25031.35,
NSE,NIFTY,2025-06-20,12:10:00,25031.45,25036.05,25026.45,25029.75,
NSE,NIFTY,2025-06-20,12:15:00,25029.75,25043.2,25028.3,25038.65,
NSE,NIFTY,2025-06-20,12:20:00,25039.4,25042.5,25018.45,25019,
NSE,NIFTY,2025-06-20,12:25:00,25019.35,25020.7,24992.6,24992.6,
NSE,NIFTY,2025-06-20,12:30:00,24993.15,24998.6,24979.85,24985.9,
NSE,NIFTY,2025-06-20,12:35:00,24985.7,24987.2,24964.05,24967.05,
NSE,NIFTY,2025-06-20,12:40:00,24967.05,24987,24966,24981.95,
NSE,NIFTY,2025-06-20,12:45:00,24981.25,25002.4,24981,24999.45,
NSE,NIFTY,2025-06-20,12:50:00,24998.65,25023.6,24997.85,25021.8,
NSE,NIFTY,2025-06-20,12:55:00,25022.35,25032.9,25020.1,25025,
NSE,NIFTY,2025-06-20,13:00:00,25024.75,25033.2,25018.65,25019.55,
NSE,NIFTY,2025-06-20,13:05:00,25021.1,25029.4,25018.1,25021.5,
NSE,NIFTY,2025-06-20,13:10:00,25022.85,25046.2,25017.65,25043,
NSE,NIFTY,2025-06-20,13:15:00,25043,25047.45,25035.25,25040.75,
NSE,NIFTY,2025-06-20,13:20:00,25040.5,25077.55,25039.7,25066.8,
NSE,NIFTY,2025-06-20,13:25:00,25067.1,25071.8,25053.9,25059.55,
NSE,NIFTY,2025-06-20,13:30:00,25059,25070.1,25057,25067.8,
NSE,NIFTY,2025-06-20,13:35:00,25068.1,25073.65,25058.8,25063.35,
NSE,NIFTY,2025-06-20,13:40:00,25064.15,25065.9,25048.25,25050.2,
NSE,NIFTY,2025-06-20,13:45:00,25050.05,25053.45,25034.55,25049.9,
NSE,NIFTY,2025-06-20,13:50:00,25048.8,25053.6,25042.8,25051.75,
NSE,NIFTY,2025-06-20,13:55:00,25050.95,25060.8,25045.6,25060.55,
NSE,NIFTY,2025-06-20,14:00:00,25059.85,25060.95,25035.7,25042,
NSE,NIFTY,2025-06-20,14:05:00,25042.35,25048.05,25037.6,25042.3,
NSE,NIFTY,2025-06-20,14:10:00,25042.25,25054.1,25041.45,25047.35,
NSE,NIFTY,2025-06-20,14:15:00,25047.2,25053.25,25038.55,25052.2,
NSE,NIFTY,2025-06-20,14:20:00,25052.35,25061.2,25047.1,25048.6,
NSE,NIFTY,2025-06-20,14:25:00,25048.8,25059.15,25038.55,25057.25,
NSE,NIFTY,2025-06-20,14:30:00,25057.05,25057.25,25035.15,25038.75,
NSE,NIFTY,2025-06-20,14:35:00,25039.2,25044.65,25031.4,25036.15,
NSE,NIFTY,2025-06-20,14:40:00,25037.6,25050.35,25036,25048.15,
NSE,NIFTY,2025-06-20,14:45:00,25048.65,25051.55,25043.55,25043.8,
NSE,NIFTY,2025-06-20,14:50:00,25043.5,25052.9,25036.55,25046,
NSE,NIFTY,2025-06-20,14:55:00,25046.7,25046.95,25034.7,25036.1,
NSE,NIFTY,2025-06-20,15:00:00,25035.5,25052,25031.75,25050.9,
NSE,NIFTY,2025-06-20,15:05:00,25050.4,25105.6,25049.2,25104.3,
NSE,NIFTY,2025-06-20,15:10:00,25101.95,25127.5,25101.15,25125,
NSE,NIFTY,2025-06-20,15:15:00,25126.25,25132.1,25111.9,25115.3,
NSE,NIFTY,2025-06-20,15:20:00,25113.5,25129.2,25109.45,25128.6,
NSE,NIFTY,2025-06-20,15:25:00,25129.15,25134.55,25115.05,25117.25,
NSE,NIFTY,2025-06-20,15:30:00,25117.1,25134.45,25072.8,25079.55,
NSE,NIFTY,2025-06-20,15:35:00,25079.55,25112.65,25079.55,25112.4,
NSE,NIFTY,2025-06-20,15:40:00,25112.4,25112.4,25112.4,25112.4,
NSE,NIFTY,2025-06-20,15:45:00,25112.4,25112.4,25112.4,25112.4,
NSE,NIFTY,2025-06-20,15:50:00,25112.4,25112.4,25112.4,25112.4,
NSE,NIFTY,2025-06-20,15:55:00,25112.4,25112.4,25112.4,25112.4,
NSE,NIFTY,2025-06-20,16:00:00,25112.4,25112.4,25112.4,25112.4,
NSE,NIFTY,2025-06-23,07:30:00,25112.4,25112.4,25112.4,25112.4,
NSE,NIFTY,2025-06-23,07:35:00,25112.4,25112.4,25112.4,25112.4,
NSE,NIFTY,2025-06-23,07:40:00,25112.4,25112.4,25112.4,25112.4,
NSE,NIFTY,2025-06-23,07:45:00,25112.4,25112.4,25112.4,25112.4,
NSE,NIFTY,2025-06-23,07:50:00,25112.4,25112.4,25112.4,25112.4,
NSE,NIFTY,2025-06-23,07:55:00,25112.4,25112.4,25112.4,25112.4,
NSE,NIFTY,2025-06-23,08:00:00,25112.4,25112.4,25112.4,25112.4,
NSE,NIFTY,2025-06-23,08:05:00,25112.4,25112.4,25112.4,25112.4,
NSE,NIFTY,2025-06-23,08:10:00,25112.4,25112.4,25112.4,25112.4,
NSE,NIFTY,2025-06-23,08:15:00,25112.4,25112.4,25112.4,25112.4,
NSE,NIFTY,2025-06-23,08:20:00,25112.4,25112.4,25112.4,25112.4,
NSE,NIFTY,2025-06-23,08:25:00,25112.4,25112.4,25112.4,25112.4,
NSE,NIFTY,2025-06-23,08:30:00,25112.4,25112.4,25112.4,25112.4,
NSE,NIFTY,2025-06-23,08:35:00,25112.4,25112.4,25112.4,25112.4,
NSE,NIFTY,2025-06-23,08:40:00,25112.4,25112.4,25112.4,25112.4,
NSE,NIFTY,2025-06-23,08:45:00,25112.4,25112.4,25112.4,25112.4,
NSE,NIFTY,2025-06-23,08:50:00,25112.4,25112.4,25112.4,25112.4,
NSE,NIFTY,2025-06-23,08:55:00,25112.4,25112.4,25112.4,25112.4,
NSE,NIFTY,2025-06-23,09:00:00,25112.4,25112.4,24503.3,24698.05,
NSE,NIFTY,2025-06-23,09:05:00,24698.2,24884.6,24698.2,24883.45,
NSE,NIFTY,2025-06-23,09:10:00,24885,24939.75,24880.8,24939.75,
NSE,NIFTY,2025-06-23,09:15:00,24939.75,24985.55,24932.35,24977.25,
NSE,NIFTY,2025-06-23,09:20:00,24981.8,24982.7,24912.2,24917.65,
NSE,NIFTY,2025-06-23,09:25:00,24917.35,24944.3,24917.35,24921.65,
NSE,NIFTY,2025-06-23,09:30:00,24921.25,24925.7,24891.2,24916.6,
NSE,NIFTY,2025-06-23,09:35:00,24915,24915.45,24859.6,24874.15,
NSE,NIFTY,2025-06-23,09:40:00,24873.4,24897.95,24870.55,24897.75,
NSE,NIFTY,2025-06-23,09:45:00,24897.7,24900.85,24853.85,24855.45,
NSE,NIFTY,2025-06-23,09:50:00,24855.7,24861.3,24835.2,24859.95,
NSE,NIFTY,2025-06-23,09:55:00,24859.95,24878.35,24857.75,24858.2,
NSE,NIFTY,2025-06-23,10:00:00,24857.8,24863.4,24843.05,24854.55,
NSE,NIFTY,2025-06-23,10:05:00,24854.2,24856.25,24824.9,24839.65,
NSE,NIFTY,2025-06-23,10:10:00,24840.65,24854.25,24839.3,24852.5,
NSE,NIFTY,2025-06-23,10:15:00,24852.6,24864,24847.5,24860.25,
NSE,NIFTY,2025-06-23,10:20:00,24861.35,24869.65,24856.75,24869.45,
NSE,NIFTY,2025-06-23,10:25:00,24869.6,24890.6,24868.5,24890.45,
NSE,NIFTY,2025-06-23,10:30:00,24890.75,24895.85,24877.6,24894.45,
NSE,NIFTY,2025-06-23,10:35:00,24894.3,24905.9,24891.7,24904.4,
NSE,NIFTY,2025-06-23,10:40:00,24904.7,24906.4,24885.55,24902.95,
NSE,NIFTY,2025-06-23,10:45:00,24903.4,24925.1,24898.2,24924.4,
NSE,NIFTY,2025-06-23,10:50:00,24923.8,24939.05,24922.55,24936.4,
NSE,NIFTY,2025-06-23,10:55:00,24936.35,24936.7,24911.15,24916.7,
NSE,NIFTY,2025-06-23,11:00:00,24916.4,24921.4,24908.4,24916.4,
NSE,NIFTY,2025-06-23,11:05:00,24916.85,24920.2,24909.4,24913.7,
NSE,NIFTY,2025-06-23,11:10:00,24914.35,24924.35,24902.6,24917.85,
NSE,NIFTY,2025-06-23,11:15:00,24917.9,24933.4,24914.7,24930.85,
NSE,NIFTY,2025-06-23,11:20:00,24931.2,24933.25,24921.4,24925.1,
NSE,NIFTY,2025-06-23,11:25:00,24924.5,24945.1,24920.35,24941.75,
NSE,NIFTY,2025-06-23,11:30:00,24941.8,24949.65,24936.95,24947.95,
NSE,NIFTY,2025-06-23,11:35:00,24948.5,24956.2,24944.95,24948.85,
NSE,NIFTY,2025-06-23,11:40:00,24949.5,24961.35,24946.85,24956.75,
NSE,NIFTY,2025-06-23,11:45:00,24956.7,24968.8,24953.15,24956.5,
NSE,NIFTY,2025-06-23,11:50:00,24956.1,24959.7,24946.1,24954.05,
NSE,NIFTY,2025-06-23,11:55:00,24954.4,24955.95,24928.8,24934.65,
NSE,NIFTY,2025-06-23,12:00:00,24935.05,24938.95,24929.7,24934.85,
NSE,NIFTY,2025-06-23,12:05:00,24936.45,24941.95,24932.3,24937.7,
NSE,NIFTY,2025-06-23,12:10:00,24938.3,24949.15,24936.65,24948.35,
NSE,NIFTY,2025-06-23,12:15:00,24948.25,24952.3,24939.8,24945.75,
NSE,NIFTY,2025-06-23,12:20:00,24945.8,24952.5,24945,24947.3,
NSE,NIFTY,2025-06-23,12:25:00,24947.2,24955.9,24943.2,24944.65,
NSE,NIFTY,2025-06-23,12:30:00,24945.4,24949.1,24939.6,24948.65,
NSE,NIFTY,2025-06-23,12:35:00,24947.1,24953.65,24940.8,24943.15,
NSE,NIFTY,2025-06-23,12:40:00,24942.25,24948.45,24938.3,24947.85,
NSE,NIFTY,2025-06-23,12:45:00,24948.05,24964.15,24946.3,24961.75,
NSE,NIFTY,2025-06-23,12:50:00,24961.5,24963.1,24942.1,24945.3,
NSE,NIFTY,2025-06-23,12:55:00,24945.05,24952.5,24944.7,24949.05,
NSE,NIFTY,2025-06-23,13:00:00,24949.3,24951.5,24944.9,24950.9,
NSE,NIFTY,2025-06-23,13:05:00,24948.7,24954.15,24947.75,24948.75,
NSE,NIFTY,2025-06-23,13:10:00,24948.25,24952.85,24945.4,24950.8,
NSE,NIFTY,2025-06-23,13:15:00,24951.75,24964.95,24949.75,24963.85,
NSE,NIFTY,2025-06-23,13:20:00,24964.75,24995.4,24964.15,24993.9,
NSE,NIFTY,2025-06-23,13:25:00,24995,25032,24992.35,25028.15,
NSE,NIFTY,2025-06-23,13:30:00,25028.25,25039.55,25019.9,25036.65,
NSE,NIFTY,2025-06-23,13:35:00,25037.45,25045.6,25024.65,25032.35,
NSE,NIFTY,2025-06-23,13:40:00,25031.25,25035.3,25018.2,25029.75,
NSE,NIFTY,2025-06-23,13:45:00,25030.2,25033.9,25015.95,25019.55,
NSE,NIFTY,2025-06-23,13:50:00,25020.35,25024,25013.35,25022.9,
NSE,NIFTY,2025-06-23,13:55:00,25022.9,25028.05,25013.95,25021.95,
NSE,NIFTY,2025-06-23,14:00:00,25020.95,25023.6,25013.6,25019.4,
NSE,NIFTY,2025-06-23,14:05:00,25020.35,25056.55,25018.75,25052.75,
NSE,NIFTY,2025-06-23,14:10:00,25051.25,25051.25,25028.45,25032.65,
NSE,NIFTY,2025-06-23,14:15:00,25031.05,25033.25,25010.5,25016.55,
NSE,NIFTY,2025-06-23,14:20:00,25015.65,25018.6,24999.95,25001.15,
NSE,NIFTY,2025-06-23,14:25:00,25000.5,25003.4,24986.7,24991.05,
NSE,NIFTY,2025-06-23,14:30:00,24990.4,25002,24984.3,24990.5,
NSE,NIFTY,2025-06-23,14:35:00,24989.65,24996.9,24982,24987.2,
NSE,NIFTY,2025-06-23,14:40:00,24988.05,24996.95,24978.7,24980.75,
NSE,NIFTY,2025-06-23,14:45:00,24981.9,24991.2,24978,24986.25,
NSE,NIFTY,2025-06-23,14:50:00,24985,24989.95,24972.5,24985.15,
NSE,NIFTY,2025-06-23,14:55:00,24985.15,24987.85,24975.5,24985.05,
NSE,NIFTY,2025-06-23,15:00:00,24985.3,24990.5,24981,24983.95,
NSE,NIFTY,2025-06-23,15:05:00,24985.2,24994.8,24984.55,24988.25,
NSE,NIFTY,2025-06-23,15:10:00,24988.7,24989.4,24976.85,24985.25,
NSE,NIFTY,2025-06-23,15:15:00,24985.7,24987.45,24978.05,24978.25,
NSE,NIFTY,2025-06-23,15:20:00,24978.8,24986,24970.2,24970.8,
NSE,NIFTY,2025-06-23,15:25:00,24973.7,24973.8,24964,24968.95,
NSE,NIFTY,2025-06-23,15:30:00,24968.4,24969.05,24951.7,24959.4,
NSE,NIFTY,2025-06-23,15:35:00,24959.4,24971.9,24959.4,24971.9,
NSE,NIFTY,2025-06-23,15:40:00,24971.9,24971.9,24971.9,24971.9,
NSE,NIFTY,2025-06-23,15:45:00,24971.9,24971.9,24971.9,24971.9,
NSE,NIFTY,2025-06-23,15:50:00,24971.9,24971.9,24971.9,24971.9,
NSE,NIFTY,2025-06-23,15:55:00,24971.9,24971.9,24971.9,24971.9,
NSE,NIFTY,2025-06-23,16:00:00,24971.9,24971.9,24971.9,24971.9,
NSE,NIFTY,2025-06-24,07:30:00,24971.9,24971.9,24971.9,24971.9,
NSE,NIFTY,2025-06-24,07:35:00,24971.9,24971.9,24971.9,24971.9,
NSE,NIFTY,2025-06-24,07:40:00,24971.9,24971.9,24971.9,24971.9,
NSE,NIFTY,2025-06-24,07:45:00,24971.9,24971.9,24971.9,24971.9,
NSE,NIFTY,2025-06-24,07:50:00,24971.9,24971.9,24971.9,24971.9,
NSE,NIFTY,2025-06-24,07:55:00,24971.9,24971.9,24971.9,24971.9,
NSE,NIFTY,2025-06-24,08:00:00,24971.9,24971.9,24971.9,24971.9,
NSE,NIFTY,2025-06-24,08:05:00,24971.9,24971.9,24971.9,24971.9,
NSE,NIFTY,2025-06-24,08:10:00,24971.9,24971.9,24971.9,24971.9,
NSE,NIFTY,2025-06-24,08:15:00,24971.9,24971.9,24971.9,24971.9,
NSE,NIFTY,2025-06-24,08:20:00,24971.9,24971.9,24971.9,24971.9,
NSE,NIFTY,2025-06-24,08:25:00,24971.9,24971.9,24971.9,24971.9,
NSE,NIFTY,2025-06-24,08:30:00,24971.9,24971.9,24971.9,24971.9,
NSE,NIFTY,2025-06-24,08:35:00,24971.9,24971.9,24971.9,24971.9,
NSE,NIFTY,2025-06-24,08:40:00,24971.9,24971.9,24971.9,24971.9,
NSE,NIFTY,2025-06-24,08:45:00,24971.9,24971.9,24971.9,24971.9,
NSE,NIFTY,2025-06-24,08:50:00,24971.9,24971.9,24971.9,24971.9,
NSE,NIFTY,2025-06-24,08:55:00,24971.9,24971.9,24971.9,24971.9,
NSE,NIFTY,2025-06-24,09:00:00,24971.9,25318.4,24971.9,25188.95,
NSE,NIFTY,2025-06-24,09:05:00,25170.35,25177.95,25082.3,25155.25,
NSE,NIFTY,2025-06-24,09:10:00,25156.6,25191.8,25153.5,25179.9,
NSE,NIFTY,2025-06-24,09:15:00,25179.9,25196.9,25158.5,25193.4,
NSE,NIFTY,2025-06-24,09:20:00,25193.8,25248.95,25193.8,25244.1,
NSE,NIFTY,2025-06-24,09:25:00,25243.9,25248.1,25222.95,25224.45,
NSE,NIFTY,2025-06-24,09:30:00,25225.35,25226.45,25194.3,25208.2,
NSE,NIFTY,2025-06-24,09:35:00,25207.55,25210.7,25193.05,25201.2,
NSE,NIFTY,2025-06-24,09:40:00,25200.1,25200.95,25140.85,25162.7,
NSE,NIFTY,2025-06-24,09:45:00,25163,25191.9,25147.9,25171.15,
NSE,NIFTY,2025-06-24,09:50:00,25171.95,25174.3,25119.05,25147.25,
NSE,NIFTY,2025-06-24,09:55:00,25147,25172.95,25138.45,25169.2,
NSE,NIFTY,2025-06-24,10:00:00,25170.7,25209.85,25166.15,25191.3,
NSE,NIFTY,2025-06-24,10:05:00,25191.9,25219.4,25191.75,25213.9,
NSE,NIFTY,2025-06-24,10:10:00,25215.3,25216.7,25189.75,25203.95,
NSE,NIFTY,2025-06-24,10:15:00,25203.3,25247.3,25203,25237.6,
NSE,NIFTY,2025-06-24,10:20:00,25237.45,25257.8,25229.7,25230.35,
NSE,NIFTY,2025-06-24,10:25:00,25230.5,25236.05,25206.65,25220.1,
NSE,NIFTY,2025-06-24,10:30:00,25220.2,25238.5,25215.15,25233.65,
NSE,NIFTY,2025-06-24,10:35:00,25234,25247.5,25212.35,25219.9,
NSE,NIFTY,2025-06-24,10:40:00,25223.5,25225.4,25213.35,25214.9,
NSE,NIFTY,2025-06-24,10:45:00,25215.35,25228.2,25191.25,25211.15,
NSE,NIFTY,2025-06-24,10:50:00,25210.2,25217,25191.75,25193.6,
NSE,NIFTY,2025-06-24,10:55:00,25192.15,25213.55,25167.1,25203.65,
NSE,NIFTY,2025-06-24,11:00:00,25203.05,25230.5,25202.45,25228.75,
NSE,NIFTY,2025-06-24,11:05:00,25230.8,25248.7,25220.55,25244.2,
NSE,NIFTY,2025-06-24,11:10:00,25245.8,25276,25244.45,25261.5,
NSE,NIFTY,2025-06-24,11:15:00,25261.85,25281.15,25251.45,25278.55,
NSE,NIFTY,2025-06-24,11:20:00,25277.1,25277.85,25247.9,25253.95,
NSE,NIFTY,2025-06-24,11:25:00,25253.25,25267.4,25250.25,25259.5,
NSE,NIFTY,2025-06-24,11:30:00,25258.7,25287.15,25258.55,25281.95,
NSE,NIFTY,2025-06-24,11:35:00,25281.55,25284.9,25267.9,25275.7,
NSE,NIFTY,2025-06-24,11:40:00,25274.9,25288.15,25266.65,25275.2,
NSE,NIFTY,2025-06-24,11:45:00,25274.5,25285.25,25267.35,25279.9,
NSE,NIFTY,2025-06-24,11:50:00,25279.6,25279.65,25266.7,25273.55,
NSE,NIFTY,2025-06-24,11:55:00,25273,25282.15,25269.7,25282.15,
NSE,NIFTY,2025-06-24,12:00:00,25281.5,25293.9,25279.4,25289.9,
NSE,NIFTY,2025-06-24,12:05:00,25289.3,25300.45,25285.85,25300.4,
NSE,NIFTY,2025-06-24,12:10:00,25299.3,25311.15,25295.7,25306.65,
NSE,NIFTY,2025-06-24,12:15:00,25306.25,25316.5,25297.8,25308.45,
NSE,NIFTY,2025-06-24,12:20:00,25307.75,25309.7,25282.7,25284.85,
NSE,NIFTY,2025-06-24,12:25:00,25284.55,25295.8,25283.85,25293.45,
NSE,NIFTY,2025-06-24,12:30:00,25293.3,25293.3,25267.7,25288.65,
NSE,NIFTY,2025-06-24,12:35:00,25288.45,25291.25,25275.65,25284.55,
NSE,NIFTY,2025-06-24,12:40:00,25284.65,25284.85,25231.25,25238.4,
NSE,NIFTY,2025-06-24,12:45:00,25235.9,25240.55,25143.95,25178.5,
NSE,NIFTY,2025-06-24,12:50:00,25176.55,25252.15,25171.9,25244.95,
NSE,NIFTY,2025-06-24,12:55:00,25244.1,25278.65,25241.3,25270.25,
NSE,NIFTY,2025-06-24,13:00:00,25270.1,25273.65,25222.8,25230.75,
NSE,NIFTY,2025-06-24,13:05:00,25229.8,25229.8,25201.6,25219.8,
NSE,NIFTY,2025-06-24,13:10:00,25220.1,25240.85,25215.85,25237.45,
NSE,NIFTY,2025-06-24,13:15:00,25237.1,25240.4,25181.1,25190.8,
NSE,NIFTY,2025-06-24,13:20:00,25191.55,25195.2,25163.7,25181.3,
NSE,NIFTY,2025-06-24,13:25:00,25180.45,25182.5,25117.95,25136.3,
NSE,NIFTY,2025-06-24,13:30:00,25134.75,25150.85,25130.5,25141.75,
NSE,NIFTY,2025-06-24,13:35:00,25141.15,25158.05,25083.35,25092.45,
NSE,NIFTY,2025-06-24,13:40:00,25092.2,25093.5,25031.7,25054.5,
NSE,NIFTY,2025-06-24,13:45:00,25054.7,25090,25037,25044.05,
NSE,NIFTY,2025-06-24,13:50:00,25040.5,25048.25,25008,25032.95,
NSE,NIFTY,2025-06-24,13:55:00,25034.4,25082.1,25029.15,25064.6,
NSE,NIFTY,2025-06-24,14:00:00,25064.05,25088.3,25051.5,25088.3,
NSE,NIFTY,2025-06-24,14:05:00,25089.95,25092.75,25018.05,25021.85,
NSE,NIFTY,2025-06-24,14:10:00,25022.35,25040.65,25000.35,25038.85,
NSE,NIFTY,2025-06-24,14:15:00,25038.35,25051.55,25013,25051.45,
NSE,NIFTY,2025-06-24,14:20:00,25050.3,25053.75,25033.2,25045.6,
NSE,NIFTY,2025-06-24,14:25:00,25045.3,25055.35,25015.9,25038.7,
NSE,NIFTY,2025-06-24,14:30:00,25038.75,25048.55,25019.25,25048.25,
NSE,NIFTY,2025-06-24,14:35:00,25048.1,25075,25043,25059.35,
NSE,NIFTY,2025-06-24,14:40:00,25058.5,25077.05,25050.4,25071.8,
NSE,NIFTY,2025-06-24,14:45:00,25071.1,25075.1,25051,25054.15,
NSE,NIFTY,2025-06-24,14:50:00,25054,25055.5,25029.65,25043.7,
NSE,NIFTY,2025-06-24,14:55:00,25043.6,25047.9,25029.9,25044.8,
NSE,NIFTY,2025-06-24,15:00:00,25045.3,25046.6,25015.5,25031,
NSE,NIFTY,2025-06-24,15:05:00,25031.45,25048.5,25022.6,25029.7,
NSE,NIFTY,2025-06-24,15:10:00,25031.15,25047,25025.35,25032.2,
NSE,NIFTY,2025-06-24,15:15:00,25033.45,25045.45,25032.55,25041.4,
NSE,NIFTY,2025-06-24,15:20:00,25041.65,25059.15,25038.85,25055.85,
NSE,NIFTY,2025-06-24,15:25:00,25056.95,25071.25,25051.1,25064.3,
NSE,NIFTY,2025-06-24,15:30:00,25063.85,25078.35,25062.3,25075.55,
NSE,NIFTY,2025-06-24,15:35:00,25075.55,25075.55,25044.35,25044.35,
NSE,NIFTY,2025-06-24,15:40:00,25044.35,25044.35,25044.35,25044.35,
NSE,NIFTY,2025-06-24,15:45:00,25044.35,25044.35,25044.35,25044.35,
NSE,NIFTY,2025-06-24,15:50:00,25044.35,25044.35,25044.35,25044.35,
NSE,NIFTY,2025-06-24,15:55:00,25044.35,25044.35,25044.35,25044.35,
NSE,NIFTY,2025-06-24,16:00:00,25044.35,25044.35,25044.35,25044.35,
NSE,NIFTY,2025-06-25,07:30:00,25044.35,25044.35,25044.35,25044.35,
NSE,NIFTY,2025-06-25,07:35:00,25044.35,25044.35,25044.35,25044.35,
NSE,NIFTY,2025-06-25,07:40:00,25044.35,25044.35,25044.35,25044.35,
NSE,NIFTY,2025-06-25,07:45:00,25044.35,25044.35,25044.35,25044.35,
NSE,NIFTY,2025-06-25,07:50:00,25044.35,25044.35,25044.35,25044.35,
NSE,NIFTY,2025-06-25,07:55:00,25044.35,25044.35,25044.35,25044.35,
NSE,NIFTY,2025-06-25,08:00:00,25044.35,25044.35,25044.35,25044.35,
NSE,NIFTY,2025-06-25,08:05:00,25044.35,25044.35,25044.35,25044.35,
NSE,NIFTY,2025-06-25,08:10:00,25044.35,25044.35,25044.35,25044.35,
NSE,NIFTY,2025-06-25,08:15:00,25044.35,25044.35,25044.35,25044.35,
NSE,NIFTY,2025-06-25,08:20:00,25044.35,25044.35,25044.35,25044.35,
NSE,NIFTY,2025-06-25,08:25:00,25044.35,25044.35,25044.35,25044.35,
NSE,NIFTY,2025-06-25,08:30:00,25044.35,25044.35,25044.35,25044.35,
NSE,NIFTY,2025-06-25,08:35:00,25044.35,25044.35,25044.35,25044.35,
NSE,NIFTY,2025-06-25,08:40:00,25044.35,25044.35,25044.35,25044.35,
NSE,NIFTY,2025-06-25,08:45:00,25044.35,25044.35,25044.35,25044.35,
NSE,NIFTY,2025-06-25,08:50:00,25044.35,25044.35,25044.35,25044.35,
NSE,NIFTY,2025-06-25,08:55:00,25044.35,25044.35,25044.35,25044.35,
NSE,NIFTY,2025-06-25,09:00:00,25044.35,25044.35,24913.85,24999.4,
NSE,NIFTY,2025-06-25,09:05:00,24982.2,25188.15,24974.8,25182.6,
NSE,NIFTY,2025-06-25,09:10:00,25183.45,25184.8,25135.5,25150.35,
NSE,NIFTY,2025-06-25,09:15:00,25150.35,25162.95,25142.15,25151.4,
NSE,NIFTY,2025-06-25,09:20:00,25155.35,25169,25126.6,25162.6,
NSE,NIFTY,2025-06-25,09:25:00,25162.9,25184.35,25148.95,25169.8,
NSE,NIFTY,2025-06-25,09:30:00,25170.2,25177.75,25155.25,25162.35,
NSE,NIFTY,2025-06-25,09:35:00,25161.65,25183.35,25161.3,25171.5,
NSE,NIFTY,2025-06-25,09:40:00,25170.7,25186.9,25167.05,25171.85,
NSE,NIFTY,2025-06-25,09:45:00,25171.65,25192.15,25171.2,25188.6,
NSE,NIFTY,2025-06-25,09:50:00,25189.55,25199.95,25178.75,25180.6,
NSE,NIFTY,2025-06-25,09:55:00,25180.9,25196.25,25179.45,25193.05,
NSE,NIFTY,2025-06-25,10:00:00,25192.15,25207,25188.5,25204.4,
NSE,NIFTY,2025-06-25,10:05:00,25204.3,25208.6,25193.75,25200.55,
NSE,NIFTY,2025-06-25,10:10:00,25200.35,25202.6,25188.15,25193.25,
NSE,NIFTY,2025-06-25,10:15:00,25193.25,25194.35,25172.65,25176.85,
NSE,NIFTY,2025-06-25,10:20:00,25177.15,25195.3,25173.2,25193.9,
NSE,NIFTY,2025-06-25,10:25:00,25194.45,25207.25,25192,25205.75,
NSE,NIFTY,2025-06-25,10:30:00,25205.7,25209.4,25202.2,25204.85,
NSE,NIFTY,2025-06-25,10:35:00,25205.15,25212.05,25202.7,25208.45,
NSE,NIFTY,2025-06-25,10:40:00,25210.05,25217.1,25208.75,25213.8,
NSE,NIFTY,2025-06-25,10:45:00,25213.5,25214.9,25194.7,25194.85,
NSE,NIFTY,2025-06-25,10:50:00,25196.2,25201,25188.15,25200.8,
NSE,NIFTY,2025-06-25,10:55:00,25201.25,25217.5,25199.85,25216.95,
NSE,NIFTY,2025-06-25,11:00:00,25216.5,25217.95,25200.45,25204.65,
NSE,NIFTY,2025-06-25,11:05:00,25204.95,25210.6,25203.65,25208.25,
NSE,NIFTY,2025-06-25,11:10:00,25208.85,25212.4,25203.9,25206.55,
NSE,NIFTY,2025-06-25,11:15:00,25206.65,25208.3,25190.7,25196.45,
NSE,NIFTY,2025-06-25,11:20:00,25196.35,25208.65,25194.45,25207.6,
NSE,NIFTY,2025-06-25,11:25:00,25207.15,25214.8,25205.05,25208.9,
NSE,NIFTY,2025-06-25,11:30:00,25209.85,25215.3,25208.35,25214.25,
NSE,NIFTY,2025-06-25,11:35:00,25214.35,25220.05,25212.45,25216.35,
NSE,NIFTY,2025-06-25,11:40:00,25216.4,25220.25,25207.45,25208.8,
NSE,NIFTY,2025-06-25,11:45:00,25208.75,25213.45,25207.2,25209.65,
NSE,NIFTY,2025-06-25,11:50:00,25209.95,25214.2,25204.85,25211.1,
NSE,NIFTY,2025-06-25,11:55:00,25211,25213.15,25207.25,25211.2,
NSE,NIFTY,2025-06-25,12:00:00,25210.6,25215.15,25209.55,25211.35,
NSE,NIFTY,2025-06-25,12:05:00,25211.25,25212.7,25189.95,25191.8,
NSE,NIFTY,2025-06-25,12:10:00,25192.5,25199.3,25191.1,25195,
NSE,NIFTY,2025-06-25,12:15:00,25194.65,25197.4,25190.55,25193.6,
NSE,NIFTY,2025-06-25,12:20:00,25193.5,25204.6,25180.3,25187.9,
NSE,NIFTY,2025-06-25,12:25:00,25188.05,25201.9,25186.9,25201.45,
NSE,NIFTY,2025-06-25,12:30:00,25200.35,25207.05,25199.1,25204.95,
NSE,NIFTY,2025-06-25,12:35:00,25205,25212.1,25200.45,25205.65,
NSE,NIFTY,2025-06-25,12:40:00,25207.15,25217.3,25203,25213.7,
NSE,NIFTY,2025-06-25,12:45:00,25213.35,25215.9,25201.5,25202.5,
NSE,NIFTY,2025-06-25,12:50:00,25204,25205.05,25189.45,25191.05,
NSE,NIFTY,2025-06-25,12:55:00,25191.25,25200,25188.65,25198.95,
NSE,NIFTY,2025-06-25,13:00:00,25198.35,25211.15,25196.85,25210.55,
NSE,NIFTY,2025-06-25,13:05:00,25211.35,25219.7,25205.95,25218.5,
NSE,NIFTY,2025-06-25,13:10:00,25219.55,25230.4,25217.75,25223.2,
NSE,NIFTY,2025-06-25,13:15:00,25224.95,25244.7,25223.9,25240.65,
NSE,NIFTY,2025-06-25,13:20:00,25240.7,25241.65,25227.35,25233.5,
NSE,NIFTY,2025-06-25,13:25:00,25234.3,25253.2,25233.2,25251.7,
NSE,NIFTY,2025-06-25,13:30:00,25252.85,25264.5,25246.25,25263.55,
NSE,NIFTY,2025-06-25,13:35:00,25265.95,25265.95,25247.15,25247.55,
NSE,NIFTY,2025-06-25,13:40:00,25247.7,25256.15,25244.5,25251.2,
NSE,NIFTY,2025-06-25,13:45:00,25252.7,25261.05,25248.5,25256,
NSE,NIFTY,2025-06-25,13:50:00,25256.45,25257.25,25250.4,25251.4,
NSE,NIFTY,2025-06-25,13:55:00,25252.9,25253.25,25238,25241,
NSE,NIFTY,2025-06-25,14:00:00,25241.75,25246.7,25231.7,25232.1,
NSE,NIFTY,2025-06-25,14:05:00,25233.3,25235.25,25224.3,25230.15,
NSE,NIFTY,2025-06-25,14:10:00,25229.8,25246.85,25229.35,25242.75,
NSE,NIFTY,2025-06-25,14:15:00,25243.2,25248.35,25238.4,25247.65,
NSE,NIFTY,2025-06-25,14:20:00,25248.25,25253,25244.8,25251.05,
NSE,NIFTY,2025-06-25,14:25:00,25252,25255.65,25247.6,25254.1,
NSE,NIFTY,2025-06-25,14:30:00,25254.15,25262.05,25252.4,25253.3,
NSE,NIFTY,2025-06-25,14:35:00,25255.05,25255.15,25215.75,25236.4,
NSE,NIFTY,2025-06-25,14:40:00,25236.95,25241.9,25234.65,25240.65,
NSE,NIFTY,2025-06-25,14:45:00,25241.2,25249,25238.55,25248.2,
NSE,NIFTY,2025-06-25,14:50:00,25247.7,25250.7,25222.65,25230,
NSE,NIFTY,2025-06-25,14:55:00,25230.35,25240.5,25227.55,25238.5,
NSE,NIFTY,2025-06-25,15:00:00,25239.3,25247.5,25233.25,25247.05,
NSE,NIFTY,2025-06-25,15:05:00,25247.6,25255.75,25242.95,25252.6,
NSE,NIFTY,2025-06-25,15:10:00,25253.4,25254.5,25237.85,25238.3,
NSE,NIFTY,2025-06-25,15:15:00,25238.45,25249.95,25237.95,25248.6,
NSE,NIFTY,2025-06-25,15:20:00,25246.9,25248.4,25241.35,25244.3,
NSE,NIFTY,2025-06-25,15:25:00,25243.75,25246.45,25239,25241.45,
NSE,NIFTY,2025-06-25,15:30:00,25241.3,25247.95,25234.65,25236.35,
NSE,NIFTY,2025-06-25,15:35:00,25236.35,25244.8,25236.35,25244.75,
NSE,NIFTY,2025-06-25,15:40:00,25244.75,25244.75,25244.75,25244.75,
NSE,NIFTY,2025-06-25,15:45:00,25244.75,25244.75,25244.75,25244.75,
NSE,NIFTY,2025-06-25,15:50:00,25244.75,25244.75,25244.75,25244.75,
NSE,NIFTY,2025-06-25,15:55:00,25244.75,25244.75,25244.75,25244.75,
NSE,NIFTY,2025-06-25,16:00:00,25244.75,25244.75,25244.75,25244.75,
NSE,NIFTY,2025-06-26,07:30:00,25244.75,25244.75,25244.75,25244.75,
NSE,NIFTY,2025-06-26,07:35:00,25244.75,25244.75,25244.75,25244.75,
NSE,NIFTY,2025-06-26,07:40:00,25244.75,25244.75,25244.75,25244.75,
NSE,NIFTY,2025-06-26,07:45:00,25244.75,25244.75,25244.75,25244.75,
NSE,NIFTY,2025-06-26,07:50:00,25244.75,25244.75,25244.75,25244.75,
NSE,NIFTY,2025-06-26,07:55:00,25244.75,25244.75,25244.75,25244.75,
NSE,NIFTY,2025-06-26,08:00:00,25244.75,25244.75,25244.75,25244.75,
NSE,NIFTY,2025-06-26,08:05:00,25244.75,25244.75,25244.75,25244.75,
NSE,NIFTY,2025-06-26,08:10:00,25244.75,25244.75,25244.75,25244.75,
NSE,NIFTY,2025-06-26,08:15:00,25244.75,25244.75,25244.75,25244.75,
NSE,NIFTY,2025-06-26,08:20:00,25244.75,25244.75,25244.75,25244.75,
NSE,NIFTY,2025-06-26,08:25:00,25244.75,25244.75,25244.75,25244.75,
NSE,NIFTY,2025-06-26,08:30:00,25244.75,25244.75,25244.75,25244.75,
NSE,NIFTY,2025-06-26,08:35:00,25244.75,25244.75,25244.75,25244.75,
NSE,NIFTY,2025-06-26,08:40:00,25244.75,25244.75,25244.75,25244.75,
NSE,NIFTY,2025-06-26,08:45:00,25244.75,25244.75,25244.75,25244.75,
NSE,NIFTY,2025-06-26,08:50:00,25244.75,25244.75,25244.75,25244.75,
NSE,NIFTY,2025-06-26,08:55:00,25244.75,25244.75,25244.75,25244.75,
NSE,NIFTY,2025-06-26,09:00:00,25244.75,25252.3,25027,25252.3,
NSE,NIFTY,2025-06-26,09:05:00,25251.4,25305.9,25185.35,25287.95,
NSE,NIFTY,2025-06-26,09:10:00,25287.7,25288.1,25249.8,25268.95,
NSE,NIFTY,2025-06-26,09:15:00,25268.95,25292,25260.4,25282.1,
NSE,NIFTY,2025-06-26,09:20:00,25289.25,25299.05,25277.65,25291.05,
NSE,NIFTY,2025-06-26,09:25:00,25291.9,25340.75,25288.05,25330.7,
NSE,NIFTY,2025-06-26,09:30:00,25333.7,25359.5,25321.55,25359.5,
NSE,NIFTY,2025-06-26,09:35:00,25360.1,25389.45,25358,25366.75,
NSE,NIFTY,2025-06-26,09:40:00,25365.25,25370.1,25350.85,25354.85,
NSE,NIFTY,2025-06-26,09:45:00,25355.95,25370.6,25336.7,25365.65,
NSE,NIFTY,2025-06-26,09:50:00,25368.1,25388.95,25360.15,25382.75,
NSE,NIFTY,2025-06-26,09:55:00,25387.15,25395.45,25371.7,25391.7,
NSE,NIFTY,2025-06-26,10:00:00,25390.85,25421.35,25390.85,25416.1,
NSE,NIFTY,2025-06-26,10:05:00,25417.25,25437.5,25409.65,25411.05,
NSE,NIFTY,2025-06-26,10:10:00,25411.3,25414.5,25384.55,25400.5,
NSE,NIFTY,2025-06-26,10:15:00,25400.85,25409.45,25384.75,25388.6,
NSE,NIFTY,2025-06-26,10:20:00,25388.5,25395.8,25371.25,25381.2,
NSE,NIFTY,2025-06-26,10:25:00,25381.3,25387.55,25361.75,25378.9,
NSE,NIFTY,2025-06-26,10:30:00,25378.3,25379.1,25361.05,25369.55,
NSE,NIFTY,2025-06-26,10:35:00,25369.95,25370.2,25351.85,25363.7,
NSE,NIFTY,2025-06-26,10:40:00,25364,25375.8,25362.25,25368.35,
NSE,NIFTY,2025-06-26,10:45:00,25368.9,25369.55,25304.05,25323.55,
NSE,NIFTY,2025-06-26,10:50:00,25323.6,25334.55,25292.5,25334.2,
NSE,NIFTY,2025-06-26,10:55:00,25334.3,25345.35,25318.3,25327.2,
NSE,NIFTY,2025-06-26,11:00:00,25327.7,25335.85,25316.45,25326.1,
NSE,NIFTY,2025-06-26,11:05:00,25327.65,25365.2,25323.05,25342.75,
NSE,NIFTY,2025-06-26,11:10:00,25343.35,25346.95,25326.9,25337.5,
NSE,NIFTY,2025-06-26,11:15:00,25338.7,25342.45,25322.35,25335.55,
NSE,NIFTY,2025-06-26,11:20:00,25334.7,25335.55,25313.9,25324.95,
NSE,NIFTY,2025-06-26,11:25:00,25326.2,25349.65,25323.5,25345.05,
NSE,NIFTY,2025-06-26,11:30:00,25345.65,25347.85,25328.85,25346.05,
NSE,NIFTY,2025-06-26,11:35:00,25347.95,25370.35,25346.45,25353.25,
NSE,NIFTY,2025-06-26,11:40:00,25352.75,25358.45,25336.55,25340.6,
NSE,NIFTY,2025-06-26,11:45:00,25340.35,25342.55,25306.35,25323.4,
NSE,NIFTY,2025-06-26,11:50:00,25324.75,25352.45,25323.25,25348.65,
NSE,NIFTY,2025-06-26,11:55:00,25349.1,25349.65,25338.35,25346.05,
NSE,NIFTY,2025-06-26,12:00:00,25345.35,25351.35,25338.9,25345.65,
NSE,NIFTY,2025-06-26,12:05:00,25344.85,25409.1,25343.4,25406.15,
NSE,NIFTY,2025-06-26,12:10:00,25406.3,25406.75,25381.2,25383.45,
NSE,NIFTY,2025-06-26,12:15:00,25383.3,25400.55,25378.7,25394,
NSE,NIFTY,2025-06-26,12:20:00,25393.8,25413.5,25391.65,25395.5,
NSE,NIFTY,2025-06-26,12:25:00,25395.8,25405.85,25391.55,25397,
NSE,NIFTY,2025-06-26,12:30:00,25397.05,25411.65,25395.8,25411.45,
NSE,NIFTY,2025-06-26,12:35:00,25412.8,25421.2,25398.35,25406.4,
NSE,NIFTY,2025-06-26,12:40:00,25405.05,25409.8,25399.7,25405.4,
NSE,NIFTY,2025-06-26,12:45:00,25404.3,25410.9,25389.95,25400.4,
NSE,NIFTY,2025-06-26,12:50:00,25397.95,25400.4,25365,25381.9,
NSE,NIFTY,2025-06-26,12:55:00,25379.75,25383.45,25351.3,25364.2,
NSE,NIFTY,2025-06-26,13:00:00,25364.65,25385.35,25361,25385.35,
NSE,NIFTY,2025-06-26,13:05:00,25387.8,25399.15,25383,25390.7,
NSE,NIFTY,2025-06-26,13:10:00,25389.7,25394.9,25377.2,25378.65,
NSE,NIFTY,2025-06-26,13:15:00,25377.3,25401.75,25370.2,25399.95,
NSE,NIFTY,2025-06-26,13:20:00,25398.85,25446.1,25398.8,25444,
NSE,NIFTY,2025-06-26,13:25:00,25444.3,25450.9,25408.65,25411.6,
NSE,NIFTY,2025-06-26,13:30:00,25409.65,25417.55,25389.3,25399.2,
NSE,NIFTY,2025-06-26,13:35:00,25399.85,25422.1,25399.2,25415.1,
NSE,NIFTY,2025-06-26,13:40:00,25416.4,25431.85,25410.6,25430.35,
NSE,NIFTY,2025-06-26,13:45:00,25431.4,25451.9,25427.85,25450.7,
NSE,NIFTY,2025-06-26,13:50:00,25450.2,25474.4,25446.35,25460.35,
NSE,NIFTY,2025-06-26,13:55:00,25460.9,25485.65,25459.7,25478.8,
NSE,NIFTY,2025-06-26,14:00:00,25477.85,25502.75,25469.15,25499.55,
NSE,NIFTY,2025-06-26,14:05:00,25498,25526.5,25494.55,25501.85,
NSE,NIFTY,2025-06-26,14:10:00,25503.3,25503.3,25475.3,25483.45,
NSE,NIFTY,2025-06-26,14:15:00,25483,25518.35,25477.1,25508.25,
NSE,NIFTY,2025-06-26,14:20:00,25508.75,25527.25,25508.1,25526.55,
NSE,NIFTY,2025-06-26,14:25:00,25527.35,25528.6,25496.5,25515.2,
NSE,NIFTY,2025-06-26,14:30:00,25515.65,25519.3,25507.05,25514.15,
NSE,NIFTY,2025-06-26,14:35:00,25510.2,25518.25,25497.05,25505.45,
NSE,NIFTY,2025-06-26,14:40:00,25504.6,25513.4,25501.15,25505.85,
NSE,NIFTY,2025-06-26,14:45:00,25502.85,25509.6,25492.6,25502.95,
NSE,NIFTY,2025-06-26,14:50:00,25504.05,25504.55,25489.55,25492.7,
NSE,NIFTY,2025-06-26,14:55:00,25492.95,25522.35,25480.35,25519.6,
NSE,NIFTY,2025-06-26,15:00:00,25518.35,25548.05,25517.3,25543.4,
NSE,NIFTY,2025-06-26,15:05:00,25544.1,25564.75,25538.4,25563.8,
NSE,NIFTY,2025-06-26,15:10:00,25562.15,25564.7,25538.25,25552.05,
NSE,NIFTY,2025-06-26,15:15:00,25552.6,25557.25,25534.95,25545.45,
NSE,NIFTY,2025-06-26,15:20:00,25543.95,25550.2,25534.75,25542.8,
NSE,NIFTY,2025-06-26,15:25:00,25542.4,25563.7,25540.75,25554.8,
NSE,NIFTY,2025-06-26,15:30:00,25554.8,25555.6,25528.6,25529.9,
NSE,NIFTY,2025-06-26,15:35:00,25529.9,25549,25529.9,25549,
NSE,NIFTY,2025-06-26,15:40:00,25549,25549,25549,25549,
NSE,NIFTY,2025-06-26,15:45:00,25549,25549,25549,25549,
NSE,NIFTY,2025-06-26,15:50:00,25549,25549,25549,25549,
NSE,NIFTY,2025-06-26,15:55:00,25549,25549,25549,25549,
NSE,NIFTY,2025-06-26,16:00:00,25549,25549,25549,25549,
NSE,NIFTY,2025-06-27,07:30:00,25549,25549,25549,25549,
NSE,NIFTY,2025-06-27,07:35:00,25549,25549,25549,25549,
NSE,NIFTY,2025-06-27,07:40:00,25549,25549,25549,25549,
NSE,NIFTY,2025-06-27,07:45:00,25549,25549,25549,25549,
NSE,NIFTY,2025-06-27,07:50:00,25549,25549,25549,25549,
NSE,NIFTY,2025-06-27,07:55:00,25549,25549,25549,25549,
NSE,NIFTY,2025-06-27,08:00:00,25549,25549,25549,25549,
NSE,NIFTY,2025-06-27,08:05:00,25549,25549,25549,25549,
NSE,NIFTY,2025-06-27,08:10:00,25549,25549,25549,25549,
NSE,NIFTY,2025-06-27,08:15:00,25549,25549,25549,25549,
NSE,NIFTY,2025-06-27,08:20:00,25549,25549,25549,25549,
NSE,NIFTY,2025-06-27,08:25:00,25549,25549,25549,25549,
NSE,NIFTY,2025-06-27,08:30:00,25549,25549,25549,25549,
NSE,NIFTY,2025-06-27,08:35:00,25549,25549,25549,25549,
NSE,NIFTY,2025-06-27,08:40:00,25549,25549,25549,25549,
NSE,NIFTY,2025-06-27,08:45:00,25549,25549,25549,25549,
NSE,NIFTY,2025-06-27,08:50:00,25549,25549,25549,25549,
NSE,NIFTY,2025-06-27,08:55:00,25549,25549,25549,25549,
NSE,NIFTY,2025-06-27,09:00:00,25549,25549,24955.3,25303.7,
NSE,NIFTY,2025-06-27,09:05:00,25313.1,25578.75,25306.1,25571.5,
NSE,NIFTY,2025-06-27,09:10:00,25576.2,25585.95,25557.35,25576.65,
NSE,NIFTY,2025-06-27,09:15:00,25576.65,25607.45,25545.1,25605.15,
NSE,NIFTY,2025-06-27,09:20:00,25606.25,25620.95,25582.15,25586.7,
NSE,NIFTY,2025-06-27,09:25:00,25586.15,25592,25570.2,25581.2,
NSE,NIFTY,2025-06-27,09:30:00,25582,25586.05,25524.1,25525.1,
NSE,NIFTY,2025-06-27,09:35:00,25525.65,25565.9,25524.5,25561.95,
NSE,NIFTY,2025-06-27,09:40:00,25562,25573.8,25553.85,25557.35,
NSE,NIFTY,2025-06-27,09:45:00,25558.05,25563.35,25529.05,25534.85,
NSE,NIFTY,2025-06-27,09:50:00,25533.4,25551.9,25528.45,25541.6,
NSE,NIFTY,2025-06-27,09:55:00,25542,25569.8,25535.1,25559.65,
NSE,NIFTY,2025-06-27,10:00:00,25559.5,25562.35,25536.1,25545.5,
NSE,NIFTY,2025-06-27,10:05:00,25545.7,25557.6,25545.15,25556.45,
NSE,NIFTY,2025-06-27,10:10:00,25557,25563.55,25554.2,25558.35,
NSE,NIFTY,2025-06-27,10:15:00,25557.65,25574.2,25554.6,25572.55,
NSE,NIFTY,2025-06-27,10:20:00,25575.05,25578.3,25566.4,25567.05,
NSE,NIFTY,2025-06-27,10:25:00,25568.2,25571.25,25558.15,25563.3,
NSE,NIFTY,2025-06-27,10:30:00,25563.4,25563.4,25553.55,25557.45,
NSE,NIFTY,2025-06-27,10:35:00,25557.75,25572.65,25554.35,25560.55,
NSE,NIFTY,2025-06-27,10:40:00,25561.15,25562.2,25539.6,25557.95,
NSE,NIFTY,2025-06-27,10:45:00,25558,25577.1,25555.1,25576.05,
NSE,NIFTY,2025-06-27,10:50:00,25576.25,25590.7,25575.45,25590,
NSE,NIFTY,2025-06-27,10:55:00,25590.45,25600.4,25585.45,25598.9,
NSE,NIFTY,2025-06-27,11:00:00,25599.3,25610.25,25598.85,25601.15,
NSE,NIFTY,2025-06-27,11:05:00,25600.7,25605.4,25594.3,25602.95,
NSE,NIFTY,2025-06-27,11:10:00,25602.55,25608.6,25599.4,25604.25,
NSE,NIFTY,2025-06-27,11:15:00,25603.85,25608,25598.3,25606.95,
NSE,NIFTY,2025-06-27,11:20:00,25606.4,25608.85,25596.55,25605,
NSE,NIFTY,2025-06-27,11:25:00,25605,25608.85,25598,25604.2,
NSE,NIFTY,2025-06-27,11:30:00,25604.25,25607.95,25597.65,25606.65,
NSE,NIFTY,2025-06-27,11:35:00,25606.5,25609.35,25595.65,25599.65,
NSE,NIFTY,2025-06-27,11:40:00,25599.45,25605.65,25596,25604.1,
NSE,NIFTY,2025-06-27,11:45:00,25604.35,25610.9,25602.35,25605.85,
NSE,NIFTY,2025-06-27,11:50:00,25605.3,25609.85,25597.5,25600.95,
NSE,NIFTY,2025-06-27,11:55:00,25601.95,25608.85,25597.45,25607.05,
NSE,NIFTY,2025-06-27,12:00:00,25608.4,25617,25605.5,25611.2,
NSE,NIFTY,2025-06-27,12:05:00,25610.55,25615.95,25609.05,25611.25,
NSE,NIFTY,2025-06-27,12:10:00,25611.45,25617.8,25608.8,25612.15,
NSE,NIFTY,2025-06-27,12:15:00,25612.3,25615.65,25607.95,25614.4,
NSE,NIFTY,2025-06-27,12:20:00,25614.6,25632.45,25612.4,25627.15,
NSE,NIFTY,2025-06-27,12:25:00,25626.55,25629.4,25614.05,25616.4,
NSE,NIFTY,2025-06-27,12:30:00,25616.35,25629.5,25612.45,25629.1,
NSE,NIFTY,2025-06-27,12:35:00,25628.55,25632.5,25622.7,25625.35,
NSE,NIFTY,2025-06-27,12:40:00,25625.8,25636.3,25625.3,25634.05,
NSE,NIFTY,2025-06-27,12:45:00,25635.3,25648.45,25634,25634.7,
NSE,NIFTY,2025-06-27,12:50:00,25635.65,25643.4,25635,25639.9,
NSE,NIFTY,2025-06-27,12:55:00,25639.25,25646.45,25639.1,25644.15,
NSE,NIFTY,2025-06-27,13:00:00,25643.15,25649.15,25639.15,25641.5,
NSE,NIFTY,2025-06-27,13:05:00,25641.65,25644.5,25623.15,25625.8,
NSE,NIFTY,2025-06-27,13:10:00,25624.45,25628.75,25617.15,25618.55,
NSE,NIFTY,2025-06-27,13:15:00,25619.25,25622.2,25613.05,25613.95,
NSE,NIFTY,2025-06-27,13:20:00,25614.65,25622.4,25611.25,25612.75,
NSE,NIFTY,2025-06-27,13:25:00,25612.4,25618,25608.8,25617.75,
NSE,NIFTY,2025-06-27,13:30:00,25617.75,25638.4,25615.95,25633.45,
NSE,NIFTY,2025-06-27,13:35:00,25633.25,25636.85,25627.6,25630.25,
NSE,NIFTY,2025-06-27,13:40:00,25630.35,25633.6,25623.95,25628.7,
NSE,NIFTY,2025-06-27,13:45:00,25628.75,25636.05,25621.3,25627.55,
NSE,NIFTY,2025-06-27,13:50:00,25627.4,25631.1,25623.4,25626.8,
NSE,NIFTY,2025-06-27,13:55:00,25626.8,25632.2,25620.35,25623.15,
NSE,NIFTY,2025-06-27,14:00:00,25623.9,25635.35,25621.25,25631.4,
NSE,NIFTY,2025-06-27,14:05:00,25631.35,25636.4,25629.4,25634.4,
NSE,NIFTY,2025-06-27,14:10:00,25634.5,25639.35,25629.75,25636.25,
NSE,NIFTY,2025-06-27,14:15:00,25635.45,25639.2,25631.35,25633.4,
NSE,NIFTY,2025-06-27,14:20:00,25632.25,25633.7,25619.45,25621.3,
NSE,NIFTY,2025-06-27,14:25:00,25619.65,25622,25612.75,25613.4,
NSE,NIFTY,2025-06-27,14:30:00,25613,25624.25,25611.25,25612.5,
NSE,NIFTY,2025-06-27,14:35:00,25613.15,25619.65,25612.35,25614.85,
NSE,NIFTY,2025-06-27,14:40:00,25616.05,25622,25614.7,25617.7,
NSE,NIFTY,2025-06-27,14:45:00,25618,25637.25,25616.65,25633.7,
NSE,NIFTY,2025-06-27,14:50:00,25633.5,25637.5,25628.25,25633.45,
NSE,NIFTY,2025-06-27,14:55:00,25633.65,25635.9,25627.5,25629.1,
NSE,NIFTY,2025-06-27,15:00:00,25629.55,25643.4,25624.85,25641.95,
NSE,NIFTY,2025-06-27,15:05:00,25641.35,25653.35,25630.7,25640.8,
NSE,NIFTY,2025-06-27,15:10:00,25641.5,25644.5,25624.25,25631.9,
NSE,NIFTY,2025-06-27,15:15:00,25631.15,25637.1,25626.45,25636.75,
NSE,NIFTY,2025-06-27,15:20:00,25636.7,25649.95,25635.7,25647.45,
NSE,NIFTY,2025-06-27,15:25:00,25646.8,25647.5,25638.8,25642.45,
NSE,NIFTY,2025-06-27,15:30:00,25641.9,25648.1,25629.6,25631.05,
NSE,NIFTY,2025-06-27,15:35:00,25631.05,25637.8,25631.05,25637.8,
NSE,NIFTY,2025-06-27,15:40:00,25637.8,25637.8,25637.8,25637.8,
NSE,NIFTY,2025-06-27,15:45:00,25637.8,25637.8,25637.8,25637.8,
NSE,NIFTY,2025-06-27,15:50:00,25637.8,25637.8,25637.8,25637.8,
NSE,NIFTY,2025-06-27,15:55:00,25637.8,25637.8,25637.8,25637.8,
NSE,NIFTY,2025-06-27,16:00:00,25637.8,25637.8,25637.8,25637.8,
NSE,NIFTY,2025-06-30,07:30:00,25637.8,25637.8,25637.8,25637.8,
NSE,NIFTY,2025-06-30,07:35:00,25637.8,25637.8,25637.8,25637.8,
NSE,NIFTY,2025-06-30,07:40:00,25637.8,25637.8,25637.8,25637.8,
NSE,NIFTY,2025-06-30,07:45:00,25637.8,25637.8,25637.8,25637.8,
NSE,NIFTY,2025-06-30,07:50:00,25637.8,25637.8,25637.8,25637.8,
NSE,NIFTY,2025-06-30,07:55:00,25637.8,25637.8,25637.8,25637.8,
NSE,NIFTY,2025-06-30,08:00:00,25637.8,25637.8,25637.8,25637.8,
NSE,NIFTY,2025-06-30,08:05:00,25637.8,25637.8,25637.8,25637.8,
NSE,NIFTY,2025-06-30,08:10:00,25637.8,25637.8,25637.8,25637.8,
NSE,NIFTY,2025-06-30,08:15:00,25637.8,25637.8,25637.8,25637.8,
NSE,NIFTY,2025-06-30,08:20:00,25637.8,25637.8,25637.8,25637.8,
NSE,NIFTY,2025-06-30,08:25:00,25637.8,25637.8,25637.8,25637.8,
NSE,NIFTY,2025-06-30,08:30:00,25637.8,25637.8,25637.8,25637.8,
NSE,NIFTY,2025-06-30,08:35:00,25637.8,25637.8,25637.8,25637.8,
NSE,NIFTY,2025-06-30,08:40:00,25637.8,25637.8,25637.8,25637.8,
NSE,NIFTY,2025-06-30,08:45:00,25637.8,25637.8,25637.8,25637.8,
NSE,NIFTY,2025-06-30,08:50:00,25637.8,25637.8,25637.8,25637.8,
NSE,NIFTY,2025-06-30,08:55:00,25637.8,25637.8,25637.8,25637.8,
NSE,NIFTY,2025-06-30,09:00:00,25637.8,25637.8,25178.55,25417.25,
NSE,NIFTY,2025-06-30,09:05:00,25439.1,25684.75,25437.4,25660.4,
NSE,NIFTY,2025-06-30,09:10:00,25662.45,25677.7,25659.5,25661.65,
NSE,NIFTY,2025-06-30,09:15:00,25661.65,25664.85,25625.65,25640.25,
NSE,NIFTY,2025-06-30,09:20:00,25639,25639.4,25592.3,25607.65,
NSE,NIFTY,2025-06-30,09:25:00,25607.85,25638.45,25598.55,25637.15,
NSE,NIFTY,2025-06-30,09:30:00,25636.55,25651.05,25624.95,25624.95,
NSE,NIFTY,2025-06-30,09:35:00,25624.55,25625.45,25597.95,25611.1,
NSE,NIFTY,2025-06-30,09:40:00,25610.3,25612.6,25591.5,25601,
NSE,NIFTY,2025-06-30,09:45:00,25600.8,25606.25,25572.6,25573.45,
NSE,NIFTY,2025-06-30,09:50:00,25572.45,25586.95,25568.65,25573.1,
NSE,NIFTY,2025-06-30,09:55:00,25573.7,25578.7,25560.2,25561.85,
NSE,NIFTY,2025-06-30,10:00:00,25560.6,25575.9,25555.3,25556.6,
NSE,NIFTY,2025-06-30,10:05:00,25556.85,25581.8,25543.8,25581.8,
NSE,NIFTY,2025-06-30,10:10:00,25581.6,25581.85,25556.5,25575.8,
NSE,NIFTY,2025-06-30,10:15:00,25576.15,25596,25575.75,25590.15,
NSE,NIFTY,2025-06-30,10:20:00,25590.5,25600,25583.3,25596.9,
NSE,NIFTY,2025-06-30,10:25:00,25596.5,25597.1,25562.4,25565.55,
NSE,NIFTY,2025-06-30,10:30:00,25565.55,25566,25553,25557.3,
NSE,NIFTY,2025-06-30,10:35:00,25557.85,25563.7,25549.6,25563.3,
NSE,NIFTY,2025-06-30,10:40:00,25564,25569.9,25556.65,25557.95,
NSE,NIFTY,2025-06-30,10:45:00,25558.85,25559.45,25541.75,25544.7,
NSE,NIFTY,2025-06-30,10:50:00,25544.6,25553.7,25540.45,25542.9,
NSE,NIFTY,2025-06-30,10:55:00,25542.55,25560.95,25537.05,25558.35,
NSE,NIFTY,2025-06-30,11:00:00,25560.1,25562.95,25555.8,25559.4,
NSE,NIFTY,2025-06-30,11:05:00,25559.2,25562.7,25551.9,25554.15,
NSE,NIFTY,2025-06-30,11:10:00,25554.8,25557.8,25551.1,25556,
NSE,NIFTY,2025-06-30,11:15:00,25555.9,25565.95,25546.55,25548.2,
NSE,NIFTY,2025-06-30,11:20:00,25547.6,25551.1,25539,25542.4,
NSE,NIFTY,2025-06-30,11:25:00,25542.35,25558,25541,25556.45,
NSE,NIFTY,2025-06-30,11:30:00,25556.5,25560.65,25552.85,25555.6,
NSE,NIFTY,2025-06-30,11:35:00,25556.8,25562.95,25554.1,25560.95,
NSE,NIFTY,2025-06-30,11:40:00,25561.6,25567.55,25554.3,25557.65,
NSE,NIFTY,2025-06-30,11:45:00,25557,25562.4,25555.2,25561.6,
NSE,NIFTY,2025-06-30,11:50:00,25562.15,25572.35,25559.9,25571.45,
NSE,NIFTY,2025-06-30,11:55:00,25571.05,25578.3,25569.65,25572,
NSE,NIFTY,2025-06-30,12:00:00,25571.65,25575.1,25568.2,25570.3,
NSE,NIFTY,2025-06-30,12:05:00,25570.45,25580.85,25564.95,25566.15,
NSE,NIFTY,2025-06-30,12:10:00,25565.3,25572.35,25564.4,25570.4,
NSE,NIFTY,2025-06-30,12:15:00,25570.65,25589.8,25569.65,25587.4,
NSE,NIFTY,2025-06-30,12:20:00,25586.65,25599.3,25584.75,25595.5,
NSE,NIFTY,2025-06-30,12:25:00,25595.15,25597.3,25589.7,25591.85,
NSE,NIFTY,2025-06-30,12:30:00,25592.05,25593.6,25570.6,25574.2,
NSE,NIFTY,2025-06-30,12:35:00,25573,25573.9,25558.6,25559.9,
NSE,NIFTY,2025-06-30,12:40:00,25559.3,25562.25,25545.85,25547.45,
NSE,NIFTY,2025-06-30,12:45:00,25548.45,25551,25540.6,25540.6,
NSE,NIFTY,2025-06-30,12:50:00,25543.5,25555.35,25538.8,25551.9,
NSE,NIFTY,2025-06-30,12:55:00,25551.3,25554.4,25540.55,25540.9,
NSE,NIFTY,2025-06-30,13:00:00,25539.85,25541.95,25522.7,25524.65,
NSE,NIFTY,2025-06-30,13:05:00,25524.85,25524.95,25499.25,25512.75,
NSE,NIFTY,2025-06-30,13:10:00,25513.3,25515.65,25505.4,25510.7,
NSE,NIFTY,2025-06-30,13:15:00,25510.65,25513.7,25496,25499.6,
NSE,NIFTY,2025-06-30,13:20:00,25499.9,25505.85,25490.7,25501.85,
NSE,NIFTY,2025-06-30,13:25:00,25502.6,25511.85,25499.15,25510.25,
NSE,NIFTY,2025-06-30,13:30:00,25511.35,25518.8,25507.45,25509.65,
NSE,NIFTY,2025-06-30,13:35:00,25509.4,25514,25507.9,25511.15,
NSE,NIFTY,2025-06-30,13:40:00,25510.75,25514.35,25500.55,25502.4,
NSE,NIFTY,2025-06-30,13:45:00,25502.6,25509.65,25500.15,25502,
NSE,NIFTY,2025-06-30,13:50:00,25502.15,25504.45,25485.6,25487.6,
NSE,NIFTY,2025-06-30,13:55:00,25486.65,25489.05,25473.3,25485.7,
NSE,NIFTY,2025-06-30,14:00:00,25485.65,25502.2,25480.1,25499.8,
NSE,NIFTY,2025-06-30,14:05:00,25499.15,25500.3,25480.75,25482.05,
NSE,NIFTY,2025-06-30,14:10:00,25481.25,25501.25,25478.7,25499.8,
NSE,NIFTY,2025-06-30,14:15:00,25499.05,25502,25485.75,25486.15,
NSE,NIFTY,2025-06-30,14:20:00,25485.3,25488.65,25478,25481.9,
NSE,NIFTY,2025-06-30,14:25:00,25482.5,25499.1,25478.65,25496.15,
NSE,NIFTY,2025-06-30,14:30:00,25495.35,25499.3,25485.95,25489.85,
NSE,NIFTY,2025-06-30,14:35:00,25490.65,25492.3,25478.8,25483.15,
NSE,NIFTY,2025-06-30,14:40:00,25483.5,25493.3,25477.6,25490.25,
NSE,NIFTY,2025-06-30,14:45:00,25490.95,25498.1,25478.95,25492.75,
NSE,NIFTY,2025-06-30,14:50:00,25492.4,25506,25492.25,25499.4,
NSE,NIFTY,2025-06-30,14:55:00,25498.9,25519.8,25497.65,25507.3,
NSE,NIFTY,2025-06-30,15:00:00,25507.75,25511.9,25499.35,25510.2,
NSE,NIFTY,2025-06-30,15:05:00,25510.05,25516.85,25504.45,25515.1,
NSE,NIFTY,2025-06-30,15:10:00,25515.65,25522.5,25514.7,25519.75,
NSE,NIFTY,2025-06-30,15:15:00,25518.9,25526.65,25516.1,25526,
NSE,NIFTY,2025-06-30,15:20:00,25525.15,25526.1,25507.25,25518.9,
NSE,NIFTY,2025-06-30,15:25:00,25517.15,25525.4,25512.6,25518.4,
NSE,NIFTY,2025-06-30,15:30:00,25518.55,25521.4,25505.35,25513.8,
NSE,NIFTY,2025-06-30,15:35:00,25513.8,25517.05,25513.8,25517.05,
NSE,NIFTY,2025-06-30,15:40:00,25517.05,25517.05,25517.05,25517.05,
NSE,NIFTY,2025-06-30,15:45:00,25517.05,25517.05,25517.05,25517.05,
NSE,NIFTY,2025-06-30,15:50:00,25517.05,25517.05,25517.05,25517.05,
NSE,NIFTY,2025-06-30,15:55:00,25517.05,25517.05,25517.05,25517.05,
NSE,NIFTY,2025-06-30,16:00:00,25517.05,25517.05,25517.05,25517.05,
NSE,NIFTY,2025-07-01,07:30:00,25517.05,25517.05,25517.05,25517.05,
NSE,NIFTY,2025-07-01,07:35:00,25517.05,25517.05,25517.05,25517.05,
NSE,NIFTY,2025-07-01,07:40:00,25517.05,25517.05,25517.05,25517.05,
NSE,NIFTY,2025-07-01,07:45:00,25517.05,25517.05,25517.05,25517.05,
NSE,NIFTY,2025-07-01,07:50:00,25517.05,25517.05,25517.05,25517.05,
NSE,NIFTY,2025-07-01,07:55:00,25517.05,25517.05,25517.05,25517.05,
NSE,NIFTY,2025-07-01,08:00:00,25517.05,25517.05,25517.05,25517.05,
NSE,NIFTY,2025-07-01,08:05:00,25517.05,25517.05,25517.05,25517.05,
NSE,NIFTY,2025-07-01,08:10:00,25517.05,25517.05,25517.05,25517.05,
NSE,NIFTY,2025-07-01,08:15:00,25517.05,25517.05,25517.05,25517.05,
NSE,NIFTY,2025-07-01,08:20:00,25517.05,25517.05,25517.05,25517.05,
NSE,NIFTY,2025-07-01,08:25:00,25517.05,25517.05,25517.05,25517.05,
NSE,NIFTY,2025-07-01,08:30:00,25517.05,25517.05,25517.05,25517.05,
NSE,NIFTY,2025-07-01,08:35:00,25517.05,25517.05,25517.05,25517.05,
NSE,NIFTY,2025-07-01,08:40:00,25517.05,25517.05,25517.05,25517.05,
NSE,NIFTY,2025-07-01,08:45:00,25517.05,25517.05,25517.05,25517.05,
NSE,NIFTY,2025-07-01,08:50:00,25517.05,25517.05,25517.05,25517.05,
NSE,NIFTY,2025-07-01,08:55:00,25517.05,25517.05,25517.05,25517.05,
NSE,NIFTY,2025-07-01,09:00:00,25517.05,25729,25477.1,25576.45,
NSE,NIFTY,2025-07-01,09:05:00,25560.9,25574.15,25459.45,25550.75,
NSE,NIFTY,2025-07-01,09:10:00,25550.5,25559.5,25533.9,25551.35,
NSE,NIFTY,2025-07-01,09:15:00,25551.35,25566.45,25537.15,25540.35,
NSE,NIFTY,2025-07-01,09:20:00,25538.15,25549.4,25513.8,25549.4,
NSE,NIFTY,2025-07-01,09:25:00,25549.7,25575.25,25543.4,25565.4,
NSE,NIFTY,2025-07-01,09:30:00,25565.45,25585.35,25563.15,25583.9,
NSE,NIFTY,2025-07-01,09:35:00,25583.8,25589,25571.15,25571.8,
NSE,NIFTY,2025-07-01,09:40:00,25572.2,25585.75,25570.1,25582.3,
NSE,NIFTY,2025-07-01,09:45:00,25582.05,25589.65,25577.7,25580,
NSE,NIFTY,2025-07-01,09:50:00,25580.2,25593.15,25567.1,25588.5,
NSE,NIFTY,2025-07-01,09:55:00,25588.35,25588.65,25556.1,25557.2,
NSE,NIFTY,2025-07-01,10:00:00,25557.6,25572.75,25551.3,25568.95,
NSE,NIFTY,2025-07-01,10:05:00,25568.85,25568.85,25538.3,25543.55,
NSE,NIFTY,2025-07-01,10:10:00,25543.95,25557.55,25541.4,25545.95,
NSE,NIFTY,2025-07-01,10:15:00,25545.95,25546.2,25526.55,25527.5,
NSE,NIFTY,2025-07-01,10:20:00,25528.75,25543.4,25527.3,25532.35,
NSE,NIFTY,2025-07-01,10:25:00,25532.65,25533.1,25522.85,25525.35,
NSE,NIFTY,2025-07-01,10:30:00,25526.1,25550.95,25524.45,25548.6,
NSE,NIFTY,2025-07-01,10:35:00,25548.5,25549.85,25540.9,25545.95,
NSE,NIFTY,2025-07-01,10:40:00,25545.4,25554.25,25535.75,25549.75,
NSE,NIFTY,2025-07-01,10:45:00,25549.95,25553.05,25538.7,25539.55,
NSE,NIFTY,2025-07-01,10:50:00,25539.35,25546.7,25536.3,25539.2,
NSE,NIFTY,2025-07-01,10:55:00,25538.75,25540.3,25526.65,25531.85,
NSE,NIFTY,2025-07-01,11:00:00,25531.5,25532.5,25519.65,25525.7,
NSE,NIFTY,2025-07-01,11:05:00,25525.8,25526.65,25513.8,25520.75,
NSE,NIFTY,2025-07-01,11:10:00,25521.3,25524.6,25517.65,25520.9,
NSE,NIFTY,2025-07-01,11:15:00,25520.5,25527.45,25518.75,25525.1,
NSE,NIFTY,2025-07-01,11:20:00,25524.7,25535.6,25517.2,25528.4,
NSE,NIFTY,2025-07-01,11:25:00,25528.35,25532.45,25522,25523.85,
NSE,NIFTY,2025-07-01,11:30:00,25523.75,25531.1,25521.75,25529.1,
NSE,NIFTY,2025-07-01,11:35:00,25530,25530,25518,25524.2,
NSE,NIFTY,2025-07-01,11:40:00,25524.05,25531.1,25523.15,25527.95,
NSE,NIFTY,2025-07-01,11:45:00,25528,25532.35,25521.55,25523.95,
NSE,NIFTY,2025-07-01,11:50:00,25525.05,25531,25521.4,25525.25,
NSE,NIFTY,2025-07-01,11:55:00,25524.9,25526.75,25511.5,25514.1,
NSE,NIFTY,2025-07-01,12:00:00,25514.65,25518.1,25502.7,25513.9,
NSE,NIFTY,2025-07-01,12:05:00,25513.5,25520.55,25511.1,25517.35,
NSE,NIFTY,2025-07-01,12:10:00,25517.4,25523,25512.4,25519.45,
NSE,NIFTY,2025-07-01,12:15:00,25518.7,25526.8,25516.2,25523.8,
NSE,NIFTY,2025-07-01,12:20:00,25523.1,25545.6,25522.45,25543.7,
NSE,NIFTY,2025-07-01,12:25:00,25542.9,25548.5,25535.85,25547.75,
NSE,NIFTY,2025-07-01,12:30:00,25547.3,25551.3,25539.95,25540.65,
NSE,NIFTY,2025-07-01,12:35:00,25540.95,25543.2,25525.05,25542.55,
NSE,NIFTY,2025-07-01,12:40:00,25542.65,25547.2,25540.7,25542.45,
NSE,NIFTY,2025-07-01,12:45:00,25543.15,25546.9,25537.35,25538,
NSE,NIFTY,2025-07-01,12:50:00,25538.3,25545.25,25534.35,25544.2,
NSE,NIFTY,2025-07-01,12:55:00,25544.15,25546.45,25531.7,25535.3,
NSE,NIFTY,2025-07-01,13:00:00,25535.1,25541.25,25532.7,25539.6,
NSE,NIFTY,2025-07-01,13:05:00,25539.1,25540.35,25529.7,25532.2,
NSE,NIFTY,2025-07-01,13:10:00,25531.45,25534.55,25525.95,25532.15,
NSE,NIFTY,2025-07-01,13:15:00,25532.45,25536.05,25530,25534.8,
NSE,NIFTY,2025-07-01,13:20:00,25534.15,25534.6,25525.8,25526.55,
NSE,NIFTY,2025-07-01,13:25:00,25526.35,25530.95,25523.2,25528.5,
NSE,NIFTY,2025-07-01,13:30:00,25529.55,25532.9,25523.9,25532.35,
NSE,NIFTY,2025-07-01,13:35:00,25532.7,25534.5,25525.8,25527.85,
NSE,NIFTY,2025-07-01,13:40:00,25528.85,25536.1,25528,25535.25,
NSE,NIFTY,2025-07-01,13:45:00,25534.85,25536.9,25527.75,25528.55,
NSE,NIFTY,2025-07-01,13:50:00,25528.3,25530.35,25524,25528.35,
NSE,NIFTY,2025-07-01,13:55:00,25527.85,25528.75,25523.65,25526.45,
NSE,NIFTY,2025-07-01,14:00:00,25526.75,25534,25509.2,25533.55,
NSE,NIFTY,2025-07-01,14:05:00,25533,25543.95,25526.25,25542.65,
NSE,NIFTY,2025-07-01,14:10:00,25542.75,25545.7,25537.45,25538.85,
NSE,NIFTY,2025-07-01,14:15:00,25539.15,25552.2,25537.8,25547.5,
NSE,NIFTY,2025-07-01,14:20:00,25547.45,25549.3,25539.35,25544.25,
NSE,NIFTY,2025-07-01,14:25:00,25544.2,25544.2,25536.9,25540.35,
NSE,NIFTY,2025-07-01,14:30:00,25540.05,25542,25533.5,25534.45,
NSE,NIFTY,2025-07-01,14:35:00,25534.45,25537.05,25528.55,25528.9,
NSE,NIFTY,2025-07-01,14:40:00,25528.9,25533.6,25515.05,25528.4,
NSE,NIFTY,2025-07-01,14:45:00,25527.4,25531.75,25524.8,25525.6,
NSE,NIFTY,2025-07-01,14:50:00,25525.65,25530.9,25523.95,25530.35,
NSE,NIFTY,2025-07-01,14:55:00,25530.7,25536.55,25525.2,25532.5,
NSE,NIFTY,2025-07-01,15:00:00,25532.65,25543,25530.5,25533,
NSE,NIFTY,2025-07-01,15:05:00,25533.95,25545.7,25532.35,25544.8,
NSE,NIFTY,2025-07-01,15:10:00,25544.6,25548.5,25535.05,25542,
NSE,NIFTY,2025-07-01,15:15:00,25542.5,25547.5,25530.5,25538.7,
NSE,NIFTY,2025-07-01,15:20:00,25539.95,25551.15,25537.2,25550.05,
NSE,NIFTY,2025-07-01,15:25:00,25550.85,25556.95,25530.7,25541.1,
NSE,NIFTY,2025-07-01,15:30:00,25542.75,25544.25,25527,25532.35,
NSE,NIFTY,2025-07-01,15:35:00,25532.35,25541.8,25532.35,25541.8,
NSE,NIFTY,2025-07-01,15:40:00,25541.8,25541.8,25541.8,25541.8,
NSE,NIFTY,2025-07-01,15:45:00,25541.8,25541.8,25541.8,25541.8,
NSE,NIFTY,2025-07-01,15:50:00,25541.8,25541.8,25541.8,25541.8,
NSE,NIFTY,2025-07-01,15:55:00,25541.8,25541.8,25541.8,25541.8,
NSE,NIFTY,2025-07-01,16:00:00,25541.8,25541.8,25541.8,25541.8,
NSE,NIFTY,2025-07-02,07:30:00,25541.8,25541.8,25541.8,25541.8,
NSE,NIFTY,2025-07-02,07:35:00,25541.8,25541.8,25541.8,25541.8,
NSE,NIFTY,2025-07-02,07:40:00,25541.8,25541.8,25541.8,25541.8,
NSE,NIFTY,2025-07-02,07:45:00,25541.8,25541.8,25541.8,25541.8,
NSE,NIFTY,2025-07-02,07:50:00,25541.8,25541.8,25541.8,25541.8,
NSE,NIFTY,2025-07-02,07:55:00,25541.8,25541.8,25541.8,25541.8,
NSE,NIFTY,2025-07-02,08:00:00,25541.8,25541.8,25541.8,25541.8,
NSE,NIFTY,2025-07-02,08:05:00,25541.8,25541.8,25541.8,25541.8,
NSE,NIFTY,2025-07-02,08:10:00,25541.8,25541.8,25541.8,25541.8,
NSE,NIFTY,2025-07-02,08:15:00,25541.8,25541.8,25541.8,25541.8,
NSE,NIFTY,2025-07-02,08:20:00,25541.8,25541.8,25541.8,25541.8,
NSE,NIFTY,2025-07-02,08:25:00,25541.8,25541.8,25541.8,25541.8,
NSE,NIFTY,2025-07-02,08:30:00,25541.8,25541.8,25541.8,25541.8,
NSE,NIFTY,2025-07-02,08:35:00,25541.8,25541.8,25541.8,25541.8,
NSE,NIFTY,2025-07-02,08:40:00,25541.8,25541.8,25541.8,25541.8,
NSE,NIFTY,2025-07-02,08:45:00,25541.8,25541.8,25541.8,25541.8,
NSE,NIFTY,2025-07-02,08:50:00,25541.8,25541.8,25541.8,25541.8,
NSE,NIFTY,2025-07-02,08:55:00,25541.8,25541.8,25541.8,25541.8,
NSE,NIFTY,2025-07-02,09:00:00,25541.8,25541.8,25129,25184.7,
NSE,NIFTY,2025-07-02,09:05:00,25184.25,25578.2,25179.6,25547.9,
NSE,NIFTY,2025-07-02,09:10:00,25548.55,25594.2,25548.55,25588.3,
NSE,NIFTY,2025-07-02,09:15:00,25588.3,25601.95,25574.35,25581.65,
NSE,NIFTY,2025-07-02,09:20:00,25580.85,25605.8,25579.55,25586.7,
NSE,NIFTY,2025-07-02,09:25:00,25588.25,25604.55,25575.85,25578.95,
NSE,NIFTY,2025-07-02,09:30:00,25578.3,25579.4,25559.75,25574,
NSE,NIFTY,2025-07-02,09:35:00,25573.45,25575.6,25545.7,25550.95,
NSE,NIFTY,2025-07-02,09:40:00,25550.65,25560.55,25549.4,25550.85,
NSE,NIFTY,2025-07-02,09:45:00,25550.95,25552.05,25533.6,25535.5,
NSE,NIFTY,2025-07-02,09:50:00,25535.05,25553.35,25531.5,25552.5,
NSE,NIFTY,2025-07-02,09:55:00,25553.35,25559.15,25540.05,25545.45,
NSE,NIFTY,2025-07-02,10:00:00,25545.85,25553.5,25532.05,25532.6,
NSE,NIFTY,2025-07-02,10:05:00,25533.55,25535.25,25517.3,25522,
NSE,NIFTY,2025-07-02,10:10:00,25521.3,25523.15,25513.3,25521.45,
NSE,NIFTY,2025-07-02,10:15:00,25521.8,25530.9,25518.4,25518.45,
NSE,NIFTY,2025-07-02,10:20:00,25519.25,25520.45,25497.25,25517.35,
NSE,NIFTY,2025-07-02,10:25:00,25517.85,25528.15,25516.25,25521.55,
NSE,NIFTY,2025-07-02,10:30:00,25521.45,25528,25515,25516.45,
NSE,NIFTY,2025-07-02,10:35:00,25516.55,25519.15,25511.3,25512.85,
NSE,NIFTY,2025-07-02,10:40:00,25512.85,25513.3,25488.5,25490.05,
NSE,NIFTY,2025-07-02,10:45:00,25490.9,25493.9,25482.7,25488.55,
NSE,NIFTY,2025-07-02,10:50:00,25488.7,25498.6,25485.6,25488.65,
NSE,NIFTY,2025-07-02,10:55:00,25489.05,25494.4,25487.4,25492.15,
NSE,NIFTY,2025-07-02,11:00:00,25491.95,25498.75,25488.85,25493.5,
NSE,NIFTY,2025-07-02,11:05:00,25493.55,25494,25475.4,25483.3,
NSE,NIFTY,2025-07-02,11:10:00,25483.6,25487.8,25470.85,25471.75,
NSE,NIFTY,2025-07-02,11:15:00,25471.95,25477.3,25466.75,25475.05,
NSE,NIFTY,2025-07-02,11:20:00,25475.95,25481.7,25463.7,25481,
NSE,NIFTY,2025-07-02,11:25:00,25481.55,25488.25,25476.2,25487.55,
NSE,NIFTY,2025-07-02,11:30:00,25487.1,25501.5,25486.05,25493.35,
NSE,NIFTY,2025-07-02,11:35:00,25493.4,25493.75,25473.25,25479.55,
NSE,NIFTY,2025-07-02,11:40:00,25478.85,25485.9,25473.75,25479.7,
NSE,NIFTY,2025-07-02,11:45:00,25479.95,25485.9,25472.95,25482.35,
NSE,NIFTY,2025-07-02,11:50:00,25481.9,25500.15,25480.45,25495.05,
NSE,NIFTY,2025-07-02,11:55:00,25494.95,25496.65,25485.25,25492.65,
NSE,NIFTY,2025-07-02,12:00:00,25492.4,25496.75,25487.35,25487.7,
NSE,NIFTY,2025-07-02,12:05:00,25489.7,25490.95,25480.1,25489.6,
NSE,NIFTY,2025-07-02,12:10:00,25488.5,25498.75,25487.7,25496.35,
NSE,NIFTY,2025-07-02,12:15:00,25496.8,25503.95,25493.15,25498.9,
NSE,NIFTY,2025-07-02,12:20:00,25499.25,25500.5,25488.95,25492,
NSE,NIFTY,2025-07-02,12:25:00,25491.75,25496.8,25491.15,25494.05,
NSE,NIFTY,2025-07-02,12:30:00,25494.2,25497.05,25488.8,25492.6,
NSE,NIFTY,2025-07-02,12:35:00,25493.75,25495.6,25485.25,25486.7,
NSE,NIFTY,2025-07-02,12:40:00,25486.8,25491.65,25484.7,25490,
NSE,NIFTY,2025-07-02,12:45:00,25490.7,25495.65,25484.65,25494.65,
NSE,NIFTY,2025-07-02,12:50:00,25494.55,25495.65,25480.15,25480.15,
NSE,NIFTY,2025-07-02,12:55:00,25480.45,25480.85,25460.5,25475.85,
NSE,NIFTY,2025-07-02,13:00:00,25475.8,25478.7,25471.4,25472.45,
NSE,NIFTY,2025-07-02,13:05:00,25471.7,25489.95,25471.7,25484.65,
NSE,NIFTY,2025-07-02,13:10:00,25484.9,25486.35,25477.3,25477.3,
NSE,NIFTY,2025-07-02,13:15:00,25477.35,25479.2,25455.45,25456.8,
NSE,NIFTY,2025-07-02,13:20:00,25457.1,25461.4,25436.9,25439.15,
NSE,NIFTY,2025-07-02,13:25:00,25440.25,25446.45,25427.4,25430.75,
NSE,NIFTY,2025-07-02,13:30:00,25429.1,25431.35,25390,25390,
NSE,NIFTY,2025-07-02,13:35:00,25390.75,25415.85,25390.55,25409.25,
NSE,NIFTY,2025-07-02,13:40:00,25409.45,25417.65,25405.95,25416.05,
NSE,NIFTY,2025-07-02,13:45:00,25414.2,25416,25385.15,25393.65,
NSE,NIFTY,2025-07-02,13:50:00,25393.8,25406.85,25384.15,25406.15,
NSE,NIFTY,2025-07-02,13:55:00,25405.25,25407.15,25392.4,25393.25,
NSE,NIFTY,2025-07-02,14:00:00,25394.45,25408.6,25387.75,25406.05,
NSE,NIFTY,2025-07-02,14:05:00,25406.8,25408.5,25397.25,25404.4,
NSE,NIFTY,2025-07-02,14:10:00,25405.4,25415.35,25402.85,25413.7,
NSE,NIFTY,2025-07-02,14:15:00,25414.6,25425.1,25413.45,25417.2,
NSE,NIFTY,2025-07-02,14:20:00,25416.55,25423.85,25413.2,25420.05,
NSE,NIFTY,2025-07-02,14:25:00,25419.95,25420.25,25398.65,25408.25,
NSE,NIFTY,2025-07-02,14:30:00,25407.45,25408.65,25400.45,25407.75,
NSE,NIFTY,2025-07-02,14:35:00,25408.25,25411.8,25399.55,25401.7,
NSE,NIFTY,2025-07-02,14:40:00,25401.75,25403.95,25388.85,25388.85,
NSE,NIFTY,2025-07-02,14:45:00,25389.8,25403.75,25379.4,25400.65,
NSE,NIFTY,2025-07-02,14:50:00,25400.1,25416.55,25397.05,25408.9,
NSE,NIFTY,2025-07-02,14:55:00,25409.7,25412.6,25400.8,25411.1,
NSE,NIFTY,2025-07-02,15:00:00,25411.2,25441.6,25406.35,25440.55,
NSE,NIFTY,2025-07-02,15:05:00,25440.35,25458.7,25438.1,25458.4,
NSE,NIFTY,2025-07-02,15:10:00,25458,25472.8,25450.35,25468.65,
NSE,NIFTY,2025-07-02,15:15:00,25467.1,25468.25,25458.25,25458.8,
NSE,NIFTY,2025-07-02,15:20:00,25459.5,25459.65,25440.05,25446.3,
NSE,NIFTY,2025-07-02,15:25:00,25447.2,25452.55,25443.15,25447.25,
NSE,NIFTY,2025-07-02,15:30:00,25447.2,25451.95,25441.3,25443.8,
NSE,NIFTY,2025-07-02,15:35:00,25443.8,25453.4,25443.8,25453.4,
NSE,NIFTY,2025-07-02,15:40:00,25453.4,25453.4,25453.4,25453.4,
NSE,NIFTY,2025-07-02,15:45:00,25453.4,25453.4,25453.4,25453.4,
NSE,NIFTY,2025-07-02,15:50:00,25453.4,25453.4,25453.4,25453.4,
NSE,NIFTY,2025-07-02,15:55:00,25453.4,25453.4,25453.4,25453.4,
NSE,NIFTY,2025-07-02,16:00:00,25453.4,25453.4,25453.4,25453.4,
NSE,NIFTY,2025-07-03,07:30:00,25453.4,25453.4,25453.4,25453.4,
NSE,NIFTY,2025-07-03,07:35:00,25453.4,25453.4,25453.4,25453.4,
NSE,NIFTY,2025-07-03,07:40:00,25453.4,25453.4,25453.4,25453.4,
NSE,NIFTY,2025-07-03,07:45:00,25453.4,25453.4,25453.4,25453.4,
NSE,NIFTY,2025-07-03,07:50:00,25453.4,25453.4,25453.4,25453.4,
NSE,NIFTY,2025-07-03,07:55:00,25453.4,25453.4,25453.4,25453.4,
NSE,NIFTY,2025-07-03,08:00:00,25453.4,25453.4,25453.4,25453.4,
NSE,NIFTY,2025-07-03,08:05:00,25453.4,25453.4,25453.4,25453.4,
NSE,NIFTY,2025-07-03,08:10:00,25453.4,25453.4,25453.4,25453.4,
NSE,NIFTY,2025-07-03,08:15:00,25453.4,25453.4,25453.4,25453.4,
NSE,NIFTY,2025-07-03,08:20:00,25453.4,25453.4,25453.4,25453.4,
NSE,NIFTY,2025-07-03,08:25:00,25453.4,25453.4,25453.4,25453.4,
NSE,NIFTY,2025-07-03,08:30:00,25453.4,25453.4,25453.4,25453.4,
NSE,NIFTY,2025-07-03,08:35:00,25453.4,25453.4,25453.4,25453.4,
NSE,NIFTY,2025-07-03,08:40:00,25453.4,25453.4,25453.4,25453.4,
NSE,NIFTY,2025-07-03,08:45:00,25453.4,25453.4,25453.4,25453.4,
NSE,NIFTY,2025-07-03,08:50:00,25453.4,25453.4,25453.4,25453.4,
NSE,NIFTY,2025-07-03,08:55:00,25453.4,25453.4,25453.4,25453.4,
NSE,NIFTY,2025-07-03,09:00:00,25453.4,25682.9,25453.4,25590,
NSE,NIFTY,2025-07-03,09:05:00,25586.75,25587.65,25376.5,25517.35,
NSE,NIFTY,2025-07-03,09:10:00,25518.05,25542.85,25504.7,25505.1,
NSE,NIFTY,2025-07-03,09:15:00,25505.1,25518.25,25493.5,25503.2,
NSE,NIFTY,2025-07-03,09:20:00,25504.35,25535.15,25485.45,25531.15,
NSE,NIFTY,2025-07-03,09:25:00,25530.7,25536.7,25459.85,25472.9,
NSE,NIFTY,2025-07-03,09:30:00,25472.65,25477.2,25429.9,25447.9,
NSE,NIFTY,2025-07-03,09:35:00,25444.4,25469.4,25436.25,25462.75,
NSE,NIFTY,2025-07-03,09:40:00,25461.8,25496.15,25453.85,25462.6,
NSE,NIFTY,2025-07-03,09:45:00,25462.3,25508.95,25462,25506.5,
NSE,NIFTY,2025-07-03,09:50:00,25506.6,25523.95,25495.2,25520.7,
NSE,NIFTY,2025-07-03,09:55:00,25521.8,25537.85,25502.35,25530.45,
NSE,NIFTY,2025-07-03,10:00:00,25530.55,25551.85,25528.9,25548.95,
NSE,NIFTY,2025-07-03,10:05:00,25548.6,25559.55,25533.4,25539.4,
NSE,NIFTY,2025-07-03,10:10:00,25540.6,25551.6,25529.6,25545.35,
NSE,NIFTY,2025-07-03,10:15:00,25547.05,25557.8,25533.95,25541.4,
NSE,NIFTY,2025-07-03,10:20:00,25541.45,25553.1,25534.1,25544.4,
NSE,NIFTY,2025-07-03,10:25:00,25543.8,25559.8,25532.15,25559.8,
NSE,NIFTY,2025-07-03,10:30:00,25559.55,25567.35,25551.6,25555.25,
NSE,NIFTY,2025-07-03,10:35:00,25555.85,25564.5,25553.75,25555.45,
NSE,NIFTY,2025-07-03,10:40:00,25555.15,25562.25,25547.95,25551.5,
NSE,NIFTY,2025-07-03,10:45:00,25551.85,25554.5,25544.7,25546.15,
NSE,NIFTY,2025-07-03,10:50:00,25545.45,25552.2,25537.55,25552.1,
NSE,NIFTY,2025-07-03,10:55:00,25552.15,25552.6,25531.2,25537.15,
NSE,NIFTY,2025-07-03,11:00:00,25535.45,25547.9,25526.45,25547.15,
NSE,NIFTY,2025-07-03,11:05:00,25546.7,25549.65,25541.2,25546.25,
NSE,NIFTY,2025-07-03,11:10:00,25545.35,25567.1,25543.55,25556,
NSE,NIFTY,2025-07-03,11:15:00,25555.45,25563.7,25549.6,25560.45,
NSE,NIFTY,2025-07-03,11:20:00,25559.2,25565.65,25549.3,25555.1,
NSE,NIFTY,2025-07-03,11:25:00,25554,25572.2,25551.75,25570.5,
NSE,NIFTY,2025-07-03,11:30:00,25570.7,25576.3,25538.35,25543.7,
NSE,NIFTY,2025-07-03,11:35:00,25544.35,25550.5,25538.95,25545.5,
NSE,NIFTY,2025-07-03,11:40:00,25544.75,25552.45,25535.4,25549.2,
NSE,NIFTY,2025-07-03,11:45:00,25548.9,25549.9,25504.1,25514.65,
NSE,NIFTY,2025-07-03,11:50:00,25514,25514.55,25484.85,25502.55,
NSE,NIFTY,2025-07-03,11:55:00,25502.6,25516.65,25501.3,25514.35,
NSE,NIFTY,2025-07-03,12:00:00,25512.95,25521.4,25507.25,25515.3,
NSE,NIFTY,2025-07-03,12:05:00,25514.15,25517.8,25501.05,25508.65,
NSE,NIFTY,2025-07-03,12:10:00,25508.75,25510,25502.45,25505.55,
NSE,NIFTY,2025-07-03,12:15:00,25505.25,25508.6,25499.85,25501.5,
NSE,NIFTY,2025-07-03,12:20:00,25500.9,25501.05,25486.45,25496.4,
NSE,NIFTY,2025-07-03,12:25:00,25495.2,25505.95,25490.5,25501.3,
NSE,NIFTY,2025-07-03,12:30:00,25499.65,25515.45,25498.45,25510.2,
NSE,NIFTY,2025-07-03,12:35:00,25509.95,25514.6,25505.75,25510.2,
NSE,NIFTY,2025-07-03,12:40:00,25509.8,25514,25505.05,25513.6,
NSE,NIFTY,2025-07-03,12:45:00,25513,25538.55,25511.4,25517.15,
NSE,NIFTY,2025-07-03,12:50:00,25516.85,25526.9,25512.75,25520.5,
NSE,NIFTY,2025-07-03,12:55:00,25519.9,25521.9,25512.1,25518.6,
NSE,NIFTY,2025-07-03,13:00:00,25517.7,25519.3,25510.05,25512.6,
NSE,NIFTY,2025-07-03,13:05:00,25511.6,25511.6,25496.6,25503,
NSE,NIFTY,2025-07-03,13:10:00,25502.4,25506.8,25496.9,25504.9,
NSE,NIFTY,2025-07-03,13:15:00,25503.45,25509.3,25500.2,25509.15,
NSE,NIFTY,2025-07-03,13:20:00,25507.45,25509.95,25479.75,25501.15,
NSE,NIFTY,2025-07-03,13:25:00,25500.05,25505.65,25497.2,25504.2,
NSE,NIFTY,2025-07-03,13:30:00,25502.5,25504.95,25497.2,25504.45,
NSE,NIFTY,2025-07-03,13:35:00,25503.25,25525.1,25495.6,25521.7,
NSE,NIFTY,2025-07-03,13:40:00,25521.8,25586.95,25521.8,25581.25,
NSE,NIFTY,2025-07-03,13:45:00,25580.85,25587.15,25559.1,25568.9,
NSE,NIFTY,2025-07-03,13:50:00,25567,25570.2,25493.95,25499.9,
NSE,NIFTY,2025-07-03,13:55:00,25500.3,25511.95,25500.25,25511.1,
NSE,NIFTY,2025-07-03,14:00:00,25509.75,25513.35,25480,25499.1,
NSE,NIFTY,2025-07-03,14:05:00,25498.9,25509.15,25497.75,25506,
NSE,NIFTY,2025-07-03,14:10:00,25504.5,25506.6,25493.6,25505.25,
NSE,NIFTY,2025-07-03,14:15:00,25501.35,25505.6,25490.05,25495.15,
NSE,NIFTY,2025-07-03,14:20:00,25494.1,25495.15,25481.25,25484.25,
NSE,NIFTY,2025-07-03,14:25:00,25483.8,25485.35,25465.7,25468.85,
NSE,NIFTY,2025-07-03,14:30:00,25468.25,25472.55,25438.15,25446.7,
NSE,NIFTY,2025-07-03,14:35:00,25446.35,25447.6,25408.95,25415.8,
NSE,NIFTY,2025-07-03,14:40:00,25415.6,25421.95,25384.65,25409.45,
NSE,NIFTY,2025-07-03,14:45:00,25407.6,25415.9,25398.65,25411.95,
NSE,NIFTY,2025-07-03,14:50:00,25410.85,25448.6,25395.95,25402,
NSE,NIFTY,2025-07-03,14:55:00,25401.15,25418.9,25393.3,25415.65,
NSE,NIFTY,2025-07-03,15:00:00,25416.2,25420.95,25401.45,25414.95,
NSE,NIFTY,2025-07-03,15:05:00,25414.15,25420,25397.7,25401.9,
NSE,NIFTY,2025-07-03,15:10:00,25401.35,25421.8,25398.4,25419.9,
NSE,NIFTY,2025-07-03,15:15:00,25419.1,25424.35,25395.95,25398.85,
NSE,NIFTY,2025-07-03,15:20:00,25398.2,25418.45,25397.6,25402.95,
NSE,NIFTY,2025-07-03,15:25:00,25403.15,25404.1,25392.55,25395.9,
NSE,NIFTY,2025-07-03,15:30:00,25395.3,25402.8,25388.65,25397.3,
NSE,NIFTY,2025-07-03,15:35:00,25397.3,25405.3,25397.3,25405.3,
NSE,NIFTY,2025-07-03,15:40:00,25405.3,25405.3,25405.3,25405.3,
NSE,NIFTY,2025-07-03,15:45:00,25405.3,25405.3,25405.3,25405.3,
NSE,NIFTY,2025-07-03,15:50:00,25405.3,25405.3,25405.3,25405.3,
NSE,NIFTY,2025-07-03,15:55:00,25405.3,25405.3,25405.3,25405.3,
NSE,NIFTY,2025-07-03,16:00:00,25405.3,25405.3,25405.3,25405.3,
NSE,NIFTY,2025-07-04,07:30:00,25405.3,25405.3,25405.3,25405.3,
NSE,NIFTY,2025-07-04,07:35:00,25405.3,25405.3,25405.3,25405.3,
NSE,NIFTY,2025-07-04,07:40:00,25405.3,25405.3,25405.3,25405.3,
NSE,NIFTY,2025-07-04,07:45:00,25405.3,25405.3,25405.3,25405.3,
NSE,NIFTY,2025-07-04,07:50:00,25405.3,25405.3,25405.3,25405.3,
NSE,NIFTY,2025-07-04,07:55:00,25405.3,25405.3,25405.3,25405.3,
NSE,NIFTY,2025-07-04,08:00:00,25405.3,25405.3,25405.3,25405.3,
NSE,NIFTY,2025-07-04,08:05:00,25405.3,25405.3,25405.3,25405.3,
NSE,NIFTY,2025-07-04,08:10:00,25405.3,25405.3,25405.3,25405.3,
NSE,NIFTY,2025-07-04,08:15:00,25405.3,25405.3,25405.3,25405.3,
NSE,NIFTY,2025-07-04,08:20:00,25405.3,25405.3,25405.3,25405.3,
NSE,NIFTY,2025-07-04,08:25:00,25405.3,25405.3,25405.3,25405.3,
NSE,NIFTY,2025-07-04,08:30:00,25405.3,25405.3,25405.3,25405.3,
NSE,NIFTY,2025-07-04,08:35:00,25405.3,25405.3,25405.3,25405.3,
NSE,NIFTY,2025-07-04,08:40:00,25405.3,25405.3,25405.3,25405.3,
NSE,NIFTY,2025-07-04,08:45:00,25405.3,25405.3,25405.3,25405.3,
NSE,NIFTY,2025-07-04,08:50:00,25405.3,25405.3,25405.3,25405.3,
NSE,NIFTY,2025-07-04,08:55:00,25405.3,25405.3,25405.3,25405.3,
NSE,NIFTY,2025-07-04,09:00:00,25405.3,25564.55,25207.3,25271.8,
NSE,NIFTY,2025-07-04,09:05:00,25271.1,25459.2,25271.1,25459.2,
NSE,NIFTY,2025-07-04,09:10:00,25458,25458.2,25426.35,25428.85,
NSE,NIFTY,2025-07-04,09:15:00,25428.85,25458.65,25412.2,25433.9,
NSE,NIFTY,2025-07-04,09:20:00,25430.2,25445.7,25406.4,25414.6,
NSE,NIFTY,2025-07-04,09:25:00,25415.3,25428.35,25393.95,25423.55,
NSE,NIFTY,2025-07-04,09:30:00,25423.25,25442.95,25421.8,25427.75,
NSE,NIFTY,2025-07-04,09:35:00,25427.45,25427.85,25397.1,25398.6,
NSE,NIFTY,2025-07-04,09:40:00,25399.1,25401.25,25370.55,25371.35,
NSE,NIFTY,2025-07-04,09:45:00,25371.45,25396.5,25371.2,25393.05,
NSE,NIFTY,2025-07-04,09:50:00,25393.3,25403.25,25390.5,25391.65,
NSE,NIFTY,2025-07-04,09:55:00,25391.45,25411.25,25387.3,25407.55,
NSE,NIFTY,2025-07-04,10:00:00,25407.9,25421.05,25394.9,25421.05,
NSE,NIFTY,2025-07-04,10:05:00,25420.05,25423.55,25403.35,25405.3,
NSE,NIFTY,2025-07-04,10:10:00,25405.6,25415.2,25397.75,25411.7,
NSE,NIFTY,2025-07-04,10:15:00,25411.65,25414.75,25400.3,25408.15,
NSE,NIFTY,2025-07-04,10:20:00,25408.55,25417.45,25395.75,25403.35,
NSE,NIFTY,2025-07-04,10:25:00,25403.5,25420.15,25402.85,25419.25,
NSE,NIFTY,2025-07-04,10:30:00,25420.3,25420.55,25407,25409.4,
NSE,NIFTY,2025-07-04,10:35:00,25409.3,25413.85,25401.1,25407.1,
NSE,NIFTY,2025-07-04,10:40:00,25407.25,25415.25,25404.15,25414.5,
NSE,NIFTY,2025-07-04,10:45:00,25413.6,25418.4,25409.65,25418,
NSE,NIFTY,2025-07-04,10:50:00,25418.25,25421.4,25406.7,25414.15,
NSE,NIFTY,2025-07-04,10:55:00,25415.55,25423.85,25410.05,25422.25,
NSE,NIFTY,2025-07-04,11:00:00,25422.75,25424.35,25415.7,25421.6,
NSE,NIFTY,2025-07-04,11:05:00,25421.3,25426.85,25417.65,25424.65,
NSE,NIFTY,2025-07-04,11:10:00,25424.5,25424.8,25412,25412.9,
NSE,NIFTY,2025-07-04,11:15:00,25412.5,25424.4,25410.25,25422.25,
NSE,NIFTY,2025-07-04,11:20:00,25422.95,25424.95,25413.1,25413.9,
NSE,NIFTY,2025-07-04,11:25:00,25413.7,25415.85,25389.25,25396.45,
NSE,NIFTY,2025-07-04,11:30:00,25396.2,25404.95,25394.65,25404.25,
NSE,NIFTY,2025-07-04,11:35:00,25404.8,25405.05,25395,25395,
NSE,NIFTY,2025-07-04,11:40:00,25395.15,25396.25,25374.8,25377.75,
NSE,NIFTY,2025-07-04,11:45:00,25378.35,25378.35,25347.7,25349.5,
NSE,NIFTY,2025-07-04,11:50:00,25349.9,25353.5,25333.95,25346.2,
NSE,NIFTY,2025-07-04,11:55:00,25347.45,25355.65,25336.35,25339.45,
NSE,NIFTY,2025-07-04,12:00:00,25338.55,25348.1,25334.9,25340.35,
NSE,NIFTY,2025-07-04,12:05:00,25341.15,25353.6,25333.6,25346.5,
NSE,NIFTY,2025-07-04,12:10:00,25346.2,25355.6,25335.3,25353.75,
NSE,NIFTY,2025-07-04,12:15:00,25352.7,25359.45,25347.7,25351.6,
NSE,NIFTY,2025-07-04,12:20:00,25351.75,25360.6,25347.5,25353.5,
NSE,NIFTY,2025-07-04,12:25:00,25351.85,25359.5,25350,25351.45,
NSE,NIFTY,2025-07-04,12:30:00,25349.8,25353.1,25345.45,25350.95,
NSE,NIFTY,2025-07-04,12:35:00,25352,25367.15,25350.95,25358.75,
NSE,NIFTY,2025-07-04,12:40:00,25358.45,25363.6,25352.9,25359.15,
NSE,NIFTY,2025-07-04,12:45:00,25359.55,25365.2,25358.15,25359.8,
NSE,NIFTY,2025-07-04,12:50:00,25361.25,25368,25356.3,25358,
NSE,NIFTY,2025-07-04,12:55:00,25359.5,25361.35,25352.45,25355.45,
NSE,NIFTY,2025-07-04,13:00:00,25356.1,25362.6,25353.4,25358.35,
NSE,NIFTY,2025-07-04,13:05:00,25357.5,25363.9,25354.25,25360.95,
NSE,NIFTY,2025-07-04,13:10:00,25360.8,25370.25,25360.3,25362,
NSE,NIFTY,2025-07-04,13:15:00,25362.75,25374.95,25358.7,25370.9,
NSE,NIFTY,2025-07-04,13:20:00,25371.35,25372.9,25358.45,25358.95,
NSE,NIFTY,2025-07-04,13:25:00,25359.85,25369.4,25358.5,25367.25,
NSE,NIFTY,2025-07-04,13:30:00,25367.35,25372.25,25362.6,25364.15,
NSE,NIFTY,2025-07-04,13:35:00,25364.4,25376.9,25363.65,25374.05,
NSE,NIFTY,2025-07-04,13:40:00,25373.7,25381.1,25370.8,25372.4,
NSE,NIFTY,2025-07-04,13:45:00,25372.8,25378.3,25369.9,25375.05,
NSE,NIFTY,2025-07-04,13:50:00,25375.05,25377.3,25365.8,25373.85,
NSE,NIFTY,2025-07-04,13:55:00,25374.5,25380.75,25371.1,25372.1,
NSE,NIFTY,2025-07-04,14:00:00,25373.15,25388.7,25366.1,25386.05,
NSE,NIFTY,2025-07-04,14:05:00,25386.45,25388.35,25366.2,25375.85,
NSE,NIFTY,2025-07-04,14:10:00,25376.65,25385.4,25375.5,25383.1,
NSE,NIFTY,2025-07-04,14:15:00,25382.75,25388.4,25379.35,25382.95,
NSE,NIFTY,2025-07-04,14:20:00,25382.4,25385.85,25376.85,25382.15,
NSE,NIFTY,2025-07-04,14:25:00,25381.95,25388.15,25373.5,25384.45,
NSE,NIFTY,2025-07-04,14:30:00,25384.75,25391.8,25383.4,25387.6,
NSE,NIFTY,2025-07-04,14:35:00,25386.85,25413.35,25385.75,25412.75,
NSE,NIFTY,2025-07-04,14:40:00,25412.55,25454.05,25412,25450.1,
NSE,NIFTY,2025-07-04,14:45:00,25450.7,25460.15,25438,25457,
NSE,NIFTY,2025-07-04,14:50:00,25456.8,25462.95,25443.15,25447.85,
NSE,NIFTY,2025-07-04,14:55:00,25448.25,25450.9,25438.85,25444.45,
NSE,NIFTY,2025-07-04,15:00:00,25445.85,25457.95,25442.75,25456.4,
NSE,NIFTY,2025-07-04,15:05:00,25457.95,25462.1,25452.4,25461.55,
NSE,NIFTY,2025-07-04,15:10:00,25461.55,25464.65,25454.35,25462.05,
NSE,NIFTY,2025-07-04,15:15:00,25463.05,25466.4,25458.55,25462.7,
NSE,NIFTY,2025-07-04,15:20:00,25462.8,25464.2,25449.3,25455.3,
NSE,NIFTY,2025-07-04,15:25:00,25457.85,25465.1,25453.85,25461.05,
NSE,NIFTY,2025-07-04,15:30:00,25462.3,25469.75,25459.15,25467.1,
NSE,NIFTY,2025-07-04,15:35:00,25467.1,25467.1,25461,25461,
NSE,NIFTY,2025-07-04,15:40:00,25461,25461,25461,25461,
NSE,NIFTY,2025-07-04,15:45:00,25461,25461,25461,25461,
NSE,NIFTY,2025-07-04,15:50:00,25461,25461,25461,25461,
NSE,NIFTY,2025-07-04,15:55:00,25461,25461,25461,25461,
NSE,NIFTY,2025-07-04,16:00:00,25461,25461,25461,25461,
NSE,NIFTY,2025-07-07,07:30:00,25461,25461,25461,25461,
NSE,NIFTY,2025-07-07,07:35:00,25461,25461,25461,25461,
NSE,NIFTY,2025-07-07,07:40:00,25461,25461,25461,25461,
NSE,NIFTY,2025-07-07,07:45:00,25461,25461,25461,25461,
NSE,NIFTY,2025-07-07,07:50:00,25461,25461,25461,25461,
NSE,NIFTY,2025-07-07,07:55:00,25461,25461,25461,25461,
NSE,NIFTY,2025-07-07,08:00:00,25461,25461,25461,25461,
NSE,NIFTY,2025-07-07,08:05:00,25461,25461,25461,25461,
NSE,NIFTY,2025-07-07,08:10:00,25461,25461,25461,25461,
NSE,NIFTY,2025-07-07,08:15:00,25461,25461,25461,25461,
NSE,NIFTY,2025-07-07,08:20:00,25461,25461,25461,25461,
NSE,NIFTY,2025-07-07,08:25:00,25461,25461,25461,25461,
NSE,NIFTY,2025-07-07,08:30:00,25461,25461,25461,25461,
NSE,NIFTY,2025-07-07,08:35:00,25461,25461,25461,25461,
NSE,NIFTY,2025-07-07,08:40:00,25461,25461,25461,25461,
NSE,NIFTY,2025-07-07,08:45:00,25461,25461,25461,25461,
NSE,NIFTY,2025-07-07,08:50:00,25461,25461,25461,25461,
NSE,NIFTY,2025-07-07,08:55:00,25461,25461,25461,25461,
NSE,NIFTY,2025-07-07,09:00:00,25461,25461,24954.85,25137.2,
NSE,NIFTY,2025-07-07,09:05:00,25138.75,25546.25,25138.75,25464.4,
NSE,NIFTY,2025-07-07,09:10:00,25464,25481,25436.05,25450.45,
NSE,NIFTY,2025-07-07,09:15:00,25450.45,25460.95,25416.8,25440.15,
NSE,NIFTY,2025-07-07,09:20:00,25438.55,25454.25,25408.2,25453.85,
NSE,NIFTY,2025-07-07,09:25:00,25454.15,25478.1,25444.35,25448.15,
NSE,NIFTY,2025-07-07,09:30:00,25447.05,25452.75,25433.7,25447.6,
NSE,NIFTY,2025-07-07,09:35:00,25447.8,25482.75,25443.05,25481,
NSE,NIFTY,2025-07-07,09:40:00,25481.55,25489.65,25470.45,25475.7,
NSE,NIFTY,2025-07-07,09:45:00,25474.2,25474.75,25446.7,25448.95,
NSE,NIFTY,2025-07-07,09:50:00,25448.15,25452.95,25440.95,25443.05,
NSE,NIFTY,2025-07-07,09:55:00,25442.7,25471.7,25438.9,25471.5,
NSE,NIFTY,2025-07-07,10:00:00,25470.25,25473.3,25459,25465.5,
NSE,NIFTY,2025-07-07,10:05:00,25466.2,25469.3,25453.05,25454.25,
NSE,NIFTY,2025-07-07,10:10:00,25453.9,25455,25417.05,25419.9,
NSE,NIFTY,2025-07-07,10:15:00,25421.3,25439.55,25421.3,25436.5,
NSE,NIFTY,2025-07-07,10:20:00,25436.4,25446.25,25427.45,25433.25,
NSE,NIFTY,2025-07-07,10:25:00,25432,25443.1,25431.05,25440.9,
NSE,NIFTY,2025-07-07,10:30:00,25440.9,25444.65,25432.7,25435.8,
NSE,NIFTY,2025-07-07,10:35:00,25435.65,25452.7,25435.4,25440.2,
NSE,NIFTY,2025-07-07,10:40:00,25439.05,25445.25,25434.8,25440.45,
NSE,NIFTY,2025-07-07,10:45:00,25441.7,25455.4,25438.55,25449.95,
NSE,NIFTY,2025-07-07,10:50:00,25450.45,25459.4,25447.55,25449.7,
NSE,NIFTY,2025-07-07,10:55:00,25449.55,25468.45,25448.85,25462.1,
NSE,NIFTY,2025-07-07,11:00:00,25461.8,25478,25456.15,25472.95,
NSE,NIFTY,2025-07-07,11:05:00,25472.55,25478.75,25465.8,25469.65,
NSE,NIFTY,2025-07-07,11:10:00,25468.7,25474.35,25467.7,25472.2,
NSE,NIFTY,2025-07-07,11:15:00,25473.25,25473.6,25450.05,25457.15,
NSE,NIFTY,2025-07-07,11:20:00,25457.8,25461.65,25453.6,25454.8,
NSE,NIFTY,2025-07-07,11:25:00,25455.45,25457.5,25447.15,25453.4,
NSE,NIFTY,2025-07-07,11:30:00,25453,25455.55,25447.8,25454.85,
NSE,NIFTY,2025-07-07,11:35:00,25453.15,25454.8,25446.8,25451.5,
NSE,NIFTY,2025-07-07,11:40:00,25451.4,25454.95,25447.3,25450.75,
NSE,NIFTY,2025-07-07,11:45:00,25450.2,25456.25,25449.25,25451.3,
NSE,NIFTY,2025-07-07,11:50:00,25451.6,25453,25433.95,25439.3,
NSE,NIFTY,2025-07-07,11:55:00,25440.4,25445.4,25435.95,25438.3,
NSE,NIFTY,2025-07-07,12:00:00,25437.55,25442.2,25434.4,25442.05,
NSE,NIFTY,2025-07-07,12:05:00,25441.05,25443.8,25428.1,25431.95,
NSE,NIFTY,2025-07-07,12:10:00,25432.6,25436.8,25425.2,25426,
NSE,NIFTY,2025-07-07,12:15:00,25426.65,25433.25,25423.15,25425.55,
NSE,NIFTY,2025-07-07,12:20:00,25424.9,25433.15,25421.25,25431.6,
NSE,NIFTY,2025-07-07,12:25:00,25432.55,25452.1,25431.7,25451.25,
NSE,NIFTY,2025-07-07,12:30:00,25450.65,25452.85,25445.3,25450.85,
NSE,NIFTY,2025-07-07,12:35:00,25449.6,25453.25,25444.5,25447.05,
NSE,NIFTY,2025-07-07,12:40:00,25446.8,25447.45,25441.85,25443.25,
NSE,NIFTY,2025-07-07,12:45:00,25443,25450.5,25441.95,25448.5,
NSE,NIFTY,2025-07-07,12:50:00,25448.35,25448.8,25435.4,25440.75,
NSE,NIFTY,2025-07-07,12:55:00,25439.65,25447.25,25437.3,25445.5,
NSE,NIFTY,2025-07-07,13:00:00,25445.15,25446.65,25417.15,25419.1,
NSE,NIFTY,2025-07-07,13:05:00,25418.75,25435.5,25418.25,25431.9,
NSE,NIFTY,2025-07-07,13:10:00,25431.85,25444.65,25430.2,25442.9,
NSE,NIFTY,2025-07-07,13:15:00,25442.9,25455.35,25439.25,25447.95,
NSE,NIFTY,2025-07-07,13:20:00,25447.1,25460.4,25446.55,25457.55,
NSE,NIFTY,2025-07-07,13:25:00,25456.75,25459.3,25453.3,25457.15,
NSE,NIFTY,2025-07-07,13:30:00,25455.7,25458.1,25444.25,25447.25,
NSE,NIFTY,2025-07-07,13:35:00,25446.7,25453.1,25444.05,25450.75,
NSE,NIFTY,2025-07-07,13:40:00,25449.25,25454.15,25447.5,25452.75,
NSE,NIFTY,2025-07-07,13:45:00,25452.85,25455.7,25444.35,25454.6,
NSE,NIFTY,2025-07-07,13:50:00,25453.5,25458.1,25451.75,25456.2,
NSE,NIFTY,2025-07-07,13:55:00,25455.8,25458.35,25438.7,25449.4,
NSE,NIFTY,2025-07-07,14:00:00,25449.75,25455.95,25447.55,25449.55,
NSE,NIFTY,2025-07-07,14:05:00,25449.6,25467.8,25446.8,25466.2,
NSE,NIFTY,2025-07-07,14:10:00,25465.4,25467.35,25453.05,25455.45,
NSE,NIFTY,2025-07-07,14:15:00,25456,25461.3,25450.45,25452.15,
NSE,NIFTY,2025-07-07,14:20:00,25452.4,25458.6,25449.45,25457,
NSE,NIFTY,2025-07-07,14:25:00,25456.4,25465.25,25455.15,25458.4,
NSE,NIFTY,2025-07-07,14:30:00,25458.95,25463.35,25451.85,25454.8,
NSE,NIFTY,2025-07-07,14:35:00,25455.45,25455.45,25415.85,25434.3,
NSE,NIFTY,2025-07-07,14:40:00,25435.9,25440.85,25424.65,25428.35,
NSE,NIFTY,2025-07-07,14:45:00,25429.3,25433.7,25421.3,25425.6,
NSE,NIFTY,2025-07-07,14:50:00,25425.65,25429.55,25419.55,25425.55,
NSE,NIFTY,2025-07-07,14:55:00,25425,25430.55,25421.55,25424.35,
NSE,NIFTY,2025-07-07,15:00:00,25424.25,25456.15,25422.6,25455.55,
NSE,NIFTY,2025-07-07,15:05:00,25455.45,25464.25,25454,25458.7,
NSE,NIFTY,2025-07-07,15:10:00,25459.25,25466.6,25452.4,25460.85,
NSE,NIFTY,2025-07-07,15:15:00,25461.2,25463.8,25456.15,25459.75,
NSE,NIFTY,2025-07-07,15:20:00,25460.1,25461.75,25455.6,25458.4,
NSE,NIFTY,2025-07-07,15:25:00,25458.65,25467.2,25458.3,25463.55,
NSE,NIFTY,2025-07-07,15:30:00,25464.35,25473.2,25453.35,25454.35,
NSE,NIFTY,2025-07-07,15:35:00,25454.35,25461.3,25454.35,25461.3,
NSE,NIFTY,2025-07-07,15:40:00,25461.3,25461.3,25461.3,25461.3,
NSE,NIFTY,2025-07-07,15:45:00,25461.3,25461.3,25461.3,25461.3,
NSE,NIFTY,2025-07-07,15:50:00,25461.3,25461.3,25461.3,25461.3,
NSE,NIFTY,2025-07-07,15:55:00,25461.3,25461.3,25461.3,25461.3,
NSE,NIFTY,2025-07-07,16:00:00,25461.3,25461.3,25461.3,25461.3,
NSE,NIFTY,2025-07-08,07:30:00,25461.3,25461.3,25461.3,25461.3,
NSE,NIFTY,2025-07-08,07:35:00,25461.3,25461.3,25461.3,25461.3,
NSE,NIFTY,2025-07-08,07:40:00,25461.3,25461.3,25461.3,25461.3,
NSE,NIFTY,2025-07-08,07:45:00,25461.3,25461.3,25461.3,25461.3,
NSE,NIFTY,2025-07-08,07:50:00,25461.3,25461.3,25461.3,25461.3,
NSE,NIFTY,2025-07-08,07:55:00,25461.3,25461.3,25461.3,25461.3,
NSE,NIFTY,2025-07-08,08:00:00,25461.3,25461.3,25461.3,25461.3,
NSE,NIFTY,2025-07-08,08:05:00,25461.3,25461.3,25461.3,25461.3,
NSE,NIFTY,2025-07-08,08:10:00,25461.3,25461.3,25461.3,25461.3,
NSE,NIFTY,2025-07-08,08:15:00,25461.3,25461.3,25461.3,25461.3,
NSE,NIFTY,2025-07-08,08:20:00,25461.3,25461.3,25461.3,25461.3,
NSE,NIFTY,2025-07-08,08:25:00,25461.3,25461.3,25461.3,25461.3,
NSE,NIFTY,2025-07-08,08:30:00,25461.3,25461.3,25461.3,25461.3,
NSE,NIFTY,2025-07-08,08:35:00,25461.3,25461.3,25461.3,25461.3,
NSE,NIFTY,2025-07-08,08:40:00,25461.3,25461.3,25461.3,25461.3,
NSE,NIFTY,2025-07-08,08:45:00,25461.3,25461.3,25461.3,25461.3,
NSE,NIFTY,2025-07-08,08:50:00,25461.3,25461.3,25461.3,25461.3,
NSE,NIFTY,2025-07-08,08:55:00,25461.3,25461.3,25461.3,25461.3,
NSE,NIFTY,2025-07-08,09:00:00,25461.3,25537.05,25402.95,25484.2,
NSE,NIFTY,2025-07-08,09:05:00,25479.05,25510.6,25232.05,25458.6,
NSE,NIFTY,2025-07-08,09:10:00,25458.6,25462.65,25420.85,25427.85,
NSE,NIFTY,2025-07-08,09:15:00,25427.85,25452.15,25427.85,25438.6,
NSE,NIFTY,2025-07-08,09:20:00,25437.55,25466.5,25432.9,25463.25,
NSE,NIFTY,2025-07-08,09:25:00,25465.7,25488,25461.8,25486.65,
NSE,NIFTY,2025-07-08,09:30:00,25486.3,25489.2,25471.45,25485.15,
NSE,NIFTY,2025-07-08,09:35:00,25486.65,25494.7,25458.35,25463.05,
NSE,NIFTY,2025-07-08,09:40:00,25463.25,25475.8,25458.5,25475,
NSE,NIFTY,2025-07-08,09:45:00,25475.3,25484.3,25467.05,25468.5,
NSE,NIFTY,2025-07-08,09:50:00,25468.35,25484.85,25467.65,25480.85,
NSE,NIFTY,2025-07-08,09:55:00,25481.7,25484.6,25466.1,25468,
NSE,NIFTY,2025-07-08,10:00:00,25468.65,25472.85,25448.55,25448.6,
NSE,NIFTY,2025-07-08,10:05:00,25447.6,25462.7,25446.05,25455.75,
NSE,NIFTY,2025-07-08,10:10:00,25454.8,25458.4,25446.35,25449.05,
NSE,NIFTY,2025-07-08,10:15:00,25448.2,25453.6,25442.95,25448.7,
NSE,NIFTY,2025-07-08,10:20:00,25448.25,25460.55,25441.75,25458.6,
NSE,NIFTY,2025-07-08,10:25:00,25459.3,25459.7,25445.6,25448.45,
NSE,NIFTY,2025-07-08,10:30:00,25449.1,25452.85,25445.9,25447.8,
NSE,NIFTY,2025-07-08,10:35:00,25446.65,25450.95,25439.8,25449.65,
NSE,NIFTY,2025-07-08,10:40:00,25450.3,25454.95,25448.85,25451.8,
NSE,NIFTY,2025-07-08,10:45:00,25452.1,25455.6,25444.6,25446.8,
NSE,NIFTY,2025-07-08,10:50:00,25445.9,25449.2,25432.3,25441.15,
NSE,NIFTY,2025-07-08,10:55:00,25440.45,25446.2,25438.55,25442.8,
NSE,NIFTY,2025-07-08,11:00:00,25443.65,25454.95,25441.6,25451.45,
NSE,NIFTY,2025-07-08,11:05:00,25451.05,25452.45,25435,25436.1,
NSE,NIFTY,2025-07-08,11:10:00,25436.55,25440.6,25431.05,25433.6,
NSE,NIFTY,2025-07-08,11:15:00,25433.6,25443.15,25433.2,25438.1,
NSE,NIFTY,2025-07-08,11:20:00,25438.15,25440.85,25434.1,25438.45,
NSE,NIFTY,2025-07-08,11:25:00,25438.05,25440.55,25432.3,25435.5,
NSE,NIFTY,2025-07-08,11:30:00,25435.55,25449.6,25434.25,25449.1,
NSE,NIFTY,2025-07-08,11:35:00,25448.8,25455.5,25445.65,25447.35,
NSE,NIFTY,2025-07-08,11:40:00,25446.75,25448.15,25439.7,25441.15,
NSE,NIFTY,2025-07-08,11:45:00,25441.9,25441.9,25434.75,25439.55,
NSE,NIFTY,2025-07-08,11:50:00,25439.3,25444.15,25433.7,25439.35,
NSE,NIFTY,2025-07-08,11:55:00,25438.6,25446.3,25434.15,25443.95,
NSE,NIFTY,2025-07-08,12:00:00,25443.6,25453.1,25443.15,25448.85,
NSE,NIFTY,2025-07-08,12:05:00,25448.3,25453.95,25445.4,25453.95,
NSE,NIFTY,2025-07-08,12:10:00,25453.4,25461.1,25450.45,25459,
NSE,NIFTY,2025-07-08,12:15:00,25458.6,25459.65,25449.85,25452.7,
NSE,NIFTY,2025-07-08,12:20:00,25452.05,25456.55,25450.05,25454.85,
NSE,NIFTY,2025-07-08,12:25:00,25454.25,25460.35,25449.4,25460.35,
NSE,NIFTY,2025-07-08,12:30:00,25458.9,25470.55,25458.1,25467.2,
NSE,NIFTY,2025-07-08,12:35:00,25467.1,25477,25466.2,25475.95,
NSE,NIFTY,2025-07-08,12:40:00,25475.8,25477.55,25469.75,25471.7,
NSE,NIFTY,2025-07-08,12:45:00,25471.15,25471.9,25441.6,25471.3,
NSE,NIFTY,2025-07-08,12:50:00,25471.65,25474.1,25464.9,25472.3,
NSE,NIFTY,2025-07-08,12:55:00,25471.05,25477.65,25469.3,25474.6,
NSE,NIFTY,2025-07-08,13:00:00,25474.25,25478.7,25467.45,25470,
NSE,NIFTY,2025-07-08,13:05:00,25470.55,25476.4,25466.35,25468.7,
NSE,NIFTY,2025-07-08,13:10:00,25467.75,25480.25,25466.9,25469.9,
NSE,NIFTY,2025-07-08,13:15:00,25470.3,25476.8,25468.5,25475.7,
NSE,NIFTY,2025-07-08,13:20:00,25475.85,25477.4,25471.4,25476.5,
NSE,NIFTY,2025-07-08,13:25:00,25476.25,25477.85,25467.5,25469.35,
NSE,NIFTY,2025-07-08,13:30:00,25468.85,25474.05,25464.5,25471.85,
NSE,NIFTY,2025-07-08,13:35:00,25471.3,25472.9,25447.15,25460.05,
NSE,NIFTY,2025-07-08,13:40:00,25459.35,25464.25,25457,25461.35,
NSE,NIFTY,2025-07-08,13:45:00,25462.25,25473.25,25459.8,25472.2,
NSE,NIFTY,2025-07-08,13:50:00,25473.15,25475.6,25470.15,25473.7,
NSE,NIFTY,2025-07-08,13:55:00,25473.8,25478.8,25471.85,25477.75,
NSE,NIFTY,2025-07-08,14:00:00,25477.45,25478,25471.1,25474.6,
NSE,NIFTY,2025-07-08,14:05:00,25473.9,25476.7,25469.7,25471.15,
NSE,NIFTY,2025-07-08,14:10:00,25471.2,25473.6,25466.15,25472.15,
NSE,NIFTY,2025-07-08,14:15:00,25473.4,25475,25448.85,25460.6,
NSE,NIFTY,2025-07-08,14:20:00,25460.5,25463.95,25456.85,25458.25,
NSE,NIFTY,2025-07-08,14:25:00,25456.5,25461.8,25455.65,25460.5,
NSE,NIFTY,2025-07-08,14:30:00,25460.25,25465.4,25457.05,25457.2,
NSE,NIFTY,2025-07-08,14:35:00,25458.45,25466.15,25456.6,25463.1,
NSE,NIFTY,2025-07-08,14:40:00,25464.05,25465.2,25447.45,25455.05,
NSE,NIFTY,2025-07-08,14:45:00,25455.8,25459.1,25452.25,25453.2,
NSE,NIFTY,2025-07-08,14:50:00,25453.8,25459.05,25450.75,25455.3,
NSE,NIFTY,2025-07-08,14:55:00,25457.6,25474,25451.95,25472.35,
NSE,NIFTY,2025-07-08,15:00:00,25473.1,25487.65,25467.2,25487.65,
NSE,NIFTY,2025-07-08,15:05:00,25487.6,25507.4,25486.65,25506.95,
NSE,NIFTY,2025-07-08,15:10:00,25507.25,25529.25,25506.9,25521.5,
NSE,NIFTY,2025-07-08,15:15:00,25521.65,25538.9,25515.35,25535.2,
NSE,NIFTY,2025-07-08,15:20:00,25535.4,25547.4,25517.3,25521.35,
NSE,NIFTY,2025-07-08,15:25:00,25520.5,25524.85,25517.95,25524.8,
NSE,NIFTY,2025-07-08,15:30:00,25524.7,25535.45,25519.6,25524.5,
NSE,NIFTY,2025-07-08,15:35:00,25524.5,25524.5,25522.05,25522.5,
NSE,NIFTY,2025-07-08,15:40:00,25522.5,25522.5,25522.5,25522.5,
NSE,NIFTY,2025-07-08,15:45:00,25522.5,25522.5,25522.5,25522.5,
NSE,NIFTY,2025-07-08,15:50:00,25522.5,25522.5,25522.5,25522.5,
NSE,NIFTY,2025-07-08,15:55:00,25522.5,25522.5,25522.5,25522.5,
NSE,NIFTY,2025-07-08,16:00:00,25522.5,25522.5,25522.5,25522.5,
NSE,NIFTY,2025-07-09,07:30:00,25522.5,25522.5,25522.5,25522.5,
NSE,NIFTY,2025-07-09,07:35:00,25522.5,25522.5,25522.5,25522.5,
NSE,NIFTY,2025-07-09,07:40:00,25522.5,25522.5,25522.5,25522.5,
NSE,NIFTY,2025-07-09,07:45:00,25522.5,25522.5,25522.5,25522.5,
NSE,NIFTY,2025-07-09,07:50:00,25522.5,25522.5,25522.5,25522.5,
NSE,NIFTY,2025-07-09,07:55:00,25522.5,25522.5,25522.5,25522.5,
NSE,NIFTY,2025-07-09,08:00:00,25522.5,25522.5,25522.5,25522.5,
NSE,NIFTY,2025-07-09,08:05:00,25522.5,25522.5,25522.5,25522.5,
NSE,NIFTY,2025-07-09,08:10:00,25522.5,25522.5,25522.5,25522.5,
NSE,NIFTY,2025-07-09,08:15:00,25522.5,25522.5,25522.5,25522.5,
NSE,NIFTY,2025-07-09,08:20:00,25522.5,25522.5,25522.5,25522.5,
NSE,NIFTY,2025-07-09,08:25:00,25522.5,25522.5,25522.5,25522.5,
NSE,NIFTY,2025-07-09,08:30:00,25522.5,25522.5,25522.5,25522.5,
NSE,NIFTY,2025-07-09,08:35:00,25522.5,25522.5,25522.5,25522.5,
NSE,NIFTY,2025-07-09,08:40:00,25522.5,25522.5,25522.5,25522.5,
NSE,NIFTY,2025-07-09,08:45:00,25522.5,25522.5,25522.5,25522.5,
NSE,NIFTY,2025-07-09,08:50:00,25522.5,25522.5,25522.5,25522.5,
NSE,NIFTY,2025-07-09,08:55:00,25522.5,25522.5,25522.5,25522.5,
NSE,NIFTY,2025-07-09,09:00:00,25522.5,25522.5,24994.1,25136.6,
NSE,NIFTY,2025-07-09,09:05:00,25139.05,25506.8,25128.25,25491.85,
NSE,NIFTY,2025-07-09,09:10:00,25491.85,25522.1,25482.15,25514.6,
NSE,NIFTY,2025-07-09,09:15:00,25514.6,25522.6,25497.3,25503.95,
NSE,NIFTY,2025-07-09,09:20:00,25507.1,25512.8,25478.7,25484.8,
NSE,NIFTY,2025-07-09,09:25:00,25485.25,25500.7,25484.55,25491.25,
NSE,NIFTY,2025-07-09,09:30:00,25491.75,25494.3,25476.85,25484.65,
NSE,NIFTY,2025-07-09,09:35:00,25484.35,25495.9,25472.05,25495.75,
NSE,NIFTY,2025-07-09,09:40:00,25495.05,25495.55,25487.6,25489.9,
NSE,NIFTY,2025-07-09,09:45:00,25490.1,25490.8,25477.65,25480.45,
NSE,NIFTY,2025-07-09,09:50:00,25478.85,25490.55,25478.55,25489.45,
NSE,NIFTY,2025-07-09,09:55:00,25489,25497,25486.5,25490.9,
NSE,NIFTY,2025-07-09,10:00:00,25491.7,25519.45,25491.6,25516.4,
NSE,NIFTY,2025-07-09,10:05:00,25515.9,25517.4,25504.25,25506.7,
NSE,NIFTY,2025-07-09,10:10:00,25506.9,25514,25503.6,25513.75,
NSE,NIFTY,2025-07-09,10:15:00,25512.95,25536.3,25512.95,25535.5,
NSE,NIFTY,2025-07-09,10:20:00,25535.45,25537.1,25522.45,25532.45,
NSE,NIFTY,2025-07-09,10:25:00,25532.65,25533.5,25527.05,25533.1,
NSE,NIFTY,2025-07-09,10:30:00,25532.6,25537.25,25516.15,25521.6,
NSE,NIFTY,2025-07-09,10:35:00,25521.1,25527.5,25517.9,25524.35,
NSE,NIFTY,2025-07-09,10:40:00,25524.4,25527,25521,25525.05,
NSE,NIFTY,2025-07-09,10:45:00,25525.9,25530.6,25521.6,25530.35,
NSE,NIFTY,2025-07-09,10:50:00,25530.05,25531.5,25516.5,25528.75,
NSE,NIFTY,2025-07-09,10:55:00,25529.4,25530.05,25523.75,25525.85,
NSE,NIFTY,2025-07-09,11:00:00,25525.95,25527.6,25521.95,25524.75,
NSE,NIFTY,2025-07-09,11:05:00,25524.8,25526.8,25515.75,25521.5,
NSE,NIFTY,2025-07-09,11:10:00,25520.3,25525.95,25519.7,25524.3,
NSE,NIFTY,2025-07-09,11:15:00,25524.35,25548.7,25522.55,25544.9,
NSE,NIFTY,2025-07-09,11:20:00,25545.35,25545.75,25536.8,25538.6,
NSE,NIFTY,2025-07-09,11:25:00,25539.6,25540.25,25533.15,25540.25,
NSE,NIFTY,2025-07-09,11:30:00,25539.7,25546.55,25537.45,25546.05,
NSE,NIFTY,2025-07-09,11:35:00,25545.95,25547.3,25538.5,25541.45,
NSE,NIFTY,2025-07-09,11:40:00,25541.45,25544.45,25534.4,25536.75,
NSE,NIFTY,2025-07-09,11:45:00,25535.75,25539.65,25528.45,25530.15,
NSE,NIFTY,2025-07-09,11:50:00,25530.35,25534.1,25527.2,25528.15,
NSE,NIFTY,2025-07-09,11:55:00,25527.9,25528.2,25503.25,25520.05,
NSE,NIFTY,2025-07-09,12:00:00,25520.5,25524.85,25518.3,25519.25,
NSE,NIFTY,2025-07-09,12:05:00,25519.15,25522.15,25515.65,25521.7,
NSE,NIFTY,2025-07-09,12:10:00,25520.4,25533.95,25517.5,25533.95,
NSE,NIFTY,2025-07-09,12:15:00,25532.65,25541.65,25530.5,25541.25,
NSE,NIFTY,2025-07-09,12:20:00,25541.25,25542.1,25534.8,25536.65,
NSE,NIFTY,2025-07-09,12:25:00,25536.65,25541.1,25530.7,25540.65,
NSE,NIFTY,2025-07-09,12:30:00,25540.65,25541.95,25537.05,25541.55,
NSE,NIFTY,2025-07-09,12:35:00,25541.1,25544.25,25534.65,25539.15,
NSE,NIFTY,2025-07-09,12:40:00,25538.2,25545.1,25536.7,25544.35,
NSE,NIFTY,2025-07-09,12:45:00,25543.9,25545.95,25530.2,25531.2,
NSE,NIFTY,2025-07-09,12:50:00,25531.6,25536.9,25523,25535.65,
NSE,NIFTY,2025-07-09,12:55:00,25535,25537.4,25531.6,25533,
NSE,NIFTY,2025-07-09,13:00:00,25533.65,25533.85,25528,25529.9,
NSE,NIFTY,2025-07-09,13:05:00,25529.05,25531.75,25490.5,25514.05,
NSE,NIFTY,2025-07-09,13:10:00,25513.8,25518.9,25510.85,25514.7,
NSE,NIFTY,2025-07-09,13:15:00,25513.85,25527.55,25512.3,25525.8,
NSE,NIFTY,2025-07-09,13:20:00,25526.1,25529.1,25521.8,25526.65,
NSE,NIFTY,2025-07-09,13:25:00,25525.45,25537.8,25522.85,25533.7,
NSE,NIFTY,2025-07-09,13:30:00,25533.45,25534.2,25526.85,25532.7,
NSE,NIFTY,2025-07-09,13:35:00,25532.65,25534.55,25527.95,25530.25,
NSE,NIFTY,2025-07-09,13:40:00,25530.6,25531.95,25523.5,25528.35,
NSE,NIFTY,2025-07-09,13:45:00,25528.3,25532.85,25525.1,25527.35,
NSE,NIFTY,2025-07-09,13:50:00,25526.8,25529.55,25520.85,25522.5,
NSE,NIFTY,2025-07-09,13:55:00,25522.05,25526.05,25516.85,25522.3,
NSE,NIFTY,2025-07-09,14:00:00,25522.8,25532.55,25521.8,25531.65,
NSE,NIFTY,2025-07-09,14:05:00,25531.35,25531.95,25524.35,25525.2,
NSE,NIFTY,2025-07-09,14:10:00,25525.4,25526.85,25517.6,25525.95,
NSE,NIFTY,2025-07-09,14:15:00,25526.05,25533.2,25522.3,25531.6,
NSE,NIFTY,2025-07-09,14:20:00,25532.55,25532.95,25510.85,25519.2,
NSE,NIFTY,2025-07-09,14:25:00,25519.6,25521.95,25498.85,25503.05,
NSE,NIFTY,2025-07-09,14:30:00,25504.05,25510.8,25480.8,25484.2,
NSE,NIFTY,2025-07-09,14:35:00,25484.95,25488.3,25456.35,25467.8,
NSE,NIFTY,2025-07-09,14:40:00,25469.7,25480.5,25464.3,25477.35,
NSE,NIFTY,2025-07-09,14:45:00,25477.35,25478.25,25463.4,25465.6,
NSE,NIFTY,2025-07-09,14:50:00,25466.35,25467.1,25454.4,25460.55,
NSE,NIFTY,2025-07-09,14:55:00,25462.2,25462.2,25424.8,25444.9,
NSE,NIFTY,2025-07-09,15:00:00,25444.65,25476,25443.85,25474.95,
NSE,NIFTY,2025-07-09,15:05:00,25474.55,25477.2,25469.35,25476.5,
NSE,NIFTY,2025-07-09,15:10:00,25477,25480.35,25473.9,25479.5,
NSE,NIFTY,2025-07-09,15:15:00,25479.5,25483.1,25477.9,25481.05,
NSE,NIFTY,2025-07-09,15:20:00,25481.55,25482.35,25469,25475.35,
NSE,NIFTY,2025-07-09,15:25:00,25474,25479.6,25472.05,25479.45,
NSE,NIFTY,2025-07-09,15:30:00,25479.35,25480.3,25464.35,25464.35,
NSE,NIFTY,2025-07-09,15:35:00,25464.35,25476.1,25464.35,25476.1,
NSE,NIFTY,2025-07-09,15:40:00,25476.1,25476.1,25476.1,25476.1,
NSE,NIFTY,2025-07-09,15:45:00,25476.1,25476.1,25476.1,25476.1,
NSE,NIFTY,2025-07-09,15:50:00,25476.1,25476.1,25476.1,25476.1,
NSE,NIFTY,2025-07-09,15:55:00,25476.1,25476.1,25476.1,25476.1,
NSE,NIFTY,2025-07-09,16:00:00,25476.1,25476.1,25476.1,25476.1,
NSE,NIFTY,2025-07-10,07:30:00,25476.1,25476.1,25476.1,25476.1,
NSE,NIFTY,2025-07-10,07:35:00,25476.1,25476.1,25476.1,25476.1,
NSE,NIFTY,2025-07-10,07:40:00,25476.1,25476.1,25476.1,25476.1,
NSE,NIFTY,2025-07-10,07:45:00,25476.1,25476.1,25476.1,25476.1,
NSE,NIFTY,2025-07-10,07:50:00,25476.1,25476.1,25476.1,25476.1,
NSE,NIFTY,2025-07-10,07:55:00,25476.1,25476.1,25476.1,25476.1,
NSE,NIFTY,2025-07-10,08:00:00,25476.1,25476.1,25476.1,25476.1,
NSE,NIFTY,2025-07-10,08:05:00,25476.1,25476.1,25476.1,25476.1,
NSE,NIFTY,2025-07-10,08:10:00,25476.1,25476.1,25476.1,25476.1,
NSE,NIFTY,2025-07-10,08:15:00,25476.1,25476.1,25476.1,25476.1,
NSE,NIFTY,2025-07-10,08:20:00,25476.1,25476.1,25476.1,25476.1,
NSE,NIFTY,2025-07-10,08:25:00,25476.1,25476.1,25476.1,25476.1,
NSE,NIFTY,2025-07-10,08:30:00,25476.1,25476.1,25476.1,25476.1,
NSE,NIFTY,2025-07-10,08:35:00,25476.1,25476.1,25476.1,25476.1,
NSE,NIFTY,2025-07-10,08:40:00,25476.1,25476.1,25476.1,25476.1,
NSE,NIFTY,2025-07-10,08:45:00,25476.1,25476.1,25476.1,25476.1,
NSE,NIFTY,2025-07-10,08:50:00,25476.1,25476.1,25476.1,25476.1,
NSE,NIFTY,2025-07-10,08:55:00,25476.1,25476.1,25476.1,25476.1,
NSE,NIFTY,2025-07-10,09:00:00,25476.1,25515.25,25080.65,25509.2,
NSE,NIFTY,2025-07-10,09:05:00,25512.45,25587.5,25488.7,25507.65,
NSE,NIFTY,2025-07-10,09:10:00,25506.7,25528.8,25502.1,25511.65,
NSE,NIFTY,2025-07-10,09:15:00,25511.65,25521.85,25486.5,25495.15,
NSE,NIFTY,2025-07-10,09:20:00,25492.75,25503.7,25458.85,25461.65,
NSE,NIFTY,2025-07-10,09:25:00,25462.3,25465.95,25447.45,25454.65,
NSE,NIFTY,2025-07-10,09:30:00,25456.05,25466.8,25448,25453,
NSE,NIFTY,2025-07-10,09:35:00,25452.6,25455.6,25433,25451.65,
NSE,NIFTY,2025-07-10,09:40:00,25453.35,25457.15,25431.45,25438.65,
NSE,NIFTY,2025-07-10,09:45:00,25438.85,25443.8,25434.15,25443.2,
NSE,NIFTY,2025-07-10,09:50:00,25443.15,25454.15,25441.15,25452.45,
NSE,NIFTY,2025-07-10,09:55:00,25452.5,25452.7,25413.7,25414.3,
NSE,NIFTY,2025-07-10,10:00:00,25414.45,25432.15,25410.5,25432.15,
NSE,NIFTY,2025-07-10,10:05:00,25432.15,25436.65,25419.65,25429.25,
NSE,NIFTY,2025-07-10,10:10:00,25428.5,25436.1,25417.5,25420.2,
NSE,NIFTY,2025-07-10,10:15:00,25419.35,25419.95,25402.9,25418.15,
NSE,NIFTY,2025-07-10,10:20:00,25417.8,25419.7,25400.6,25414.25,
NSE,NIFTY,2025-07-10,10:25:00,25415.45,25424.7,25411.1,25421.95,
NSE,NIFTY,2025-07-10,10:30:00,25421.05,25424.6,25414.7,25418.85,
NSE,NIFTY,2025-07-10,10:35:00,25418.7,25427.55,25418.15,25422.35,
NSE,NIFTY,2025-07-10,10:40:00,25422.5,25424.85,25417.75,25421.95,
NSE,NIFTY,2025-07-10,10:45:00,25421.15,25423,25409.7,25413.8,
NSE,NIFTY,2025-07-10,10:50:00,25415.45,25423.45,25397.1,25397.85,
NSE,NIFTY,2025-07-10,10:55:00,25397.1,25397.75,25382.8,25388.95,
NSE,NIFTY,2025-07-10,11:00:00,25388.5,25393,25381.5,25388.2,
NSE,NIFTY,2025-07-10,11:05:00,25388.55,25391.7,25375.8,25381.1,
NSE,NIFTY,2025-07-10,11:10:00,25380.85,25384.35,25377.45,25379.65,
NSE,NIFTY,2025-07-10,11:15:00,25380,25401.7,25380,25398.45,
NSE,NIFTY,2025-07-10,11:20:00,25398.2,25398.55,25385.2,25388.65,
NSE,NIFTY,2025-07-10,11:25:00,25387.5,25388.9,25363.8,25364.9,
NSE,NIFTY,2025-07-10,11:30:00,25365,25382.1,25364,25381.75,
NSE,NIFTY,2025-07-10,11:35:00,25381.6,25383.65,25370,25370.7,
NSE,NIFTY,2025-07-10,11:40:00,25371.05,25379.8,25370,25375.4,
NSE,NIFTY,2025-07-10,11:45:00,25374.85,25382.2,25371.95,25373.25,
NSE,NIFTY,2025-07-10,11:50:00,25374.45,25384.65,25372.5,25378.9,
NSE,NIFTY,2025-07-10,11:55:00,25379.05,25385.05,25374.2,25384.55,
NSE,NIFTY,2025-07-10,12:00:00,25384.55,25384.95,25360.5,25367.35,
NSE,NIFTY,2025-07-10,12:05:00,25366.15,25374.45,25363.6,25366.5,
NSE,NIFTY,2025-07-10,12:10:00,25366.35,25368.35,25357.4,25361.45,
NSE,NIFTY,2025-07-10,12:15:00,25360.7,25373.1,25358.25,25367.25,
NSE,NIFTY,2025-07-10,12:20:00,25367.25,25381.7,25365.65,25381.7,
NSE,NIFTY,2025-07-10,12:25:00,25381.25,25398.45,25379.1,25393.3,
NSE,NIFTY,2025-07-10,12:30:00,25393.25,25407.25,25387.9,25405.95,
NSE,NIFTY,2025-07-10,12:35:00,25406.75,25407.25,25392.75,25404.45,
NSE,NIFTY,2025-07-10,12:40:00,25404.8,25410.75,25400.95,25404.65,
NSE,NIFTY,2025-07-10,12:45:00,25403.4,25404.85,25388.55,25390.05,
NSE,NIFTY,2025-07-10,12:50:00,25389.7,25393.45,25384.65,25391.3,
NSE,NIFTY,2025-07-10,12:55:00,25391,25402.7,25388.25,25392,
NSE,NIFTY,2025-07-10,13:00:00,25393.65,25404.3,25390.35,25398.65,
NSE,NIFTY,2025-07-10,13:05:00,25397.55,25398.3,25387.15,25388.55,
NSE,NIFTY,2025-07-10,13:10:00,25388.6,25388.6,25378.05,25380.7,
NSE,NIFTY,2025-07-10,13:15:00,25379.8,25389.35,25378.65,25383.45,
NSE,NIFTY,2025-07-10,13:20:00,25382.45,25397.5,25379.45,25396.6,
NSE,NIFTY,2025-07-10,13:25:00,25396.25,25399.05,25385,25386.2,
NSE,NIFTY,2025-07-10,13:30:00,25385.05,25396,25382.9,25394.8,
NSE,NIFTY,2025-07-10,13:35:00,25394.7,25399.05,25385.85,25387.65,
NSE,NIFTY,2025-07-10,13:40:00,25387,25392.45,25380.2,25380.75,
NSE,NIFTY,2025-07-10,13:45:00,25380.05,25385.6,25357.1,25362.5,
NSE,NIFTY,2025-07-10,13:50:00,25361.5,25388.8,25360.9,25387.7,
NSE,NIFTY,2025-07-10,13:55:00,25387.3,25387.95,25374.65,25375.7,
NSE,NIFTY,2025-07-10,14:00:00,25375.3,25378.6,25358.45,25375.05,
NSE,NIFTY,2025-07-10,14:05:00,25374.7,25389.8,25373.95,25383.85,
NSE,NIFTY,2025-07-10,14:10:00,25384.3,25431.05,25383.1,25408.25,
NSE,NIFTY,2025-07-10,14:15:00,25407.85,25411.45,25387.25,25396.6,
NSE,NIFTY,2025-07-10,14:20:00,25396.5,25407.65,25392.85,25401.05,
NSE,NIFTY,2025-07-10,14:25:00,25400.55,25405.2,25397.75,25403.85,
NSE,NIFTY,2025-07-10,14:30:00,25403.05,25416.6,25401.55,25411.65,
NSE,NIFTY,2025-07-10,14:35:00,25411.15,25411.5,25400.4,25410.65,
NSE,NIFTY,2025-07-10,14:40:00,25411.4,25414.5,25402.1,25407.1,
NSE,NIFTY,2025-07-10,14:45:00,25405.5,25411,25400.05,25410.2,
NSE,NIFTY,2025-07-10,14:50:00,25410,25410,25368.65,25391.2,
NSE,NIFTY,2025-07-10,14:55:00,25389.1,25398.35,25380.45,25387.05,
NSE,NIFTY,2025-07-10,15:00:00,25386.6,25393.1,25343.35,25344.9,
NSE,NIFTY,2025-07-10,15:05:00,25345.7,25372.5,25344.35,25371.55,
NSE,NIFTY,2025-07-10,15:10:00,25371.8,25377.4,25354.3,25375.6,
NSE,NIFTY,2025-07-10,15:15:00,25374.7,25376.6,25358.8,25360.15,
NSE,NIFTY,2025-07-10,15:20:00,25359.85,25374.7,25353.55,25366.7,
NSE,NIFTY,2025-07-10,15:25:00,25366.75,25366.75,25345.55,25350.95,
NSE,NIFTY,2025-07-10,15:30:00,25351.15,25358.7,25345.95,25348.3,
NSE,NIFTY,2025-07-10,15:35:00,25348.3,25355.25,25348.3,25355.25,
NSE,NIFTY,2025-07-10,15:40:00,25355.25,25355.25,25355.25,25355.25,
NSE,NIFTY,2025-07-10,15:45:00,25355.25,25355.25,25355.25,25355.25,
NSE,NIFTY,2025-07-10,15:50:00,25355.25,25355.25,25355.25,25355.25,
NSE,NIFTY,2025-07-10,15:55:00,25355.25,25355.25,25355.25,25355.25,
NSE,NIFTY,2025-07-10,16:00:00,25355.25,25355.25,25355.25,25355.25,
NSE,NIFTY,2025-07-11,07:30:00,25355.25,25355.25,25355.25,25355.25,
NSE,NIFTY,2025-07-11,07:35:00,25355.25,25355.25,25355.25,25355.25,
NSE,NIFTY,2025-07-11,07:40:00,25355.25,25355.25,25355.25,25355.25,
NSE,NIFTY,2025-07-11,07:45:00,25355.25,25355.25,25355.25,25355.25,
NSE,NIFTY,2025-07-11,07:50:00,25355.25,25355.25,25355.25,25355.25,
NSE,NIFTY,2025-07-11,07:55:00,25355.25,25355.25,25355.25,25355.25,
NSE,NIFTY,2025-07-11,08:00:00,25355.25,25355.25,25355.25,25355.25,
NSE,NIFTY,2025-07-11,08:05:00,25355.25,25355.25,25355.25,25355.25,
NSE,NIFTY,2025-07-11,08:10:00,25355.25,25355.25,25355.25,25355.25,
NSE,NIFTY,2025-07-11,08:15:00,25355.25,25355.25,25355.25,25355.25,
NSE,NIFTY,2025-07-11,08:20:00,25355.25,25355.25,25355.25,25355.25,
NSE,NIFTY,2025-07-11,08:25:00,25355.25,25355.25,25355.25,25355.25,
NSE,NIFTY,2025-07-11,08:30:00,25355.25,25355.25,25355.25,25355.25,
NSE,NIFTY,2025-07-11,08:35:00,25355.25,25355.25,25355.25,25355.25,
NSE,NIFTY,2025-07-11,08:40:00,25355.25,25355.25,25355.25,25355.25,
NSE,NIFTY,2025-07-11,08:45:00,25355.25,25355.25,25355.25,25355.25,
NSE,NIFTY,2025-07-11,08:50:00,25355.25,25355.25,25355.25,25355.25,
NSE,NIFTY,2025-07-11,08:55:00,25355.25,25355.25,25355.25,25355.25,
NSE,NIFTY,2025-07-11,09:00:00,25355.25,25405.3,25158.75,25225.25,
NSE,NIFTY,2025-07-11,09:05:00,25224.8,25303.3,25192.7,25231.3,
NSE,NIFTY,2025-07-11,09:10:00,25234.15,25271.55,25226.75,25255.5,
NSE,NIFTY,2025-07-11,09:15:00,25255.5,25282.3,25247.1,25258.9,
NSE,NIFTY,2025-07-11,09:20:00,25261.95,25297.05,25254.5,25294.2,
NSE,NIFTY,2025-07-11,09:25:00,25294.8,25312.9,25287.85,25310.45,
NSE,NIFTY,2025-07-11,09:30:00,25310.6,25317.9,25301.85,25303.9,
NSE,NIFTY,2025-07-11,09:35:00,25304.25,25305.7,25285.45,25288.3,
NSE,NIFTY,2025-07-11,09:40:00,25287.15,25311.15,25285.65,25310.3,
NSE,NIFTY,2025-07-11,09:45:00,25309.95,25322.4,25306.25,25308.15,
NSE,NIFTY,2025-07-11,09:50:00,25307.2,25307.4,25294.4,25297.5,
NSE,NIFTY,2025-07-11,09:55:00,25297.8,25303.9,25289.55,25299.85,
NSE,NIFTY,2025-07-11,10:00:00,25299.45,25301,25278.45,25278.95,
NSE,NIFTY,2025-07-11,10:05:00,25278.5,25278.95,25255.4,25264.9,
NSE,NIFTY,2025-07-11,10:10:00,25264.95,25271.5,25260.05,25266.3,
NSE,NIFTY,2025-07-11,10:15:00,25266.45,25266.45,25252.4,25254.5,
NSE,NIFTY,2025-07-11,10:20:00,25254.5,25256.4,25238.85,25245.1,
NSE,NIFTY,2025-07-11,10:25:00,25244.8,25246.7,25231.8,25243.05,
NSE,NIFTY,2025-07-11,10:30:00,25243.9,25245.6,25233.55,25233.55,
NSE,NIFTY,2025-07-11,10:35:00,25234.1,25234.1,25214,25217.75,
NSE,NIFTY,2025-07-11,10:40:00,25217.9,25230.45,25215.3,25227.55,
NSE,NIFTY,2025-07-11,10:45:00,25226.95,25228.85,25203.6,25204.85,
NSE,NIFTY,2025-07-11,10:50:00,25204.3,25204.6,25190,25192.5,
NSE,NIFTY,2025-07-11,10:55:00,25193,25208.65,25192.8,25199.65,
NSE,NIFTY,2025-07-11,11:00:00,25200.15,25202,25170.55,25176.05,
NSE,NIFTY,2025-07-11,11:05:00,25175.5,25175.9,25157.5,25164.15,
NSE,NIFTY,2025-07-11,11:10:00,25164.3,25177.3,25149.85,25152.95,
NSE,NIFTY,2025-07-11,11:15:00,25152.8,25214.85,25152.75,25179.05,
NSE,NIFTY,2025-07-11,11:20:00,25177.7,25178.85,25167.1,25167.15,
NSE,NIFTY,2025-07-11,11:25:00,25168.3,25170.85,25157.75,25159.5,
NSE,NIFTY,2025-07-11,11:30:00,25157.65,25165.4,25153.15,25164.75,
NSE,NIFTY,2025-07-11,11:35:00,25164.4,25176.05,25161.45,25170.05,
NSE,NIFTY,2025-07-11,11:40:00,25170.15,25180.65,25169.35,25176.75,
NSE,NIFTY,2025-07-11,11:45:00,25177,25178.9,25165.65,25167,
NSE,NIFTY,2025-07-11,11:50:00,25167.75,25176.3,25166.5,25170,
NSE,NIFTY,2025-07-11,11:55:00,25169.95,25179.45,25167.4,25172.45,
NSE,NIFTY,2025-07-11,12:00:00,25173.7,25173.7,25161.05,25163.05,
NSE,NIFTY,2025-07-11,12:05:00,25162.85,25163.85,25136.75,25154.4,
NSE,NIFTY,2025-07-11,12:10:00,25154.55,25164.7,25145.65,25152.9,
NSE,NIFTY,2025-07-11,12:15:00,25154.5,25167.8,25151.1,25164.3,
NSE,NIFTY,2025-07-11,12:20:00,25163.3,25169.15,25156.85,25163.4,
NSE,NIFTY,2025-07-11,12:25:00,25164.4,25164.8,25157.25,25160.2,
NSE,NIFTY,2025-07-11,12:30:00,25159.3,25172,25155.7,25167.85,
NSE,NIFTY,2025-07-11,12:35:00,25171.4,25182.05,25165.4,25180.7,
NSE,NIFTY,2025-07-11,12:40:00,25181.65,25189.55,25175.75,25178.2,
NSE,NIFTY,2025-07-11,12:45:00,25178.55,25205.15,25175.4,25182.2,
NSE,NIFTY,2025-07-11,12:50:00,25183.4,25184.2,25177.6,25179.25,
NSE,NIFTY,2025-07-11,12:55:00,25179.85,25181.55,25162.6,25163.9,
NSE,NIFTY,2025-07-11,13:00:00,25164.45,25168.8,25159.25,25165.75,
NSE,NIFTY,2025-07-11,13:05:00,25167.05,25167.15,25159.05,25162.65,
NSE,NIFTY,2025-07-11,13:10:00,25163.05,25163.45,25140.5,25144.1,
NSE,NIFTY,2025-07-11,13:15:00,25145.65,25157.85,25144.85,25156.7,
NSE,NIFTY,2025-07-11,13:20:00,25157.35,25162.2,25150.25,25157.2,
NSE,NIFTY,2025-07-11,13:25:00,25157.2,25161.1,25151.35,25155.85,
NSE,NIFTY,2025-07-11,13:30:00,25156.25,25163.65,25151.7,25156.05,
NSE,NIFTY,2025-07-11,13:35:00,25157.1,25159,25150.85,25152.9,
NSE,NIFTY,2025-07-11,13:40:00,25154.5,25159,25151.35,25151.65,
NSE,NIFTY,2025-07-11,13:45:00,25151.75,25152.4,25144,25144.85,
NSE,NIFTY,2025-07-11,13:50:00,25145.85,25163.85,25144.7,25159.85,
NSE,NIFTY,2025-07-11,13:55:00,25160.25,25169.15,25157.85,25165.75,
NSE,NIFTY,2025-07-11,14:00:00,25166.4,25172.65,25164.55,25166.75,
NSE,NIFTY,2025-07-11,14:05:00,25166.2,25166.65,25158.6,25163.65,
NSE,NIFTY,2025-07-11,14:10:00,25163.05,25164.5,25152.45,25153.05,
NSE,NIFTY,2025-07-11,14:15:00,25153.05,25191.55,25150.05,25167.9,
NSE,NIFTY,2025-07-11,14:20:00,25168.5,25171.65,25154.65,25155.7,
NSE,NIFTY,2025-07-11,14:25:00,25155,25159.5,25152.6,25155.9,
NSE,NIFTY,2025-07-11,14:30:00,25155.45,25159.7,25150.5,25151.3,
NSE,NIFTY,2025-07-11,14:35:00,25151.25,25165.75,25150.4,25162.05,
NSE,NIFTY,2025-07-11,14:40:00,25164.05,25168.1,25157.75,25166.7,
NSE,NIFTY,2025-07-11,14:45:00,25166.85,25172.4,25165.05,25171.2,
NSE,NIFTY,2025-07-11,14:50:00,25170.8,25175.8,25164.4,25164.4,
NSE,NIFTY,2025-07-11,14:55:00,25165.6,25166.35,25157.4,25162.25,
NSE,NIFTY,2025-07-11,15:00:00,25162.7,25172.05,25158.55,25169.3,
NSE,NIFTY,2025-07-11,15:05:00,25167.5,25169.5,25157.15,25162.7,
NSE,NIFTY,2025-07-11,15:10:00,25163.35,25167,25159.6,25160.45,
NSE,NIFTY,2025-07-11,15:15:00,25162.25,25163.45,25148.35,25149.55,
NSE,NIFTY,2025-07-11,15:20:00,25150.35,25153.6,25136.45,25142.55,
NSE,NIFTY,2025-07-11,15:25:00,25143.6,25145.75,25137.5,25140.35,
NSE,NIFTY,2025-07-11,15:30:00,25140.25,25143.9,25130.45,25140.7,
NSE,NIFTY,2025-07-11,15:35:00,25140.7,25149.85,25140.7,25149.85,
NSE,NIFTY,2025-07-11,15:40:00,25149.85,25149.85,25149.85,25149.85,
NSE,NIFTY,2025-07-11,15:45:00,25149.85,25149.85,25149.85,25149.85,
NSE,NIFTY,2025-07-11,15:50:00,25149.85,25149.85,25149.85,25149.85,
NSE,NIFTY,2025-07-11,15:55:00,25149.85,25149.85,25149.85,25149.85,
NSE,NIFTY,2025-07-11,16:00:00,25149.85,25149.85,25149.85,25149.85,
NSE,NIFTY,2025-07-14,07:30:00,25149.85,25149.85,25149.85,25149.85,
NSE,NIFTY,2025-07-14,07:35:00,25149.85,25149.85,25149.85,25149.85,
NSE,NIFTY,2025-07-14,07:40:00,25149.85,25149.85,25149.85,25149.85,
NSE,NIFTY,2025-07-14,07:45:00,25149.85,25149.85,25149.85,25149.85,
NSE,NIFTY,2025-07-14,07:50:00,25149.85,25149.85,25149.85,25149.85,
NSE,NIFTY,2025-07-14,07:55:00,25149.85,25149.85,25149.85,25149.85,
NSE,NIFTY,2025-07-14,08:00:00,25149.85,25149.85,25149.85,25149.85,
NSE,NIFTY,2025-07-14,08:05:00,25149.85,25149.85,25149.85,25149.85,
NSE,NIFTY,2025-07-14,08:10:00,25149.85,25149.85,25149.85,25149.85,
NSE,NIFTY,2025-07-14,08:15:00,25149.85,25149.85,25149.85,25149.85,
NSE,NIFTY,2025-07-14,08:20:00,25149.85,25149.85,25149.85,25149.85,
NSE,NIFTY,2025-07-14,08:25:00,25149.85,25149.85,25149.85,25149.85,
NSE,NIFTY,2025-07-14,08:30:00,25149.85,25149.85,25149.85,25149.85,
NSE,NIFTY,2025-07-14,08:35:00,25149.85,25149.85,25149.85,25149.85,
NSE,NIFTY,2025-07-14,08:40:00,25149.85,25149.85,25149.85,25149.85,
NSE,NIFTY,2025-07-14,08:45:00,25149.85,25149.85,25149.85,25149.85,
NSE,NIFTY,2025-07-14,08:50:00,25149.85,25149.85,25149.85,25149.85,
NSE,NIFTY,2025-07-14,08:55:00,25149.85,25149.85,25149.85,25149.85,
NSE,NIFTY,2025-07-14,09:00:00,25149.85,25201.5,25029.25,25199.75,
NSE,NIFTY,2025-07-14,09:05:00,25203.05,25203.05,25113,25167.7,
NSE,NIFTY,2025-07-14,09:10:00,25167.95,25167.95,25143.45,25149.5,
NSE,NIFTY,2025-07-14,09:15:00,25149.5,25149.5,25115.5,25132.35,
NSE,NIFTY,2025-07-14,09:20:00,25134.55,25135.7,25087.1,25096.4,
NSE,NIFTY,2025-07-14,09:25:00,25097.45,25104.65,25052.6,25057,
NSE,NIFTY,2025-07-14,09:30:00,25055.75,25079.15,25051.75,25075.55,
NSE,NIFTY,2025-07-14,09:35:00,25075.5,25075.55,25047.05,25047.8,
NSE,NIFTY,2025-07-14,09:40:00,25048.1,25075.7,25042.1,25072.9,
NSE,NIFTY,2025-07-14,09:45:00,25071.9,25093.7,25070.4,25089.85,
NSE,NIFTY,2025-07-14,09:50:00,25091.15,25091.15,25077,25082.95,
NSE,NIFTY,2025-07-14,09:55:00,25082.4,25115.1,25082.4,25110.4,
NSE,NIFTY,2025-07-14,10:00:00,25107.85,25124.95,25103.45,25123.7,
NSE,NIFTY,2025-07-14,10:05:00,25124.4,25127.2,25102.6,25103.05,
NSE,NIFTY,2025-07-14,10:10:00,25103.45,25109,25086.4,25103.75,
NSE,NIFTY,2025-07-14,10:15:00,25103.35,25122.5,25096.85,25122.1,
NSE,NIFTY,2025-07-14,10:20:00,25123.1,25125.35,25106.95,25119.45,
NSE,NIFTY,2025-07-14,10:25:00,25119.8,25127.05,25112.85,25114.2,
NSE,NIFTY,2025-07-14,10:30:00,25114.3,25122,25105.2,25105.55,
NSE,NIFTY,2025-07-14,10:35:00,25104.45,25105.95,25085.9,25088.8,
NSE,NIFTY,2025-07-14,10:40:00,25089.55,25090.35,25072,25073.05,
NSE,NIFTY,2025-07-14,10:45:00,25073.5,25088.9,25071.85,25084.3,
NSE,NIFTY,2025-07-14,10:50:00,25084.6,25087.05,25081.05,25085.45,
NSE,NIFTY,2025-07-14,10:55:00,25085.45,25087.45,25077.7,25079.6,
NSE,NIFTY,2025-07-14,11:00:00,25079.3,25095.2,25072.35,25073.25,
NSE,NIFTY,2025-07-14,11:05:00,25073.5,25085.1,25072.9,25080.2,
NSE,NIFTY,2025-07-14,11:10:00,25079.8,25079.95,25062.05,25064.55,
NSE,NIFTY,2025-07-14,11:15:00,25064.2,25068.4,25061.85,25064.7,
NSE,NIFTY,2025-07-14,11:20:00,25064.3,25066.4,25057.15,25060.2,
NSE,NIFTY,2025-07-14,11:25:00,25060.55,25061.1,25043.65,25044.05,
NSE,NIFTY,2025-07-14,11:30:00,25044.45,25051.15,25019.8,25043,
NSE,NIFTY,2025-07-14,11:35:00,25043.45,25049.5,25035.35,25036.45,
NSE,NIFTY,2025-07-14,11:40:00,25036.15,25037.85,25028.1,25035.3,
NSE,NIFTY,2025-07-14,11:45:00,25035.5,25041.8,25024.25,25030.85,
NSE,NIFTY,2025-07-14,11:50:00,25030.95,25044.5,25028.55,25040.45,
NSE,NIFTY,2025-07-14,11:55:00,25040.8,25043.55,25031.1,25037.2,
NSE,NIFTY,2025-07-14,12:00:00,25037.7,25040.4,25033.15,25037.95,
NSE,NIFTY,2025-07-14,12:05:00,25037.6,25039.1,25029.25,25035.7,
NSE,NIFTY,2025-07-14,12:10:00,25035.9,25055.65,25035.3,25052.95,
NSE,NIFTY,2025-07-14,12:15:00,25053.1,25053.55,25043.3,25046.25,
NSE,NIFTY,2025-07-14,12:20:00,25046.2,25056.55,25044.9,25052.65,
NSE,NIFTY,2025-07-14,12:25:00,25054.3,25055.45,25039.45,25040.2,
NSE,NIFTY,2025-07-14,12:30:00,25039.35,25048.45,25035.75,25047.5,
NSE,NIFTY,2025-07-14,12:35:00,25047.55,25055.5,25041.6,25049.45,
NSE,NIFTY,2025-07-14,12:40:00,25050.05,25051.9,25039.9,25049.45,
NSE,NIFTY,2025-07-14,12:45:00,25050.25,25059.15,25049.3,25056.65,
NSE,NIFTY,2025-07-14,12:50:00,25057.7,25060.95,25049.2,25051.35,
NSE,NIFTY,2025-07-14,12:55:00,25051.15,25054.2,25037.05,25037.9,
NSE,NIFTY,2025-07-14,13:00:00,25038.45,25041.55,25033.8,25040.95,
NSE,NIFTY,2025-07-14,13:05:00,25039.4,25050.45,25039.4,25045.65,
NSE,NIFTY,2025-07-14,13:10:00,25045.7,25047.25,25002.75,25018.25,
NSE,NIFTY,2025-07-14,13:15:00,25019.5,25029.75,25017.15,25029.75,
NSE,NIFTY,2025-07-14,13:20:00,25028.65,25040.9,25028,25036.85,
NSE,NIFTY,2025-07-14,13:25:00,25037.3,25056.5,25037.1,25051.55,
NSE,NIFTY,2025-07-14,13:30:00,25051.3,25058.55,25045.4,25056.45,
NSE,NIFTY,2025-07-14,13:35:00,25056.35,25058.3,25048.3,25049.6,
NSE,NIFTY,2025-07-14,13:40:00,25049.9,25050.45,25038,25042,
NSE,NIFTY,2025-07-14,13:45:00,25041.6,25049.7,25039.65,25046.65,
NSE,NIFTY,2025-07-14,13:50:00,25048.3,25054.75,25044.05,25044.1,
NSE,NIFTY,2025-07-14,13:55:00,25045.25,25048.45,25037.55,25038.75,
NSE,NIFTY,2025-07-14,14:00:00,25040.35,25040.35,25012.9,25031.1,
NSE,NIFTY,2025-07-14,14:05:00,25031.55,25034.3,25027.5,25033.85,
NSE,NIFTY,2025-07-14,14:10:00,25033.65,25043.75,25030.75,25040.75,
NSE,NIFTY,2025-07-14,14:15:00,25041.2,25047.8,25032.95,25046.1,
NSE,NIFTY,2025-07-14,14:20:00,25046.15,25047.95,25038.15,25043.5,
NSE,NIFTY,2025-07-14,14:25:00,25043.1,25055.1,25041.5,25050.7,
NSE,NIFTY,2025-07-14,14:30:00,25049.95,25060.8,25049.3,25057.1,
NSE,NIFTY,2025-07-14,14:35:00,25056.35,25057.2,25042.1,25043,
NSE,NIFTY,2025-07-14,14:40:00,25045.65,25050.5,25037.2,25041.75,
NSE,NIFTY,2025-07-14,14:45:00,25041.55,25053.4,25041.55,25050.7,
NSE,NIFTY,2025-07-14,14:50:00,25051.6,25054.75,25045.35,25053.8,
NSE,NIFTY,2025-07-14,14:55:00,25054.95,25086.4,25051.35,25081.6,
NSE,NIFTY,2025-07-14,15:00:00,25081.9,25108.5,25074.8,25099.9,
NSE,NIFTY,2025-07-14,15:05:00,25099.2,25100.25,25077.75,25078,
NSE,NIFTY,2025-07-14,15:10:00,25078.05,25082.45,25069.5,25071.3,
NSE,NIFTY,2025-07-14,15:15:00,25070.75,25085.75,25066.75,25079.2,
NSE,NIFTY,2025-07-14,15:20:00,25078.75,25083.85,25077.1,25082.4,
NSE,NIFTY,2025-07-14,15:25:00,25081.85,25090.65,25080.85,25088.45,
NSE,NIFTY,2025-07-14,15:30:00,25087.95,25092.7,25081.3,25087.15,
NSE,NIFTY,2025-07-14,15:35:00,25087.15,25087.15,25082.3,25082.3,
NSE,NIFTY,2025-07-14,15:40:00,25082.3,25082.3,25082.3,25082.3,
NSE,NIFTY,2025-07-14,15:45:00,25082.3,25082.3,25082.3,25082.3,
NSE,NIFTY,2025-07-14,15:50:00,25082.3,25082.3,25082.3,25082.3,
NSE,NIFTY,2025-07-15,07:30:00,25082.3,25082.3,25082.3,25082.3,
NSE,NIFTY,2025-07-15,07:35:00,25082.3,25082.3,25082.3,25082.3,
NSE,NIFTY,2025-07-15,07:40:00,25082.3,25082.3,25082.3,25082.3,
NSE,NIFTY,2025-07-15,07:45:00,25082.3,25082.3,25082.3,25082.3,
NSE,NIFTY,2025-07-15,07:50:00,25082.3,25082.3,25082.3,25082.3,
NSE,NIFTY,2025-07-15,07:55:00,25082.3,25082.3,25082.3,25082.3,
NSE,NIFTY,2025-07-15,08:00:00,25082.3,25082.3,25082.3,25082.3,
NSE,NIFTY,2025-07-15,08:05:00,25082.3,25082.3,25082.3,25082.3,
NSE,NIFTY,2025-07-15,08:10:00,25082.3,25082.3,25082.3,25082.3,
NSE,NIFTY,2025-07-15,08:15:00,25082.3,25082.3,25082.3,25082.3,
NSE,NIFTY,2025-07-15,08:20:00,25082.3,25082.3,25082.3,25082.3,
NSE,NIFTY,2025-07-15,08:25:00,25082.3,25082.3,25082.3,25082.3,
NSE,NIFTY,2025-07-15,08:30:00,25082.3,25082.3,25082.3,25082.3,
NSE,NIFTY,2025-07-15,08:35:00,25082.3,25082.3,25082.3,25082.3,
NSE,NIFTY,2025-07-15,08:40:00,25082.3,25082.3,25082.3,25082.3,
NSE,NIFTY,2025-07-15,08:45:00,25082.3,25082.3,25082.3,25082.3,
NSE,NIFTY,2025-07-15,08:50:00,25082.3,25082.3,25082.3,25082.3,
NSE,NIFTY,2025-07-15,08:55:00,25082.3,25082.3,25082.3,25082.3,
NSE,NIFTY,2025-07-15,09:00:00,25082.3,25082.3,24671.55,24821.55,
NSE,NIFTY,2025-07-15,09:05:00,24830.8,25094.4,24817.7,25066.55,
NSE,NIFTY,2025-07-15,09:10:00,25066.25,25108.7,25066.2,25089.5,
NSE,NIFTY,2025-07-15,09:15:00,25089.5,25145.6,25089.5,25140.9,
NSE,NIFTY,2025-07-15,09:20:00,25141.1,25150.45,25123.05,25137.3,
NSE,NIFTY,2025-07-15,09:25:00,25137.3,25149.65,25133.55,25143.9,
NSE,NIFTY,2025-07-15,09:30:00,25143,25155.7,25132.65,25146.2,
NSE,NIFTY,2025-07-15,09:35:00,25145.65,25145.65,25125.1,25130.6,
NSE,NIFTY,2025-07-15,09:40:00,25130,25132.6,25117.75,25123.4,
NSE,NIFTY,2025-07-15,09:45:00,25123.35,25123.55,25096.85,25096.85,
NSE,NIFTY,2025-07-15,09:50:00,25095.95,25111.2,25089.25,25106.15,
NSE,NIFTY,2025-07-15,09:55:00,25106.3,25122.7,25096.8,25104.3,
NSE,NIFTY,2025-07-15,10:00:00,25105.15,25111.3,25096.2,25105.4,
NSE,NIFTY,2025-07-15,10:05:00,25105.1,25122.8,25103,25119.2,
NSE,NIFTY,2025-07-15,10:10:00,25118.3,25128.65,25115.3,25118.95,
NSE,NIFTY,2025-07-15,10:15:00,25120,25132.25,25118.6,25132,
NSE,NIFTY,2025-07-15,10:20:00,25132.1,25132.55,25100.8,25115.25,
NSE,NIFTY,2025-07-15,10:25:00,25115.5,25120.85,25108.75,25113.35,
NSE,NIFTY,2025-07-15,10:30:00,25112.4,25131,25112.4,25130.25,
NSE,NIFTY,2025-07-15,10:35:00,25129.65,25147.6,25129.65,25147.35,
NSE,NIFTY,2025-07-15,10:40:00,25146.6,25164.65,25142.5,25160.5,
NSE,NIFTY,2025-07-15,10:45:00,25159.15,25168.65,25155.15,25165.35,
NSE,NIFTY,2025-07-15,10:50:00,25165.6,25169.35,25158.15,25169.05,
NSE,NIFTY,2025-07-15,10:55:00,25168.4,25195.5,25167.7,25193.3,
NSE,NIFTY,2025-07-15,11:00:00,25193.1,25197.05,25185.75,25191.9,
NSE,NIFTY,2025-07-15,11:05:00,25190.45,25222.3,25190.45,25221.8,
NSE,NIFTY,2025-07-15,11:10:00,25222.6,25232.9,25221.5,25228,
NSE,NIFTY,2025-07-15,11:15:00,25228.1,25243.7,25216.95,25225.85,
NSE,NIFTY,2025-07-15,11:20:00,25224.1,25227.45,25204.15,25207.1,
NSE,NIFTY,2025-07-15,11:25:00,25207.3,25220.45,25205.9,25217.7,
NSE,NIFTY,2025-07-15,11:30:00,25216.9,25219.25,25210.25,25212.85,
NSE,NIFTY,2025-07-15,11:35:00,25212.4,25226.65,25212.4,25220.95,
NSE,NIFTY,2025-07-15,11:40:00,25220.55,25228.3,25204.5,25217.4,
NSE,NIFTY,2025-07-15,11:45:00,25217,25227.3,25215.85,25222.35,
NSE,NIFTY,2025-07-15,11:50:00,25222.2,25223.85,25215.1,25217.2,
NSE,NIFTY,2025-07-15,11:55:00,25217.45,25217.6,25201.75,25206.5,
NSE,NIFTY,2025-07-15,12:00:00,25206.6,25207.75,25199.55,25206.6,
NSE,NIFTY,2025-07-15,12:05:00,25206.7,25213.65,25202.15,25203.8,
NSE,NIFTY,2025-07-15,12:10:00,25203.8,25208.25,25200.7,25204.5,
NSE,NIFTY,2025-07-15,12:15:00,25204.85,25210.8,25203.25,25204.95,
NSE,NIFTY,2025-07-15,12:20:00,25203.65,25206.25,25192.8,25193.65,
NSE,NIFTY,2025-07-15,12:25:00,25193.3,25197.25,25173.1,25194.9,
NSE,NIFTY,2025-07-15,12:30:00,25194.95,25208.85,25193.7,25208.45,
NSE,NIFTY,2025-07-15,12:35:00,25207.8,25216.3,25207.8,25208.9,
NSE,NIFTY,2025-07-15,12:40:00,25208.85,25219.9,25207.8,25218.1,
NSE,NIFTY,2025-07-15,12:45:00,25218.45,25218.5,25213.65,25216.55,
NSE,NIFTY,2025-07-15,12:50:00,25217,25219.9,25211.75,25214.4,
NSE,NIFTY,2025-07-15,12:55:00,25214.3,25220.4,25206.95,25208.45,
NSE,NIFTY,2025-07-15,13:00:00,25208.65,25211,25205.95,25208.65,
NSE,NIFTY,2025-07-15,13:05:00,25207.65,25220.35,25207.65,25216.85,
NSE,NIFTY,2025-07-15,13:10:00,25216.1,25218.2,25208.8,25210.15,
NSE,NIFTY,2025-07-15,13:15:00,25209.6,25211.15,25203.65,25206.8,
NSE,NIFTY,2025-07-15,13:20:00,25206.5,25207.45,25193.85,25195.45,
NSE,NIFTY,2025-07-15,13:25:00,25195.1,25202.55,25194.7,25196.55,
NSE,NIFTY,2025-07-15,13:30:00,25196.4,25196.75,25181.2,25188.85,
NSE,NIFTY,2025-07-15,13:35:00,25189.9,25193.8,25173.45,25178.25,
NSE,NIFTY,2025-07-15,13:40:00,25175.7,25183.9,25169.55,25179.85,
NSE,NIFTY,2025-07-15,13:45:00,25179.75,25189.7,25178.7,25186.15,
NSE,NIFTY,2025-07-15,13:50:00,25185.95,25196.45,25184.95,25194.65,
NSE,NIFTY,2025-07-15,13:55:00,25194.15,25197.3,25187.9,25195.55,
NSE,NIFTY,2025-07-15,14:00:00,25194.85,25198,25192.2,25192.2,
NSE,NIFTY,2025-07-15,14:05:00,25192,25193.6,25176.3,25176.3,
NSE,NIFTY,2025-07-15,14:10:00,25176.55,25182.95,25159.5,25174.35,
NSE,NIFTY,2025-07-15,14:15:00,25174.95,25188.75,25174.15,25185.6,
NSE,NIFTY,2025-07-15,14:20:00,25185.95,25193.05,25184.1,25189.85,
NSE,NIFTY,2025-07-15,14:25:00,25188.55,25190.05,25177.15,25178.05,
NSE,NIFTY,2025-07-15,14:30:00,25178.75,25186.1,25177.5,25184.45,
NSE,NIFTY,2025-07-15,14:35:00,25184.3,25194.65,25184.3,25192.15,
NSE,NIFTY,2025-07-15,14:40:00,25191.85,25194.2,25162.45,25170.55,
NSE,NIFTY,2025-07-15,14:45:00,25170.7,25180.75,25170.7,25176,
NSE,NIFTY,2025-07-15,14:50:00,25176,25178.1,25164.65,25171.75,
NSE,NIFTY,2025-07-15,14:55:00,25171.9,25173.3,25156.75,25159.4,
NSE,NIFTY,2025-07-15,15:00:00,25159.75,25178.1,25156.05,25176,
NSE,NIFTY,2025-07-15,15:05:00,25176.45,25177.5,25164.7,25174.6,
NSE,NIFTY,2025-07-15,15:10:00,25174.6,25190.7,25173.6,25188.15,
NSE,NIFTY,2025-07-15,15:15:00,25188.05,25203.45,25186.65,25201.5,
NSE,NIFTY,2025-07-15,15:20:00,25202.05,25208.2,25198.1,25203.9,
NSE,NIFTY,2025-07-15,15:25:00,25204.2,25223.25,25202.3,25221.65,
NSE,NIFTY,2025-07-15,15:30:00,25222.8,25225.05,25210,25217.5,
NSE,NIFTY,2025-07-15,15:35:00,25217.5,25217.5,25195.8,25195.8,
NSE,NIFTY,2025-07-15,15:40:00,25195.8,25195.8,25195.8,25195.8,
NSE,NIFTY,2025-07-15,15:45:00,25195.8,25195.8,25195.8,25195.8,
NSE,NIFTY,2025-07-15,15:50:00,25195.8,25195.8,25195.8,25195.8,
NSE,NIFTY,2025-07-15,15:55:00,25195.8,25195.8,25195.8,25195.8,
NSE,NIFTY,2025-07-15,16:00:00,25195.8,25195.8,25195.8,25195.8,
NSE,NIFTY,2025-07-16,07:30:00,25195.8,25195.8,25195.8,25195.8,
NSE,NIFTY,2025-07-16,07:35:00,25195.8,25195.8,25195.8,25195.8,
NSE,NIFTY,2025-07-16,07:40:00,25195.8,25195.8,25195.8,25195.8,
NSE,NIFTY,2025-07-16,07:45:00,25195.8,25195.8,25195.8,25195.8,
NSE,NIFTY,2025-07-16,07:50:00,25195.8,25195.8,25195.8,25195.8,
NSE,NIFTY,2025-07-16,07:55:00,25195.8,25195.8,25195.8,25195.8,
NSE,NIFTY,2025-07-16,08:00:00,25195.8,25195.8,25195.8,25195.8,
NSE,NIFTY,2025-07-16,08:05:00,25195.8,25195.8,25195.8,25195.8,
NSE,NIFTY,2025-07-16,08:10:00,25195.8,25195.8,25195.8,25195.8,
NSE,NIFTY,2025-07-16,08:15:00,25195.8,25195.8,25195.8,25195.8,
NSE,NIFTY,2025-07-16,08:20:00,25195.8,25195.8,25195.8,25195.8,
NSE,NIFTY,2025-07-16,08:25:00,25195.8,25195.8,25195.8,25195.8,
NSE,NIFTY,2025-07-16,08:30:00,25195.8,25195.8,25195.8,25195.8,
NSE,NIFTY,2025-07-16,08:35:00,25195.8,25195.8,25195.8,25195.8,
NSE,NIFTY,2025-07-16,08:40:00,25195.8,25195.8,25195.8,25195.8,
NSE,NIFTY,2025-07-16,08:45:00,25195.8,25195.8,25195.8,25195.8,
NSE,NIFTY,2025-07-16,08:50:00,25195.8,25195.8,25195.8,25195.8,
NSE,NIFTY,2025-07-16,08:55:00,25195.8,25195.8,25195.8,25195.8,
NSE,NIFTY,2025-07-16,09:00:00,25195.8,25195.8,25042.9,25164.9,
NSE,NIFTY,2025-07-16,09:05:00,25136.8,25274.65,25136.8,25218.9,
NSE,NIFTY,2025-07-16,09:10:00,25218.8,25218.8,25167.55,25196.6,
NSE,NIFTY,2025-07-16,09:15:00,25196.6,25213.35,25162.1,25166.6,
NSE,NIFTY,2025-07-16,09:20:00,25165.3,25187.95,25145.65,25153.45,
NSE,NIFTY,2025-07-16,09:25:00,25152.7,25163.35,25139.35,25140.7,
NSE,NIFTY,2025-07-16,09:30:00,25140.6,25149.1,25127.85,25142.6,
NSE,NIFTY,2025-07-16,09:35:00,25141.6,25159.05,25140.3,25151.4,
NSE,NIFTY,2025-07-16,09:40:00,25151.1,25167.8,25145.45,25163.2,
NSE,NIFTY,2025-07-16,09:45:00,25163.4,25166.85,25149.55,25149.7,
NSE,NIFTY,2025-07-16,09:50:00,25152.75,25157.9,25135,25157.2,
NSE,NIFTY,2025-07-16,09:55:00,25156.8,25165.85,25147.95,25159.5,
NSE,NIFTY,2025-07-16,10:00:00,25158.05,25161.6,25148.75,25150.35,
NSE,NIFTY,2025-07-16,10:05:00,25150.7,25155.1,25144.9,25153.1,
NSE,NIFTY,2025-07-16,10:10:00,25153.45,25153.45,25139.35,25146.15,
NSE,NIFTY,2025-07-16,10:15:00,25146.6,25148.6,25136.8,25138.85,
NSE,NIFTY,2025-07-16,10:20:00,25139.75,25145.25,25132.7,25144.85,
NSE,NIFTY,2025-07-16,10:25:00,25144.5,25154.65,25141.25,25154.55,
NSE,NIFTY,2025-07-16,10:30:00,25153.55,25156.8,25141.75,25152.55,
NSE,NIFTY,2025-07-16,10:35:00,25153.85,25154.4,25132.25,25139.1,
NSE,NIFTY,2025-07-16,10:40:00,25138.6,25139.3,25128.15,25132.65,
NSE,NIFTY,2025-07-16,10:45:00,25132,25135.55,25123.45,25128.35,
NSE,NIFTY,2025-07-16,10:50:00,25128.4,25130,25121.2,25125.65,
NSE,NIFTY,2025-07-16,10:55:00,25125.65,25136.3,25125.15,25132.45,
NSE,NIFTY,2025-07-16,11:00:00,25132.75,25141.75,25126.4,25140.2,
NSE,NIFTY,2025-07-16,11:05:00,25140.85,25145.95,25136.7,25141.45,
NSE,NIFTY,2025-07-16,11:10:00,25141.85,25144.25,25139.8,25142.4,
NSE,NIFTY,2025-07-16,11:15:00,25142.25,25149.05,25134.45,25147,
NSE,NIFTY,2025-07-16,11:20:00,25147.05,25148.9,25127.75,25131.05,
NSE,NIFTY,2025-07-16,11:25:00,25131.05,25143.05,25128.35,25141.55,
NSE,NIFTY,2025-07-16,11:30:00,25141.3,25148.1,25139.6,25146.55,
NSE,NIFTY,2025-07-16,11:35:00,25146.9,25153.2,25140.25,25150,
NSE,NIFTY,2025-07-16,11:40:00,25150.35,25155.05,25146.15,25150.05,
NSE,NIFTY,2025-07-16,11:45:00,25149.65,25156.2,25149.1,25154.1,
NSE,NIFTY,2025-07-16,11:50:00,25153.9,25166.45,25151.4,25165.8,
NSE,NIFTY,2025-07-16,11:55:00,25165.3,25210,25165.15,25192.5,
NSE,NIFTY,2025-07-16,12:00:00,25191.15,25192.1,25181.45,25185.6,
NSE,NIFTY,2025-07-16,12:05:00,25185.8,25188.15,25177.9,25182.45,
NSE,NIFTY,2025-07-16,12:10:00,25182.7,25191.95,25181.8,25186.2,
NSE,NIFTY,2025-07-16,12:15:00,25185.8,25191.2,25177.6,25183.1,
NSE,NIFTY,2025-07-16,12:20:00,25183.55,25191.65,25182.8,25185,
NSE,NIFTY,2025-07-16,12:25:00,25185.2,25187.8,25171.4,25175.4,
NSE,NIFTY,2025-07-16,12:30:00,25175.8,25187.9,25175.5,25187,
NSE,NIFTY,2025-07-16,12:35:00,25187.85,25207.05,25185.85,25205.45,
NSE,NIFTY,2025-07-16,12:40:00,25205,25205.5,25194.05,25196.5,
NSE,NIFTY,2025-07-16,12:45:00,25198.25,25209.3,25187.3,25207.25,
NSE,NIFTY,2025-07-16,12:50:00,25205.65,25233.4,25203.2,25215.95,
NSE,NIFTY,2025-07-16,12:55:00,25216.6,25220.6,25206.35,25207.05,
NSE,NIFTY,2025-07-16,13:00:00,25207.25,25211,25201.8,25208.45,
NSE,NIFTY,2025-07-16,13:05:00,25209.05,25217,25207.2,25214.4,
NSE,NIFTY,2025-07-16,13:10:00,25213.55,25216.15,25209.8,25211.7,
NSE,NIFTY,2025-07-16,13:15:00,25212.8,25216.45,25207.75,25213.4,
NSE,NIFTY,2025-07-16,13:20:00,25214,25220.5,25210,25210.55,
NSE,NIFTY,2025-07-16,13:25:00,25212.1,25215.4,25208.3,25208.45,
NSE,NIFTY,2025-07-16,13:30:00,25208.9,25210,25203,25206.5,
NSE,NIFTY,2025-07-16,13:35:00,25206.75,25207.4,25188.95,25189.2,
NSE,NIFTY,2025-07-16,13:40:00,25188.7,25210.45,25186,25209.2,
NSE,NIFTY,2025-07-16,13:45:00,25209.8,25218.45,25208.25,25214.35,
NSE,NIFTY,2025-07-16,13:50:00,25214.1,25223.45,25210.15,25223.2,
NSE,NIFTY,2025-07-16,13:55:00,25223.25,25231.3,25212.2,25215.2,
NSE,NIFTY,2025-07-16,14:00:00,25215.85,25223.6,25214.35,25217.8,
NSE,NIFTY,2025-07-16,14:05:00,25218.05,25229.55,25216.3,25228.45,
NSE,NIFTY,2025-07-16,14:10:00,25229.1,25229.35,25222.9,25226.7,
NSE,NIFTY,2025-07-16,14:15:00,25226.75,25255.3,25224,25244.65,
NSE,NIFTY,2025-07-16,14:20:00,25244.2,25252.6,25237.4,25250.25,
NSE,NIFTY,2025-07-16,14:25:00,25251.55,25252.85,25233.25,25236.25,
NSE,NIFTY,2025-07-16,14:30:00,25236.55,25237.4,25223.15,25229.9,
NSE,NIFTY,2025-07-16,14:35:00,25229.9,25233.55,25225.15,25228.15,
NSE,NIFTY,2025-07-16,14:40:00,25227.6,25233.5,25224.1,25227.75,
NSE,NIFTY,2025-07-16,14:45:00,25228.7,25236.5,25225.2,25233.55,
NSE,NIFTY,2025-07-16,14:50:00,25234.05,25239.2,25228.9,25230.05,
NSE,NIFTY,2025-07-16,14:55:00,25229.4,25232.15,25219.6,25221.55,
NSE,NIFTY,2025-07-16,15:00:00,25222.05,25234.75,25220.55,25230.4,
NSE,NIFTY,2025-07-16,15:05:00,25230.65,25231.4,25212.9,25215.15,
NSE,NIFTY,2025-07-16,15:10:00,25215.1,25217.2,25209.05,25211.05,
NSE,NIFTY,2025-07-16,15:15:00,25212.65,25215.65,25207.25,25208.45,
NSE,NIFTY,2025-07-16,15:20:00,25209.6,25215.65,25207.1,25210.05,
NSE,NIFTY,2025-07-16,15:25:00,25210.35,25212.65,25195.6,25201.65,
NSE,NIFTY,2025-07-16,15:30:00,25202.75,25206.45,25190.6,25202.2,
NSE,NIFTY,2025-07-16,15:35:00,25202.2,25212.05,25202.2,25212.05,
NSE,NIFTY,2025-07-16,15:40:00,25212.05,25212.05,25212.05,25212.05,
NSE,NIFTY,2025-07-16,15:45:00,25212.05,25212.05,25212.05,25212.05,
NSE,NIFTY,2025-07-16,15:50:00,25212.05,25212.05,25212.05,25212.05,
NSE,NIFTY,2025-07-16,15:55:00,25212.05,25212.05,25212.05,25212.05,
NSE,NIFTY,2025-07-16,16:00:00,25212.05,25212.05,25212.05,25212.05,
NSE,NIFTY,2025-07-17,07:30:00,25212.05,25212.05,25212.05,25212.05,
NSE,NIFTY,2025-07-17,07:35:00,25212.05,25212.05,25212.05,25212.05,
NSE,NIFTY,2025-07-17,07:40:00,25212.05,25212.05,25212.05,25212.05,
NSE,NIFTY,2025-07-17,07:45:00,25212.05,25212.05,25212.05,25212.05,
NSE,NIFTY,2025-07-17,07:50:00,25212.05,25212.05,25212.05,25212.05,
NSE,NIFTY,2025-07-17,07:55:00,25212.05,25212.05,25212.05,25212.05,
NSE,NIFTY,2025-07-17,08:00:00,25212.05,25212.05,25212.05,25212.05,
NSE,NIFTY,2025-07-17,08:05:00,25212.05,25212.05,25212.05,25212.05,
NSE,NIFTY,2025-07-17,08:10:00,25212.05,25212.05,25212.05,25212.05,
NSE,NIFTY,2025-07-17,08:15:00,25212.05,25212.05,25212.05,25212.05,
NSE,NIFTY,2025-07-17,08:20:00,25212.05,25212.05,25212.05,25212.05,
NSE,NIFTY,2025-07-17,08:25:00,25212.05,25212.05,25212.05,25212.05,
NSE,NIFTY,2025-07-17,08:30:00,25212.05,25212.05,25212.05,25212.05,
NSE,NIFTY,2025-07-17,08:35:00,25212.05,25212.05,25212.05,25212.05,
NSE,NIFTY,2025-07-17,08:40:00,25212.05,25212.05,25212.05,25212.05,
NSE,NIFTY,2025-07-17,08:45:00,25212.05,25212.05,25212.05,25212.05,
NSE,NIFTY,2025-07-17,08:50:00,25212.05,25212.05,25212.05,25212.05,
NSE,NIFTY,2025-07-17,08:55:00,25212.05,25212.05,25212.05,25212.05,
NSE,NIFTY,2025-07-17,09:00:00,25212.05,25212.05,24619.75,24972.6,
NSE,NIFTY,2025-07-17,09:05:00,24981.8,25253.45,24976.4,25250.7,
NSE,NIFTY,2025-07-17,09:10:00,25251.75,25251.8,25224.35,25230.75,
NSE,NIFTY,2025-07-17,09:15:00,25230.75,25233.7,25205.3,25209.5,
NSE,NIFTY,2025-07-17,09:20:00,25213.05,25232.9,25206.5,25211,
NSE,NIFTY,2025-07-17,09:25:00,25210.1,25227.7,25199.3,25217.55,
NSE,NIFTY,2025-07-17,09:30:00,25218,25225.4,25201.05,25201.45,
NSE,NIFTY,2025-07-17,09:35:00,25200.5,25202.4,25178.85,25181.5,
NSE,NIFTY,2025-07-17,09:40:00,25179.85,25192.95,25179.3,25189.8,
NSE,NIFTY,2025-07-17,09:45:00,25189.35,25199.4,25182.1,25188.3,
NSE,NIFTY,2025-07-17,09:50:00,25187.95,25193.85,25180.85,25183.2,
NSE,NIFTY,2025-07-17,09:55:00,25182.7,25196.65,25181,25192,
NSE,NIFTY,2025-07-17,10:00:00,25192.45,25196.3,25186.15,25186.5,
NSE,NIFTY,2025-07-17,10:05:00,25187.7,25191.8,25183.3,25186.5,
NSE,NIFTY,2025-07-17,10:10:00,25187.1,25187.75,25163.6,25169.55,
NSE,NIFTY,2025-07-17,10:15:00,25171.15,25175.65,25159.7,25160.95,
NSE,NIFTY,2025-07-17,10:20:00,25161.7,25165.2,25150.7,25157.25,
NSE,NIFTY,2025-07-17,10:25:00,25158.15,25162.5,25152.35,25161.75,
NSE,NIFTY,2025-07-17,10:30:00,25161.3,25165.25,25152.6,25153.35,
NSE,NIFTY,2025-07-17,10:35:00,25152.95,25159.85,25144,25153.8,
NSE,NIFTY,2025-07-17,10:40:00,25153.55,25158.8,25146.65,25150.1,
NSE,NIFTY,2025-07-17,10:45:00,25149.85,25153.8,25147.55,25149.3,
NSE,NIFTY,2025-07-17,10:50:00,25149.6,25158.9,25149.6,25156.45,
NSE,NIFTY,2025-07-17,10:55:00,25155.95,25167.6,25152.7,25165.1,
NSE,NIFTY,2025-07-17,11:00:00,25165.35,25171.1,25160.5,25167.6,
NSE,NIFTY,2025-07-17,11:05:00,25166.7,25167.65,25157.3,25158.15,
NSE,NIFTY,2025-07-17,11:10:00,25158.6,25162.7,25150.95,25152.75,
NSE,NIFTY,2025-07-17,11:15:00,25153.4,25200.1,25151.25,25170.9,
NSE,NIFTY,2025-07-17,11:20:00,25171.1,25181.8,25167.1,25180.15,
NSE,NIFTY,2025-07-17,11:25:00,25179.7,25186.15,25174.75,25181.85,
NSE,NIFTY,2025-07-17,11:30:00,25181.85,25188.9,25179.5,25182.85,
NSE,NIFTY,2025-07-17,11:35:00,25183.5,25189.7,25178.45,25182.6,
NSE,NIFTY,2025-07-17,11:40:00,25181.95,25205.1,25180.2,25197.9,
NSE,NIFTY,2025-07-17,11:45:00,25198.95,25205.2,25189.8,25195.8,
NSE,NIFTY,2025-07-17,11:50:00,25195.75,25199.3,25189.55,25192.45,
NSE,NIFTY,2025-07-17,11:55:00,25192.65,25196.3,25184.45,25189.1,
NSE,NIFTY,2025-07-17,12:00:00,25188.95,25193.45,25182.25,25190,
NSE,NIFTY,2025-07-17,12:05:00,25190.3,25193.45,25186.2,25189.5,
NSE,NIFTY,2025-07-17,12:10:00,25189.7,25192.35,25181.15,25187.4,
NSE,NIFTY,2025-07-17,12:15:00,25187.55,25189.25,25182.85,25184.6,
NSE,NIFTY,2025-07-17,12:20:00,25185.1,25186.65,25175.25,25180.95,
NSE,NIFTY,2025-07-17,12:25:00,25181.05,25182.8,25173.95,25177.3,
NSE,NIFTY,2025-07-17,12:30:00,25177.05,25183,25174.1,25179.1,
NSE,NIFTY,2025-07-17,12:35:00,25178.8,25180.85,25172.7,25176.9,
NSE,NIFTY,2025-07-17,12:40:00,25176.75,25179.3,25168.45,25171.85,
NSE,NIFTY,2025-07-17,12:45:00,25172,25210.45,25169.7,25188.25,
NSE,NIFTY,2025-07-17,12:50:00,25187.65,25192.1,25174.45,25177.6,
NSE,NIFTY,2025-07-17,12:55:00,25178.1,25184.3,25174.85,25180.2,
NSE,NIFTY,2025-07-17,13:00:00,25180.15,25180.5,25174.65,25176.9,
NSE,NIFTY,2025-07-17,13:05:00,25176.9,25182.75,25169.45,25172.45,
NSE,NIFTY,2025-07-17,13:10:00,25172.45,25172.45,25163.65,25171.2,
NSE,NIFTY,2025-07-17,13:15:00,25170.75,25170.85,25163.6,25168.35,
NSE,NIFTY,2025-07-17,13:20:00,25168.5,25174.35,25162.35,25163.3,
NSE,NIFTY,2025-07-17,13:25:00,25165,25168,25155.55,25160.75,
NSE,NIFTY,2025-07-17,13:30:00,25161.3,25167.8,25157.15,25165.15,
NSE,NIFTY,2025-07-17,13:35:00,25165.05,25167.75,25160.4,25167.45,
NSE,NIFTY,2025-07-17,13:40:00,25167.25,25172.75,25165.9,25168.5,
NSE,NIFTY,2025-07-17,13:45:00,25167.75,25172.45,25166,25166.8,
NSE,NIFTY,2025-07-17,13:50:00,25166.7,25167.3,25160.7,25163.65,
NSE,NIFTY,2025-07-17,13:55:00,25162.95,25194.5,25162.05,25178.75,
NSE,NIFTY,2025-07-17,14:00:00,25177.4,25182,25175.45,25182,
NSE,NIFTY,2025-07-17,14:05:00,25180.75,25181.45,25164.65,25168.15,
NSE,NIFTY,2025-07-17,14:10:00,25168.25,25177.15,25164.35,25166.7,
NSE,NIFTY,2025-07-17,14:15:00,25166.45,25167.25,25149.25,25160.9,
NSE,NIFTY,2025-07-17,14:20:00,25161.35,25163.05,25140.85,25146.3,
NSE,NIFTY,2025-07-17,14:25:00,25146.65,25152.1,25136.95,25151.55,
NSE,NIFTY,2025-07-17,14:30:00,25150.7,25151.95,25124.45,25127.85,
NSE,NIFTY,2025-07-17,14:35:00,25129.6,25145.25,25126.8,25138.8,
NSE,NIFTY,2025-07-17,14:40:00,25139.05,25151.75,25137.7,25145.25,
NSE,NIFTY,2025-07-17,14:45:00,25145.5,25145.85,25132.4,25135.6,
NSE,NIFTY,2025-07-17,14:50:00,25135.5,25139.3,25115.85,25121.8,
NSE,NIFTY,2025-07-17,14:55:00,25121.45,25126.6,25107.25,25120.8,
NSE,NIFTY,2025-07-17,15:00:00,25119.5,25127.9,25110.4,25116.7,
NSE,NIFTY,2025-07-17,15:05:00,25117.2,25118.1,25102.3,25112,
NSE,NIFTY,2025-07-17,15:10:00,25113.1,25120.85,25103.9,25115.45,
NSE,NIFTY,2025-07-17,15:15:00,25114.35,25122.8,25107.25,25114.15,
NSE,NIFTY,2025-07-17,15:20:00,25114.65,25118.6,25109.3,25111.8,
NSE,NIFTY,2025-07-17,15:25:00,25111.5,25114.7,25106.25,25111.8,
NSE,NIFTY,2025-07-17,15:30:00,25112.25,25121.9,25106.6,25110.25,
NSE,NIFTY,2025-07-17,15:35:00,25110.25,25111.45,25110.25,25111.45,
NSE,NIFTY,2025-07-17,15:40:00,25111.45,25111.45,25111.45,25111.45,
NSE,NIFTY,2025-07-17,15:45:00,25111.45,25111.45,25111.45,25111.45,
NSE,NIFTY,2025-07-17,15:50:00,25111.45,25111.45,25111.45,25111.45,
NSE,NIFTY,2025-07-17,15:55:00,25111.45,25111.45,25111.45,25111.45,
NSE,NIFTY,2025-07-17,16:00:00,25111.45,25111.45,25111.45,25111.45,
NSE,NIFTY,2025-07-18,07:30:00,25111.45,25111.45,25111.45,25111.45,
NSE,NIFTY,2025-07-18,07:35:00,25111.45,25111.45,25111.45,25111.45,
NSE,NIFTY,2025-07-18,07:40:00,25111.45,25111.45,25111.45,25111.45,
NSE,NIFTY,2025-07-18,07:45:00,25111.45,25111.45,25111.45,25111.45,
NSE,NIFTY,2025-07-18,07:50:00,25111.45,25111.45,25111.45,25111.45,
NSE,NIFTY,2025-07-18,07:55:00,25111.45,25111.45,25111.45,25111.45,
NSE,NIFTY,2025-07-18,08:00:00,25111.45,25111.45,25111.45,25111.45,
NSE,NIFTY,2025-07-18,08:05:00,25111.45,25111.45,25111.45,25111.45,
NSE,NIFTY,2025-07-18,08:10:00,25111.45,25111.45,25111.45,25111.45,
NSE,NIFTY,2025-07-18,08:15:00,25111.45,25111.45,25111.45,25111.45,
NSE,NIFTY,2025-07-18,08:20:00,25111.45,25111.45,25111.45,25111.45,
NSE,NIFTY,2025-07-18,08:25:00,25111.45,25111.45,25111.45,25111.45,
NSE,NIFTY,2025-07-18,08:30:00,25111.45,25111.45,25111.45,25111.45,
NSE,NIFTY,2025-07-18,08:35:00,25111.45,25111.45,25111.45,25111.45,
NSE,NIFTY,2025-07-18,08:40:00,25111.45,25111.45,25111.45,25111.45,
NSE,NIFTY,2025-07-18,08:45:00,25111.45,25111.45,25111.45,25111.45,
NSE,NIFTY,2025-07-18,08:50:00,25111.45,25111.45,25111.45,25111.45,
NSE,NIFTY,2025-07-18,08:55:00,25111.45,25111.45,25111.45,25111.45,
NSE,NIFTY,2025-07-18,09:00:00,25111.45,25115.5,24987.05,25093.95,
NSE,NIFTY,2025-07-18,09:05:00,25094.9,25165.05,25078.45,25102.7,
NSE,NIFTY,2025-07-18,09:10:00,25101.35,25137.35,25079.7,25108.55,
NSE,NIFTY,2025-07-18,09:15:00,25108.55,25144.2,25103.75,25118.55,
NSE,NIFTY,2025-07-18,09:20:00,25120.9,25123.3,25083.4,25090.05,
NSE,NIFTY,2025-07-18,09:25:00,25090.25,25097,25077.8,25078.85,
NSE,NIFTY,2025-07-18,09:30:00,25079.4,25079.55,25061.6,25075.15,
NSE,NIFTY,2025-07-18,09:35:00,25074.1,25080.85,25070.15,25071.75,
NSE,NIFTY,2025-07-18,09:40:00,25071.5,25086.15,25070,25073.15,
NSE,NIFTY,2025-07-18,09:45:00,25072.4,25073.05,25039.7,25039.7,
NSE,NIFTY,2025-07-18,09:50:00,25039.5,25041.15,25026.45,25032.9,
NSE,NIFTY,2025-07-18,09:55:00,25032.2,25050.2,25031.85,25045.05,
NSE,NIFTY,2025-07-18,10:00:00,25044.3,25047.25,25036.25,25037.1,
NSE,NIFTY,2025-07-18,10:05:00,25036.95,25037.35,25018.15,25023.85,
NSE,NIFTY,2025-07-18,10:10:00,25024.05,25027.2,25011.9,25013.75,
NSE,NIFTY,2025-07-18,10:15:00,25012.6,25017.2,25004.25,25004.5,
NSE,NIFTY,2025-07-18,10:20:00,25004.25,25004.25,24952.4,24952.65,
NSE,NIFTY,2025-07-18,10:25:00,24950.75,24965.8,24938.6,24962,
NSE,NIFTY,2025-07-18,10:30:00,24964.9,24967.8,24940.9,24941.05,
NSE,NIFTY,2025-07-18,10:35:00,24942.75,24951.3,24931.4,24947.2,
NSE,NIFTY,2025-07-18,10:40:00,24947.4,24962.6,24946.8,24951.8,
NSE,NIFTY,2025-07-18,10:45:00,24951.55,24951.55,24938.1,24939.4,
NSE,NIFTY,2025-07-18,10:50:00,24940,24952.95,24936.5,24944.85,
NSE,NIFTY,2025-07-18,10:55:00,24943.9,24952.4,24942.2,24947.1,
NSE,NIFTY,2025-07-18,11:00:00,24946.95,24953.05,24927,24927.4,
NSE,NIFTY,2025-07-18,11:05:00,24927.55,24955.95,24925.6,24952.75,
NSE,NIFTY,2025-07-18,11:10:00,24952.5,24958.1,24948.4,24951.55,
NSE,NIFTY,2025-07-18,11:15:00,24951.2,24961.45,24949.35,24959.55,
NSE,NIFTY,2025-07-18,11:20:00,24959.3,24962,24954.55,24954.9,
NSE,NIFTY,2025-07-18,11:25:00,24954.35,24968.95,24954.15,24965.7,
NSE,NIFTY,2025-07-18,11:30:00,24965.15,24976.55,24963.95,24968.9,
NSE,NIFTY,2025-07-18,11:35:00,24968.5,24972.9,24956.4,24958.45,
NSE,NIFTY,2025-07-18,11:40:00,24958.55,24958.75,24948.65,24951,
NSE,NIFTY,2025-07-18,11:45:00,24951.15,24952.9,24920.65,24936.15,
NSE,NIFTY,2025-07-18,11:50:00,24936.55,24953.3,24935.5,24952.9,
NSE,NIFTY,2025-07-18,11:55:00,24952.55,24963.55,24949.2,24958.2,
NSE,NIFTY,2025-07-18,12:00:00,24958.05,24961.2,24948.15,24950.85,
NSE,NIFTY,2025-07-18,12:05:00,24951.95,24953.55,24939.45,24946.85,
NSE,NIFTY,2025-07-18,12:10:00,24946.85,24949.15,24940.55,24943.95,
NSE,NIFTY,2025-07-18,12:15:00,24943.55,24944.8,24932.1,24933.05,
NSE,NIFTY,2025-07-18,12:20:00,24932.3,24938.55,24919,24922.5,
NSE,NIFTY,2025-07-18,12:25:00,24922.9,24937.1,24922.1,24933.7,
NSE,NIFTY,2025-07-18,12:30:00,24933.75,24943.75,24932.75,24943.1,
NSE,NIFTY,2025-07-18,12:35:00,24943.05,24944,24935.55,24937.25,
NSE,NIFTY,2025-07-18,12:40:00,24937.5,24946.75,24929.3,24943.35,
NSE,NIFTY,2025-07-18,12:45:00,24942.65,24951.8,24933.25,24934.85,
NSE,NIFTY,2025-07-18,12:50:00,24934.95,24942.9,24932.5,24940.9,
NSE,NIFTY,2025-07-18,12:55:00,24941.2,24941.5,24931.05,24934.5,
NSE,NIFTY,2025-07-18,13:00:00,24933.9,24959.65,24932.25,24959.65,
NSE,NIFTY,2025-07-18,13:05:00,24959.4,24991.2,24949.55,24953.05,
NSE,NIFTY,2025-07-18,13:10:00,24953.15,24953.9,24941.05,24944.8,
NSE,NIFTY,2025-07-18,13:15:00,24945.2,24951.7,24941.9,24948.8,
NSE,NIFTY,2025-07-18,13:20:00,24948.5,24951.65,24937.8,24940.25,
NSE,NIFTY,2025-07-18,13:25:00,24940.15,24946.6,24935.55,24946.4,
NSE,NIFTY,2025-07-18,13:30:00,24946,24949.35,24943,24945.15,
NSE,NIFTY,2025-07-18,13:35:00,24944.55,24957.2,24941.8,24954.75,
NSE,NIFTY,2025-07-18,13:40:00,24954.55,24962.65,24953.85,24962.65,
NSE,NIFTY,2025-07-18,13:45:00,24961.9,24971.35,24958.45,24969.4,
NSE,NIFTY,2025-07-18,13:50:00,24971.3,24971.3,24951.65,24954.4,
NSE,NIFTY,2025-07-18,13:55:00,24954.25,24959.35,24949.65,24950.7,
NSE,NIFTY,2025-07-18,14:00:00,24950.35,24994.25,24949.3,24959.75,
NSE,NIFTY,2025-07-18,14:05:00,24959.75,24970.65,24959.15,24965.95,
NSE,NIFTY,2025-07-18,14:10:00,24965.75,24969.5,24959.75,24965.15,
NSE,NIFTY,2025-07-18,14:15:00,24965.2,24972.4,24963.7,24968.8,
NSE,NIFTY,2025-07-18,14:20:00,24968.3,24971.7,24958.1,24967.25,
NSE,NIFTY,2025-07-18,14:25:00,24966.75,24976.75,24964.85,24976.1,
NSE,NIFTY,2025-07-18,14:30:00,24976.5,24990.8,24968.65,24988.9,
NSE,NIFTY,2025-07-18,14:35:00,24988.95,25005.2,24983.85,25001.7,
NSE,NIFTY,2025-07-18,14:40:00,25001.1,25002,24976.3,24981.9,
NSE,NIFTY,2025-07-18,14:45:00,24981.8,24984,24956.1,24957.4,
NSE,NIFTY,2025-07-18,14:50:00,24957.7,24971.1,24952.95,24963.2,
NSE,NIFTY,2025-07-18,14:55:00,24964.2,24972.95,24959.85,24969.35,
NSE,NIFTY,2025-07-18,15:00:00,24970.45,24980.9,24963.1,24977,
NSE,NIFTY,2025-07-18,15:05:00,24976.55,24977.35,24962.7,24965.65,
NSE,NIFTY,2025-07-18,15:10:00,24965.8,24973.35,24962.95,24967.95,
NSE,NIFTY,2025-07-18,15:15:00,24967.35,24975.7,24966.35,24971.4,
NSE,NIFTY,2025-07-18,15:20:00,24971.85,24973.25,24964.4,24967.1,
NSE,NIFTY,2025-07-18,15:25:00,24967.4,24976.35,24963.55,24974.65,
NSE,NIFTY,2025-07-18,15:30:00,24975.55,24978.4,24963.3,24967.4,
NSE,NIFTY,2025-07-18,15:35:00,24967.4,24968.4,24967.4,24968.4,
NSE,NIFTY,2025-07-18,15:40:00,24968.4,24968.4,24968.4,24968.4,
NSE,NIFTY,2025-07-18,15:45:00,24968.4,24968.4,24968.4,24968.4,
NSE,NIFTY,2025-07-18,15:50:00,24968.4,24968.4,24968.4,24968.4,
NSE,NIFTY,2025-07-18,15:55:00,24968.4,24968.4,24968.4,24968.4,
NSE,NIFTY,2025-07-18,16:00:00,24968.4,24968.4,24968.4,24968.4,
NSE,NIFTY,2025-07-21,07:30:00,24968.4,24968.4,24968.4,24968.4,
NSE,NIFTY,2025-07-21,07:35:00,24968.4,24968.4,24968.4,24968.4,
NSE,NIFTY,2025-07-21,07:40:00,24968.4,24968.4,24968.4,24968.4,
NSE,NIFTY,2025-07-21,07:45:00,24968.4,24968.4,24968.4,24968.4,
NSE,NIFTY,2025-07-21,07:50:00,24968.4,24968.4,24968.4,24968.4,
NSE,NIFTY,2025-07-21,07:55:00,24968.4,24968.4,24968.4,24968.4,
NSE,NIFTY,2025-07-21,08:00:00,24968.4,24968.4,24968.4,24968.4,
NSE,NIFTY,2025-07-21,08:05:00,24968.4,24968.4,24968.4,24968.4,
NSE,NIFTY,2025-07-21,08:10:00,24968.4,24968.4,24968.4,24968.4,
NSE,NIFTY,2025-07-21,08:15:00,24968.4,24968.4,24968.4,24968.4,
NSE,NIFTY,2025-07-21,08:20:00,24968.4,24968.4,24968.4,24968.4,
NSE,NIFTY,2025-07-21,08:25:00,24968.4,24968.4,24968.4,24968.4,
NSE,NIFTY,2025-07-21,08:30:00,24968.4,24968.4,24968.4,24968.4,
NSE,NIFTY,2025-07-21,08:35:00,24968.4,24968.4,24968.4,24968.4,
NSE,NIFTY,2025-07-21,08:40:00,24968.4,24968.4,24968.4,24968.4,
NSE,NIFTY,2025-07-21,08:45:00,24968.4,24968.4,24968.4,24968.4,
NSE,NIFTY,2025-07-21,08:50:00,24968.4,24968.4,24968.4,24968.4,
NSE,NIFTY,2025-07-21,08:55:00,24968.4,24968.4,24968.4,24968.4,
NSE,NIFTY,2025-07-21,09:00:00,24968.4,25051.8,24661.2,25042.05,
NSE,NIFTY,2025-07-21,09:05:00,25050,25098.75,25008.55,25034.7,
NSE,NIFTY,2025-07-21,09:10:00,25036,25036.75,24993.6,24999,
NSE,NIFTY,2025-07-21,09:15:00,24999,25031.2,24964.25,24970.3,
NSE,NIFTY,2025-07-21,09:20:00,24969,24973.9,24946.8,24948.4,
NSE,NIFTY,2025-07-21,09:25:00,24949.7,24952.65,24904.55,24904.55,
NSE,NIFTY,2025-07-21,09:30:00,24906.4,24911.9,24895.1,24908.9,
NSE,NIFTY,2025-07-21,09:35:00,24907.3,24916.05,24882.5,24894.1,
NSE,NIFTY,2025-07-21,09:40:00,24892.6,24916.9,24892.4,24911.1,
NSE,NIFTY,2025-07-21,09:45:00,24910.4,24944.5,24910.1,24934.55,
NSE,NIFTY,2025-07-21,09:50:00,24934.75,25010.85,24934.75,25010.1,
NSE,NIFTY,2025-07-21,09:55:00,25008,25044.7,25000.6,25039.75,
NSE,NIFTY,2025-07-21,10:00:00,25039.5,25048.75,25031.5,25040.3,
NSE,NIFTY,2025-07-21,10:05:00,25039.15,25046.05,25024.2,25042,
NSE,NIFTY,2025-07-21,10:10:00,25040.95,25062.8,25033.75,25062.5,
NSE,NIFTY,2025-07-21,10:15:00,25062.4,25070.75,25047.9,25053.2,
NSE,NIFTY,2025-07-21,10:20:00,25052.7,25054.1,25040.6,25050.85,
NSE,NIFTY,2025-07-21,10:25:00,25051.4,25051.95,25035.45,25039.05,
NSE,NIFTY,2025-07-21,10:30:00,25038.55,25052.35,25037.45,25046.1,
NSE,NIFTY,2025-07-21,10:35:00,25046.55,25063.4,25046.45,25058.8,
NSE,NIFTY,2025-07-21,10:40:00,25059.55,25061.95,25048.45,25053.35,
NSE,NIFTY,2025-07-21,10:45:00,25053.25,25061.65,25047,25056.65,
NSE,NIFTY,2025-07-21,10:50:00,25056.8,25058.15,25045.3,25050.9,
NSE,NIFTY,2025-07-21,10:55:00,25050.2,25051.15,25036.5,25049.95,
NSE,NIFTY,2025-07-21,11:00:00,25049.7,25066.4,25047.1,25064.5,
NSE,NIFTY,2025-07-21,11:05:00,25065.5,25070.45,25054.95,25065.15,
NSE,NIFTY,2025-07-21,11:10:00,25063.6,25079.3,25061.7,25076.75,
NSE,NIFTY,2025-07-21,11:15:00,25076.15,25076.5,25061.8,25065.15,
NSE,NIFTY,2025-07-21,11:20:00,25064.45,25071.3,25060.25,25062.3,
NSE,NIFTY,2025-07-21,11:25:00,25062,25066.05,25054.25,25058.15,
NSE,NIFTY,2025-07-21,11:30:00,25058.05,25060.25,25052.3,25057.45,
NSE,NIFTY,2025-07-21,11:35:00,25058.25,25066.45,25056.85,25066.35,
NSE,NIFTY,2025-07-21,11:40:00,25066.75,25066.75,25041.75,25043.4,
NSE,NIFTY,2025-07-21,11:45:00,25043.65,25045.9,25000.1,25017.9,
NSE,NIFTY,2025-07-21,11:50:00,25018.6,25029.2,25009.55,25019.45,
NSE,NIFTY,2025-07-21,11:55:00,25019.3,25037.7,25017.95,25037.25,
NSE,NIFTY,2025-07-21,12:00:00,25039.15,25047.5,25033.95,25043.95,
NSE,NIFTY,2025-07-21,12:05:00,25043.75,25044.35,25033.2,25037.3,
NSE,NIFTY,2025-07-21,12:10:00,25036.95,25043.8,25033.85,25042.95,
NSE,NIFTY,2025-07-21,12:15:00,25043.65,25047.45,25039.4,25044,
NSE,NIFTY,2025-07-21,12:20:00,25043.35,25048.2,25028.1,25047.4,
NSE,NIFTY,2025-07-21,12:25:00,25046.65,25049.9,25043.45,25048.15,
NSE,NIFTY,2025-07-21,12:30:00,25048.25,25050.7,25019.65,25019.75,
NSE,NIFTY,2025-07-21,12:35:00,25019.3,25044.45,25010,25043.6,
NSE,NIFTY,2025-07-21,12:40:00,25043.35,25044.4,25040.65,25041.6,
NSE,NIFTY,2025-07-21,12:45:00,25042.1,25048.15,25038.7,25048,
NSE,NIFTY,2025-07-21,12:50:00,25048.85,25056.7,25047.6,25056.25,
NSE,NIFTY,2025-07-21,12:55:00,25056.4,25056.75,25044.3,25048.65,
NSE,NIFTY,2025-07-21,13:00:00,25049.15,25049.25,25039.3,25044.5,
NSE,NIFTY,2025-07-21,13:05:00,25045.55,25054,25040.25,25053.45,
NSE,NIFTY,2025-07-21,13:10:00,25054.15,25059.2,25048.5,25057.85,
NSE,NIFTY,2025-07-21,13:15:00,25058.65,25058.7,25041.6,25044.15,
NSE,NIFTY,2025-07-21,13:20:00,25044.75,25051.95,25039.95,25046,
NSE,NIFTY,2025-07-21,13:25:00,25046.7,25048.5,25039.5,25039.7,
NSE,NIFTY,2025-07-21,13:30:00,25039.95,25046.8,25037.35,25043,
NSE,NIFTY,2025-07-21,13:35:00,25042.85,25052.35,25041.9,25051.55,
NSE,NIFTY,2025-07-21,13:40:00,25052.45,25053.1,25043.65,25045.65,
NSE,NIFTY,2025-07-21,13:45:00,25047.55,25051.3,25040.5,25042.6,
NSE,NIFTY,2025-07-21,13:50:00,25044.3,25044.65,25028.05,25028.05,
NSE,NIFTY,2025-07-21,13:55:00,25030.45,25030.45,25018.25,25022.4,
NSE,NIFTY,2025-07-21,14:00:00,25022.25,25026.25,24988.1,25012.45,
NSE,NIFTY,2025-07-21,14:05:00,25012.7,25024.9,25006.6,25020.7,
NSE,NIFTY,2025-07-21,14:10:00,25020.5,25030.4,25019.55,25028.65,
NSE,NIFTY,2025-07-21,14:15:00,25029.05,25034.95,25022.15,25026.25,
NSE,NIFTY,2025-07-21,14:20:00,25025.9,25030.9,25022.35,25028.85,
NSE,NIFTY,2025-07-21,14:25:00,25029.4,25039.95,25027.7,25035.95,
NSE,NIFTY,2025-07-21,14:30:00,25035.55,25036.35,25030.25,25034.5,
NSE,NIFTY,2025-07-21,14:35:00,25034.9,25036,25022.7,25022.8,
NSE,NIFTY,2025-07-21,14:40:00,25022.65,25023.8,25000,25015.2,
NSE,NIFTY,2025-07-21,14:45:00,25015.7,25031.95,25014.5,25030.15,
NSE,NIFTY,2025-07-21,14:50:00,25030.5,25035.9,25029.9,25034.7,
NSE,NIFTY,2025-07-21,14:55:00,25034.65,25045.05,25033.75,25040.55,
NSE,NIFTY,2025-07-21,15:00:00,25039.7,25068.5,25039.7,25067.15,
NSE,NIFTY,2025-07-21,15:05:00,25069.15,25084.45,25067.5,25079.45,
NSE,NIFTY,2025-07-21,15:10:00,25081.2,25085.15,25070.35,25078.3,
NSE,NIFTY,2025-07-21,15:15:00,25079.3,25090.55,25074.6,25089,
NSE,NIFTY,2025-07-21,15:20:00,25090.2,25099.8,25084.25,25099.4,
NSE,NIFTY,2025-07-21,15:25:00,25099.2,25111.35,25098.5,25099.5,
NSE,NIFTY,2025-07-21,15:30:00,25101.65,25107,25089.85,25095.65,
NSE,NIFTY,2025-07-21,15:35:00,25095.65,25095.65,25090.7,25090.7,
NSE,NIFTY,2025-07-21,15:40:00,25090.7,25090.7,25090.7,25090.7,
NSE,NIFTY,2025-07-21,15:45:00,25090.7,25090.7,25090.7,25090.7,
NSE,NIFTY,2025-07-21,15:50:00,25090.7,25090.7,25090.7,25090.7,
NSE,NIFTY,2025-07-21,15:55:00,25090.7,25090.7,25090.7,25090.7,
NSE,NIFTY,2025-07-21,16:00:00,25090.7,25090.7,25090.7,25090.7,
NSE,NIFTY,2025-07-22,07:30:00,25090.7,25090.7,25090.7,25090.7,
NSE,NIFTY,2025-07-22,07:35:00,25090.7,25090.7,25090.7,25090.7,
NSE,NIFTY,2025-07-22,07:40:00,25090.7,25090.7,25090.7,25090.7,
NSE,NIFTY,2025-07-22,07:45:00,25090.7,25090.7,25090.7,25090.7,
NSE,NIFTY,2025-07-22,07:50:00,25090.7,25090.7,25090.7,25090.7,
NSE,NIFTY,2025-07-22,07:55:00,25090.7,25090.7,25090.7,25090.7,
NSE,NIFTY,2025-07-22,08:00:00,25090.7,25090.7,25090.7,25090.7,
NSE,NIFTY,2025-07-22,08:05:00,25090.7,25090.7,25090.7,25090.7,
NSE,NIFTY,2025-07-22,08:10:00,25090.7,25090.7,25090.7,25090.7,
NSE,NIFTY,2025-07-22,08:15:00,25090.7,25090.7,25090.7,25090.7,
NSE,NIFTY,2025-07-22,08:20:00,25090.7,25090.7,25090.7,25090.7,
NSE,NIFTY,2025-07-22,08:25:00,25090.7,25090.7,25090.7,25090.7,
NSE,NIFTY,2025-07-22,08:30:00,25090.7,25090.7,25090.7,25090.7,
NSE,NIFTY,2025-07-22,08:35:00,25090.7,25090.7,25090.7,25090.7,
NSE,NIFTY,2025-07-22,08:40:00,25090.7,25090.7,25090.7,25090.7,
NSE,NIFTY,2025-07-22,08:45:00,25090.7,25090.7,25090.7,25090.7,
NSE,NIFTY,2025-07-22,08:50:00,25090.7,25090.7,25090.7,25090.7,
NSE,NIFTY,2025-07-22,08:55:00,25090.7,25090.7,25090.7,25090.7,
NSE,NIFTY,2025-07-22,09:00:00,25090.7,25257.3,25081.95,25133.45,
NSE,NIFTY,2025-07-22,09:05:00,25130.05,25180.2,25122.2,25169.85,
NSE,NIFTY,2025-07-22,09:10:00,25169.85,25180.3,25141.65,25166.65,
NSE,NIFTY,2025-07-22,09:15:00,25166.65,25171.45,25128.95,25138.1,
NSE,NIFTY,2025-07-22,09:20:00,25137.8,25165.35,25123.1,25125.35,
NSE,NIFTY,2025-07-22,09:25:00,25122.5,25145.65,25116.6,25140.7,
NSE,NIFTY,2025-07-22,09:30:00,25139.75,25140.65,25116.45,25120.1,
NSE,NIFTY,2025-07-22,09:35:00,25121.7,25140.95,25113.85,25115.55,
NSE,NIFTY,2025-07-22,09:40:00,25115.45,25123.15,25102.3,25107.95,
NSE,NIFTY,2025-07-22,09:45:00,25108.85,25113.05,25089.6,25106.8,
NSE,NIFTY,2025-07-22,09:50:00,25105.8,25131.6,25105.8,25117.9,
NSE,NIFTY,2025-07-22,09:55:00,25118.25,25125.9,25110.05,25111.8,
NSE,NIFTY,2025-07-22,10:00:00,25112.05,25113,25090.7,25101.4,
NSE,NIFTY,2025-07-22,10:05:00,25101.2,25102.25,25086.1,25087.2,
NSE,NIFTY,2025-07-22,10:10:00,25087.7,25102.7,25086.65,25095.65,
NSE,NIFTY,2025-07-22,10:15:00,25096.3,25113.2,25095.9,25113.2,
NSE,NIFTY,2025-07-22,10:20:00,25112.95,25121.85,25104.45,25121.85,
NSE,NIFTY,2025-07-22,10:25:00,25121.2,25123.8,25114.75,25120.9,
NSE,NIFTY,2025-07-22,10:30:00,25121.1,25121.8,25097.45,25099.8,
NSE,NIFTY,2025-07-22,10:35:00,25098.65,25105.85,25096.35,25098.35,
NSE,NIFTY,2025-07-22,10:40:00,25098.2,25104.8,25091.95,25095.3,
NSE,NIFTY,2025-07-22,10:45:00,25096.6,25096.85,25076.6,25080.35,
NSE,NIFTY,2025-07-22,10:50:00,25081.4,25100.05,25081.05,25097.85,
NSE,NIFTY,2025-07-22,10:55:00,25097.55,25100.2,25086.1,25093.3,
NSE,NIFTY,2025-07-22,11:00:00,25093.4,25093.95,25080.85,25082.95,
NSE,NIFTY,2025-07-22,11:05:00,25082.7,25088.3,25075.1,25076.9,
NSE,NIFTY,2025-07-22,11:10:00,25076.05,25077.6,25055.85,25060.35,
NSE,NIFTY,2025-07-22,11:15:00,25059.5,25072.45,25059.5,25070.95,
NSE,NIFTY,2025-07-22,11:20:00,25070.1,25072.35,25047.15,25054.5,
NSE,NIFTY,2025-07-22,11:25:00,25055.2,25063,25051.45,25061.95,
NSE,NIFTY,2025-07-22,11:30:00,25062,25064.6,25057.75,25059.65,
NSE,NIFTY,2025-07-22,11:35:00,25059,25061.1,25048.75,25058.25,
NSE,NIFTY,2025-07-22,11:40:00,25058.55,25061.25,25053.45,25059.7,
NSE,NIFTY,2025-07-22,11:45:00,25058.75,25064.5,25053.85,25064.1,
NSE,NIFTY,2025-07-22,11:50:00,25063.8,25071,25059.9,25061,
NSE,NIFTY,2025-07-22,11:55:00,25060.55,25070.65,25035.75,25070.1,
NSE,NIFTY,2025-07-22,12:00:00,25069.5,25087.6,25069.5,25085.3,
NSE,NIFTY,2025-07-22,12:05:00,25085.8,25086.2,25078.85,25083.65,
NSE,NIFTY,2025-07-22,12:10:00,25083.85,25083.85,25072.1,25075.85,
NSE,NIFTY,2025-07-22,12:15:00,25076.35,25080.55,25071.1,25074.15,
NSE,NIFTY,2025-07-22,12:20:00,25073.95,25085.25,25073.35,25085.15,
NSE,NIFTY,2025-07-22,12:25:00,25085.25,25101.85,25082,25093.95,
NSE,NIFTY,2025-07-22,12:30:00,25094.95,25107.2,25091.85,25105.6,
NSE,NIFTY,2025-07-22,12:35:00,25106.3,25111.85,25103.3,25107.95,
NSE,NIFTY,2025-07-22,12:40:00,25108,25108.6,25100.55,25107.85,
NSE,NIFTY,2025-07-22,12:45:00,25107.4,25110.75,25097.25,25109.6,
NSE,NIFTY,2025-07-22,12:50:00,25109.6,25114.15,25103.75,25109.15,
NSE,NIFTY,2025-07-22,12:55:00,25109.1,25113.8,25105.35,25107.45,
NSE,NIFTY,2025-07-22,13:00:00,25107.35,25118.3,25106.25,25117.8,
NSE,NIFTY,2025-07-22,13:05:00,25117.5,25119.7,25104.05,25104.05,
NSE,NIFTY,2025-07-22,13:10:00,25102.95,25104.3,25078.85,25099.55,
NSE,NIFTY,2025-07-22,13:15:00,25098.9,25100.9,25087.9,25091.95,
NSE,NIFTY,2025-07-22,13:20:00,25092.8,25095.05,25085.3,25089.3,
NSE,NIFTY,2025-07-22,13:25:00,25089.55,25097.05,25089.1,25090.1,
NSE,NIFTY,2025-07-22,13:30:00,25089.35,25090.25,25075.8,25077.75,
NSE,NIFTY,2025-07-22,13:35:00,25077.5,25085,25074.15,25082.5,
NSE,NIFTY,2025-07-22,13:40:00,25082.25,25089.15,25079.05,25080.7,
NSE,NIFTY,2025-07-22,13:45:00,25080.75,25083.3,25073.5,25075.95,
NSE,NIFTY,2025-07-22,13:50:00,25075.7,25081.6,25073.9,25074.7,
NSE,NIFTY,2025-07-22,13:55:00,25074.6,25089.05,25074.4,25089.05,
NSE,NIFTY,2025-07-22,14:00:00,25089.5,25107.3,25085.05,25089.55,
NSE,NIFTY,2025-07-22,14:05:00,25089.05,25102.3,25088.1,25100.6,
NSE,NIFTY,2025-07-22,14:10:00,25100.1,25107.65,25097.6,25104,
NSE,NIFTY,2025-07-22,14:15:00,25104.55,25104.55,25085.5,25089.3,
NSE,NIFTY,2025-07-22,14:20:00,25088.5,25089.55,25079.55,25082.75,
NSE,NIFTY,2025-07-22,14:25:00,25082.35,25083.45,25061.45,25068.25,
NSE,NIFTY,2025-07-22,14:30:00,25068.7,25072.65,25064.35,25066.75,
NSE,NIFTY,2025-07-22,14:35:00,25065.25,25073.9,25063.2,25067.6,
NSE,NIFTY,2025-07-22,14:40:00,25066.8,25073.9,25044.85,25061.5,
NSE,NIFTY,2025-07-22,14:45:00,25061.85,25068.7,25059.25,25066.9,
NSE,NIFTY,2025-07-22,14:50:00,25067.2,25077.6,25066.5,25076.3,
NSE,NIFTY,2025-07-22,14:55:00,25075.95,25080,25070.95,25075.35,
NSE,NIFTY,2025-07-22,15:00:00,25075.85,25077.85,25055.95,25063.55,
NSE,NIFTY,2025-07-22,15:05:00,25063.8,25067.4,25047.9,25055.3,
NSE,NIFTY,2025-07-22,15:10:00,25055.95,25063.5,25048.5,25055.95,
NSE,NIFTY,2025-07-22,15:15:00,25056.55,25065,25055.75,25060.4,
NSE,NIFTY,2025-07-22,15:20:00,25061.1,25065.4,25054.95,25060.4,
NSE,NIFTY,2025-07-22,15:25:00,25060.05,25071.05,25058.55,25068.5,
NSE,NIFTY,2025-07-22,15:30:00,25067.5,25070.85,25056.85,25066.2,
NSE,NIFTY,2025-07-22,15:35:00,25066.2,25066.2,25060.9,25060.9,
NSE,NIFTY,2025-07-22,15:40:00,25060.9,25060.9,25060.9,25060.9,
NSE,NIFTY,2025-07-22,15:45:00,25060.9,25060.9,25060.9,25060.9,
NSE,NIFTY,2025-07-22,15:50:00,25060.9,25060.9,25060.9,25060.9,
NSE,NIFTY,2025-07-22,15:55:00,25060.9,25060.9,25060.9,25060.9,
NSE,NIFTY,2025-07-22,16:00:00,25060.9,25060.9,25060.9,25060.9,
NSE,NIFTY,2025-07-23,07:30:00,25060.9,25060.9,25060.9,25060.9,
NSE,NIFTY,2025-07-23,07:35:00,25060.9,25060.9,25060.9,25060.9,
NSE,NIFTY,2025-07-23,07:40:00,25060.9,25060.9,25060.9,25060.9,
NSE,NIFTY,2025-07-23,07:45:00,25060.9,25060.9,25060.9,25060.9,
NSE,NIFTY,2025-07-23,07:50:00,25060.9,25060.9,25060.9,25060.9,
NSE,NIFTY,2025-07-23,07:55:00,25060.9,25060.9,25060.9,25060.9,
NSE,NIFTY,2025-07-23,08:00:00,25060.9,25060.9,25060.9,25060.9,
NSE,NIFTY,2025-07-23,08:05:00,25060.9,25060.9,25060.9,25060.9,
NSE,NIFTY,2025-07-23,08:10:00,25060.9,25060.9,25060.9,25060.9,
NSE,NIFTY,2025-07-23,08:15:00,25060.9,25060.9,25060.9,25060.9,
NSE,NIFTY,2025-07-23,08:20:00,25060.9,25060.9,25060.9,25060.9,
NSE,NIFTY,2025-07-23,08:25:00,25060.9,25060.9,25060.9,25060.9,
NSE,NIFTY,2025-07-23,08:30:00,25060.9,25060.9,25060.9,25060.9,
NSE,NIFTY,2025-07-23,08:35:00,25060.9,25060.9,25060.9,25060.9,
NSE,NIFTY,2025-07-23,08:40:00,25060.9,25060.9,25060.9,25060.9,
NSE,NIFTY,2025-07-23,08:45:00,25060.9,25060.9,25060.9,25060.9,
NSE,NIFTY,2025-07-23,08:50:00,25060.9,25060.9,25060.9,25060.9,
NSE,NIFTY,2025-07-23,08:55:00,25060.9,25060.9,25060.9,25060.9,
NSE,NIFTY,2025-07-23,09:00:00,25060.9,25123.8,24945,25102.95,
NSE,NIFTY,2025-07-23,09:05:00,25098.65,25185.7,25087.55,25178.45,
NSE,NIFTY,2025-07-23,09:10:00,25181.85,25194.45,25133.9,25139.35,
NSE,NIFTY,2025-07-23,09:15:00,25139.35,25145.4,25113.05,25127.6,
NSE,NIFTY,2025-07-23,09:20:00,25130.9,25143.5,25120.4,25142.3,
NSE,NIFTY,2025-07-23,09:25:00,25141.8,25142.4,25116.9,25122.3,
NSE,NIFTY,2025-07-23,09:30:00,25121.55,25127.2,25105.45,25126.05,
NSE,NIFTY,2025-07-23,09:35:00,25126,25127.4,25105.05,25111.25,
NSE,NIFTY,2025-07-23,09:40:00,25111.55,25122.65,25104.55,25113.1,
NSE,NIFTY,2025-07-23,09:45:00,25112.85,25113.4,25090.95,25096.3,
NSE,NIFTY,2025-07-23,09:50:00,25096.8,25111.6,25085.9,25110.7,
NSE,NIFTY,2025-07-23,09:55:00,25110.05,25113.4,25094.45,25102.85,
NSE,NIFTY,2025-07-23,10:00:00,25102.5,25120.4,25102.5,25116.15,
NSE,NIFTY,2025-07-23,10:05:00,25115.55,25115.55,25094,25094.65,
NSE,NIFTY,2025-07-23,10:10:00,25094.55,25102.1,25090.85,25097.45,
NSE,NIFTY,2025-07-23,10:15:00,25096.9,25113.15,25096.05,25106.05,
NSE,NIFTY,2025-07-23,10:20:00,25105.5,25110.95,25102.1,25110.05,
NSE,NIFTY,2025-07-23,10:25:00,25110.65,25110.65,25095.95,25108.1,
NSE,NIFTY,2025-07-23,10:30:00,25108.05,25112.5,25105.35,25107.7,
NSE,NIFTY,2025-07-23,10:35:00,25107.85,25109.85,25102.05,25105.1,
NSE,NIFTY,2025-07-23,10:40:00,25104.35,25108.35,25097.8,25106,
NSE,NIFTY,2025-07-23,10:45:00,25105.35,25120.55,25103,25118.05,
NSE,NIFTY,2025-07-23,10:50:00,25117.6,25117.9,25112.45,25115.4,
NSE,NIFTY,2025-07-23,10:55:00,25116.75,25132.05,25111.25,25130.3,
NSE,NIFTY,2025-07-23,11:00:00,25129.25,25130.8,25119.55,25122.95,
NSE,NIFTY,2025-07-23,11:05:00,25122.9,25142.3,25122.3,25136.05,
NSE,NIFTY,2025-07-23,11:10:00,25135.55,25136.55,25128.45,25131.1,
NSE,NIFTY,2025-07-23,11:15:00,25131.45,25131.55,25124.6,25128.25,
NSE,NIFTY,2025-07-23,11:20:00,25127.3,25138.1,25126.05,25128.45,
NSE,NIFTY,2025-07-23,11:25:00,25127.25,25127.8,25102.8,25124.4,
NSE,NIFTY,2025-07-23,11:30:00,25124.8,25127.5,25122.7,25126.85,
NSE,NIFTY,2025-07-23,11:35:00,25126.75,25129.45,25123.85,25127.75,
NSE,NIFTY,2025-07-23,11:40:00,25126.85,25130.45,25123.35,25124.35,
NSE,NIFTY,2025-07-23,11:45:00,25124.45,25126.25,25117.25,25124.8,
NSE,NIFTY,2025-07-23,11:50:00,25124.85,25132.9,25123.5,25130.75,
NSE,NIFTY,2025-07-23,11:55:00,25130.4,25132,25123.75,25129.4,
NSE,NIFTY,2025-07-23,12:00:00,25129.3,25138.85,25128.45,25138.85,
NSE,NIFTY,2025-07-23,12:05:00,25138.75,25156.4,25138.55,25155.3,
NSE,NIFTY,2025-07-23,12:10:00,25153.9,25162.65,25150.35,25162.65,
NSE,NIFTY,2025-07-23,12:15:00,25161.8,25162.15,25130.55,25151.8,
NSE,NIFTY,2025-07-23,12:20:00,25154.3,25170.25,25154.3,25168.85,
NSE,NIFTY,2025-07-23,12:25:00,25168.6,25176.5,25167.2,25171.75,
NSE,NIFTY,2025-07-23,12:30:00,25171.1,25175.45,25166.55,25173,
NSE,NIFTY,2025-07-23,12:35:00,25171.65,25173.95,25165.8,25173.95,
NSE,NIFTY,2025-07-23,12:40:00,25173.45,25188.5,25170.2,25184.65,
NSE,NIFTY,2025-07-23,12:45:00,25184.15,25185.7,25170.75,25175.35,
NSE,NIFTY,2025-07-23,12:50:00,25175,25176.3,25164.75,25170.8,
NSE,NIFTY,2025-07-23,12:55:00,25171.25,25173.95,25164.05,25166.4,
NSE,NIFTY,2025-07-23,13:00:00,25166.35,25171.4,25164.65,25168.55,
NSE,NIFTY,2025-07-23,13:05:00,25168.55,25183.05,25168.55,25176.95,
NSE,NIFTY,2025-07-23,13:10:00,25176.35,25178.5,25166.85,25167.1,
NSE,NIFTY,2025-07-23,13:15:00,25166.65,25167.85,25157.6,25157.6,
NSE,NIFTY,2025-07-23,13:20:00,25157.75,25168.75,25157,25164.9,
NSE,NIFTY,2025-07-23,13:25:00,25163.75,25172.2,25139.95,25157.4,
NSE,NIFTY,2025-07-23,13:30:00,25156.45,25168.05,25155.85,25166.8,
NSE,NIFTY,2025-07-23,13:35:00,25168.15,25178.25,25166.95,25177.5,
NSE,NIFTY,2025-07-23,13:40:00,25178.2,25182,25172.05,25173.65,
NSE,NIFTY,2025-07-23,13:45:00,25173.5,25178,25169.9,25173.4,
NSE,NIFTY,2025-07-23,13:50:00,25173.6,25177,25169.25,25174.5,
NSE,NIFTY,2025-07-23,13:55:00,25174.05,25186.05,25173.75,25182.3,
NSE,NIFTY,2025-07-23,14:00:00,25181.75,25195.55,25179.95,25189,
NSE,NIFTY,2025-07-23,14:05:00,25189.4,25191.45,25184.25,25184.75,
NSE,NIFTY,2025-07-23,14:10:00,25184.3,25190.15,25182.65,25186.4,
NSE,NIFTY,2025-07-23,14:15:00,25185.45,25214.35,25185.1,25212.8,
NSE,NIFTY,2025-07-23,14:20:00,25213.65,25218.65,25201.75,25208.4,
NSE,NIFTY,2025-07-23,14:25:00,25208.6,25210,25199.55,25199.9,
NSE,NIFTY,2025-07-23,14:30:00,25200.45,25200.75,25192,25198.75,
NSE,NIFTY,2025-07-23,14:35:00,25199.65,25207.55,25197.45,25207.35,
NSE,NIFTY,2025-07-23,14:40:00,25206.95,25212.7,25202.45,25205.75,
NSE,NIFTY,2025-07-23,14:45:00,25205.4,25211.5,25200.9,25208.8,
NSE,NIFTY,2025-07-23,14:50:00,25209.15,25212.8,25205.95,25210.9,
NSE,NIFTY,2025-07-23,14:55:00,25210.2,25210.95,25203.05,25205.55,
NSE,NIFTY,2025-07-23,15:00:00,25206.25,25223.5,25204.15,25223.15,
NSE,NIFTY,2025-07-23,15:05:00,25223.15,25230.25,25219.7,25226.65,
NSE,NIFTY,2025-07-23,15:10:00,25227.45,25231.95,25227.05,25228.8,
NSE,NIFTY,2025-07-23,15:15:00,25227.95,25233.4,25223.55,25224.9,
NSE,NIFTY,2025-07-23,15:20:00,25226.15,25230.5,25215.7,25217.7,
NSE,NIFTY,2025-07-23,15:25:00,25217.75,25226.4,25217.4,25220.4,
NSE,NIFTY,2025-07-23,15:30:00,25220.25,25223.85,25205.8,25208,
NSE,NIFTY,2025-07-23,15:35:00,25208,25219.9,25208,25219.9,
NSE,NIFTY,2025-07-23,15:40:00,25219.9,25219.9,25219.9,25219.9,
NSE,NIFTY,2025-07-23,15:45:00,25219.9,25219.9,25219.9,25219.9,
NSE,NIFTY,2025-07-23,15:50:00,25219.9,25219.9,25219.9,25219.9,
NSE,NIFTY,2025-07-23,15:55:00,25219.9,25219.9,25219.9,25219.9,
NSE,NIFTY,2025-07-23,16:00:00,25219.9,25219.9,25219.9,25219.9,
NSE,NIFTY,2025-07-24,07:30:00,25219.9,25219.9,25219.9,25219.9,
NSE,NIFTY,2025-07-24,07:35:00,25219.9,25219.9,25219.9,25219.9,
NSE,NIFTY,2025-07-24,07:40:00,25219.9,25219.9,25219.9,25219.9,
NSE,NIFTY,2025-07-24,07:45:00,25219.9,25219.9,25219.9,25219.9,
NSE,NIFTY,2025-07-24,07:50:00,25219.9,25219.9,25219.9,25219.9,
NSE,NIFTY,2025-07-24,07:55:00,25219.9,25219.9,25219.9,25219.9,
NSE,NIFTY,2025-07-24,08:00:00,25219.9,25219.9,25219.9,25219.9,
NSE,NIFTY,2025-07-24,08:05:00,25219.9,25219.9,25219.9,25219.9,
NSE,NIFTY,2025-07-24,08:10:00,25219.9,25219.9,25219.9,25219.9,
NSE,NIFTY,2025-07-24,08:15:00,25219.9,25219.9,25219.9,25219.9,
NSE,NIFTY,2025-07-24,08:20:00,25219.9,25219.9,25219.9,25219.9,
NSE,NIFTY,2025-07-24,08:25:00,25219.9,25219.9,25219.9,25219.9,
NSE,NIFTY,2025-07-24,08:30:00,25219.9,25219.9,25219.9,25219.9,
NSE,NIFTY,2025-07-24,08:35:00,25219.9,25219.9,25219.9,25219.9,
NSE,NIFTY,2025-07-24,08:40:00,25219.9,25219.9,25219.9,25219.9,
NSE,NIFTY,2025-07-24,08:45:00,25219.9,25219.9,25219.9,25219.9,
NSE,NIFTY,2025-07-24,08:50:00,25219.9,25219.9,25219.9,25219.9,
NSE,NIFTY,2025-07-24,08:55:00,25219.9,25219.9,25219.9,25219.9,
NSE,NIFTY,2025-07-24,09:00:00,25219.9,25219.9,24656.75,24994.45,
NSE,NIFTY,2025-07-24,09:05:00,24993.45,25374.45,24993.15,25256.8,
NSE,NIFTY,2025-07-24,09:10:00,25262.7,25262.7,25232.95,25243.3,
NSE,NIFTY,2025-07-24,09:15:00,25243.3,25243.3,25228.35,25229.6,
NSE,NIFTY,2025-07-24,09:20:00,25229.1,25230,25198.4,25206.35,
NSE,NIFTY,2025-07-24,09:25:00,25208,25214.4,25195.7,25200.75,
NSE,NIFTY,2025-07-24,09:30:00,25203.15,25206.6,25183.75,25192.45,
NSE,NIFTY,2025-07-24,09:35:00,25192.45,25195.8,25181,25187.85,
NSE,NIFTY,2025-07-24,09:40:00,25187.85,25196.45,25183.6,25186.45,
NSE,NIFTY,2025-07-24,09:45:00,25186.35,25192.05,25179.35,25186.05,
NSE,NIFTY,2025-07-24,09:50:00,25185.8,25195.9,25172.05,25173.85,
NSE,NIFTY,2025-07-24,09:55:00,25174.2,25175.45,25164.55,25166.3,
NSE,NIFTY,2025-07-24,10:00:00,25165.25,25176,25164.9,25174.35,
NSE,NIFTY,2025-07-24,10:05:00,25173.6,25175.2,25163,25166.7,
NSE,NIFTY,2025-07-24,10:10:00,25167.05,25171.7,25157.95,25160.65,
NSE,NIFTY,2025-07-24,10:15:00,25159.6,25162.1,25155.15,25159.5,
NSE,NIFTY,2025-07-24,10:20:00,25159,25170.7,25154.65,25169.6,
NSE,NIFTY,2025-07-24,10:25:00,25169.25,25172.25,25162.15,25165,
NSE,NIFTY,2025-07-24,10:30:00,25164.7,25175.25,25162.9,25170.8,
NSE,NIFTY,2025-07-24,10:35:00,25169.3,25182.9,25168.05,25179.6,
NSE,NIFTY,2025-07-24,10:40:00,25179.8,25180.3,25168.4,25171.9,
NSE,NIFTY,2025-07-24,10:45:00,25171.95,25173.1,25161.75,25172.85,
NSE,NIFTY,2025-07-24,10:50:00,25172.85,25174.85,25166.25,25169,
NSE,NIFTY,2025-07-24,10:55:00,25169.2,25174.3,25165.95,25170.35,
NSE,NIFTY,2025-07-24,11:00:00,25169.8,25169.8,25163,25166.5,
NSE,NIFTY,2025-07-24,11:05:00,25167,25169.6,25156.4,25160.25,
NSE,NIFTY,2025-07-24,11:10:00,25160.35,25164.35,25154.15,25154.6,
NSE,NIFTY,2025-07-24,11:15:00,25153.75,25159.5,25142.1,25143.95,
NSE,NIFTY,2025-07-24,11:20:00,25143.75,25148.7,25139.4,25143.1,
NSE,NIFTY,2025-07-24,11:25:00,25143.1,25143.8,25105.95,25108.1,
NSE,NIFTY,2025-07-24,11:30:00,25109.15,25117.35,25102.05,25111.3,
NSE,NIFTY,2025-07-24,11:35:00,25110.95,25116.5,25095.9,25098.4,
NSE,NIFTY,2025-07-24,11:40:00,25098.75,25103,25089.8,25100.2,
NSE,NIFTY,2025-07-24,11:45:00,25099.9,25104.4,25094.9,25098.7,
NSE,NIFTY,2025-07-24,11:50:00,25098.7,25114.6,25096.45,25102.45,
NSE,NIFTY,2025-07-24,11:55:00,25103.65,25103.65,25089.9,25096.9,
NSE,NIFTY,2025-07-24,12:00:00,25095.75,25098.05,25067.4,25069.2,
NSE,NIFTY,2025-07-24,12:05:00,25069.6,25071.45,25028.25,25030.2,
NSE,NIFTY,2025-07-24,12:10:00,25029.3,25046.3,25019.3,25035.95,
NSE,NIFTY,2025-07-24,12:15:00,25035.55,25053.35,25026.35,25049.45,
NSE,NIFTY,2025-07-24,12:20:00,25049.4,25071.65,25047.25,25067.5,
NSE,NIFTY,2025-07-24,12:25:00,25067,25075.4,25053.5,25074.55,
NSE,NIFTY,2025-07-24,12:30:00,25074.1,25080.95,25063.6,25079.85,
NSE,NIFTY,2025-07-24,12:35:00,25079.35,25091.2,25072.2,25081.85,
NSE,NIFTY,2025-07-24,12:40:00,25082.2,25083,25068.35,25075.3,
NSE,NIFTY,2025-07-24,12:45:00,25074.85,25084.7,25070.05,25083.6,
NSE,NIFTY,2025-07-24,12:50:00,25083.4,25088.5,25066.65,25072.15,
NSE,NIFTY,2025-07-24,12:55:00,25071.95,25083.45,25068.95,25069.75,
NSE,NIFTY,2025-07-24,13:00:00,25068.85,25071.8,25030.9,25031.4,
NSE,NIFTY,2025-07-24,13:05:00,25030.65,25055,25030.65,25051.9,
NSE,NIFTY,2025-07-24,13:10:00,25052,25060.05,25051.35,25057.35,
NSE,NIFTY,2025-07-24,13:15:00,25055.9,25070.85,25053,25067.4,
NSE,NIFTY,2025-07-24,13:20:00,25067.55,25067.55,25052.55,25057.05,
NSE,NIFTY,2025-07-24,13:25:00,25056.95,25058.45,25050.45,25054.2,
NSE,NIFTY,2025-07-24,13:30:00,25053.55,25063.6,25051.4,25063.5,
NSE,NIFTY,2025-07-24,13:35:00,25063.35,25065.05,25054.65,25063.45,
NSE,NIFTY,2025-07-24,13:40:00,25062.9,25062.9,25051.5,25058.65,
NSE,NIFTY,2025-07-24,13:45:00,25058.85,25081.1,25056.2,25078.55,
NSE,NIFTY,2025-07-24,13:50:00,25078.6,25100.5,25074.25,25096.75,
NSE,NIFTY,2025-07-24,13:55:00,25097.8,25101.6,25089.9,25093,
NSE,NIFTY,2025-07-24,14:00:00,25093.95,25094.75,25053.85,25064.5,
NSE,NIFTY,2025-07-24,14:05:00,25064.95,25101.2,25063.3,25094.05,
NSE,NIFTY,2025-07-24,14:10:00,25094.5,25100.7,25084.85,25095.5,
NSE,NIFTY,2025-07-24,14:15:00,25094.5,25095.85,25087.7,25093.1,
NSE,NIFTY,2025-07-24,14:20:00,25092.45,25100.9,25088.55,25100.3,
NSE,NIFTY,2025-07-24,14:25:00,25101.05,25103.25,25075.5,25081.25,
NSE,NIFTY,2025-07-24,14:30:00,25080,25084.2,25072.4,25080.65,
NSE,NIFTY,2025-07-24,14:35:00,25081.05,25088.05,25079.55,25086.65,
NSE,NIFTY,2025-07-24,14:40:00,25086.85,25093,25082.15,25083.8,
NSE,NIFTY,2025-07-24,14:45:00,25084.05,25087.1,25068.5,25076.55,
NSE,NIFTY,2025-07-24,14:50:00,25076.3,25076.7,25047.65,25064.45,
NSE,NIFTY,2025-07-24,14:55:00,25063.75,25065.55,25052.25,25058.8,
NSE,NIFTY,2025-07-24,15:00:00,25059.3,25060.35,25046.9,25059.7,
NSE,NIFTY,2025-07-24,15:05:00,25060.2,25071.05,25057.6,25069.9,
NSE,NIFTY,2025-07-24,15:10:00,25069.45,25070.55,25063.35,25068.95,
NSE,NIFTY,2025-07-24,15:15:00,25069.9,25069.9,25063.5,25069.1,
NSE,NIFTY,2025-07-24,15:20:00,25068.4,25069.45,25056.4,25058.75,
NSE,NIFTY,2025-07-24,15:25:00,25058,25060.85,25055.85,25058.35,
NSE,NIFTY,2025-07-24,15:30:00,25059,25060.8,25046.3,25051.1,
NSE,NIFTY,2025-07-24,15:35:00,25051.1,25062.1,25051.1,25062.1,
NSE,NIFTY,2025-07-24,15:40:00,25062.1,25062.1,25062.1,25062.1,
NSE,NIFTY,2025-07-24,15:45:00,25062.1,25062.1,25062.1,25062.1,
NSE,NIFTY,2025-07-24,15:50:00,25062.1,25062.1,25062.1,25062.1,
NSE,NIFTY,2025-07-24,15:55:00,25062.1,25062.1,25062.1,25062.1,
NSE,NIFTY,2025-07-24,16:00:00,25062.1,25062.1,25062.1,25062.1,
NSE,NIFTY,2025-07-25,07:30:00,25062.1,25062.1,25062.1,25062.1,
NSE,NIFTY,2025-07-25,07:35:00,25062.1,25062.1,25062.1,25062.1,
NSE,NIFTY,2025-07-25,07:40:00,25062.1,25062.1,25062.1,25062.1,
NSE,NIFTY,2025-07-25,07:45:00,25062.1,25062.1,25062.1,25062.1,
NSE,NIFTY,2025-07-25,07:50:00,25062.1,25062.1,25062.1,25062.1,
NSE,NIFTY,2025-07-25,07:55:00,25062.1,25062.1,25062.1,25062.1,
NSE,NIFTY,2025-07-25,08:00:00,25062.1,25062.1,25062.1,25062.1,
NSE,NIFTY,2025-07-25,08:05:00,25062.1,25062.1,25062.1,25062.1,
NSE,NIFTY,2025-07-25,08:10:00,25062.1,25062.1,25062.1,25062.1,
NSE,NIFTY,2025-07-25,08:15:00,25062.1,25062.1,25062.1,25062.1,
NSE,NIFTY,2025-07-25,08:20:00,25062.1,25062.1,25062.1,25062.1,
NSE,NIFTY,2025-07-25,08:25:00,25062.1,25062.1,25062.1,25062.1,
NSE,NIFTY,2025-07-25,08:30:00,25062.1,25062.1,25062.1,25062.1,
NSE,NIFTY,2025-07-25,08:35:00,25062.1,25062.1,25062.1,25062.1,
NSE,NIFTY,2025-07-25,08:40:00,25062.1,25062.1,25062.1,25062.1,
NSE,NIFTY,2025-07-25,08:45:00,25062.1,25062.1,25062.1,25062.1,
NSE,NIFTY,2025-07-25,08:50:00,25062.1,25062.1,25062.1,25062.1,
NSE,NIFTY,2025-07-25,08:55:00,25062.1,25062.1,25062.1,25062.1,
NSE,NIFTY,2025-07-25,09:00:00,25062.1,25238.35,24839.4,25236.85,
NSE,NIFTY,2025-07-25,09:05:00,25240.65,25283.1,25026.55,25027.8,
NSE,NIFTY,2025-07-25,09:10:00,25026.3,25043.2,24993.7,25010.35,
NSE,NIFTY,2025-07-25,09:15:00,25010.35,25010.35,24940.9,24952.95,
NSE,NIFTY,2025-07-25,09:20:00,24954.45,24962.15,24924.3,24925.75,
NSE,NIFTY,2025-07-25,09:25:00,24927.9,24933.05,24907.6,24929.7,
NSE,NIFTY,2025-07-25,09:30:00,24930.35,24993.85,24924.35,24974.9,
NSE,NIFTY,2025-07-25,09:35:00,24975.05,24984.35,24946.35,24952.65,
NSE,NIFTY,2025-07-25,09:40:00,24953.95,24978.75,24953.95,24966.75,
NSE,NIFTY,2025-07-25,09:45:00,24965.85,24966.5,24923.4,24936.15,
NSE,NIFTY,2025-07-25,09:50:00,24936.75,24939.65,24912.7,24939.65,
NSE,NIFTY,2025-07-25,09:55:00,24940.2,24943.35,24919.85,24927.3,
NSE,NIFTY,2025-07-25,10:00:00,24927.05,24946.85,24920.9,24927.35,
NSE,NIFTY,2025-07-25,10:05:00,24928,24940.75,24919.55,24927.8,
NSE,NIFTY,2025-07-25,10:10:00,24927.45,24929,24907.5,24910.95,
NSE,NIFTY,2025-07-25,10:15:00,24911.95,24925.1,24885.4,24885.7,
NSE,NIFTY,2025-07-25,10:20:00,24883.95,24889.5,24863.5,24867.75,
NSE,NIFTY,2025-07-25,10:25:00,24867.6,24883.05,24867.6,24872,
NSE,NIFTY,2025-07-25,10:30:00,24872.15,24877.05,24866.8,24874.05,
NSE,NIFTY,2025-07-25,10:35:00,24874.55,24875.2,24854.15,24867.4,
NSE,NIFTY,2025-07-25,10:40:00,24867.5,24868.15,24844.45,24852.95,
NSE,NIFTY,2025-07-25,10:45:00,24852.65,24873.5,24845.1,24871.45,
NSE,NIFTY,2025-07-25,10:50:00,24871.85,24878.2,24864.35,24877.8,
NSE,NIFTY,2025-07-25,10:55:00,24877.5,24880.2,24859.7,24865.55,
NSE,NIFTY,2025-07-25,11:00:00,24864.6,24880.6,24862.45,24879.05,
NSE,NIFTY,2025-07-25,11:05:00,24879.4,24881.8,24862.7,24875.7,
NSE,NIFTY,2025-07-25,11:10:00,24876.2,24891.6,24876.2,24878.4,
NSE,NIFTY,2025-07-25,11:15:00,24878.6,24879.65,24861.35,24864.6,
NSE,NIFTY,2025-07-25,11:20:00,24864.1,24881.05,24854.8,24880.05,
NSE,NIFTY,2025-07-25,11:25:00,24880.35,24889.45,24879.2,24884.9,
NSE,NIFTY,2025-07-25,11:30:00,24884.35,24890.25,24876.05,24889.3,
NSE,NIFTY,2025-07-25,11:35:00,24889.5,24916.85,24867.8,24872,
NSE,NIFTY,2025-07-25,11:40:00,24872.4,24872.95,24859.75,24862.7,
NSE,NIFTY,2025-07-25,11:45:00,24862.1,24868.25,24855.85,24863.35,
NSE,NIFTY,2025-07-25,11:50:00,24863.5,24864.1,24831.35,24837.85,
NSE,NIFTY,2025-07-25,11:55:00,24838.2,24848.75,24833.15,24846.55,
NSE,NIFTY,2025-07-25,12:00:00,24846.35,24847.75,24841,24843.5,
NSE,NIFTY,2025-07-25,12:05:00,24843.3,24847.9,24833.8,24846.55,
NSE,NIFTY,2025-07-25,12:10:00,24847.25,24848.25,24833.1,24834.65,
NSE,NIFTY,2025-07-25,12:15:00,24834.85,24847.7,24833.65,24843.95,
NSE,NIFTY,2025-07-25,12:20:00,24843.4,24844.1,24828.25,24828.95,
NSE,NIFTY,2025-07-25,12:25:00,24829.85,24835.1,24812.75,24824.15,
NSE,NIFTY,2025-07-25,12:30:00,24823.65,24830.2,24817.3,24829.6,
NSE,NIFTY,2025-07-25,12:35:00,24830,24844,24829.3,24833.95,
NSE,NIFTY,2025-07-25,12:40:00,24833.5,24882.95,24832.45,24882.95,
NSE,NIFTY,2025-07-25,12:45:00,24883.1,24886.6,24855.55,24867.95,
NSE,NIFTY,2025-07-25,12:50:00,24867.8,24875.6,24865.05,24872.75,
NSE,NIFTY,2025-07-25,12:55:00,24873.3,24875.55,24854.9,24858.9,
NSE,NIFTY,2025-07-25,13:00:00,24859.15,24861.6,24852.35,24860.15,
NSE,NIFTY,2025-07-25,13:05:00,24861.2,24868.3,24848.45,24851.05,
NSE,NIFTY,2025-07-25,13:10:00,24851.3,24868.5,24847.45,24857.3,
NSE,NIFTY,2025-07-25,13:15:00,24857.45,24860.7,24847.35,24858.05,
NSE,NIFTY,2025-07-25,13:20:00,24859.15,24865.05,24847.85,24863.1,
NSE,NIFTY,2025-07-25,13:25:00,24863.85,24872.85,24857.4,24866.8,
NSE,NIFTY,2025-07-25,13:30:00,24867.1,24869.45,24855.15,24855.45,
NSE,NIFTY,2025-07-25,13:35:00,24855.85,24858.1,24807.55,24824.1,
NSE,NIFTY,2025-07-25,13:40:00,24825.35,24853.95,24824.35,24847.75,
NSE,NIFTY,2025-07-25,13:45:00,24847.2,24864.55,24847.2,24859,
NSE,NIFTY,2025-07-25,13:50:00,24860.65,24870.35,24857.05,24864.8,
NSE,NIFTY,2025-07-25,13:55:00,24865.95,24880.05,24859.65,24867.45,
NSE,NIFTY,2025-07-25,14:00:00,24867.6,24876.5,24866.7,24875.15,
NSE,NIFTY,2025-07-25,14:05:00,24875.9,24879.85,24856.15,24857.85,
NSE,NIFTY,2025-07-25,14:10:00,24857.35,24858.7,24840.3,24847.15,
NSE,NIFTY,2025-07-25,14:15:00,24847.95,24848.8,24835.9,24842.15,
NSE,NIFTY,2025-07-25,14:20:00,24843.65,24848.9,24837.1,24840.55,
NSE,NIFTY,2025-07-25,14:25:00,24840.45,24854.35,24839.9,24849.95,
NSE,NIFTY,2025-07-25,14:30:00,24850.15,24850.4,24813.85,24835,
NSE,NIFTY,2025-07-25,14:35:00,24835.3,24837.8,24825.25,24832.95,
NSE,NIFTY,2025-07-25,14:40:00,24831.85,24847.75,24829.8,24847.05,
NSE,NIFTY,2025-07-25,14:45:00,24847.4,24848.3,24827.4,24834.6,
NSE,NIFTY,2025-07-25,14:50:00,24834.8,24836.3,24822.4,24825.85,
NSE,NIFTY,2025-07-25,14:55:00,24824.75,24830.4,24818.15,24826.05,
NSE,NIFTY,2025-07-25,15:00:00,24826.05,24839.75,24808.4,24822.25,
NSE,NIFTY,2025-07-25,15:05:00,24824,24834.5,24822.2,24831.3,
NSE,NIFTY,2025-07-25,15:10:00,24831.95,24849,24829.45,24846.8,
NSE,NIFTY,2025-07-25,15:15:00,24847.15,24849,24841,24843.3,
NSE,NIFTY,2025-07-25,15:20:00,24843,24844.75,24832.5,24841.15,
NSE,NIFTY,2025-07-25,15:25:00,24842.15,24844.1,24836.3,24837.9,
NSE,NIFTY,2025-07-25,15:30:00,24837.9,24841.05,24823.05,24832.1,
NSE,NIFTY,2025-07-25,15:35:00,24832.1,24837,24830.95,24837,
NSE,NIFTY,2025-07-25,15:40:00,24837,24837,24837,24837,
NSE,NIFTY,2025-07-25,15:45:00,24837,24837,24837,24837,
NSE,NIFTY,2025-07-25,15:50:00,24837,24837,24837,24837,
NSE,NIFTY,2025-07-25,15:55:00,24837,24837,24837,24837,
NSE,NIFTY,2025-07-25,16:00:00,24837,24837,24837,24837,
NSE,NIFTY,2025-07-28,07:15:00,24837,24837,24837,24837,
NSE,NIFTY,2025-07-28,07:20:00,24837,24837,24837,24837,
NSE,NIFTY,2025-07-28,07:25:00,24837,24837,24837,24837,
NSE,NIFTY,2025-07-28,07:30:00,24837,24837,24837,24837,
NSE,NIFTY,2025-07-28,07:35:00,24837,24837,24837,24837,
NSE,NIFTY,2025-07-28,07:40:00,24837,24837,24837,24837,
NSE,NIFTY,2025-07-28,07:45:00,24837,24837,24837,24837,
NSE,NIFTY,2025-07-28,07:50:00,24837,24837,24837,24837,
NSE,NIFTY,2025-07-28,07:55:00,24837,24837,24837,24837,
NSE,NIFTY,2025-07-28,08:00:00,24837,24837,24837,24837,
NSE,NIFTY,2025-07-28,08:05:00,24837,24837,24837,24837,
NSE,NIFTY,2025-07-28,08:10:00,24837,24837,24837,24837,
NSE,NIFTY,2025-07-28,08:15:00,24837,24837,24837,24837,
NSE,NIFTY,2025-07-28,08:20:00,24837,24837,24837,24837,
NSE,NIFTY,2025-07-28,08:25:00,24837,24837,24837,24837,
NSE,NIFTY,2025-07-28,08:30:00,24837,24837,24837,24837,
NSE,NIFTY,2025-07-28,08:35:00,24837,24837,24837,24837,
NSE,NIFTY,2025-07-28,08:40:00,24837,24837,24837,24837,
NSE,NIFTY,2025-07-28,08:45:00,24837,24837,24837,24837,
NSE,NIFTY,2025-07-28,08:50:00,24837,24837,24837,24837,
NSE,NIFTY,2025-07-28,08:55:00,24837,24837,24837,24837,
NSE,NIFTY,2025-07-28,09:00:00,24837,24907.05,24701.65,24849.95,
NSE,NIFTY,2025-07-28,09:05:00,24850.65,24852.4,24762.75,24798.25,
NSE,NIFTY,2025-07-28,09:10:00,24796.65,24811.3,24774.9,24782.45,
NSE,NIFTY,2025-07-28,09:15:00,24782.45,24790.9,24756.95,24765.15,
NSE,NIFTY,2025-07-28,09:20:00,24767.45,24796.7,24733.4,24796.7,
NSE,NIFTY,2025-07-28,09:25:00,24796.15,24796.15,24761.35,24784.4,
NSE,NIFTY,2025-07-28,09:30:00,24783.8,24791.3,24773.05,24788.65,
NSE,NIFTY,2025-07-28,09:35:00,24788.85,24853.1,24788.75,24840.6,
NSE,NIFTY,2025-07-28,09:40:00,24840.45,24844.35,24822.35,24824.5,
NSE,NIFTY,2025-07-28,09:45:00,24824.8,24825.4,24781.15,24795.45,
NSE,NIFTY,2025-07-28,09:50:00,24796.5,24815.65,24788.6,24806.9,
NSE,NIFTY,2025-07-28,09:55:00,24806.85,24827,24805.65,24823.4,
NSE,NIFTY,2025-07-28,10:00:00,24823.95,24823.95,24794.8,24806.75,
NSE,NIFTY,2025-07-28,10:05:00,24807.3,24818.8,24802.6,24815.5,
NSE,NIFTY,2025-07-28,10:10:00,24813.7,24833.1,24809.55,24832.9,
NSE,NIFTY,2025-07-28,10:15:00,24833,24874,24823.65,24871.65,
NSE,NIFTY,2025-07-28,10:20:00,24871.15,24877.25,24863.95,24866.5,
NSE,NIFTY,2025-07-28,10:25:00,24866.8,24888,24865.55,24870.1,
NSE,NIFTY,2025-07-28,10:30:00,24869.8,24882.05,24867.85,24878.5,
NSE,NIFTY,2025-07-28,10:35:00,24878.25,24885.4,24861.6,24861.95,
NSE,NIFTY,2025-07-28,10:40:00,24862,24862.45,24826.95,24835.3,
NSE,NIFTY,2025-07-28,10:45:00,24835.55,24838.6,24805.05,24807.4,
NSE,NIFTY,2025-07-28,10:50:00,24805.1,24811.7,24775.4,24789.2,
NSE,NIFTY,2025-07-28,10:55:00,24789.6,24812.95,24784.2,24811.65,
NSE,NIFTY,2025-07-28,11:00:00,24812.2,24833.6,24808.7,24832.8,
NSE,NIFTY,2025-07-28,11:05:00,24834.1,24844.65,24806.55,24809.1,
NSE,NIFTY,2025-07-28,11:10:00,24809.15,24811.8,24797.05,24806.85,
NSE,NIFTY,2025-07-28,11:15:00,24807.55,24815.5,24802.5,24808.6,
NSE,NIFTY,2025-07-28,11:20:00,24809.35,24815.25,24803.95,24805.1,
NSE,NIFTY,2025-07-28,11:25:00,24804.95,24819.25,24804.35,24815.25,
NSE,NIFTY,2025-07-28,11:30:00,24816,24822.8,24806.1,24809,
NSE,NIFTY,2025-07-28,11:35:00,24809.4,24823.15,24808.4,24820.85,
NSE,NIFTY,2025-07-28,11:40:00,24820.9,24824.6,24805,24806,
NSE,NIFTY,2025-07-28,11:45:00,24805.05,24805.45,24779.45,24796.65,
NSE,NIFTY,2025-07-28,11:50:00,24796.1,24801.25,24791.75,24799.5,
NSE,NIFTY,2025-07-28,11:55:00,24799.3,24807.35,24793.85,24806.4,
NSE,NIFTY,2025-07-28,12:00:00,24806.65,24820.4,24804.95,24816,
NSE,NIFTY,2025-07-28,12:05:00,24816.2,24816.2,24797.45,24799.95,
NSE,NIFTY,2025-07-28,12:10:00,24799.65,24802.4,24791.3,24794.85,
NSE,NIFTY,2025-07-28,12:15:00,24794.8,24798.45,24783.1,24785.6,
NSE,NIFTY,2025-07-28,12:20:00,24785.15,24785.15,24778.95,24781.3,
NSE,NIFTY,2025-07-28,12:25:00,24782.3,24791.1,24777.45,24785.95,
NSE,NIFTY,2025-07-28,12:30:00,24784.4,24795.25,24779.75,24793.35,
NSE,NIFTY,2025-07-28,12:35:00,24793.1,24794.1,24793,24794.1,
NSE,NIFTY,2025-07-28,12:40:00,24793.05,24796.65,24787.75,24790.2,
NSE,NIFTY,2025-07-28,12:45:00,24790.35,24792.1,24769.85,24771,
NSE,NIFTY,2025-07-28,12:50:00,24771.25,24772.4,24734.65,24735.05,
NSE,NIFTY,2025-07-28,12:55:00,24735.8,24746.65,24715.15,24741,
NSE,NIFTY,2025-07-28,13:00:00,24739.75,24745.95,24731.7,24731.9,
NSE,NIFTY,2025-07-28,13:05:00,24731.3,24734,24707.3,24715.75,
NSE,NIFTY,2025-07-28,13:10:00,24716.2,24729,24714.85,24719.95,
NSE,NIFTY,2025-07-28,13:15:00,24719.4,24727.6,24701.05,24709.55,
NSE,NIFTY,2025-07-28,13:20:00,24709.15,24714.1,24695.3,24696.3,
NSE,NIFTY,2025-07-28,13:25:00,24695.65,24709.6,24689.8,24698.5,
NSE,NIFTY,2025-07-28,13:30:00,24698.35,24703.1,24685.25,24689.25,
NSE,NIFTY,2025-07-28,13:35:00,24689,24696.6,24664.3,24665.55,
NSE,NIFTY,2025-07-28,13:40:00,24666,24681.5,24661.1,24680.35,
NSE,NIFTY,2025-07-28,13:45:00,24681.55,24684,24664.9,24665.5,
NSE,NIFTY,2025-07-28,13:50:00,24665.25,24687.35,24663.85,24684.25,
NSE,NIFTY,2025-07-28,13:55:00,24684.6,24698.95,24679.5,24689.4,
NSE,NIFTY,2025-07-28,14:00:00,24689.5,24690.3,24675.95,24676.35,
NSE,NIFTY,2025-07-28,14:05:00,24677.15,24680.85,24668.05,24670.3,
NSE,NIFTY,2025-07-28,14:10:00,24669.8,24686.45,24664.15,24680.2,
NSE,NIFTY,2025-07-28,14:15:00,24679.4,24687.4,24646.75,24678.5,
NSE,NIFTY,2025-07-28,14:20:00,24679.65,24686.8,24674.1,24675.4,
NSE,NIFTY,2025-07-28,14:25:00,24676,24693.55,24675.6,24689.4,
NSE,NIFTY,2025-07-28,14:30:00,24689.7,24692.95,24671.65,24678.45,
NSE,NIFTY,2025-07-28,14:35:00,24677.9,24684.3,24670.2,24674.3,
NSE,NIFTY,2025-07-28,14:40:00,24675.2,24692.7,24674.2,24691.6,
NSE,NIFTY,2025-07-28,14:45:00,24693.25,24701.05,24690.35,24698.5,
NSE,NIFTY,2025-07-28,14:50:00,24697.7,24698.3,24694.8,24694.85,
NSE,NIFTY,2025-07-28,14:55:00,24694.95,24705.4,24678,24689.05,
NSE,NIFTY,2025-07-28,15:00:00,24689.55,24703.75,24672.2,24675.6,
NSE,NIFTY,2025-07-28,15:05:00,24676.7,24693.4,24675.15,24687.1,
NSE,NIFTY,2025-07-28,15:10:00,24686.85,24689.85,24678.5,24686.8,
NSE,NIFTY,2025-07-28,15:15:00,24687.65,24689.55,24675.1,24675.45,
NSE,NIFTY,2025-07-28,15:20:00,24675.35,24684.6,24670.95,24675.6,
NSE,NIFTY,2025-07-28,15:25:00,24677.35,24683.3,24673.85,24676.85,
NSE,NIFTY,2025-07-28,15:30:00,24677.3,24687.85,24675.95,24683.55,
NSE,NIFTY,2025-07-28,15:35:00,24684,24687.2,24675.5,24680.9,
NSE,NIFTY,2025-07-28,15:40:00,24680.9,24680.9,24680.9,24680.9,
NSE,NIFTY,2025-07-28,15:45:00,24680.9,24680.9,24680.9,24680.9,
NSE,NIFTY,2025-07-28,15:50:00,24680.9,24680.9,24680.9,24680.9,
NSE,NIFTY,2025-07-28,15:55:00,24680.9,24680.9,24680.9,24680.9,
NSE,NIFTY,2025-07-28,16:00:00,24680.9,24680.9,24680.9,24680.9,
NSE,NIFTY,2025-07-28,16:05:00,24680.9,24680.9,24680.9,24680.9,
NSE,NIFTY,2025-07-29,07:40:00,24680.9,24680.9,24680.9,24680.9,
NSE,NIFTY,2025-07-29,07:45:00,24680.9,24680.9,24680.9,24680.9,
NSE,NIFTY,2025-07-29,07:50:00,24680.9,24680.9,24680.9,24680.9,
NSE,NIFTY,2025-07-29,07:55:00,24680.9,24680.9,24680.9,24680.9,
NSE,NIFTY,2025-07-29,08:00:00,24680.9,24680.9,24680.9,24680.9,
NSE,NIFTY,2025-07-29,08:05:00,24680.9,24680.9,24680.9,24680.9,
NSE,NIFTY,2025-07-29,08:10:00,24680.9,24680.9,24680.9,24680.9,
NSE,NIFTY,2025-07-29,08:15:00,24680.9,24680.9,24680.9,24680.9,
NSE,NIFTY,2025-07-29,08:20:00,24680.9,24680.9,24680.9,24680.9,
NSE,NIFTY,2025-07-29,08:25:00,24680.9,24680.9,24680.9,24680.9,
NSE,NIFTY,2025-07-29,08:30:00,24680.9,24680.9,24680.9,24680.9,
NSE,NIFTY,2025-07-29,08:35:00,24680.9,24680.9,24680.9,24680.9,
NSE,NIFTY,2025-07-29,08:40:00,24680.9,24680.9,24680.9,24680.9,
NSE,NIFTY,2025-07-29,08:45:00,24680.9,24680.9,24680.9,24680.9,
NSE,NIFTY,2025-07-29,08:50:00,24680.9,24680.9,24680.9,24680.9,
NSE,NIFTY,2025-07-29,08:55:00,24680.9,24680.9,24680.9,24680.9,
NSE,NIFTY,2025-07-29,09:00:00,24680.9,24680.9,24195.2,24321.45,
NSE,NIFTY,2025-07-29,09:05:00,24333.5,24621,24311,24620.75,
NSE,NIFTY,2025-07-29,09:10:00,24617.8,24624.95,24579.55,24609.65,
NSE,NIFTY,2025-07-29,09:15:00,24609.65,24650.75,24608.3,24650.45,
NSE,NIFTY,2025-07-29,09:20:00,24647.2,24691.25,24620.5,24678.1,
NSE,NIFTY,2025-07-29,09:25:00,24676.6,24691.9,24653.7,24676.25,
NSE,NIFTY,2025-07-29,09:30:00,24676.35,24712.1,24668.35,24700.45,
NSE,NIFTY,2025-07-29,09:35:00,24698.95,24710.55,24683.15,24687.5,
NSE,NIFTY,2025-07-29,09:40:00,24685.15,24692.95,24668.8,24687.35,
NSE,NIFTY,2025-07-29,09:45:00,24688.85,24702.9,24680.35,24698.1,
NSE,NIFTY,2025-07-29,09:50:00,24698,24711.9,24682.9,24689.7,
NSE,NIFTY,2025-07-29,09:55:00,24689.45,24726.95,24687.5,24723.45,
NSE,NIFTY,2025-07-29,10:00:00,24722.7,24724.3,24694.65,24703.75,
NSE,NIFTY,2025-07-29,10:05:00,24703.05,24715.4,24699.45,24714.65,
NSE,NIFTY,2025-07-29,10:10:00,24715.9,24717.25,24695.3,24696.4,
NSE,NIFTY,2025-07-29,10:15:00,24698.15,24700.6,24661.75,24662.35,
NSE,NIFTY,2025-07-29,10:20:00,24661.4,24670.9,24654.45,24657.85,
NSE,NIFTY,2025-07-29,10:25:00,24657.9,24658.3,24649.8,24652.1,
NSE,NIFTY,2025-07-29,10:30:00,24652.15,24657.8,24628.05,24635.95,
NSE,NIFTY,2025-07-29,10:35:00,24635.5,24647.65,24634.1,24641.05,
NSE,NIFTY,2025-07-29,10:40:00,24641.25,24649.8,24634.25,24636.1,
NSE,NIFTY,2025-07-29,10:45:00,24635.8,24644.2,24633.75,24633.9,
NSE,NIFTY,2025-07-29,10:50:00,24633.35,24634.75,24614.3,24627.4,
NSE,NIFTY,2025-07-29,10:55:00,24627.5,24639.7,24625.5,24636.25,
NSE,NIFTY,2025-07-29,11:00:00,24635.75,24646.4,24616.45,24645.05,
NSE,NIFTY,2025-07-29,11:05:00,24645.45,24653.9,24638.45,24645.85,
NSE,NIFTY,2025-07-29,11:10:00,24645.7,24652.7,24635.45,24648.05,
NSE,NIFTY,2025-07-29,11:15:00,24648.1,24663.85,24646.2,24663.85,
NSE,NIFTY,2025-07-29,11:20:00,24664.95,24692.1,24664,24688.8,
NSE,NIFTY,2025-07-29,11:25:00,24688.95,24692.4,24676.15,24682.05,
NSE,NIFTY,2025-07-29,11:30:00,24681.85,24697.55,24680.2,24685.6,
NSE,NIFTY,2025-07-29,11:35:00,24684.9,24705.45,24684.1,24704.5,
NSE,NIFTY,2025-07-29,11:40:00,24704.7,24704.7,24691.15,24691.45,
NSE,NIFTY,2025-07-29,11:45:00,24692.75,24692.75,24673.4,24681.7,
NSE,NIFTY,2025-07-29,11:50:00,24681.2,24682.85,24665.9,24675,
NSE,NIFTY,2025-07-29,11:55:00,24673.95,24688.8,24669.55,24673.35,
NSE,NIFTY,2025-07-29,12:00:00,24672.95,24675.8,24667.2,24672.25,
NSE,NIFTY,2025-07-29,12:05:00,24671.9,24676.8,24662.95,24664.5,
NSE,NIFTY,2025-07-29,12:10:00,24664.55,24690.85,24664,24690.35,
NSE,NIFTY,2025-07-29,12:15:00,24688.45,24702.15,24686.75,24696.1,
NSE,NIFTY,2025-07-29,12:20:00,24697.25,24705.4,24690.1,24702.8,
NSE,NIFTY,2025-07-29,12:25:00,24703.65,24707.4,24688.95,24689.9,
NSE,NIFTY,2025-07-29,12:30:00,24690.5,24701.45,24685.65,24700.9,
NSE,NIFTY,2025-07-29,12:35:00,24700.85,24703.25,24694.45,24698.6,
NSE,NIFTY,2025-07-29,12:40:00,24698.7,24709,24695.45,24705,
NSE,NIFTY,2025-07-29,12:45:00,24706.4,24715.9,24683.7,24702.55,
NSE,NIFTY,2025-07-29,12:50:00,24702.9,24705.7,24694.9,24699.5,
NSE,NIFTY,2025-07-29,12:55:00,24699.5,24712.55,24698.15,24711.95,
NSE,NIFTY,2025-07-29,13:00:00,24714.2,24714.45,24705.05,24709.3,
NSE,NIFTY,2025-07-29,13:05:00,24708.5,24711.85,24702.95,24708.75,
NSE,NIFTY,2025-07-29,13:10:00,24708.5,24730.7,24707.55,24730.5,
NSE,NIFTY,2025-07-29,13:15:00,24730.65,24737.75,24721.5,24732.3,
NSE,NIFTY,2025-07-29,13:20:00,24732.9,24742,24731.5,24736.7,
NSE,NIFTY,2025-07-29,13:25:00,24737.85,24742.15,24727.2,24732.35,
NSE,NIFTY,2025-07-29,13:30:00,24732.5,24739.3,24729.6,24738.05,
NSE,NIFTY,2025-07-29,13:35:00,24737.7,24764.95,24735.95,24758.55,
NSE,NIFTY,2025-07-29,13:40:00,24758.4,24763.45,24736.6,24758.65,
NSE,NIFTY,2025-07-29,13:45:00,24758.6,24762.3,24750.65,24760.55,
NSE,NIFTY,2025-07-29,13:50:00,24760.6,24778.6,24760.6,24776.35,
NSE,NIFTY,2025-07-29,13:55:00,24776.05,24795.95,24768.6,24793.75,
NSE,NIFTY,2025-07-29,14:00:00,24794.1,24795.25,24780.3,24789.25,
NSE,NIFTY,2025-07-29,14:05:00,24789,24810,24788.05,24803.75,
NSE,NIFTY,2025-07-29,14:10:00,24805,24805.25,24793.05,24794.15,
NSE,NIFTY,2025-07-29,14:15:00,24794.95,24803.15,24790.35,24799.6,
NSE,NIFTY,2025-07-29,14:20:00,24800.2,24814.55,24799.6,24803.8,
NSE,NIFTY,2025-07-29,14:25:00,24802.8,24818.35,24794.25,24816.3,
NSE,NIFTY,2025-07-29,14:30:00,24816.7,24825.5,24808.05,24821.6,
NSE,NIFTY,2025-07-29,14:35:00,24820.5,24827.95,24811.8,24811.9,
NSE,NIFTY,2025-07-29,14:40:00,24811.75,24812.1,24772.7,24787.3,
NSE,NIFTY,2025-07-29,14:45:00,24787.4,24791.5,24778.35,24789.75,
NSE,NIFTY,2025-07-29,14:50:00,24790.5,24794.3,24774.3,24775.45,
NSE,NIFTY,2025-07-29,14:55:00,24775.7,24791,24771.8,24791,
NSE,NIFTY,2025-07-29,15:00:00,24790.75,24803.55,24771.7,24787.5,
NSE,NIFTY,2025-07-29,15:05:00,24787.3,24810.2,24786.35,24810.2,
NSE,NIFTY,2025-07-29,15:10:00,24810.85,24819.55,24810,24818.2,
NSE,NIFTY,2025-07-29,15:15:00,24817.8,24823.45,24810.5,24818.8,
NSE,NIFTY,2025-07-29,15:20:00,24819.8,24834.8,24818.3,24834.2,
NSE,NIFTY,2025-07-29,15:25:00,24833.95,24846.35,24830.65,24844.1,
NSE,NIFTY,2025-07-29,15:30:00,24845.15,24845.8,24820.9,24822.25,
NSE,NIFTY,2025-07-29,15:35:00,24821.85,24829.8,24821.1,24821.1,
NSE,NIFTY,2025-07-29,15:40:00,24821.1,24821.1,24821.1,24821.1,
NSE,NIFTY,2025-07-29,15:45:00,24821.1,24821.1,24821.1,24821.1,
NSE,NIFTY,2025-07-29,15:50:00,24821.1,24821.1,24821.1,24821.1,
NSE,NIFTY,2025-07-29,15:55:00,24821.1,24821.1,24821.1,24821.1,
NSE,NIFTY,2025-07-29,16:00:00,24821.1,24821.1,24821.1,24821.1,
NSE,NIFTY,2025-07-30,07:30:00,24821.1,24821.1,24821.1,24821.1,
NSE,NIFTY,2025-07-30,07:35:00,24821.1,24821.1,24821.1,24821.1,
NSE,NIFTY,2025-07-30,07:40:00,24821.1,24821.1,24821.1,24821.1,
NSE,NIFTY,2025-07-30,07:45:00,24821.1,24821.1,24821.1,24821.1,
NSE,NIFTY,2025-07-30,07:50:00,24821.1,24821.1,24821.1,24821.1,
NSE,NIFTY,2025-07-30,07:55:00,24821.1,24821.1,24821.1,24821.1,
NSE,NIFTY,2025-07-30,08:00:00,24821.1,24821.1,24821.1,24821.1,
NSE,NIFTY,2025-07-30,08:05:00,24821.1,24821.1,24821.1,24821.1,
NSE,NIFTY,2025-07-30,08:10:00,24821.1,24821.1,24821.1,24821.1,
NSE,NIFTY,2025-07-30,08:15:00,24821.1,24821.1,24821.1,24821.1,
NSE,NIFTY,2025-07-30,08:20:00,24821.1,24821.1,24821.1,24821.1,
NSE,NIFTY,2025-07-30,08:25:00,24821.1,24821.1,24821.1,24821.1,
NSE,NIFTY,2025-07-30,08:30:00,24821.1,24821.1,24821.1,24821.1,
NSE,NIFTY,2025-07-30,08:35:00,24821.1,24821.1,24821.1,24821.1,
NSE,NIFTY,2025-07-30,08:40:00,24821.1,24821.1,24821.1,24821.1,
NSE,NIFTY,2025-07-30,08:45:00,24821.1,24821.1,24821.1,24821.1,
NSE,NIFTY,2025-07-30,08:50:00,24821.1,24821.1,24821.1,24821.1,
NSE,NIFTY,2025-07-30,08:55:00,24821.1,24821.1,24821.1,24821.1,
NSE,NIFTY,2025-07-30,09:00:00,24821.1,24821.1,24821.1,24821.1,
NSE,NIFTY,2025-07-30,09:05:00,24821.1,25252.85,24821.1,24899.95,
NSE,NIFTY,2025-07-30,09:10:00,24899.5,24937.55,24868.6,24890.4,
NSE,NIFTY,2025-07-30,09:15:00,24890.4,24890.4,24890.4,24890.4,
NSE,NIFTY,2025-07-30,09:20:00,24890.4,24890.4,24835.75,24835.9,
NSE,NIFTY,2025-07-30,09:25:00,24839.95,24868.75,24817.45,24848.3,
NSE,NIFTY,2025-07-30,09:30:00,24847.6,24854.2,24825.55,24832.35,
NSE,NIFTY,2025-07-30,09:35:00,24831.9,24858.8,24825,24845.1,
NSE,NIFTY,2025-07-30,09:40:00,24864.5,24873.05,24836.35,24868.85,
NSE,NIFTY,2025-07-30,09:45:00,24869.35,24879.25,24860.45,24870.85,
NSE,NIFTY,2025-07-30,09:50:00,24872.35,24874.85,24855.15,24856.7,
NSE,NIFTY,2025-07-30,09:55:00,24858.45,24858.9,24818.45,24819.25,
NSE,NIFTY,2025-07-30,10:00:00,24819.6,24856,24815.05,24842.15,
NSE,NIFTY,2025-07-30,10:05:00,24841.8,24842.75,24830.65,24838.15,
NSE,NIFTY,2025-07-30,10:10:00,24838.1,24847.35,24837.3,24847.35,
NSE,NIFTY,2025-07-30,10:15:00,24847.15,24848.3,24834.6,24845.4,
NSE,NIFTY,2025-07-30,10:20:00,24845.05,24853.15,24837.65,24852.55,
NSE,NIFTY,2025-07-30,10:25:00,24852.25,24858.15,24837.45,24839.25,
NSE,NIFTY,2025-07-30,10:30:00,24838.4,24839.2,24822.85,24824.25,
NSE,NIFTY,2025-07-30,10:35:00,24823.5,24826.6,24809.4,24824.05,
NSE,NIFTY,2025-07-30,10:40:00,24823.8,24824.4,24807.9,24808.1,
NSE,NIFTY,2025-07-30,10:45:00,24808.5,24808.6,24786.85,24806.8,
NSE,NIFTY,2025-07-30,10:50:00,24803.05,24803.05,24773.15,24796.7,
NSE,NIFTY,2025-07-30,10:55:00,24797.9,24816.9,24797.9,24813.6,
NSE,NIFTY,2025-07-30,11:00:00,24813.5,24821.7,24813.1,24821.05,
NSE,NIFTY,2025-07-30,11:05:00,24820.65,24821.75,24810.1,24815.05,
NSE,NIFTY,2025-07-30,11:10:00,24815.5,24829.9,24809.65,24811.85,
NSE,NIFTY,2025-07-30,11:15:00,24811.1,24821.65,24809.65,24820.05,
NSE,NIFTY,2025-07-30,11:20:00,24820.6,24871.55,24820.6,24867.35,
NSE,NIFTY,2025-07-30,11:25:00,24867.45,24885.3,24864.4,24879.45,
NSE,NIFTY,2025-07-30,11:30:00,24878.95,24902.3,24874.55,24897.15,
NSE,NIFTY,2025-07-30,11:35:00,24896.9,24897.4,24883.3,24883.3,
NSE,NIFTY,2025-07-30,11:40:00,24882.75,24887.8,24844.85,24846,
NSE,NIFTY,2025-07-30,11:45:00,24845.6,24876.15,24840.9,24869.95,
NSE,NIFTY,2025-07-30,11:50:00,24870.15,24871.25,24859.55,24863.7,
NSE,NIFTY,2025-07-30,11:55:00,24863.6,24865.1,24861.65,24862.5,
NSE,NIFTY,2025-07-30,12:00:00,24862.05,24884.2,24862.05,24875.9,
NSE,NIFTY,2025-07-30,12:05:00,24875.9,24877.65,24868.45,24869.55,
NSE,NIFTY,2025-07-30,12:10:00,24869.9,24873.8,24863.3,24866.25,
NSE,NIFTY,2025-07-30,12:15:00,24865.85,24868.25,24849.6,24854.5,
NSE,NIFTY,2025-07-30,12:20:00,24852.95,24874.6,24852.75,24871.25,
NSE,NIFTY,2025-07-30,12:25:00,24871.6,24873.25,24867.45,24870.35,
NSE,NIFTY,2025-07-30,12:30:00,24868.6,24874.25,24859.85,24873.75,
NSE,NIFTY,2025-07-30,12:35:00,24873.1,24874.85,24857.6,24865.5,
NSE,NIFTY,2025-07-30,12:40:00,24865.55,24867.4,24860.25,24866.5,
NSE,NIFTY,2025-07-30,12:45:00,24867.6,24871.75,24854.3,24854.3,
NSE,NIFTY,2025-07-30,12:50:00,24854.9,24867.3,24853.7,24857.3,
NSE,NIFTY,2025-07-30,12:55:00,24857.5,24874.45,24855.9,24871.95,
NSE,NIFTY,2025-07-30,13:00:00,24872.5,24875,24862.95,24867.15,
NSE,NIFTY,2025-07-30,13:05:00,24866.55,24872.55,24865,24869.45,
NSE,NIFTY,2025-07-30,13:10:00,24869.3,24872.3,24861.9,24864.7,
NSE,NIFTY,2025-07-30,13:15:00,24864.85,24865.1,24832.65,24851.75,
NSE,NIFTY,2025-07-30,13:20:00,24851.3,24858.25,24848.95,24849.9,
NSE,NIFTY,2025-07-30,13:25:00,24850.65,24851.15,24833.25,24839.75,
NSE,NIFTY,2025-07-30,13:30:00,24839.5,24845.95,24833.3,24834.15,
NSE,NIFTY,2025-07-30,13:35:00,24834.55,24858.4,24831.6,24853.4,
NSE,NIFTY,2025-07-30,13:40:00,24853.4,24861.95,24850.85,24858.25,
NSE,NIFTY,2025-07-30,13:45:00,24858.85,24867.45,24857.55,24865.35,
NSE,NIFTY,2025-07-30,13:50:00,24864.4,24867.9,24856,24857.85,
NSE,NIFTY,2025-07-30,13:55:00,24858.85,24862.35,24849.55,24861.95,
NSE,NIFTY,2025-07-30,14:00:00,24860.65,24871.6,24855.6,24870.75,
NSE,NIFTY,2025-07-30,14:05:00,24870.75,24871.55,24859.55,24869.1,
NSE,NIFTY,2025-07-30,14:10:00,24868.3,24874.9,24845.9,24862.9,
NSE,NIFTY,2025-07-30,14:15:00,24861.6,24866.25,24856.4,24861.2,
NSE,NIFTY,2025-07-30,14:20:00,24860.9,24862.85,24854.9,24857.05,
NSE,NIFTY,2025-07-30,14:25:00,24857.35,24861,24853.35,24859.05,
NSE,NIFTY,2025-07-30,14:35:00,24878.9,24880.9,24858.65,24859.9,
NSE,NIFTY,2025-07-30,14:40:00,24879.2,24889.8,24858.25,24886.05,
NSE,NIFTY,2025-07-30,14:45:00,24884.7,24885.75,24875,24882.05,
NSE,NIFTY,2025-07-30,14:50:00,24881.5,24883.3,24876.1,24879.95,
NSE,NIFTY,2025-07-30,14:55:00,24878.7,24880.85,24870.7,24873.65,
NSE,NIFTY,2025-07-30,15:00:00,24874.35,24878.15,24864.55,24869.75,
NSE,NIFTY,2025-07-30,15:05:00,24868.9,24870.85,24854.45,24862.95,
NSE,NIFTY,2025-07-30,15:10:00,24862.65,24863.8,24856.65,24857.55,
NSE,NIFTY,2025-07-30,15:15:00,24856.3,24859.6,24850.55,24859.1,
NSE,NIFTY,2025-07-30,15:20:00,24859.45,24860.35,24856.4,24858.5,
NSE,NIFTY,2025-07-30,15:25:00,24857.85,24860.45,24851.7,24854.95,
NSE,NIFTY,2025-07-30,15:30:00,24855.4,24857.15,24842.55,24846.3,
NSE,NIFTY,2025-07-30,15:35:00,24844.75,24855.05,24841.15,24855.05,
NSE,NIFTY,2025-07-30,15:40:00,24855.05,24855.05,24855.05,24855.05,
NSE,NIFTY,2025-07-30,15:45:00,24855.05,24855.05,24855.05,24855.05,
NSE,NIFTY,2025-07-30,15:50:00,24855.05,24855.05,24855.05,24855.05,
NSE,NIFTY,2025-07-30,15:55:00,24855.05,24855.05,24855.05,24855.05,
NSE,NIFTY,2025-07-30,16:00:00,24855.05,24855.05,24855.05,24855.05,
NSE,NIFTY,2025-07-30,16:05:00,24855.05,24855.05,24855.05,24855.05,
NSE,NIFTY,2025-07-31,07:30:00,24855.05,24855.05,24855.05,24855.05,
NSE,NIFTY,2025-07-31,07:35:00,24855.05,24855.05,24855.05,24855.05,
NSE,NIFTY,2025-07-31,07:40:00,24855.05,24855.05,24855.05,24855.05,
NSE,NIFTY,2025-07-31,07:45:00,24855.05,24855.05,24855.05,24855.05,
NSE,NIFTY,2025-07-31,07:50:00,24855.05,24855.05,24855.05,24855.05,
NSE,NIFTY,2025-07-31,07:55:00,24855.05,24855.05,24855.05,24855.05,
NSE,NIFTY,2025-07-31,08:00:00,24855.05,24855.05,24855.05,24855.05,
NSE,NIFTY,2025-07-31,08:05:00,24855.05,24855.05,24855.05,24855.05,
NSE,NIFTY,2025-07-31,08:10:00,24855.05,24855.05,24855.05,24855.05,
NSE,NIFTY,2025-07-31,08:15:00,24855.05,24855.05,24855.05,24855.05,
NSE,NIFTY,2025-07-31,08:20:00,24855.05,24855.05,24855.05,24855.05,
NSE,NIFTY,2025-07-31,08:25:00,24855.05,24855.05,24855.05,24855.05,
NSE,NIFTY,2025-07-31,08:30:00,24855.05,24855.05,24855.05,24855.05,
NSE,NIFTY,2025-07-31,08:35:00,24855.05,24855.05,24855.05,24855.05,
NSE,NIFTY,2025-07-31,08:40:00,24855.05,24855.05,24855.05,24855.05,
NSE,NIFTY,2025-07-31,08:45:00,24855.05,24855.05,24855.05,24855.05,
NSE,NIFTY,2025-07-31,08:50:00,24855.05,24855.05,24855.05,24855.05,
NSE,NIFTY,2025-07-31,08:55:00,24855.05,24855.05,24855.05,24855.05,
NSE,NIFTY,2025-07-31,09:00:00,24855.05,24855.05,24088.2,24158.6,
NSE,NIFTY,2025-07-31,09:05:00,24165.9,24701.85,24153.9,24686.6,
NSE,NIFTY,2025-07-31,09:10:00,24685.5,24698.7,24621.2,24642.25,
NSE,NIFTY,2025-07-31,09:15:00,24642.25,24693,24642.25,24685.2,
NSE,NIFTY,2025-07-31,09:20:00,24686.65,24699.4,24639.55,24687.2,
NSE,NIFTY,2025-07-31,09:25:00,24691.2,24728.55,24686.55,24699.25,
NSE,NIFTY,2025-07-31,09:30:00,24699.95,24725.85,24693.7,24696.3,
NSE,NIFTY,2025-07-31,09:35:00,24696.9,24719.25,24694.75,24699.95,
NSE,NIFTY,2025-07-31,09:40:00,24699.6,24701,24684.65,24689,
NSE,NIFTY,2025-07-31,09:45:00,24688.45,24710.7,24688.1,24706.7,
NSE,NIFTY,2025-07-31,09:50:00,24705.75,24705.85,24687.8,24693.65,
NSE,NIFTY,2025-07-31,09:55:00,24693.5,24707.35,24688.65,24703.05,
NSE,NIFTY,2025-07-31,10:00:00,24702.85,24709.35,24682.3,24682.45,
NSE,NIFTY,2025-07-31,10:05:00,24682.2,24682.9,24653.6,24662.05,
NSE,NIFTY,2025-07-31,10:10:00,24661.55,24687,24659.5,24673.45,
NSE,NIFTY,2025-07-31,10:15:00,24673.45,24683.45,24665.3,24668.05,
NSE,NIFTY,2025-07-31,10:20:00,24667.95,24682.95,24667.15,24669.5,
NSE,NIFTY,2025-07-31,10:25:00,24669.95,24687.45,24666.7,24684.95,
NSE,NIFTY,2025-07-31,10:30:00,24684.3,24692.8,24671.8,24681.45,
NSE,NIFTY,2025-07-31,10:35:00,24681.65,24685.7,24669,24674.6,
NSE,NIFTY,2025-07-31,10:40:00,24673.65,24683.4,24662.6,24682.55,
NSE,NIFTY,2025-07-31,10:45:00,24683.1,24703,24676.95,24703,
NSE,NIFTY,2025-07-31,10:50:00,24702.9,24722.95,24701,24720.85,
NSE,NIFTY,2025-07-31,10:55:00,24721.25,24728.45,24711.35,24723.6,
NSE,NIFTY,2025-07-31,11:00:00,24723.8,24728.7,24695,24718.6,
NSE,NIFTY,2025-07-31,11:05:00,24717.55,24764.75,24717.55,24760.15,
NSE,NIFTY,2025-07-31,11:10:00,24761.2,24776.2,24749.6,24750,
NSE,NIFTY,2025-07-31,11:15:00,24749.55,24752.8,24740.7,24747.7,
NSE,NIFTY,2025-07-31,11:20:00,24747.85,24766,24742.05,24765.05,
NSE,NIFTY,2025-07-31,11:25:00,24764.85,24805.25,24763.65,24798.15,
NSE,NIFTY,2025-07-31,11:30:00,24793.4,24795.05,24779.5,24784.75,
NSE,NIFTY,2025-07-31,11:35:00,24784.15,24814.1,24782.55,24802.05,
NSE,NIFTY,2025-07-31,11:40:00,24801.4,24802.8,24788.65,24796.9,
NSE,NIFTY,2025-07-31,11:45:00,24796.45,24819.8,24795.65,24803.3,
NSE,NIFTY,2025-07-31,11:50:00,24801.8,24821.8,24793,24809.25,
NSE,NIFTY,2025-07-31,11:55:00,24809.1,24814.6,24797.65,24800.2,
NSE,NIFTY,2025-07-31,12:00:00,24801.2,24802.35,24800.7,24801.3,
NSE,NIFTY,2025-07-31,12:05:00,24802.75,24803.9,24802,24802.85,
NSE,NIFTY,2025-07-31,12:10:00,24803.95,24804.6,24802.4,24802.45,
NSE,NIFTY,2025-07-31,12:15:00,24803.1,24808.7,24799.7,24806.25,
NSE,NIFTY,2025-07-31,12:20:00,24804.35,24806.85,24755.6,24761.05,
NSE,NIFTY,2025-07-31,12:25:00,24760.65,24819.35,24758.6,24818.95,
NSE,NIFTY,2025-07-31,12:30:00,24819.35,24840.85,24819.25,24838.95,
NSE,NIFTY,2025-07-31,12:35:00,24839.3,24848.55,24833.7,24833.7,
NSE,NIFTY,2025-07-31,12:40:00,24834.65,24836.65,24826.75,24830.45,
NSE,NIFTY,2025-07-31,12:45:00,24829.5,24872.9,24827.65,24858.8,
NSE,NIFTY,2025-07-31,12:50:00,24857.1,24859.85,24846.25,24856.3,
NSE,NIFTY,2025-07-31,12:55:00,24855.6,24859.55,24855.6,24858.2,
NSE,NIFTY,2025-07-31,13:00:00,24857.95,24864.95,24857.95,24864.95,
NSE,NIFTY,2025-07-31,13:05:00,24864.1,24906.05,24863.3,24894.75,
NSE,NIFTY,2025-07-31,13:10:00,24893.25,24902.9,24886.2,24897.1,
NSE,NIFTY,2025-07-31,13:15:00,24897.6,24927.95,24896.45,24906.85,
NSE,NIFTY,2025-07-31,13:20:00,24905.95,24913.5,24896.25,24899.8,
NSE,NIFTY,2025-07-31,13:25:00,24899.55,24909.2,24894.1,24899.95,
NSE,NIFTY,2025-07-31,13:30:00,24900.35,24927.45,24890.1,24919.65,
NSE,NIFTY,2025-07-31,13:35:00,24919,24935,24918.85,24933.75,
NSE,NIFTY,2025-07-31,13:40:00,24932.95,24955.8,24931.15,24946.55,
NSE,NIFTY,2025-07-31,13:45:00,24946.8,24947.15,24916.7,24923.85,
NSE,NIFTY,2025-07-31,13:50:00,24922.2,24935.05,24916.2,24920.7,
NSE,NIFTY,2025-07-31,13:55:00,24920.15,24920.3,24905.1,24915.25,
NSE,NIFTY,2025-07-31,14:00:00,24915.05,24924.8,24901.3,24908.75,
NSE,NIFTY,2025-07-31,14:05:00,24907.8,24928.05,24906.7,24919.55,
NSE,NIFTY,2025-07-31,14:10:00,24918.7,24952.7,24917.4,24941.7,
NSE,NIFTY,2025-07-31,14:15:00,24940.25,24951.7,24918.55,24924.7,
NSE,NIFTY,2025-07-31,14:20:00,24922.65,24923.8,24905.6,24910.2,
NSE,NIFTY,2025-07-31,14:25:00,24910.55,24914.05,24889.95,24891.25,
NSE,NIFTY,2025-07-31,14:30:00,24890.25,24892.65,24849.1,24853.8,
NSE,NIFTY,2025-07-31,14:35:00,24851.6,24882.5,24843.05,24869.35,
NSE,NIFTY,2025-07-31,14:40:00,24868.45,24890.8,24861.65,24886.85,
NSE,NIFTY,2025-07-31,14:45:00,24887.55,24893.35,24853.1,24872.4,
NSE,NIFTY,2025-07-31,14:50:00,24871.9,24875.25,24850.05,24855.9,
NSE,NIFTY,2025-07-31,14:55:00,24855.75,24861.65,24835.1,24840.65,
NSE,NIFTY,2025-07-31,15:00:00,24840.9,24852.5,24839.8,24848.75,
NSE,NIFTY,2025-07-31,15:05:00,24849.1,24862.35,24784.4,24785.65,
NSE,NIFTY,2025-07-31,15:10:00,24784.45,24785.65,24752.5,24760.1,
NSE,NIFTY,2025-07-31,15:15:00,24761.35,24780.95,24757.75,24759.95,
NSE,NIFTY,2025-07-31,15:20:00,24760.95,24762.2,24749.25,24753.8,
NSE,NIFTY,2025-07-31,15:25:00,24755.2,24758.95,24749.3,24754,
NSE,NIFTY,2025-07-31,15:30:00,24753.05,24760.75,24749.25,24752.8,
NSE,NIFTY,2025-07-31,15:35:00,24752.6,24768.35,24747.55,24768.35,
NSE,NIFTY,2025-07-31,15:40:00,24768.35,24768.35,24768.35,24768.35,
NSE,NIFTY,2025-07-31,15:45:00,24768.35,24768.35,24768.35,24768.35,
NSE,NIFTY,2025-08-01,07:35:00,24768.35,24768.35,24768.35,24768.35,
NSE,NIFTY,2025-08-01,07:40:00,24768.35,24768.35,24768.35,24768.35,
NSE,NIFTY,2025-08-01,07:45:00,24768.35,24768.35,24768.35,24768.35,
NSE,NIFTY,2025-08-01,07:50:00,24768.35,24768.35,24768.35,24768.35,
NSE,NIFTY,2025-08-01,07:55:00,24768.35,24768.35,24768.35,24768.35,
NSE,NIFTY,2025-08-01,08:00:00,24768.35,24768.35,24768.35,24768.35,
NSE,NIFTY,2025-08-01,08:05:00,24768.35,24768.35,24768.35,24768.35,
NSE,NIFTY,2025-08-01,08:10:00,24768.35,24768.35,24768.35,24768.35,
NSE,NIFTY,2025-08-01,08:15:00,24768.35,24768.35,24768.35,24768.35,
NSE,NIFTY,2025-08-01,08:20:00,24768.35,24768.35,24768.35,24768.35,
NSE,NIFTY,2025-08-01,08:25:00,24768.35,24768.35,24768.35,24768.35,
NSE,NIFTY,2025-08-01,08:30:00,24768.35,24768.35,24768.35,24768.35,
NSE,NIFTY,2025-08-01,08:35:00,24768.35,24768.35,24768.35,24768.35,
NSE,NIFTY,2025-08-01,08:40:00,24768.35,24768.35,24768.35,24768.35,
NSE,NIFTY,2025-08-01,08:45:00,24768.35,24768.35,24768.35,24768.35,
NSE,NIFTY,2025-08-01,08:50:00,24768.35,24768.35,24768.35,24768.35,
NSE,NIFTY,2025-08-01,08:55:00,24768.35,24768.35,24768.35,24768.35,
NSE,NIFTY,2025-08-01,09:00:00,24768.35,24768.35,24486.3,24629.1,
NSE,NIFTY,2025-08-01,09:05:00,24625.05,24805.45,24619.65,24765.9,
NSE,NIFTY,2025-08-01,09:10:00,24765.9,24778.25,24723.05,24734.9,
NSE,NIFTY,2025-08-01,09:15:00,24734.9,24759.2,24701.1,24742.45,
NSE,NIFTY,2025-08-01,09:20:00,24736.7,24738.9,24709.05,24716.9,
NSE,NIFTY,2025-08-01,09:25:00,24718.4,24732.6,24701.5,24701.55,
NSE,NIFTY,2025-08-01,09:30:00,24702.35,24704.05,24673.35,24674.25,
NSE,NIFTY,2025-08-01,09:35:00,24673.6,24738.7,24672.3,24716.8,
NSE,NIFTY,2025-08-01,09:40:00,24716.25,24724.95,24695.6,24700.6,
NSE,NIFTY,2025-08-01,09:45:00,24701,24725.3,24699.6,24703.15,
NSE,NIFTY,2025-08-01,09:50:00,24703.75,24722.7,24694.6,24710.55,
NSE,NIFTY,2025-08-01,09:55:00,24710.2,24724.65,24696.05,24696.9,
NSE,NIFTY,2025-08-01,10:00:00,24696.5,24703.65,24684.65,24686.75,
NSE,NIFTY,2025-08-01,10:05:00,24687.5,24729.35,24685.8,24717,
NSE,NIFTY,2025-08-01,10:10:00,24717.25,24728.7,24712.45,24723.75,
NSE,NIFTY,2025-08-01,10:15:00,24724.15,24748.75,24723.65,24744.05,
NSE,NIFTY,2025-08-01,10:20:00,24744.5,24752.65,24735.1,24749.65,
NSE,NIFTY,2025-08-01,10:25:00,24750.15,24777.55,24748.5,24762.65,
NSE,NIFTY,2025-08-01,10:30:00,24763.4,24770.2,24754.7,24768.75,
NSE,NIFTY,2025-08-01,10:35:00,24767.6,24782.35,24756.25,24775.3,
NSE,NIFTY,2025-08-01,10:40:00,24775.4,24784.1,24769.3,24773.75,
NSE,NIFTY,2025-08-01,10:45:00,24772.05,24776.6,24756,24770.95,
NSE,NIFTY,2025-08-01,10:50:00,24770.85,24772.15,24749,24751.95,
NSE,NIFTY,2025-08-01,10:55:00,24750,24753.5,24735.3,24740.1,
NSE,NIFTY,2025-08-01,11:00:00,24740.6,24753.25,24735.95,24751.5,
NSE,NIFTY,2025-08-01,11:05:00,24752.1,24771.35,24749.15,24764.65,
NSE,NIFTY,2025-08-01,11:10:00,24763.75,24763.75,24716.05,24716.05,
NSE,NIFTY,2025-08-01,11:15:00,24716.35,24725.85,24707.1,24708.95,
NSE,NIFTY,2025-08-01,11:20:00,24707.8,24718,24670.25,24689.55,
NSE,NIFTY,2025-08-01,11:25:00,24689.6,24706.65,24689.05,24705.95,
NSE,NIFTY,2025-08-01,11:30:00,24705.6,24706.35,24688.2,24688.6,
NSE,NIFTY,2025-08-01,11:35:00,24687.95,24689.4,24674,24681.2,
NSE,NIFTY,2025-08-01,11:40:00,24681.55,24685.3,24667.1,24668.35,
NSE,NIFTY,2025-08-01,11:45:00,24669.3,24674.35,24644.65,24659.45,
NSE,NIFTY,2025-08-01,11:50:00,24659.6,24668.9,24652.65,24664.35,
NSE,NIFTY,2025-08-01,11:55:00,24663.6,24675.75,24660.85,24664.35,
NSE,NIFTY,2025-08-01,12:00:00,24664.75,24669,24656.2,24658.55,
NSE,NIFTY,2025-08-01,12:05:00,24659,24659.25,24646.15,24652.85,
NSE,NIFTY,2025-08-01,12:10:00,24652.75,24671.2,24651.15,24664.3,
NSE,NIFTY,2025-08-01,12:15:00,24665.1,24667.7,24649.9,24651.3,
NSE,NIFTY,2025-08-01,12:20:00,24651.55,24660.05,24647.1,24655.35,
NSE,NIFTY,2025-08-01,12:25:00,24655.5,24675.2,24653.75,24674.95,
NSE,NIFTY,2025-08-01,12:30:00,24674.8,24675.95,24660.2,24665.85,
NSE,NIFTY,2025-08-01,12:35:00,24665.95,24665.95,24663.9,24664.45,
NSE,NIFTY,2025-08-01,12:40:00,24664.6,24697.1,24642.3,24643.7,
NSE,NIFTY,2025-08-01,12:45:00,24644.85,24647.45,24611.15,24636.35,
NSE,NIFTY,2025-08-01,12:50:00,24636,24648.65,24632.9,24637.55,
NSE,NIFTY,2025-08-01,12:55:00,24639.85,24650.65,24636.65,24648.5,
NSE,NIFTY,2025-08-01,13:00:00,24649.45,24655.85,24640,24644.2,
NSE,NIFTY,2025-08-01,13:05:00,24644.75,24647.4,24634.5,24647.4,
NSE,NIFTY,2025-08-01,13:10:00,24650.05,24666.95,24646.9,24649.75,
NSE,NIFTY,2025-08-01,13:15:00,24649.65,24663.05,24645.25,24657.1,
NSE,NIFTY,2025-08-01,13:20:00,24657.3,24660.2,24648.5,24650.2,
NSE,NIFTY,2025-08-01,13:25:00,24650.95,24665.2,24648.45,24664.45,
NSE,NIFTY,2025-08-01,13:30:00,24665.35,24684.75,24663.85,24683.4,
NSE,NIFTY,2025-08-01,13:35:00,24683.85,24692.65,24669.85,24670.4,
NSE,NIFTY,2025-08-01,13:40:00,24670.95,24671.2,24615.6,24644.45,
NSE,NIFTY,2025-08-01,13:45:00,24643.45,24671.75,24639.2,24669.8,
NSE,NIFTY,2025-08-01,13:50:00,24669.05,24672.45,24661.45,24661.85,
NSE,NIFTY,2025-08-01,13:55:00,24662.9,24666.65,24656.8,24662.05,
NSE,NIFTY,2025-08-01,14:00:00,24663.2,24663.2,24637.5,24650.3,
NSE,NIFTY,2025-08-01,14:05:00,24650.6,24651.6,24636.9,24648.55,
NSE,NIFTY,2025-08-01,14:10:00,24647.9,24650.6,24638.45,24643.65,
NSE,NIFTY,2025-08-01,14:15:00,24644.55,24663.95,24642.85,24646.85,
NSE,NIFTY,2025-08-01,14:20:00,24648.05,24659.7,24640.7,24643.6,
NSE,NIFTY,2025-08-01,14:25:00,24643.8,24646.4,24629.7,24632.4,
NSE,NIFTY,2025-08-01,14:30:00,24632.3,24634.35,24618.45,24625.9,
NSE,NIFTY,2025-08-01,14:35:00,24624.9,24651.05,24622.45,24650,
NSE,NIFTY,2025-08-01,14:40:00,24651.25,24652.1,24605.55,24628.25,
NSE,NIFTY,2025-08-01,14:45:00,24626.15,24628.8,24614.25,24620.65,
NSE,NIFTY,2025-08-01,14:50:00,24619.9,24641.3,24616.25,24635.9,
NSE,NIFTY,2025-08-01,14:55:00,24636.05,24640,24621.4,24624.9,
NSE,NIFTY,2025-08-01,15:00:00,24624.55,24625.55,24605.2,24605.2,
NSE,NIFTY,2025-08-01,15:05:00,24604.6,24617.7,24594.2,24597.4,
NSE,NIFTY,2025-08-01,15:10:00,24597.2,24598.8,24549.8,24550.85,
NSE,NIFTY,2025-08-01,15:15:00,24550.65,24551.85,24535.35,24545,
NSE,NIFTY,2025-08-01,15:20:00,24545.05,24560.6,24539.9,24559.45,
NSE,NIFTY,2025-08-01,15:25:00,24559.95,24566.5,24550.7,24565.6,
NSE,NIFTY,2025-08-01,15:30:00,24565.4,24575.2,24546.8,24570.8,
NSE,NIFTY,2025-08-01,15:35:00,24570.8,24571.1,24565.35,24565.35,
NSE,NIFTY,2025-08-01,15:40:00,24565.35,24565.35,24565.35,24565.35,
NSE,NIFTY,2025-08-01,15:45:00,24565.35,24565.35,24565.35,24565.35,
NSE,NIFTY,2025-08-01,15:50:00,24565.35,24565.35,24565.35,24565.35,
NSE,NIFTY,2025-08-01,15:55:00,24565.35,24565.35,24565.35,24565.35,
NSE,NIFTY,2025-08-04,07:25:00,24565.35,24565.35,24565.35,24565.35,
NSE,NIFTY,2025-08-04,07:30:00,24565.35,24565.35,24565.35,24565.35,
NSE,NIFTY,2025-08-04,07:35:00,24565.35,24565.35,24565.35,24565.35,
NSE,NIFTY,2025-08-04,07:40:00,24565.35,24565.35,24565.35,24565.35,
NSE,NIFTY,2025-08-04,07:45:00,24565.35,24565.35,24565.35,24565.35,
NSE,NIFTY,2025-08-04,07:50:00,24565.35,24565.35,24565.35,24565.35,
NSE,NIFTY,2025-08-04,07:55:00,24565.35,24565.35,24565.35,24565.35,
NSE,NIFTY,2025-08-04,08:00:00,24565.35,24565.35,24565.35,24565.35,
NSE,NIFTY,2025-08-04,08:05:00,24565.35,24565.35,24565.35,24565.35,
NSE,NIFTY,2025-08-04,08:10:00,24565.35,24565.35,24565.35,24565.35,
NSE,NIFTY,2025-08-04,08:15:00,24565.35,24565.35,24565.35,24565.35,
NSE,NIFTY,2025-08-04,08:20:00,24565.35,24565.35,24565.35,24565.35,
NSE,NIFTY,2025-08-04,08:25:00,24565.35,24565.35,24565.35,24565.35,
NSE,NIFTY,2025-08-04,08:30:00,24565.35,24565.35,24565.35,24565.35,
NSE,NIFTY,2025-08-04,08:35:00,24565.35,24565.35,24565.35,24565.35,
NSE,NIFTY,2025-08-04,08:40:00,24565.35,24565.35,24565.35,24565.35,
NSE,NIFTY,2025-08-04,08:45:00,24565.35,24565.35,24565.35,24565.35,
NSE,NIFTY,2025-08-04,08:50:00,24565.35,24565.35,24565.35,24565.35,
NSE,NIFTY,2025-08-04,08:55:00,24565.35,24565.35,24565.35,24565.35,
NSE,NIFTY,2025-08-04,09:00:00,24565.35,24782.7,23508.4,24226.65,
NSE,NIFTY,2025-08-04,09:05:00,24243.15,24600.55,24227.35,24591.8,
NSE,NIFTY,2025-08-04,09:10:00,24599.85,24613.75,24584.65,24596.05,
NSE,NIFTY,2025-08-04,09:15:00,24596.05,24610.45,24566,24606.9,
NSE,NIFTY,2025-08-04,09:20:00,24608.4,24648.15,24600.6,24638.6,
NSE,NIFTY,2025-08-04,09:25:00,24636.9,24653.2,24624.35,24649,
NSE,NIFTY,2025-08-04,09:30:00,24650.5,24667.85,24640.65,24664.2,
NSE,NIFTY,2025-08-04,09:35:00,24663.85,24669.75,24641.75,24654.4,
NSE,NIFTY,2025-08-04,09:40:00,24655.35,24658.05,24642.5,24644.9,
NSE,NIFTY,2025-08-04,09:45:00,24644.85,24651.2,24582.4,24588.75,
NSE,NIFTY,2025-08-04,09:50:00,24586.7,24646.35,24555.35,24636.15,
NSE,NIFTY,2025-08-04,09:55:00,24635.95,24636.65,24597.15,24610.1,
NSE,NIFTY,2025-08-04,10:00:00,24610.05,24617.15,24600.2,24616.6,
NSE,NIFTY,2025-08-04,10:05:00,24616.2,24630.15,24597,24629.8,
NSE,NIFTY,2025-08-04,10:10:00,24629.95,24638.35,24618.6,24625,
NSE,NIFTY,2025-08-04,10:15:00,24622.65,24630.7,24616.75,24628.7,
NSE,NIFTY,2025-08-04,10:20:00,24627.75,24645.3,24624.7,24632.7,
NSE,NIFTY,2025-08-04,10:25:00,24633.4,24652.3,24627.85,24639.15,
NSE,NIFTY,2025-08-04,10:30:00,24639.85,24640,24609.2,24627.75,
NSE,NIFTY,2025-08-04,10:35:00,24627.15,24640.05,24625.5,24636.4,
NSE,NIFTY,2025-08-04,10:40:00,24635.8,24652.8,24633.5,24646.9,
NSE,NIFTY,2025-08-04,10:45:00,24647.15,24656,24639.8,24640.4,
NSE,NIFTY,2025-08-04,10:50:00,24640.8,24641.3,24609.55,24614.85,
NSE,NIFTY,2025-08-04,10:55:00,24614.85,24630.85,24603.55,24625.75,
NSE,NIFTY,2025-08-04,11:00:00,24625.9,24632.1,24617.5,24624.35,
NSE,NIFTY,2025-08-04,11:05:00,24625,24663.15,24623,24661.55,
NSE,NIFTY,2025-08-04,11:10:00,24661.2,24669.5,24642.4,24653.25,
NSE,NIFTY,2025-08-04,11:15:00,24653.2,24671.05,24650.25,24667.3,
NSE,NIFTY,2025-08-04,11:20:00,24666.75,24677.35,24662.35,24673.65,
NSE,NIFTY,2025-08-04,11:25:00,24673.55,24682.2,24668.6,24674.9,
NSE,NIFTY,2025-08-04,11:30:00,24675.2,24679.55,24665.1,24670.75,
NSE,NIFTY,2025-08-04,11:35:00,24671.2,24683.85,24669.6,24672.05,
NSE,NIFTY,2025-08-04,11:40:00,24671.85,24672.5,24632.55,24655.85,
NSE,NIFTY,2025-08-04,11:45:00,24656.3,24670.45,24652.25,24670.1,
NSE,NIFTY,2025-08-04,11:50:00,24669.5,24676.35,24669.05,24675.2,
NSE,NIFTY,2025-08-04,11:55:00,24675.75,24677.9,24670.1,24670.7,
NSE,NIFTY,2025-08-04,12:00:00,24671,24684.4,24670.2,24680.9,
NSE,NIFTY,2025-08-04,12:05:00,24680.3,24681.65,24659.55,24675.8,
NSE,NIFTY,2025-08-04,12:10:00,24675.35,24679.1,24667.35,24671.35,
NSE,NIFTY,2025-08-04,12:15:00,24671.5,24681.45,24670.1,24678.9,
NSE,NIFTY,2025-08-04,12:20:00,24677.9,24680.6,24669.85,24671.25,
NSE,NIFTY,2025-08-04,12:25:00,24672.35,24676.45,24667.3,24674.8,
NSE,NIFTY,2025-08-04,12:30:00,24674.1,24696.75,24669.5,24695.45,
NSE,NIFTY,2025-08-04,12:35:00,24698.2,24698.9,24691.05,24696.3,
NSE,NIFTY,2025-08-04,12:40:00,24695.8,24720.8,24693.7,24717.55,
NSE,NIFTY,2025-08-04,12:45:00,24715.35,24717.75,24689.65,24696.55,
NSE,NIFTY,2025-08-04,12:50:00,24696.45,24701.25,24686.75,24695.55,
NSE,NIFTY,2025-08-04,12:55:00,24695.55,24703.95,24691.75,24693.1,
NSE,NIFTY,2025-08-04,13:00:00,24692.55,24709.6,24691.9,24709.6,
NSE,NIFTY,2025-08-04,13:05:00,24709.4,24722,24709.15,24717.35,
NSE,NIFTY,2025-08-04,13:10:00,24718.1,24718.4,24703.95,24708.3,
NSE,NIFTY,2025-08-04,13:15:00,24707.1,24712.05,24693.05,24696.4,
NSE,NIFTY,2025-08-04,13:20:00,24696.55,24704.5,24692.5,24698.8,
NSE,NIFTY,2025-08-04,13:25:00,24698.5,24701.1,24685.8,24685.8,
NSE,NIFTY,2025-08-04,13:30:00,24686.3,24687.55,24644.1,24673.7,
NSE,NIFTY,2025-08-04,13:35:00,24673,24691.25,24673,24684.9,
NSE,NIFTY,2025-08-04,13:40:00,24684.1,24689.85,24677.5,24689.15,
NSE,NIFTY,2025-08-04,13:45:00,24688.3,24707.35,24686.15,24706.95,
NSE,NIFTY,2025-08-04,13:50:00,24707.15,24734.3,24706.4,24719.6,
NSE,NIFTY,2025-08-04,13:55:00,24720,24723.45,24712.65,24720.6,
NSE,NIFTY,2025-08-04,14:00:00,24719.9,24721,24712.45,24718.2,
NSE,NIFTY,2025-08-04,14:05:00,24719.55,24725.25,24682.2,24701.75,
NSE,NIFTY,2025-08-04,14:10:00,24702,24723.2,24700.05,24719.9,
NSE,NIFTY,2025-08-04,14:15:00,24719.8,24724.15,24714.15,24724.1,
NSE,NIFTY,2025-08-04,14:20:00,24722.35,24723.35,24714.85,24718.3,
NSE,NIFTY,2025-08-04,14:25:00,24717.9,24726.5,24714.25,24714.25,
NSE,NIFTY,2025-08-04,14:30:00,24713.95,24725.3,24713.8,24724.4,
NSE,NIFTY,2025-08-04,14:35:00,24724.3,24734.35,24717.4,24723.2,
NSE,NIFTY,2025-08-04,14:40:00,24722.8,24725.2,24708.25,24722.35,
NSE,NIFTY,2025-08-04,14:45:00,24721.35,24722.55,24690.05,24692,
NSE,NIFTY,2025-08-04,14:50:00,24691.1,24719.35,24689.1,24716.9,
NSE,NIFTY,2025-08-04,14:55:00,24717,24729.45,24716.35,24720,
NSE,NIFTY,2025-08-04,15:00:00,24719.9,24729.65,24701.7,24702.05,
NSE,NIFTY,2025-08-04,15:05:00,24703.5,24722.95,24702.9,24719.25,
NSE,NIFTY,2025-08-04,15:10:00,24719.65,24725.75,24716.35,24724.8,
NSE,NIFTY,2025-08-04,15:15:00,24725.25,24726,24713.75,24720.25,
NSE,NIFTY,2025-08-04,15:20:00,24719.85,24726.9,24718.55,24726.55,
NSE,NIFTY,2025-08-04,15:25:00,24725.6,24734.15,24723.75,24725.95,
NSE,NIFTY,2025-08-04,15:30:00,24726.1,24735.8,24722.35,24726.9,
NSE,NIFTY,2025-08-04,15:35:00,24726.9,24726.9,24722.75,24722.75,
NSE,NIFTY,2025-08-04,15:40:00,24722.75,24722.75,24722.75,24722.75,
NSE,NIFTY,2025-08-04,15:45:00,24722.75,24722.75,24722.75,24722.75,
NSE,NIFTY,2025-08-04,15:50:00,24722.75,24722.75,24722.75,24722.75,
NSE,NIFTY,2025-08-05,07:30:00,24722.75,24722.75,24722.75,24722.75,
NSE,NIFTY,2025-08-05,07:35:00,24722.75,24722.75,24722.75,24722.75,
NSE,NIFTY,2025-08-05,07:40:00,24722.75,24722.75,24722.75,24722.75,
NSE,NIFTY,2025-08-05,07:45:00,24722.75,24722.75,24722.75,24722.75,
NSE,NIFTY,2025-08-05,07:50:00,24722.75,24722.75,24722.75,24722.75,
NSE,NIFTY,2025-08-05,07:55:00,24722.75,24722.75,24722.75,24722.75,
NSE,NIFTY,2025-08-05,08:00:00,24722.75,24722.75,24722.75,24722.75,
NSE,NIFTY,2025-08-05,08:05:00,24722.75,24722.75,24722.75,24722.75,
NSE,NIFTY,2025-08-05,08:10:00,24722.75,24722.75,24722.75,24722.75,
NSE,NIFTY,2025-08-05,08:15:00,24722.75,24722.75,24722.75,24722.75,
NSE,NIFTY,2025-08-05,08:20:00,24722.75,24722.75,24722.75,24722.75,
NSE,NIFTY,2025-08-05,08:25:00,24722.75,24722.75,24722.75,24722.75,
NSE,NIFTY,2025-08-05,08:30:00,24722.75,24722.75,24722.75,24722.75,
NSE,NIFTY,2025-08-05,08:35:00,24722.75,24722.75,24722.75,24722.75,
NSE,NIFTY,2025-08-05,08:40:00,24722.75,24722.75,24722.75,24722.75,
NSE,NIFTY,2025-08-05,08:45:00,24722.75,24722.75,24722.75,24722.75,
NSE,NIFTY,2025-08-05,08:50:00,24722.75,24722.75,24722.75,24722.75,
NSE,NIFTY,2025-08-05,08:55:00,24722.75,24722.75,24722.75,24722.75,
NSE,NIFTY,2025-08-05,09:00:00,24722.75,25248.45,24518.35,24547.8,
NSE,NIFTY,2025-08-05,09:05:00,24545.05,24711.85,24539.3,24710.7,
NSE,NIFTY,2025-08-05,09:10:00,24717.65,24742.65,24711.65,24720.25,
NSE,NIFTY,2025-08-05,09:15:00,24720.25,24720.25,24720.25,24720.25,
NSE,NIFTY,2025-08-05,09:20:00,24718.7,24719.7,24681.15,24703.5,
NSE,NIFTY,2025-08-05,09:25:00,24703,24706.9,24677.15,24692.35,
NSE,NIFTY,2025-08-05,09:30:00,24692.9,24697.95,24670.1,24672.05,
NSE,NIFTY,2025-08-05,09:35:00,24672.8,24684.05,24660.25,24660.25,
NSE,NIFTY,2025-08-05,09:40:00,24661.75,24675.65,24642.25,24645.6,
NSE,NIFTY,2025-08-05,09:45:00,24645.35,24647.5,24628.55,24636.25,
NSE,NIFTY,2025-08-05,09:50:00,24636.75,24637.9,24610.4,24616.05,
NSE,NIFTY,2025-08-05,09:55:00,24616.15,24621.2,24608.9,24613.05,
NSE,NIFTY,2025-08-05,10:00:00,24613,24623.15,24610.15,24616.35,
NSE,NIFTY,2025-08-05,10:05:00,24612.05,24615.8,24593.2,24614.2,
NSE,NIFTY,2025-08-05,10:10:00,24614.3,24622.85,24609.5,24621.45,
NSE,NIFTY,2025-08-05,10:15:00,24622.6,24634.55,24613.15,24613.15,
NSE,NIFTY,2025-08-05,10:20:00,24614,24636.1,24608.25,24635.55,
NSE,NIFTY,2025-08-05,10:25:00,24635.25,24644.2,24627.7,24643.55,
NSE,NIFTY,2025-08-05,10:30:00,24643.6,24644.6,24630.45,24635,
NSE,NIFTY,2025-08-05,10:35:00,24635.05,24637.1,24605.35,24610.7,
NSE,NIFTY,2025-08-05,10:40:00,24610.9,24633.4,24610.2,24626.25,
NSE,NIFTY,2025-08-05,10:45:00,24625.85,24626.95,24596.85,24610.45,
NSE,NIFTY,2025-08-05,10:50:00,24610.95,24615.75,24605.05,24615.4,
NSE,NIFTY,2025-08-05,10:55:00,24616.2,24629.35,24615.55,24621.85,
NSE,NIFTY,2025-08-05,11:00:00,24621.65,24624.5,24616.45,24619.2,
NSE,NIFTY,2025-08-05,11:05:00,24619.45,24626.75,24615.25,24621.6,
NSE,NIFTY,2025-08-05,11:10:00,24621.65,24624.6,24604.15,24609.05,
NSE,NIFTY,2025-08-05,11:15:00,24608.35,24635.05,24607.85,24633.35,
NSE,NIFTY,2025-08-05,11:20:00,24632.95,24642.15,24625.75,24635.85,
NSE,NIFTY,2025-08-05,11:25:00,24636.45,24646.45,24631.75,24645.75,
NSE,NIFTY,2025-08-05,11:30:00,24645.95,24646.6,24633.35,24634.3,
NSE,NIFTY,2025-08-05,11:35:00,24633.4,24633.6,24618.25,24623.35,
NSE,NIFTY,2025-08-05,11:40:00,24622.85,24634.2,24621.65,24629.4,
NSE,NIFTY,2025-08-05,11:45:00,24628.7,24636.1,24624.15,24631.55,
NSE,NIFTY,2025-08-05,11:50:00,24631.2,24635,24625.1,24633.9,
NSE,NIFTY,2025-08-05,11:55:00,24634.6,24636.1,24620.7,24622.85,
NSE,NIFTY,2025-08-05,12:00:00,24623.3,24627.05,24615.7,24622.5,
NSE,NIFTY,2025-08-05,12:05:00,24623.05,24628.05,24619.3,24621.45,
NSE,NIFTY,2025-08-05,12:10:00,24622.4,24631.95,24621.2,24630.2,
NSE,NIFTY,2025-08-05,12:15:00,24630.8,24668.7,24629.7,24654.8,
NSE,NIFTY,2025-08-05,12:20:00,24655.2,24662,24651.85,24658.2,
NSE,NIFTY,2025-08-05,12:25:00,24657.85,24665.05,24654.2,24660.55,
NSE,NIFTY,2025-08-05,12:30:00,24660.2,24661.3,24647.85,24656.1,
NSE,NIFTY,2025-08-05,12:35:00,24656,24656.95,24620.95,24644.75,
NSE,NIFTY,2025-08-05,12:40:00,24643.15,24648.45,24635.55,24646.75,
NSE,NIFTY,2025-08-05,12:45:00,24646.45,24652.1,24644.35,24648.85,
NSE,NIFTY,2025-08-05,12:50:00,24648.85,24650,24636.7,24637.45,
NSE,NIFTY,2025-08-05,12:55:00,24636.2,24640,24629.6,24631.75,
NSE,NIFTY,2025-08-05,13:00:00,24630.75,24642.35,24630.15,24641.2,
NSE,NIFTY,2025-08-05,13:05:00,24641.2,24641.5,24622.2,24624.1,
NSE,NIFTY,2025-08-05,13:10:00,24625.35,24629.85,24622.4,24627.85,
NSE,NIFTY,2025-08-05,13:15:00,24628.35,24634.4,24617,24624.1,
NSE,NIFTY,2025-08-05,13:20:00,24624.4,24629.3,24617.95,24624.75,
NSE,NIFTY,2025-08-05,13:25:00,24625,24625.5,24594.3,24599,
NSE,NIFTY,2025-08-05,13:30:00,24599.75,24607.2,24598.4,24603.4,
NSE,NIFTY,2025-08-05,13:35:00,24605.6,24615,24593.5,24611.95,
NSE,NIFTY,2025-08-05,13:40:00,24612.95,24618.65,24608.3,24612.2,
NSE,NIFTY,2025-08-05,13:45:00,24612.5,24617.65,24605.85,24608,
NSE,NIFTY,2025-08-05,13:50:00,24608.2,24620.55,24606.25,24620.2,
NSE,NIFTY,2025-08-05,13:55:00,24618.1,24628.1,24615.85,24623.4,
NSE,NIFTY,2025-08-05,14:00:00,24624.3,24629.05,24619.9,24628.2,
NSE,NIFTY,2025-08-05,14:05:00,24627.05,24628.25,24610.9,24613.15,
NSE,NIFTY,2025-08-05,14:10:00,24614.1,24615.4,24592.35,24601.5,
NSE,NIFTY,2025-08-05,14:15:00,24601.1,24614.3,24598.35,24603.65,
NSE,NIFTY,2025-08-05,14:20:00,24605.65,24620.6,24603.95,24616.7,
NSE,NIFTY,2025-08-05,14:25:00,24616.15,24618.8,24603.25,24606.15,
NSE,NIFTY,2025-08-05,14:30:00,24606.75,24622.35,24604.1,24620.15,
NSE,NIFTY,2025-08-05,14:35:00,24620.55,24631.85,24594.6,24617.8,
NSE,NIFTY,2025-08-05,14:40:00,24617.4,24622.7,24613.85,24621.35,
NSE,NIFTY,2025-08-05,14:45:00,24620.15,24631.7,24618.3,24627.5,
NSE,NIFTY,2025-08-05,14:50:00,24628.75,24629.9,24592.65,24604.05,
NSE,NIFTY,2025-08-05,14:55:00,24605,24611.3,24596.75,24601.2,
NSE,NIFTY,2025-08-05,15:00:00,24600.45,24614.95,24597.9,24607.45,
NSE,NIFTY,2025-08-05,15:05:00,24609.6,24626.05,24606.2,24624.3,
NSE,NIFTY,2025-08-05,15:10:00,24624.4,24658.9,24624.4,24657,
NSE,NIFTY,2025-08-05,15:15:00,24656.75,24669.5,24650,24659.65,
NSE,NIFTY,2025-08-05,15:20:00,24659.25,24666.95,24646.85,24663.15,
NSE,NIFTY,2025-08-05,15:25:00,24665.45,24667.8,24649.6,24651.25,
NSE,NIFTY,2025-08-05,15:30:00,24652.85,24660.6,24646.4,24650.05,
NSE,NIFTY,2025-08-05,15:35:00,24649.75,24656,24647.4,24649.55,
NSE,NIFTY,2025-08-05,15:40:00,24649.55,24649.55,24649.55,24649.55,
NSE,NIFTY,2025-08-05,15:45:00,24649.55,24649.55,24649.55,24649.55,
NSE,NIFTY,2025-08-05,15:50:00,24649.55,24649.55,24649.55,24649.55,
NSE,NIFTY,2025-08-06,07:25:00,24649.55,24649.55,24649.55,24649.55,
NSE,NIFTY,2025-08-06,07:30:00,24649.55,24649.55,24649.55,24649.55,
NSE,NIFTY,2025-08-06,07:35:00,24649.55,24649.55,24649.55,24649.55,
NSE,NIFTY,2025-08-06,07:40:00,24649.55,24649.55,24649.55,24649.55,
NSE,NIFTY,2025-08-06,07:45:00,24649.55,24649.55,24649.55,24649.55,
NSE,NIFTY,2025-08-06,07:50:00,24649.55,24649.55,24649.55,24649.55,
NSE,NIFTY,2025-08-06,07:55:00,24649.55,24649.55,24649.55,24649.55,
NSE,NIFTY,2025-08-06,08:00:00,24649.55,24649.55,24649.55,24649.55,
NSE,NIFTY,2025-08-06,08:05:00,24649.55,24649.55,24649.55,24649.55,
NSE,NIFTY,2025-08-06,08:10:00,24649.55,24649.55,24649.55,24649.55,
NSE,NIFTY,2025-08-06,08:15:00,24649.55,24649.55,24649.55,24649.55,
NSE,NIFTY,2025-08-06,08:20:00,24649.55,24649.55,24649.55,24649.55,
NSE,NIFTY,2025-08-06,08:25:00,24649.55,24649.55,24649.55,24649.55,
NSE,NIFTY,2025-08-06,08:30:00,24649.55,24649.55,24649.55,24649.55,
NSE,NIFTY,2025-08-06,08:35:00,24649.55,24649.55,24649.55,24649.55,
NSE,NIFTY,2025-08-06,08:40:00,24649.55,24649.55,24649.55,24649.55,
NSE,NIFTY,2025-08-06,08:45:00,24649.55,24649.55,24649.55,24649.55,
NSE,NIFTY,2025-08-06,08:50:00,24649.55,24649.55,24649.55,24649.55,
NSE,NIFTY,2025-08-06,08:55:00,24649.55,24649.55,24649.55,24649.55,
NSE,NIFTY,2025-08-06,09:00:00,24649.55,24649.55,24419.55,24512.8,
NSE,NIFTY,2025-08-06,09:05:00,24512.2,24658.15,24512.05,24634.85,
NSE,NIFTY,2025-08-06,09:10:00,24631.35,24654.9,24585.7,24641.35,
NSE,NIFTY,2025-08-06,09:15:00,24641.35,24664.5,24641.35,24658.7,
NSE,NIFTY,2025-08-06,09:20:00,24656.75,24664.65,24634.55,24653.4,
NSE,NIFTY,2025-08-06,09:25:00,24651.85,24671.3,24649.2,24656,
NSE,NIFTY,2025-08-06,09:30:00,24654.9,24661.5,24645.95,24652.15,
NSE,NIFTY,2025-08-06,09:35:00,24651.75,24655.05,24630.25,24631.6,
NSE,NIFTY,2025-08-06,09:40:00,24631.3,24636.9,24617.05,24620.3,
NSE,NIFTY,2025-08-06,09:45:00,24619.85,24627.25,24618.65,24627.15,
NSE,NIFTY,2025-08-06,09:50:00,24626.8,24627.45,24606.35,24609.1,
NSE,NIFTY,2025-08-06,09:55:00,24607.35,24643.4,24606.5,24624.9,
NSE,NIFTY,2025-08-06,10:00:00,24624.95,24626.05,24612.7,24622.65,
NSE,NIFTY,2025-08-06,10:05:00,24622.2,24641.5,24579.8,24592.6,
NSE,NIFTY,2025-08-06,10:10:00,24591.65,24613.8,24590.8,24598.8,
NSE,NIFTY,2025-08-06,10:15:00,24599.2,24606.25,24585.8,24600.45,
NSE,NIFTY,2025-08-06,10:20:00,24599,24634.8,24594.45,24632.55,
NSE,NIFTY,2025-08-06,10:25:00,24633.3,24649.45,24626.55,24628.25,
NSE,NIFTY,2025-08-06,10:30:00,24628.8,24629.2,24598.45,24602.05,
NSE,NIFTY,2025-08-06,10:35:00,24600.8,24610.5,24574.3,24577.45,
NSE,NIFTY,2025-08-06,10:40:00,24573.65,24577,24544.55,24570.2,
NSE,NIFTY,2025-08-06,10:45:00,24568.9,24577.2,24559.45,24559.9,
NSE,NIFTY,2025-08-06,10:50:00,24559.9,24571.8,24554.95,24564.5,
NSE,NIFTY,2025-08-06,10:55:00,24563.2,24569.4,24556.65,24557.85,
NSE,NIFTY,2025-08-06,11:00:00,24557.7,24558.5,24548.65,24555.9,
NSE,NIFTY,2025-08-06,11:05:00,24557.1,24563,24552.7,24560.15,
NSE,NIFTY,2025-08-06,11:10:00,24560,24560.95,24548.7,24551.15,
NSE,NIFTY,2025-08-06,11:15:00,24551.5,24561.95,24548.2,24561.7,
NSE,NIFTY,2025-08-06,11:20:00,24561.2,24561.9,24550.3,24553.25,
NSE,NIFTY,2025-08-06,11:25:00,24553.35,24560.95,24551.1,24557,
NSE,NIFTY,2025-08-06,11:30:00,24556.95,24572.75,24553,24570.05,
NSE,NIFTY,2025-08-06,11:35:00,24570.3,24570.6,24554.9,24555.75,
NSE,NIFTY,2025-08-06,11:40:00,24555.7,24578.45,24553.55,24564.75,
NSE,NIFTY,2025-08-06,11:45:00,24564.5,24566.65,24554.8,24563.7,
NSE,NIFTY,2025-08-06,11:50:00,24563.45,24582.45,24560.25,24581.1,
NSE,NIFTY,2025-08-06,11:55:00,24580.65,24590.6,24579.15,24589.1,
NSE,NIFTY,2025-08-06,12:00:00,24588.4,24589.9,24558.3,24580.35,
NSE,NIFTY,2025-08-06,12:05:00,24580.25,24600.1,24577.3,24594.35,
NSE,NIFTY,2025-08-06,12:10:00,24594.55,24599.35,24587.45,24593.75,
NSE,NIFTY,2025-08-06,12:15:00,24593.15,24594.05,24584.8,24587.75,
NSE,NIFTY,2025-08-06,12:20:00,24588.1,24609.65,24586.2,24606.8,
NSE,NIFTY,2025-08-06,12:25:00,24607.8,24633.6,24606.4,24613.65,
NSE,NIFTY,2025-08-06,12:30:00,24613.7,24618.6,24606.1,24616.6,
NSE,NIFTY,2025-08-06,12:35:00,24616.75,24623.05,24612.9,24621,
NSE,NIFTY,2025-08-06,12:40:00,24620.9,24623.3,24596.1,24597.5,
NSE,NIFTY,2025-08-06,12:45:00,24597.45,24603.3,24595.55,24602.55,
NSE,NIFTY,2025-08-06,12:50:00,24602.65,24610.65,24601.45,24602.8,
NSE,NIFTY,2025-08-06,12:55:00,24602.3,24603.6,24583.25,24592.4,
NSE,NIFTY,2025-08-06,13:00:00,24592.5,24612.5,24590.75,24608.05,
NSE,NIFTY,2025-08-06,13:05:00,24607.2,24616.35,24604.85,24607.9,
NSE,NIFTY,2025-08-06,13:10:00,24607.2,24609.9,24604.4,24609.1,
NSE,NIFTY,2025-08-06,13:15:00,24609.15,24620.7,24607.4,24611.75,
NSE,NIFTY,2025-08-06,13:20:00,24612.1,24619.55,24611.3,24612.95,
NSE,NIFTY,2025-08-06,13:25:00,24612.8,24618.65,24607.65,24609.55,
NSE,NIFTY,2025-08-06,13:30:00,24609.8,24623.1,24608,24621.4,
NSE,NIFTY,2025-08-06,13:35:00,24621.15,24627,24612.95,24618.85,
NSE,NIFTY,2025-08-06,13:40:00,24618.6,24628.8,24614.65,24622.55,
NSE,NIFTY,2025-08-06,13:45:00,24622.55,24625.6,24584.5,24605.8,
NSE,NIFTY,2025-08-06,13:50:00,24605.2,24610.9,24601.7,24603.65,
NSE,NIFTY,2025-08-06,13:55:00,24602.45,24604.65,24595.35,24597.95,
NSE,NIFTY,2025-08-06,14:00:00,24597.7,24606.7,24596.95,24597.45,
NSE,NIFTY,2025-08-06,14:05:00,24596.95,24597.65,24585.9,24587.35,
NSE,NIFTY,2025-08-06,14:10:00,24587.75,24599.75,24584.85,24590.85,
NSE,NIFTY,2025-08-06,14:15:00,24590.4,24598.65,24578.45,24583.25,
NSE,NIFTY,2025-08-06,14:20:00,24582.9,24592.55,24579.35,24592.3,
NSE,NIFTY,2025-08-06,14:25:00,24592.2,24596.15,24590.95,24593.35,
NSE,NIFTY,2025-08-06,14:30:00,24593,24601.25,24569.8,24571.4,
NSE,NIFTY,2025-08-06,14:35:00,24571.3,24572.3,24564,24564.7,
NSE,NIFTY,2025-08-06,14:40:00,24564.35,24565.05,24539.85,24553.7,
NSE,NIFTY,2025-08-06,14:45:00,24553.7,24563,24550.6,24562.2,
NSE,NIFTY,2025-08-06,14:50:00,24561.9,24567.2,24556.85,24565.25,
NSE,NIFTY,2025-08-06,14:55:00,24565,24580.25,24563.75,24578.75,
NSE,NIFTY,2025-08-06,15:00:00,24579.05,24585.6,24556.35,24562.4,
NSE,NIFTY,2025-08-06,15:05:00,24562.8,24574.3,24562.65,24570.95,
NSE,NIFTY,2025-08-06,15:10:00,24570.85,24581.5,24570.7,24578.2,
NSE,NIFTY,2025-08-06,15:15:00,24578.35,24581.95,24573,24574.95,
NSE,NIFTY,2025-08-06,15:20:00,24575.9,24577.5,24568,24575.2,
NSE,NIFTY,2025-08-06,15:25:00,24576.7,24585.75,24573.9,24576.35,
NSE,NIFTY,2025-08-06,15:30:00,24577.75,24578.95,24563.4,24569.45,
NSE,NIFTY,2025-08-06,15:35:00,24569.45,24579.5,24569.45,24574.2,
NSE,NIFTY,2025-08-06,15:40:00,24574.2,24574.2,24574.2,24574.2,
NSE,NIFTY,2025-08-06,15:45:00,24574.2,24574.2,24574.2,24574.2,
NSE,NIFTY,2025-08-07,08:00:00,24574.2,24574.2,24574.2,24574.2,
NSE,NIFTY,2025-08-07,08:05:00,24574.2,24574.2,24574.2,24574.2,
NSE,NIFTY,2025-08-07,08:10:00,24574.2,24574.2,24574.2,24574.2,
NSE,NIFTY,2025-08-07,08:15:00,24574.2,24574.2,24574.2,24574.2,
NSE,NIFTY,2025-08-07,08:20:00,24574.2,24574.2,24574.2,24574.2,
NSE,NIFTY,2025-08-07,08:25:00,24574.2,24574.2,24574.2,24574.2,
NSE,NIFTY,2025-08-07,08:30:00,24574.2,24574.2,24574.2,24574.2,
NSE,NIFTY,2025-08-07,08:35:00,24574.2,24574.2,24574.2,24574.2,
NSE,NIFTY,2025-08-07,08:40:00,24574.2,24574.2,24574.2,24574.2,
NSE,NIFTY,2025-08-07,08:45:00,24574.2,24574.2,24574.2,24574.2,
NSE,NIFTY,2025-08-07,08:50:00,24574.2,24574.2,24574.2,24574.2,
NSE,NIFTY,2025-08-07,08:55:00,24574.2,24574.2,24574.2,24574.2,
NSE,NIFTY,2025-08-07,09:00:00,24574.2,24574.2,24134.45,24170.5,
NSE,NIFTY,2025-08-07,09:05:00,24170.15,24558.65,24150.15,24541.05,
NSE,NIFTY,2025-08-07,09:10:00,24537.2,24540.95,24445.2,24464.2,
NSE,NIFTY,2025-08-07,09:15:00,24464.2,24513.05,24464.2,24501.3,
NSE,NIFTY,2025-08-07,09:20:00,24505.8,24528.8,24490.15,24515.25,
NSE,NIFTY,2025-08-07,09:25:00,24515.95,24533.6,24496.65,24511.55,
NSE,NIFTY,2025-08-07,09:30:00,24512.3,24529.3,24502.7,24519.75,
NSE,NIFTY,2025-08-07,09:35:00,24519.6,24542.7,24512.3,24515,
NSE,NIFTY,2025-08-07,09:40:00,24515.15,24521.15,24500.25,24521,
NSE,NIFTY,2025-08-07,09:45:00,24520.3,24522.5,24498.5,24502.4,
NSE,NIFTY,2025-08-07,09:50:00,24503.5,24519.35,24499.75,24501.85,
NSE,NIFTY,2025-08-07,09:55:00,24500.55,24510.8,24499.35,24505.95,
NSE,NIFTY,2025-08-07,10:00:00,24506.35,24506.55,24479.1,24486.65,
NSE,NIFTY,2025-08-07,10:05:00,24487.2,24487.85,24473.45,24477.3,
NSE,NIFTY,2025-08-07,10:10:00,24477.4,24482.35,24468,24476.65,
NSE,NIFTY,2025-08-07,10:15:00,24477.1,24480.2,24470.85,24478,
NSE,NIFTY,2025-08-07,10:20:00,24477.85,24486.65,24471.55,24486,
NSE,NIFTY,2025-08-07,10:25:00,24486.3,24486.3,24474.3,24479.95,
NSE,NIFTY,2025-08-07,10:30:00,24479.75,24484.1,24434.25,24435.7,
NSE,NIFTY,2025-08-07,10:35:00,24435.85,24443.65,24425.5,24436.55,
NSE,NIFTY,2025-08-07,10:40:00,24436.3,24443.85,24432.8,24433.4,
NSE,NIFTY,2025-08-07,10:45:00,24433.15,24439.05,24428.9,24430,
NSE,NIFTY,2025-08-07,10:50:00,24429.85,24430.4,24413.6,24420.55,
NSE,NIFTY,2025-08-07,10:55:00,24420.55,24423.65,24416,24418.2,
NSE,NIFTY,2025-08-07,11:00:00,24418.1,24433.8,24417.5,24427.6,
NSE,NIFTY,2025-08-07,11:05:00,24427.55,24427.7,24401.25,24406.6,
NSE,NIFTY,2025-08-07,11:10:00,24406.2,24415.05,24388.55,24415.05,
NSE,NIFTY,2025-08-07,11:15:00,24414.3,24416.45,24408.2,24413.55,
NSE,NIFTY,2025-08-07,11:20:00,24413.1,24428.7,24411.9,24420.7,
NSE,NIFTY,2025-08-07,11:25:00,24420.3,24432.05,24416.7,24430.6,
NSE,NIFTY,2025-08-07,11:30:00,24429,24433.5,24420.8,24423.1,
NSE,NIFTY,2025-08-07,11:35:00,24421.5,24429.45,24412.5,24426,
NSE,NIFTY,2025-08-07,11:40:00,24425.9,24448.2,24420.55,24443,
NSE,NIFTY,2025-08-07,11:45:00,24442.45,24443.65,24421.2,24423.85,
NSE,NIFTY,2025-08-07,11:50:00,24424.4,24429.5,24419.8,24423.4,
NSE,NIFTY,2025-08-07,11:55:00,24421.95,24430.45,24416.9,24429.6,
NSE,NIFTY,2025-08-07,12:00:00,24429.45,24432.05,24424.05,24428.25,
NSE,NIFTY,2025-08-07,12:05:00,24428.6,24437.85,24421.15,24435.2,
NSE,NIFTY,2025-08-07,12:10:00,24436.45,24438.95,24421.55,24433.1,
NSE,NIFTY,2025-08-07,12:15:00,24433.5,24449.7,24430.35,24447.45,
NSE,NIFTY,2025-08-07,12:20:00,24447.4,24452.5,24438.95,24442.45,
NSE,NIFTY,2025-08-07,12:25:00,24442.3,24443.6,24430.85,24433.35,
NSE,NIFTY,2025-08-07,12:30:00,24432.55,24440.6,24430.65,24438.95,
NSE,NIFTY,2025-08-07,12:35:00,24439.65,24442.1,24426.7,24432.9,
NSE,NIFTY,2025-08-07,12:40:00,24433.1,24447.35,24429.65,24444.5,
NSE,NIFTY,2025-08-07,12:45:00,24443.85,24445,24417.85,24438.1,
NSE,NIFTY,2025-08-07,12:50:00,24438.1,24438.8,24424.25,24427.45,
NSE,NIFTY,2025-08-07,12:55:00,24427.8,24433.85,24425.35,24431.3,
NSE,NIFTY,2025-08-07,13:00:00,24431.1,24438.75,24426.7,24435.15,
NSE,NIFTY,2025-08-07,13:05:00,24435.3,24436.4,24427.6,24431.5,
NSE,NIFTY,2025-08-07,13:10:00,24430.4,24430.8,24408.95,24410.7,
NSE,NIFTY,2025-08-07,13:15:00,24411.1,24413.65,24398.7,24404,
NSE,NIFTY,2025-08-07,13:20:00,24403.8,24405.6,24381.8,24397.75,
NSE,NIFTY,2025-08-07,13:25:00,24398.2,24398.7,24357.05,24362.1,
NSE,NIFTY,2025-08-07,13:30:00,24363.75,24370.75,24355,24356.7,
NSE,NIFTY,2025-08-07,13:35:00,24355.7,24366.35,24344.5,24350.45,
NSE,NIFTY,2025-08-07,13:40:00,24350.15,24359.4,24345.2,24356.35,
NSE,NIFTY,2025-08-07,13:45:00,24356.3,24395.5,24354.3,24393.1,
NSE,NIFTY,2025-08-07,13:50:00,24391.85,24393.4,24370.05,24377.4,
NSE,NIFTY,2025-08-07,13:55:00,24377.45,24385.2,24371.35,24382.7,
NSE,NIFTY,2025-08-07,14:00:00,24383.7,24394.45,24379.35,24392.35,
NSE,NIFTY,2025-08-07,14:05:00,24391.8,24413.7,24390.1,24413.25,
NSE,NIFTY,2025-08-07,14:10:00,24412,24422.85,24406.25,24417.3,
NSE,NIFTY,2025-08-07,14:15:00,24418,24442.75,24413.8,24434,
NSE,NIFTY,2025-08-07,14:20:00,24433.55,24486.55,24432.5,24486.55,
NSE,NIFTY,2025-08-07,14:25:00,24486.35,24513.7,24452.45,24458.05,
NSE,NIFTY,2025-08-07,14:30:00,24457,24477.95,24436.95,24476.5,
NSE,NIFTY,2025-08-07,14:35:00,24476.2,24483.5,24465.7,24478.15,
NSE,NIFTY,2025-08-07,14:40:00,24478.45,24507.65,24469.45,24490.3,
NSE,NIFTY,2025-08-07,14:45:00,24490.1,24521.65,24479.1,24518,
NSE,NIFTY,2025-08-07,14:50:00,24518.15,24540.45,24504.25,24531.3,
NSE,NIFTY,2025-08-07,14:55:00,24532.85,24542.6,24522.7,24523.4,
NSE,NIFTY,2025-08-07,15:00:00,24520.4,24549.1,24517.4,24549.1,
NSE,NIFTY,2025-08-07,15:05:00,24548.8,24575,24541.8,24574,
NSE,NIFTY,2025-08-07,15:10:00,24575.35,24596.35,24572.6,24582.55,
NSE,NIFTY,2025-08-07,15:15:00,24582.65,24602.5,24581.3,24601.8,
NSE,NIFTY,2025-08-07,15:20:00,24601.85,24610.4,24596.3,24602.9,
NSE,NIFTY,2025-08-07,15:25:00,24604.4,24631.1,24601.15,24630.35,
NSE,NIFTY,2025-08-07,15:30:00,24629.85,24633.8,24620,24623.45,
NSE,NIFTY,2025-08-07,15:35:00,24623.45,24623.45,24596.15,24596.15,
NSE,NIFTY,2025-08-07,15:40:00,24596.15,24596.15,24596.15,24596.15,
NSE,NIFTY,2025-08-07,15:45:00,24596.15,24596.15,24596.15,24596.15,
NSE,NIFTY,2025-08-07,15:50:00,24596.15,24596.15,24596.15,24596.15,
NSE,NIFTY,2025-08-07,15:55:00,24596.15,24596.15,24596.15,24596.15,
NSE,NIFTY,2025-08-07,16:00:00,24596.15,24596.15,24596.15,24596.15,
NSE,NIFTY,2025-08-07,16:05:00,24596.15,24596.15,24596.15,24596.15,
NSE,NIFTY,2025-08-08,07:30:00,24596.15,24596.15,24596.15,24596.15,
NSE,NIFTY,2025-08-08,07:35:00,24596.15,24596.15,24596.15,24596.15,
NSE,NIFTY,2025-08-08,07:40:00,24596.15,24596.15,24596.15,24596.15,
NSE,NIFTY,2025-08-08,07:45:00,24596.15,24596.15,24596.15,24596.15,
NSE,NIFTY,2025-08-08,07:50:00,24596.15,24596.15,24596.15,24596.15,
NSE,NIFTY,2025-08-08,07:55:00,24596.15,24596.15,24596.15,24596.15,
NSE,NIFTY,2025-08-08,08:00:00,24596.15,24596.15,24596.15,24596.15,
NSE,NIFTY,2025-08-08,08:05:00,24596.15,24596.15,24596.15,24596.15,
NSE,NIFTY,2025-08-08,08:10:00,24596.15,24596.15,24596.15,24596.15,
NSE,NIFTY,2025-08-08,08:15:00,24596.15,24596.15,24596.15,24596.15,
NSE,NIFTY,2025-08-08,08:20:00,24596.15,24596.15,24596.15,24596.15,
NSE,NIFTY,2025-08-08,08:25:00,24596.15,24596.15,24596.15,24596.15,
NSE,NIFTY,2025-08-08,08:30:00,24596.15,24596.15,24596.15,24596.15,
NSE,NIFTY,2025-08-08,08:35:00,24596.15,24596.15,24596.15,24596.15,
NSE,NIFTY,2025-08-08,08:40:00,24596.15,24596.15,24596.15,24596.15,
NSE,NIFTY,2025-08-08,08:45:00,24596.15,24596.15,24596.15,24596.15,
NSE,NIFTY,2025-08-08,08:50:00,24596.15,24596.15,24596.15,24596.15,
NSE,NIFTY,2025-08-08,08:55:00,24596.15,24596.15,24596.15,24596.15,
NSE,NIFTY,2025-08-08,09:00:00,24596.15,24596.15,24218.3,24487.6,
NSE,NIFTY,2025-08-08,09:05:00,24521.6,24682.85,24398.95,24524.65,
NSE,NIFTY,2025-08-08,09:10:00,24524.2,24548.2,24521.25,24544.25,
NSE,NIFTY,2025-08-08,09:15:00,24544.25,24572.45,24544.25,24561.4,
NSE,NIFTY,2025-08-08,09:20:00,24560.6,24585.3,24546.35,24577.4,
NSE,NIFTY,2025-08-08,09:25:00,24576.65,24581.95,24554.95,24557.35,
NSE,NIFTY,2025-08-08,09:30:00,24559,24560.4,24511.85,24521.45,
NSE,NIFTY,2025-08-08,09:35:00,24522.35,24523.15,24503.65,24508,
NSE,NIFTY,2025-08-08,09:40:00,24508,24532.95,24502.15,24510.8,
NSE,NIFTY,2025-08-08,09:45:00,24510.15,24514,24490.65,24493.1,
NSE,NIFTY,2025-08-08,09:50:00,24493.8,24506.6,24483.85,24485,
NSE,NIFTY,2025-08-08,09:55:00,24485.5,24494,24477.1,24493.25,
NSE,NIFTY,2025-08-08,10:00:00,24493.3,24496.8,24476.5,24479.2,
NSE,NIFTY,2025-08-08,10:05:00,24479.05,24479.7,24449.85,24452.2,
NSE,NIFTY,2025-08-08,10:10:00,24451.65,24456.3,24437.55,24454.85,
NSE,NIFTY,2025-08-08,10:15:00,24454.55,24459.05,24446.45,24452.85,
NSE,NIFTY,2025-08-08,10:20:00,24452.7,24464.15,24443.2,24453.7,
NSE,NIFTY,2025-08-08,10:25:00,24453.35,24470.75,24443.15,24469.75,
NSE,NIFTY,2025-08-08,10:30:00,24469.75,24481.25,24463.95,24463.95,
NSE,NIFTY,2025-08-08,10:35:00,24464.75,24465.8,24435.85,24443.8,
NSE,NIFTY,2025-08-08,10:40:00,24444.05,24444.35,24433.1,24435.15,
NSE,NIFTY,2025-08-08,10:45:00,24434.45,24450.95,24433.25,24438.45,
NSE,NIFTY,2025-08-08,10:50:00,24438.45,24440.7,24423.75,24428.85,
NSE,NIFTY,2025-08-08,10:55:00,24428.2,24439.55,24419.4,24437.45,
NSE,NIFTY,2025-08-08,11:00:00,24437.6,24439.7,24409,24421.4,
NSE,NIFTY,2025-08-08,11:05:00,24422.3,24434.2,24418.8,24424.1,
NSE,NIFTY,2025-08-08,11:10:00,24423.6,24435.35,24422.4,24431.25,
NSE,NIFTY,2025-08-08,11:15:00,24431.7,24446.2,24428.15,24441.45,
NSE,NIFTY,2025-08-08,11:20:00,24440.95,24452.75,24440.55,24449.55,
NSE,NIFTY,2025-08-08,11:25:00,24449.3,24452.75,24430.3,24432.35,
NSE,NIFTY,2025-08-08,11:30:00,24432.2,24439.85,24429.7,24430.7,
NSE,NIFTY,2025-08-08,11:35:00,24430.8,24443.65,24427.45,24442.9,
NSE,NIFTY,2025-08-08,11:40:00,24442.25,24445.95,24424.3,24424.8,
NSE,NIFTY,2025-08-08,11:45:00,24424.95,24434.1,24422.3,24428.95,
NSE,NIFTY,2025-08-08,11:50:00,24428.1,24441.7,24428.1,24435.3,
NSE,NIFTY,2025-08-08,11:55:00,24435.55,24446.45,24434.8,24443.3,
NSE,NIFTY,2025-08-08,12:00:00,24442.7,24445.4,24416.3,24431.25,
NSE,NIFTY,2025-08-08,12:05:00,24430.4,24431.65,24403.05,24405.05,
NSE,NIFTY,2025-08-08,12:10:00,24404.8,24417.7,24403.5,24409.25,
NSE,NIFTY,2025-08-08,12:15:00,24408.85,24424,24408.85,24423.6,
NSE,NIFTY,2025-08-08,12:20:00,24424,24424,24411.8,24416.85,
NSE,NIFTY,2025-08-08,12:25:00,24416.1,24424,24411.6,24420.5,
NSE,NIFTY,2025-08-08,12:30:00,24420.75,24438.3,24415.9,24437.35,
NSE,NIFTY,2025-08-08,12:35:00,24437.5,24441.9,24430.3,24435.45,
NSE,NIFTY,2025-08-08,12:40:00,24435.7,24438.2,24424.35,24430.65,
NSE,NIFTY,2025-08-08,12:45:00,24431.5,24440.5,24429.8,24435.3,
NSE,NIFTY,2025-08-08,12:50:00,24436.5,24456.5,24434.65,24456.35,
NSE,NIFTY,2025-08-08,12:55:00,24457.95,24472.85,24452.15,24471.3,
NSE,NIFTY,2025-08-08,13:00:00,24472.9,24481.35,24456.65,24462.25,
NSE,NIFTY,2025-08-08,13:05:00,24463,24463,24439.1,24447.2,
NSE,NIFTY,2025-08-08,13:10:00,24447.8,24454.85,24419.55,24431.7,
NSE,NIFTY,2025-08-08,13:15:00,24432.2,24438,24427.1,24436.65,
NSE,NIFTY,2025-08-08,13:20:00,24436.55,24453.1,24435.15,24439.7,
NSE,NIFTY,2025-08-08,13:25:00,24440,24445.35,24435.9,24438.75,
NSE,NIFTY,2025-08-08,13:30:00,24439.65,24439.65,24417.85,24420.1,
NSE,NIFTY,2025-08-08,13:35:00,24420.3,24454.6,24418.6,24453.3,
NSE,NIFTY,2025-08-08,13:40:00,24453.85,24461.15,24443.65,24454.8,
NSE,NIFTY,2025-08-08,13:45:00,24455.8,24463.5,24447.35,24455.75,
NSE,NIFTY,2025-08-08,13:50:00,24455.5,24455.55,24418.3,24428.4,
NSE,NIFTY,2025-08-08,13:55:00,24429.25,24438.35,24424.55,24425.4,
NSE,NIFTY,2025-08-08,14:00:00,24426.45,24429.25,24418.65,24428.05,
NSE,NIFTY,2025-08-08,14:05:00,24427.6,24449.45,24427.25,24434.65,
NSE,NIFTY,2025-08-08,14:10:00,24435.35,24436,24422.5,24427.7,
NSE,NIFTY,2025-08-08,14:15:00,24427.95,24428.65,24388.25,24412.6,
NSE,NIFTY,2025-08-08,14:20:00,24412.8,24434.85,24406.6,24428.7,
NSE,NIFTY,2025-08-08,14:25:00,24428.6,24432.85,24415.8,24417.05,
NSE,NIFTY,2025-08-08,14:30:00,24417.2,24417.2,24395,24400.8,
NSE,NIFTY,2025-08-08,14:35:00,24400.8,24408.9,24383.25,24405.3,
NSE,NIFTY,2025-08-08,14:40:00,24407.65,24415.05,24402.65,24411,
NSE,NIFTY,2025-08-08,14:45:00,24411.55,24424.9,24410.25,24418.35,
NSE,NIFTY,2025-08-08,14:50:00,24419.25,24420.6,24405.55,24411.4,
NSE,NIFTY,2025-08-08,14:55:00,24412.2,24414.4,24405.85,24408.05,
NSE,NIFTY,2025-08-08,15:00:00,24408.55,24409.6,24395.6,24400.15,
NSE,NIFTY,2025-08-08,15:05:00,24399.8,24400.95,24383.25,24393.9,
NSE,NIFTY,2025-08-08,15:10:00,24394.55,24399.35,24376.2,24379.5,
NSE,NIFTY,2025-08-08,15:15:00,24379.55,24380.25,24337.95,24347.05,
NSE,NIFTY,2025-08-08,15:20:00,24349.75,24365.35,24341.9,24344.6,
NSE,NIFTY,2025-08-08,15:25:00,24344.7,24350.45,24339.2,24350.3,
NSE,NIFTY,2025-08-08,15:30:00,24351.1,24356.35,24345.65,24350.9,
NSE,NIFTY,2025-08-08,15:35:00,24350.9,24363.75,24350.9,24363.3,
NSE,NIFTY,2025-08-08,15:40:00,24363.3,24363.3,24363.3,24363.3,
NSE,NIFTY,2025-08-08,15:45:00,24363.3,24363.3,24363.3,24363.3,
NSE,NIFTY,2025-08-08,15:50:00,24363.3,24363.3,24363.3,24363.3,
NSE,NIFTY,2025-08-08,15:55:00,24363.3,24363.3,24363.3,24363.3,
NSE,NIFTY,2025-08-11,07:30:00,24363.3,24363.3,24363.3,24363.3,
NSE,NIFTY,2025-08-11,07:35:00,24363.3,24363.3,24363.3,24363.3,
NSE,NIFTY,2025-08-11,07:40:00,24363.3,24363.3,24363.3,24363.3,
NSE,NIFTY,2025-08-11,07:45:00,24363.3,24363.3,24363.3,24363.3,
NSE,NIFTY,2025-08-11,07:50:00,24363.3,24363.3,24363.3,24363.3,
NSE,NIFTY,2025-08-11,07:55:00,24363.3,24363.3,24363.3,24363.3,
NSE,NIFTY,2025-08-11,08:00:00,24363.3,24363.3,24363.3,24363.3,
NSE,NIFTY,2025-08-11,08:05:00,24363.3,24363.3,24363.3,24363.3,
NSE,NIFTY,2025-08-11,08:10:00,24363.3,24363.3,24363.3,24363.3,
NSE,NIFTY,2025-08-11,08:15:00,24363.3,24363.3,24363.3,24363.3,
NSE,NIFTY,2025-08-11,08:20:00,24363.3,24363.3,24363.3,24363.3,
NSE,NIFTY,2025-08-11,08:25:00,24363.3,24363.3,24363.3,24363.3,
NSE,NIFTY,2025-08-11,08:30:00,24363.3,24363.3,24363.3,24363.3,
NSE,NIFTY,2025-08-11,08:35:00,24363.3,24363.3,24363.3,24363.3,
NSE,NIFTY,2025-08-11,08:40:00,24363.3,24363.3,24363.3,24363.3,
NSE,NIFTY,2025-08-11,08:45:00,24363.3,24363.3,24363.3,24363.3,
NSE,NIFTY,2025-08-11,08:50:00,24363.3,24363.3,24363.3,24363.3,
NSE,NIFTY,2025-08-11,08:55:00,24363.3,24363.3,24363.3,24363.3,
NSE,NIFTY,2025-08-11,09:00:00,24363.3,24453.4,24240.3,24402.25,
NSE,NIFTY,2025-08-11,09:05:00,24388.5,24435.85,24314.7,24377.8,
NSE,NIFTY,2025-08-11,09:10:00,24377.8,24389.3,24353.25,24371.5,
NSE,NIFTY,2025-08-11,09:15:00,24371.5,24382.1,24349.2,24360.35,
NSE,NIFTY,2025-08-11,09:20:00,24360.4,24412.3,24351.2,24405.75,
NSE,NIFTY,2025-08-11,09:25:00,24402.65,24418.95,24400.1,24416.5,
NSE,NIFTY,2025-08-11,09:30:00,24416.6,24428.35,24397.25,24397.25,
NSE,NIFTY,2025-08-11,09:35:00,24399.1,24419.9,24361.4,24408.9,
NSE,NIFTY,2025-08-11,09:40:00,24408.55,24414.95,24372.8,24377.35,
NSE,NIFTY,2025-08-11,09:45:00,24377.9,24390.05,24367.45,24376.75,
NSE,NIFTY,2025-08-11,09:50:00,24376.2,24384.55,24356.15,24364.85,
NSE,NIFTY,2025-08-11,09:55:00,24366.05,24400.45,24364.25,24400,
NSE,NIFTY,2025-08-11,10:00:00,24400.35,24406.3,24392.55,24403.1,
NSE,NIFTY,2025-08-11,10:05:00,24403,24415.65,24402.55,24409.1,
NSE,NIFTY,2025-08-11,10:10:00,24408.2,24414.25,24396.8,24405.2,
NSE,NIFTY,2025-08-11,10:15:00,24404.7,24422.85,24382,24420.8,
NSE,NIFTY,2025-08-11,10:20:00,24420.35,24425.95,24404.35,24416.15,
NSE,NIFTY,2025-08-11,10:25:00,24416.55,24436.6,24406.25,24434.65,
NSE,NIFTY,2025-08-11,10:30:00,24434.4,24445.2,24431.6,24441.2,
NSE,NIFTY,2025-08-11,10:35:00,24439.8,24452.85,24428.8,24444.7,
NSE,NIFTY,2025-08-11,10:40:00,24445.05,24460.1,24444.05,24455.7,
NSE,NIFTY,2025-08-11,10:45:00,24455.8,24459.95,24446.45,24454.45,
NSE,NIFTY,2025-08-11,10:50:00,24454.6,24456.65,24443.4,24451.05,
NSE,NIFTY,2025-08-11,10:55:00,24450.8,24467.75,24449.95,24463.15,
NSE,NIFTY,2025-08-11,11:00:00,24463.35,24464.25,24449.3,24456.65,
NSE,NIFTY,2025-08-11,11:05:00,24458.15,24463.8,24448.95,24452,
NSE,NIFTY,2025-08-11,11:10:00,24452.65,24461.4,24445.15,24447,
NSE,NIFTY,2025-08-11,11:15:00,24446.95,24454.35,24425.35,24440.4,
NSE,NIFTY,2025-08-11,11:20:00,24440.85,24463.9,24435.95,24459.3,
NSE,NIFTY,2025-08-11,11:25:00,24460.35,24475.15,24459.45,24470.2,
NSE,NIFTY,2025-08-11,11:30:00,24470.85,24474.45,24459.05,24461.95,
NSE,NIFTY,2025-08-11,11:35:00,24463,24467.5,24423.15,24425.85,
NSE,NIFTY,2025-08-11,11:40:00,24427.2,24437.25,24421.25,24427.05,
NSE,NIFTY,2025-08-11,11:45:00,24427.3,24429.45,24409.65,24409.65,
NSE,NIFTY,2025-08-11,11:50:00,24410.9,24424.35,24410.45,24416.5,
NSE,NIFTY,2025-08-11,11:55:00,24416.55,24419.9,24402.1,24411.9,
NSE,NIFTY,2025-08-11,12:00:00,24412.1,24426.9,24412.1,24423.4,
NSE,NIFTY,2025-08-11,12:05:00,24424.25,24437.75,24421.1,24424.75,
NSE,NIFTY,2025-08-11,12:10:00,24425.5,24451.55,24424.7,24451.4,
NSE,NIFTY,2025-08-11,12:15:00,24445.95,24450.4,24431.4,24447.65,
NSE,NIFTY,2025-08-11,12:20:00,24448,24453.9,24435.75,24436.2,
NSE,NIFTY,2025-08-11,12:25:00,24436.2,24446.15,24434.45,24440.8,
NSE,NIFTY,2025-08-11,12:30:00,24440.55,24449.85,24439.8,24443.65,
NSE,NIFTY,2025-08-11,12:35:00,24443.75,24444.6,24429.05,24433.15,
NSE,NIFTY,2025-08-11,12:40:00,24432.55,24457.9,24431.95,24456.9,
NSE,NIFTY,2025-08-11,12:45:00,24456.55,24463.65,24453.05,24463.1,
NSE,NIFTY,2025-08-11,12:50:00,24462.55,24466.8,24458.55,24461.15,
NSE,NIFTY,2025-08-11,12:55:00,24461.65,24480.95,24460.3,24478.4,
NSE,NIFTY,2025-08-11,13:00:00,24479.35,24480.35,24466.95,24478.2,
NSE,NIFTY,2025-08-11,13:05:00,24479.15,24506.9,24478.95,24485.65,
NSE,NIFTY,2025-08-11,13:10:00,24486.1,24486.75,24470.35,24474.05,
NSE,NIFTY,2025-08-11,13:15:00,24474.55,24480.85,24463.6,24480.05,
NSE,NIFTY,2025-08-11,13:20:00,24480.1,24481.55,24468.75,24476.2,
NSE,NIFTY,2025-08-11,13:25:00,24475.7,24480.4,24467.9,24475.3,
NSE,NIFTY,2025-08-11,13:30:00,24475.1,24501.45,24474.7,24489.3,
NSE,NIFTY,2025-08-11,13:35:00,24489.6,24498.95,24482.35,24494.2,
NSE,NIFTY,2025-08-11,13:40:00,24496.65,24507.75,24493.5,24505.35,
NSE,NIFTY,2025-08-11,13:45:00,24506.2,24508.8,24499.6,24505.1,
NSE,NIFTY,2025-08-11,13:50:00,24504.65,24517.95,24501.9,24514.2,
NSE,NIFTY,2025-08-11,13:55:00,24514.55,24514.9,24495,24504.25,
NSE,NIFTY,2025-08-11,14:00:00,24505.5,24523.95,24501.05,24522.65,
NSE,NIFTY,2025-08-11,14:05:00,24524.15,24535.1,24523,24533.35,
NSE,NIFTY,2025-08-11,14:10:00,24534.3,24541.5,24533.25,24536.95,
NSE,NIFTY,2025-08-11,14:15:00,24538.05,24543.3,24529.55,24540.05,
NSE,NIFTY,2025-08-11,14:20:00,24541,24545.8,24524.2,24533.95,
NSE,NIFTY,2025-08-11,14:25:00,24535.15,24540.45,24526.6,24535.95,
NSE,NIFTY,2025-08-11,14:30:00,24538.45,24550.65,24535.6,24549.1,
NSE,NIFTY,2025-08-11,14:35:00,24549.8,24572.25,24549.65,24557.8,
NSE,NIFTY,2025-08-11,14:40:00,24558.05,24583.3,24557.5,24570.4,
NSE,NIFTY,2025-08-11,14:45:00,24571.2,24573.4,24550.9,24559.4,
NSE,NIFTY,2025-08-11,14:50:00,24562.25,24581.85,24560.6,24578.65,
NSE,NIFTY,2025-08-11,14:55:00,24578.5,24580.85,24570.7,24576.2,
NSE,NIFTY,2025-08-11,15:00:00,24576.45,24590.6,24570.95,24589.9,
NSE,NIFTY,2025-08-11,15:05:00,24589.95,24590.75,24575,24590.5,
NSE,NIFTY,2025-08-11,15:10:00,24590.95,24600.75,24589.9,24597.3,
NSE,NIFTY,2025-08-11,15:15:00,24598,24598,24583.2,24583.8,
NSE,NIFTY,2025-08-11,15:20:00,24584.35,24584.45,24570.25,24572,
NSE,NIFTY,2025-08-11,15:25:00,24573,24587.15,24571.15,24573.1,
NSE,NIFTY,2025-08-11,15:30:00,24573.25,24573.4,24544.55,24562.15,
NSE,NIFTY,2025-08-11,15:35:00,24562.15,24585.05,24562.15,24585.05,
NSE,NIFTY,2025-08-11,15:40:00,24585.05,24585.05,24585.05,24585.05,
NSE,NIFTY,2025-08-11,15:45:00,24585.05,24585.05,24585.05,24585.05,
NSE,NIFTY,2025-08-11,15:50:00,24585.05,24585.05,24585.05,24585.05,
NSE,NIFTY,2025-08-11,15:55:00,24585.05,24585.05,24585.05,24585.05,
NSE,NIFTY,2025-08-11,16:00:00,24585.05,24585.05,24585.05,24585.05,
NSE,NIFTY,2025-08-12,07:30:00,24585.05,24585.05,24585.05,24585.05,
NSE,NIFTY,2025-08-12,07:35:00,24585.05,24585.05,24585.05,24585.05,
NSE,NIFTY,2025-08-12,07:40:00,24585.05,24585.05,24585.05,24585.05,
NSE,NIFTY,2025-08-12,07:45:00,24585.05,24585.05,24585.05,24585.05,
NSE,NIFTY,2025-08-12,07:50:00,24585.05,24585.05,24585.05,24585.05,
NSE,NIFTY,2025-08-12,07:55:00,24585.05,24585.05,24585.05,24585.05,
NSE,NIFTY,2025-08-12,08:00:00,24585.05,24585.05,24585.05,24585.05,
NSE,NIFTY,2025-08-12,08:05:00,24585.05,24585.05,24585.05,24585.05,
NSE,NIFTY,2025-08-12,08:10:00,24585.05,24585.05,24585.05,24585.05,
NSE,NIFTY,2025-08-12,08:15:00,24585.05,24585.05,24585.05,24585.05,
NSE,NIFTY,2025-08-12,08:20:00,24585.05,24585.05,24585.05,24585.05,
NSE,NIFTY,2025-08-12,08:25:00,24585.05,24585.05,24585.05,24585.05,
NSE,NIFTY,2025-08-12,08:30:00,24585.05,24585.05,24585.05,24585.05,
NSE,NIFTY,2025-08-12,08:35:00,24585.05,24585.05,24585.05,24585.05,
NSE,NIFTY,2025-08-12,08:40:00,24585.05,24585.05,24585.05,24585.05,
NSE,NIFTY,2025-08-12,08:45:00,24585.05,24585.05,24585.05,24585.05,
NSE,NIFTY,2025-08-12,08:50:00,24585.05,24585.05,24585.05,24585.05,
NSE,NIFTY,2025-08-12,08:55:00,24585.05,24585.05,24585.05,24585.05,
NSE,NIFTY,2025-08-12,09:00:00,24585.05,25009.65,24485.4,24657.05,
NSE,NIFTY,2025-08-12,09:05:00,24661.05,24666.6,24558.85,24576,
NSE,NIFTY,2025-08-12,09:10:00,24575.6,24576.3,24560.65,24563.35,
NSE,NIFTY,2025-08-12,09:15:00,24563.35,24563.35,24535.7,24556.85,
NSE,NIFTY,2025-08-12,09:20:00,24555.55,24587.15,24540.6,24574.65,
NSE,NIFTY,2025-08-12,09:25:00,24574.35,24618.85,24573.7,24618.7,
NSE,NIFTY,2025-08-12,09:30:00,24619.8,24627,24609.75,24612.3,
NSE,NIFTY,2025-08-12,09:35:00,24612.6,24640.55,24607.05,24628.75,
NSE,NIFTY,2025-08-12,09:40:00,24628.5,24636.75,24622.7,24623.95,
NSE,NIFTY,2025-08-12,09:45:00,24623.65,24653.9,24623.65,24653.05,
NSE,NIFTY,2025-08-12,09:50:00,24654.35,24661.6,24645.9,24657.85,
NSE,NIFTY,2025-08-12,09:55:00,24658.05,24674.95,24647.8,24672.05,
NSE,NIFTY,2025-08-12,10:00:00,24671.85,24686.7,24669,24678.5,
NSE,NIFTY,2025-08-12,10:05:00,24678.05,24702.5,24676.45,24690.5,
NSE,NIFTY,2025-08-12,10:10:00,24691.25,24695.6,24683.35,24688.1,
NSE,NIFTY,2025-08-12,10:15:00,24687.55,24691.55,24648.3,24656.65,
NSE,NIFTY,2025-08-12,10:20:00,24658.55,24682,24643.55,24658.15,
NSE,NIFTY,2025-08-12,10:25:00,24660.75,24666,24650.25,24657.6,
NSE,NIFTY,2025-08-12,10:30:00,24656.85,24658.05,24602.8,24602.8,
NSE,NIFTY,2025-08-12,10:35:00,24603.1,24603.1,24562.25,24589.75,
NSE,NIFTY,2025-08-12,10:40:00,24589.9,24609,24589.4,24594.05,
NSE,NIFTY,2025-08-12,10:45:00,24594.15,24611.35,24576.05,24577.95,
NSE,NIFTY,2025-08-12,10:50:00,24578.05,24596.15,24570.4,24585.55,
NSE,NIFTY,2025-08-12,10:55:00,24586,24603,24578.9,24601.95,
NSE,NIFTY,2025-08-12,11:00:00,24600.95,24604.45,24575.95,24576.45,
NSE,NIFTY,2025-08-12,11:05:00,24576.65,24581.2,24551.9,24556.2,
NSE,NIFTY,2025-08-12,11:10:00,24555.8,24561.8,24532.7,24542.25,
NSE,NIFTY,2025-08-12,11:15:00,24541.75,24549.4,24538.5,24546.15,
NSE,NIFTY,2025-08-12,11:20:00,24546.25,24593.25,24545.85,24577.8,
NSE,NIFTY,2025-08-12,11:25:00,24577.6,24584.15,24570.45,24571.1,
NSE,NIFTY,2025-08-12,11:30:00,24571,24571.95,24551.05,24564.7,
NSE,NIFTY,2025-08-12,11:35:00,24565,24571.9,24556.8,24561.15,
NSE,NIFTY,2025-08-12,11:40:00,24561.1,24568.75,24559.85,24562.05,
NSE,NIFTY,2025-08-12,11:45:00,24561.8,24567.55,24554.4,24559.9,
NSE,NIFTY,2025-08-12,11:50:00,24559.85,24562.45,24531.45,24536.35,
NSE,NIFTY,2025-08-12,11:55:00,24536.05,24554.45,24535.2,24553.8,
NSE,NIFTY,2025-08-12,12:00:00,24553.45,24569.75,24550.2,24569.15,
NSE,NIFTY,2025-08-12,12:05:00,24569.1,24569.2,24552.75,24554.05,
NSE,NIFTY,2025-08-12,12:10:00,24554.65,24567.85,24552.7,24566.65,
NSE,NIFTY,2025-08-12,12:15:00,24566,24566.65,24553.5,24564.9,
NSE,NIFTY,2025-08-12,12:20:00,24564.2,24599.65,24559.1,24592.8,
NSE,NIFTY,2025-08-12,12:25:00,24591.6,24618.95,24591.6,24613.85,
NSE,NIFTY,2025-08-12,12:30:00,24614.3,24623.6,24594.75,24613.15,
NSE,NIFTY,2025-08-12,12:35:00,24611.45,24625.95,24609.65,24622.2,
NSE,NIFTY,2025-08-12,12:40:00,24622.5,24640.35,24621.1,24634.65,
NSE,NIFTY,2025-08-12,12:45:00,24633.95,24636.95,24627.35,24632.35,
NSE,NIFTY,2025-08-12,12:50:00,24631.35,24631.35,24607.45,24614.75,
NSE,NIFTY,2025-08-12,12:55:00,24614.45,24616.45,24597.75,24599.65,
NSE,NIFTY,2025-08-12,13:00:00,24599.65,24603.3,24590,24593.5,
NSE,NIFTY,2025-08-12,13:05:00,24593.65,24619.7,24592.2,24614.15,
NSE,NIFTY,2025-08-12,13:10:00,24613.4,24613.6,24600.15,24607.7,
NSE,NIFTY,2025-08-12,13:15:00,24606.55,24609,24583.45,24584.55,
NSE,NIFTY,2025-08-12,13:20:00,24584.15,24588.55,24572.45,24575.35,
NSE,NIFTY,2025-08-12,13:25:00,24574.95,24585.6,24572.55,24580.3,
NSE,NIFTY,2025-08-12,13:30:00,24580.85,24581.7,24549.5,24577.05,
NSE,NIFTY,2025-08-12,13:35:00,24576.9,24577.6,24563,24565.95,
NSE,NIFTY,2025-08-12,13:40:00,24566.2,24574.4,24563.9,24567.75,
NSE,NIFTY,2025-08-12,13:45:00,24567.7,24569.3,24558.4,24565.7,
NSE,NIFTY,2025-08-12,13:50:00,24566.1,24577.7,24563.35,24567.75,
NSE,NIFTY,2025-08-12,13:55:00,24567.65,24577.15,24563.9,24571.5,
NSE,NIFTY,2025-08-12,14:00:00,24572,24607.6,24569.3,24597.1,
NSE,NIFTY,2025-08-12,14:05:00,24596.45,24598.9,24557.85,24559.35,
NSE,NIFTY,2025-08-12,14:10:00,24559.15,24564.05,24539.95,24544.55,
NSE,NIFTY,2025-08-12,14:15:00,24546.6,24551.65,24534.85,24539.8,
NSE,NIFTY,2025-08-12,14:20:00,24539.55,24548.25,24522.7,24528,
NSE,NIFTY,2025-08-12,14:25:00,24528.65,24550.1,24526.4,24546.9,
NSE,NIFTY,2025-08-12,14:30:00,24546.7,24562.3,24535.9,24535.9,
NSE,NIFTY,2025-08-12,14:35:00,24536.8,24539.75,24518.25,24519.2,
NSE,NIFTY,2025-08-12,14:40:00,24518.1,24533.85,24516.6,24529.6,
NSE,NIFTY,2025-08-12,14:45:00,24528.8,24529.65,24501.35,24504.15,
NSE,NIFTY,2025-08-12,14:50:00,24505.2,24511.8,24482,24483.55,
NSE,NIFTY,2025-08-12,14:55:00,24486.6,24503.2,24486.6,24491.5,
NSE,NIFTY,2025-08-12,15:00:00,24491.8,24524.65,24489.1,24494.05,
NSE,NIFTY,2025-08-12,15:05:00,24493.7,24500.05,24466.35,24474.05,
NSE,NIFTY,2025-08-12,15:10:00,24474.3,24494.15,24471.85,24489.85,
NSE,NIFTY,2025-08-12,15:15:00,24489.65,24499.9,24484.6,24497.75,
NSE,NIFTY,2025-08-12,15:20:00,24499.4,24501.2,24485.25,24490.6,
NSE,NIFTY,2025-08-12,15:25:00,24491.65,24496.35,24484.8,24492.3,
NSE,NIFTY,2025-08-12,15:30:00,24492.7,24492.9,24477.75,24485.85,
NSE,NIFTY,2025-08-12,15:35:00,24485.85,24487.4,24485.85,24487.4,
NSE,NIFTY,2025-08-12,15:40:00,24487.4,24487.4,24487.4,24487.4,
NSE,NIFTY,2025-08-12,15:45:00,24487.4,24487.4,24487.4,24487.4,
NSE,NIFTY,2025-08-12,15:50:00,24487.4,24487.4,24487.4,24487.4,
NSE,NIFTY,2025-08-12,15:55:00,24487.4,24487.4,24487.4,24487.4,
NSE,NIFTY,2025-08-12,16:00:00,24487.4,24487.4,24487.4,24487.4,
NSE,NIFTY,2025-08-13,07:30:00,24487.4,24487.4,24487.4,24487.4,
NSE,NIFTY,2025-08-13,07:35:00,24487.4,24487.4,24487.4,24487.4,
NSE,NIFTY,2025-08-13,07:40:00,24487.4,24487.4,24487.4,24487.4,
NSE,NIFTY,2025-08-13,07:45:00,24487.4,24487.4,24487.4,24487.4,
NSE,NIFTY,2025-08-13,07:50:00,24487.4,24487.4,24487.4,24487.4,
NSE,NIFTY,2025-08-13,07:55:00,24487.4,24487.4,24487.4,24487.4,
NSE,NIFTY,2025-08-13,08:00:00,24487.4,24487.4,24487.4,24487.4,
NSE,NIFTY,2025-08-13,08:05:00,24487.4,24487.4,24487.4,24487.4,
NSE,NIFTY,2025-08-13,08:10:00,24487.4,24487.4,24487.4,24487.4,
NSE,NIFTY,2025-08-13,08:15:00,24487.4,24487.4,24487.4,24487.4,
NSE,NIFTY,2025-08-13,08:20:00,24487.4,24487.4,24487.4,24487.4,
NSE,NIFTY,2025-08-13,08:25:00,24487.4,24487.4,24487.4,24487.4,
NSE,NIFTY,2025-08-13,08:30:00,24487.4,24487.4,24487.4,24487.4,
NSE,NIFTY,2025-08-13,08:35:00,24487.4,24487.4,24487.4,24487.4,
NSE,NIFTY,2025-08-13,08:40:00,24487.4,24487.4,24487.4,24487.4,
NSE,NIFTY,2025-08-13,08:45:00,24487.4,24487.4,24487.4,24487.4,
NSE,NIFTY,2025-08-13,08:50:00,24487.4,24487.4,24487.4,24487.4,
NSE,NIFTY,2025-08-13,08:55:00,24487.4,24487.4,24487.4,24487.4,
NSE,NIFTY,2025-08-13,09:00:00,24487.4,24806.35,24487.4,24587.9,
NSE,NIFTY,2025-08-13,09:05:00,24585.55,24636.85,24419.05,24549.15,
NSE,NIFTY,2025-08-13,09:10:00,24547.95,24630.15,24546.55,24586.2,
NSE,NIFTY,2025-08-13,09:15:00,24586.2,24586.2,24570.55,24584.9,
NSE,NIFTY,2025-08-13,09:20:00,24583.7,24598.7,24561.3,24571.3,
NSE,NIFTY,2025-08-13,09:25:00,24572.55,24574.8,24544.5,24569.8,
NSE,NIFTY,2025-08-13,09:30:00,24568.75,24569.75,24543.5,24553.95,
NSE,NIFTY,2025-08-13,09:35:00,24553.95,24562.65,24535.6,24557.35,
NSE,NIFTY,2025-08-13,09:40:00,24556.2,24578.45,24553.65,24578.05,
NSE,NIFTY,2025-08-13,09:45:00,24576.85,24585.15,24569.55,24580.05,
NSE,NIFTY,2025-08-13,09:50:00,24580.1,24596.75,24576.1,24592.55,
NSE,NIFTY,2025-08-13,09:55:00,24592.8,24595.05,24579.25,24582.65,
NSE,NIFTY,2025-08-13,10:00:00,24583.8,24613.6,24583,24601.65,
NSE,NIFTY,2025-08-13,10:05:00,24601.75,24602.25,24587.6,24600,
NSE,NIFTY,2025-08-13,10:10:00,24599.8,24600.4,24585.85,24595.6,
NSE,NIFTY,2025-08-13,10:15:00,24595.8,24597.1,24579.45,24582.5,
NSE,NIFTY,2025-08-13,10:20:00,24582.85,24596.25,24573.9,24578,
NSE,NIFTY,2025-08-13,10:25:00,24577.35,24583.65,24570.9,24572.75,
NSE,NIFTY,2025-08-13,10:30:00,24572.85,24605.8,24571.65,24592.15,
NSE,NIFTY,2025-08-13,10:35:00,24592.25,24594,24580.35,24580.8,
NSE,NIFTY,2025-08-13,10:40:00,24580.7,24583.4,24573.15,24574.4,
NSE,NIFTY,2025-08-13,10:45:00,24574.45,24575.55,24563.85,24563.85,
NSE,NIFTY,2025-08-13,10:50:00,24563.95,24574.8,24554.4,24573.2,
NSE,NIFTY,2025-08-13,10:55:00,24573.2,24584.75,24568.8,24582.25,
NSE,NIFTY,2025-08-13,11:00:00,24581.95,24593.25,24576.1,24591.05,
NSE,NIFTY,2025-08-13,11:05:00,24592.3,24601.9,24583.35,24592.4,
NSE,NIFTY,2025-08-13,11:10:00,24592.45,24596,24585,24587.05,
NSE,NIFTY,2025-08-13,11:15:00,24587.2,24588.4,24564.85,24585.15,
NSE,NIFTY,2025-08-13,11:20:00,24585.75,24595.35,24585.1,24586.25,
NSE,NIFTY,2025-08-13,11:25:00,24587.35,24589.25,24577.55,24582.4,
NSE,NIFTY,2025-08-13,11:30:00,24582.8,24582.9,24570.15,24575,
NSE,NIFTY,2025-08-13,11:35:00,24575.5,24580.35,24572.6,24577.95,
NSE,NIFTY,2025-08-13,11:40:00,24577.95,24586.1,24573.7,24574.75,
NSE,NIFTY,2025-08-13,11:45:00,24574.9,24575.95,24565.35,24568.7,
NSE,NIFTY,2025-08-13,11:50:00,24567.75,24574.05,24564.4,24569.65,
NSE,NIFTY,2025-08-13,11:55:00,24570.25,24583.2,24565.4,24577.4,
NSE,NIFTY,2025-08-13,12:00:00,24578,24578.85,24551.7,24554.25,
NSE,NIFTY,2025-08-13,12:05:00,24555.2,24560.6,24538.9,24558.35,
NSE,NIFTY,2025-08-13,12:10:00,24558.25,24570.65,24558.25,24566.2,
NSE,NIFTY,2025-08-13,12:15:00,24565.55,24581.25,24564.4,24578.95,
NSE,NIFTY,2025-08-13,12:20:00,24579.05,24580.25,24567.65,24575.65,
NSE,NIFTY,2025-08-13,12:25:00,24575.2,24609.25,24574.65,24592.7,
NSE,NIFTY,2025-08-13,12:30:00,24592.45,24600.4,24583.8,24598.4,
NSE,NIFTY,2025-08-13,12:35:00,24597.45,24620.3,24595.3,24609.15,
NSE,NIFTY,2025-08-13,12:40:00,24609.05,24610.35,24600.5,24609.3,
NSE,NIFTY,2025-08-13,12:45:00,24609.8,24622,24609.25,24619.8,
NSE,NIFTY,2025-08-13,12:50:00,24618.7,24627.5,24618.05,24624,
NSE,NIFTY,2025-08-13,12:55:00,24624.05,24628.6,24619.35,24624.05,
NSE,NIFTY,2025-08-13,13:00:00,24623.45,24630.8,24614.95,24630.55,
NSE,NIFTY,2025-08-13,13:05:00,24630.35,24634.85,24625.65,24633.7,
NSE,NIFTY,2025-08-13,13:10:00,24633.05,24637.8,24629.7,24631.15,
NSE,NIFTY,2025-08-13,13:15:00,24631.55,24633.65,24617,24624.05,
NSE,NIFTY,2025-08-13,13:20:00,24624.4,24631.15,24611.2,24611.35,
NSE,NIFTY,2025-08-13,13:25:00,24612,24619.35,24603.7,24619.35,
NSE,NIFTY,2025-08-13,13:30:00,24618.9,24619.4,24608.45,24614.85,
NSE,NIFTY,2025-08-13,13:35:00,24616,24626.3,24594.65,24617.8,
NSE,NIFTY,2025-08-13,13:40:00,24617.2,24631.35,24616.6,24628.1,
NSE,NIFTY,2025-08-13,13:45:00,24627.9,24632.85,24609.6,24629.6,
NSE,NIFTY,2025-08-13,13:50:00,24629.55,24645.1,24626.95,24643.6,
NSE,NIFTY,2025-08-13,13:55:00,24644.65,24653.35,24642.5,24647.1,
NSE,NIFTY,2025-08-13,14:00:00,24648.2,24653.4,24644.6,24649.15,
NSE,NIFTY,2025-08-13,14:05:00,24649.9,24664.3,24642.45,24650.5,
NSE,NIFTY,2025-08-13,14:10:00,24650.85,24653.25,24645.9,24651.45,
NSE,NIFTY,2025-08-13,14:15:00,24652.55,24663.25,24642.55,24653.4,
NSE,NIFTY,2025-08-13,14:20:00,24654,24655.9,24641.9,24648.6,
NSE,NIFTY,2025-08-13,14:25:00,24649.3,24650.25,24635.05,24639.9,
NSE,NIFTY,2025-08-13,14:30:00,24641.15,24646.35,24617.85,24632.85,
NSE,NIFTY,2025-08-13,14:35:00,24634.15,24645.25,24631.7,24639.1,
NSE,NIFTY,2025-08-13,14:40:00,24640.05,24643,24631.9,24640.6,
NSE,NIFTY,2025-08-13,14:45:00,24642.45,24646.5,24636.25,24645.1,
NSE,NIFTY,2025-08-13,14:50:00,24646.2,24652.6,24634.1,24644.75,
NSE,NIFTY,2025-08-13,14:55:00,24646.15,24654.05,24635.95,24648.25,
NSE,NIFTY,2025-08-13,15:00:00,24648.15,24651.45,24633.7,24634.05,
NSE,NIFTY,2025-08-13,15:05:00,24635.05,24635.45,24617.65,24618.55,
NSE,NIFTY,2025-08-13,15:10:00,24619.1,24623.05,24614.4,24616.3,
NSE,NIFTY,2025-08-13,15:15:00,24616.3,24624.4,24611.65,24618.25,
NSE,NIFTY,2025-08-13,15:20:00,24619.25,24622.3,24613.5,24614,
NSE,NIFTY,2025-08-13,15:25:00,24615.35,24618.95,24610.15,24615.5,
NSE,NIFTY,2025-08-13,15:30:00,24616.25,24635.65,24614.4,24632.4,
NSE,NIFTY,2025-08-13,15:35:00,24632.4,24632.4,24619.35,24619.35,
NSE,NIFTY,2025-08-13,15:40:00,24619.35,24619.35,24619.35,24619.35,
NSE,NIFTY,2025-08-13,15:45:00,24619.35,24619.35,24619.35,24619.35,
NSE,NIFTY,2025-08-13,15:50:00,24619.35,24619.35,24619.35,24619.35,
NSE,NIFTY,2025-08-13,15:55:00,24619.35,24619.35,24619.35,24619.35,
NSE,NIFTY,2025-08-13,16:00:00,24619.35,24619.35,24619.35,24619.35,
NSE,NIFTY,2025-08-18,07:30:00,24631.3,24631.3,24631.3,24631.3,
NSE,NIFTY,2025-08-18,07:35:00,24631.3,24631.3,24631.3,24631.3,
NSE,NIFTY,2025-08-18,07:40:00,24631.3,24631.3,24631.3,24631.3,
NSE,NIFTY,2025-08-18,07:45:00,24631.3,24631.3,24631.3,24631.3,
NSE,NIFTY,2025-08-18,07:50:00,24631.3,24631.3,24631.3,24631.3,
NSE,NIFTY,2025-08-18,07:55:00,24631.3,24631.3,24631.3,24631.3,
NSE,NIFTY,2025-08-18,08:00:00,24631.3,24631.3,24631.3,24631.3,
NSE,NIFTY,2025-08-18,08:05:00,24631.3,24631.3,24631.3,24631.3,
NSE,NIFTY,2025-08-18,08:10:00,24631.3,24631.3,24631.3,24631.3,
NSE,NIFTY,2025-08-18,08:15:00,24631.3,24631.3,24631.3,24631.3,
NSE,NIFTY,2025-08-18,08:20:00,24631.3,24631.3,24631.3,24631.3,
NSE,NIFTY,2025-08-18,08:25:00,24631.3,24631.3,24631.3,24631.3,
NSE,NIFTY,2025-08-18,08:30:00,24631.3,24631.3,24631.3,24631.3,
NSE,NIFTY,2025-08-18,08:35:00,24631.3,24631.3,24631.3,24631.3,
NSE,NIFTY,2025-08-18,08:40:00,24631.3,24631.3,24631.3,24631.3,
NSE,NIFTY,2025-08-18,08:45:00,24631.3,24631.3,24631.3,24631.3,
NSE,NIFTY,2025-08-18,08:50:00,24631.3,24631.3,24631.3,24631.3,
NSE,NIFTY,2025-08-18,08:55:00,24631.3,24631.3,24631.3,24631.3,
NSE,NIFTY,2025-08-18,09:00:00,24631.3,25291.8,24631.3,25175.4,
NSE,NIFTY,2025-08-18,09:05:00,25179.35,25184.65,24940.05,24952.65,
NSE,NIFTY,2025-08-18,09:10:00,24946.45,24952.75,24931,24938.2,
NSE,NIFTY,2025-08-18,09:15:00,24938.2,24938.2,24884.5,24922.65,
NSE,NIFTY,2025-08-18,09:20:00,24923.85,24953.85,24916.9,24949.3,
NSE,NIFTY,2025-08-18,09:25:00,24951.5,24957,24937.4,24939.85,
NSE,NIFTY,2025-08-18,09:30:00,24940.1,24982.15,24937.85,24980.8,
NSE,NIFTY,2025-08-18,09:35:00,24982.95,24995.15,24977.35,24989.1,
NSE,NIFTY,2025-08-18,09:40:00,24987.65,24997.95,24983.45,24992.1,
NSE,NIFTY,2025-08-18,09:45:00,24993.55,25004.25,24990.35,25000.55,
NSE,NIFTY,2025-08-18,09:50:00,25000.35,25021.25,25000.35,25019.4,
NSE,NIFTY,2025-08-18,09:55:00,25019.65,25020.25,24990.15,24991.05,
NSE,NIFTY,2025-08-18,10:00:00,24990.4,25007.5,24989.5,25005.1,
NSE,NIFTY,2025-08-18,10:05:00,25005.8,25009.7,24997.9,25001.2,
NSE,NIFTY,2025-08-18,10:10:00,25001.55,25003.55,24985.7,24989.15,
NSE,NIFTY,2025-08-18,10:15:00,24989.4,24992.9,24982.2,24987.3,
NSE,NIFTY,2025-08-18,10:20:00,24988.4,24998.9,24980.4,24996.8,
NSE,NIFTY,2025-08-18,10:25:00,24997.1,25001.15,24982.45,24983.05,
NSE,NIFTY,2025-08-18,10:30:00,24982.25,24990.75,24971.7,24990.75,
NSE,NIFTY,2025-08-18,10:35:00,24992.85,24992.85,24970.75,24976.05,
NSE,NIFTY,2025-08-18,10:40:00,24975.8,24987.65,24975.7,24986.5,
NSE,NIFTY,2025-08-18,10:45:00,24986.1,24996.55,24979.25,24980.5,
NSE,NIFTY,2025-08-18,10:50:00,24979.75,24981.55,24967.35,24969.55,
NSE,NIFTY,2025-08-18,10:55:00,24969.6,24970.7,24955.5,24956.65,
NSE,NIFTY,2025-08-18,11:00:00,24955.95,24964.6,24954.2,24964.6,
NSE,NIFTY,2025-08-18,11:05:00,24965.25,24972.5,24949.95,24950.25,
NSE,NIFTY,2025-08-18,11:10:00,24950.45,24957.05,24946.9,24955.55,
NSE,NIFTY,2025-08-18,11:15:00,24954.55,24974.05,24951.55,24973.65,
NSE,NIFTY,2025-08-18,11:20:00,24973.65,24973.65,24949.55,24953.25,
NSE,NIFTY,2025-08-18,11:25:00,24952,24968.4,24952,24962.35,
NSE,NIFTY,2025-08-18,11:30:00,24961.8,24968.5,24952.05,24961.1,
NSE,NIFTY,2025-08-18,11:35:00,24962.05,24963,24940,24944.35,
NSE,NIFTY,2025-08-18,11:40:00,24944.65,24945.05,24932.3,24942,
NSE,NIFTY,2025-08-18,11:45:00,24941.55,24951.8,24940.95,24947.35,
NSE,NIFTY,2025-08-18,11:50:00,24947.55,24951.9,24940.35,24941.4,
NSE,NIFTY,2025-08-18,11:55:00,24940.55,24948.35,24931.6,24933,
NSE,NIFTY,2025-08-18,12:00:00,24933.2,24942.85,24912.75,24912.85,
NSE,NIFTY,2025-08-18,12:05:00,24913,24921.65,24913,24920.45,
NSE,NIFTY,2025-08-18,12:10:00,24920.7,24922.4,24890.3,24890.65,
NSE,NIFTY,2025-08-18,12:15:00,24889.2,24895.35,24861.35,24868.25,
NSE,NIFTY,2025-08-18,12:20:00,24868.35,24887.1,24852.85,24886.1,
NSE,NIFTY,2025-08-18,12:25:00,24886.6,24895.5,24882.85,24892.7,
NSE,NIFTY,2025-08-18,12:30:00,24891.8,24899.2,24891.55,24893.2,
NSE,NIFTY,2025-08-18,12:35:00,24892.85,24893.6,24882.6,24888.6,
NSE,NIFTY,2025-08-18,12:40:00,24889.05,24889.6,24876.45,24886.5,
NSE,NIFTY,2025-08-18,12:45:00,24886.9,24907.55,24886.55,24907.2,
NSE,NIFTY,2025-08-18,12:50:00,24906.6,24916,24904.1,24909.25,
NSE,NIFTY,2025-08-18,12:55:00,24908.7,24931.6,24908.7,24923.65,
NSE,NIFTY,2025-08-18,13:00:00,24923.35,24942.2,24920.8,24926.3,
NSE,NIFTY,2025-08-18,13:05:00,24926.8,24939.4,24926.7,24935.8,
NSE,NIFTY,2025-08-18,13:10:00,24936.3,24947.05,24932.85,24943.95,
NSE,NIFTY,2025-08-18,13:15:00,24944,24953.65,24943.4,24948.2,
NSE,NIFTY,2025-08-18,13:20:00,24948.25,24951.7,24941,24944.35,
NSE,NIFTY,2025-08-18,13:25:00,24943.3,24959.25,24930.55,24931.65,
NSE,NIFTY,2025-08-18,13:30:00,24932.45,24936.6,24927.5,24929.4,
NSE,NIFTY,2025-08-18,13:35:00,24928.65,24930.6,24915.75,24922.85,
NSE,NIFTY,2025-08-18,13:40:00,24923.75,24936.35,24920.7,24932.65,
NSE,NIFTY,2025-08-18,13:45:00,24931.85,24945.15,24926.35,24928.4,
NSE,NIFTY,2025-08-18,13:50:00,24927.55,24929.3,24921.65,24921.65,
NSE,NIFTY,2025-08-18,13:55:00,24922.8,24929.6,24921.35,24925.55,
NSE,NIFTY,2025-08-18,14:00:00,24925.85,24928.5,24909,24912.45,
NSE,NIFTY,2025-08-18,14:05:00,24911.55,24919.55,24892.4,24918.1,
NSE,NIFTY,2025-08-18,14:10:00,24918.55,24938.65,24917.9,24932.35,
NSE,NIFTY,2025-08-18,14:15:00,24933,24939.5,24925.65,24931.5,
NSE,NIFTY,2025-08-18,14:20:00,24931.75,24935.15,24923.85,24926.65,
NSE,NIFTY,2025-08-18,14:25:00,24927.95,24928.9,24921.65,24925.35,
NSE,NIFTY,2025-08-18,14:30:00,24925.8,24941.05,24924.35,24929.45,
NSE,NIFTY,2025-08-18,14:35:00,24929.7,24943.8,24914.85,24916.9,
NSE,NIFTY,2025-08-18,14:40:00,24916.2,24921,24905.95,24919.1,
NSE,NIFTY,2025-08-18,14:45:00,24918.7,24923.6,24911.45,24917.15,
NSE,NIFTY,2025-08-18,14:50:00,24915.4,24920.15,24899.15,24919.75,
NSE,NIFTY,2025-08-18,14:55:00,24920.45,24921.9,24911.25,24915.6,
NSE,NIFTY,2025-08-18,15:00:00,24916.35,24919.1,24900,24902,
NSE,NIFTY,2025-08-18,15:05:00,24901.5,24902.45,24878.85,24880.5,
NSE,NIFTY,2025-08-18,15:10:00,24880.15,24883.35,24874.7,24876.75,
NSE,NIFTY,2025-08-18,15:15:00,24876.75,24883,24868.6,24874.85,
NSE,NIFTY,2025-08-18,15:20:00,24876.8,24884.1,24866.9,24866.95,
NSE,NIFTY,2025-08-18,15:25:00,24869.2,24881.35,24868.35,24881.35,
NSE,NIFTY,2025-08-18,15:30:00,24880,24890.4,24871.7,24883.55,
NSE,NIFTY,2025-08-18,15:35:00,24883.55,24883.55,24876.95,24876.95,
NSE,NIFTY,2025-08-18,15:40:00,24876.95,24876.95,24876.95,24876.95,
NSE,NIFTY,2025-08-18,15:45:00,24876.95,24876.95,24876.95,24876.95,
NSE,NIFTY,2025-08-18,15:50:00,24876.95,24876.95,24876.95,24876.95,
NSE,NIFTY,2025-08-18,15:55:00,24876.95,24876.95,24876.95,24876.95,
NSE,NIFTY,2025-08-18,16:00:00,24876.95,24876.95,24876.95,24876.95,
NSE,NIFTY,2025-08-19,07:30:00,24876.95,24876.95,24876.95,24876.95,
NSE,NIFTY,2025-08-19,07:35:00,24876.95,24876.95,24876.95,24876.95,
NSE,NIFTY,2025-08-19,07:40:00,24876.95,24876.95,24876.95,24876.95,
NSE,NIFTY,2025-08-19,07:45:00,24876.95,24876.95,24876.95,24876.95,
NSE,NIFTY,2025-08-19,07:50:00,24876.95,24876.95,24876.95,24876.95,
NSE,NIFTY,2025-08-19,07:55:00,24876.95,24876.95,24876.95,24876.95,
NSE,NIFTY,2025-08-19,08:00:00,24876.95,24876.95,24876.95,24876.95,
NSE,NIFTY,2025-08-19,08:05:00,24876.95,24876.95,24876.95,24876.95,
NSE,NIFTY,2025-08-19,08:10:00,24876.95,24876.95,24876.95,24876.95,
NSE,NIFTY,2025-08-19,08:15:00,24876.95,24876.95,24876.95,24876.95,
NSE,NIFTY,2025-08-19,08:20:00,24876.95,24876.95,24876.95,24876.95,
NSE,NIFTY,2025-08-19,08:25:00,24876.95,24876.95,24876.95,24876.95,
NSE,NIFTY,2025-08-19,08:30:00,24876.95,24876.95,24876.95,24876.95,
NSE,NIFTY,2025-08-19,08:35:00,24876.95,24876.95,24876.95,24876.95,
NSE,NIFTY,2025-08-19,08:40:00,24876.95,24876.95,24876.95,24876.95,
NSE,NIFTY,2025-08-19,08:45:00,24876.95,24876.95,24876.95,24876.95,
NSE,NIFTY,2025-08-19,08:50:00,24876.95,24876.95,24876.95,24876.95,
NSE,NIFTY,2025-08-19,08:55:00,24876.95,24876.95,24876.95,24876.95,
NSE,NIFTY,2025-08-19,09:00:00,24876.95,24876.95,24522.6,24742.9,
NSE,NIFTY,2025-08-19,09:05:00,24745.25,24922.6,24745.05,24914.9,
NSE,NIFTY,2025-08-19,09:10:00,24918.1,24918.1,24889.6,24891.35,
NSE,NIFTY,2025-08-19,09:15:00,24891.35,24927.75,24888.6,24902.75,
NSE,NIFTY,2025-08-19,09:20:00,24902.05,24925.9,24897.05,24900.15,
NSE,NIFTY,2025-08-19,09:25:00,24901.15,24935.55,24893.15,24933.9,
NSE,NIFTY,2025-08-19,09:30:00,24933.65,24934.25,24912.95,24917,
NSE,NIFTY,2025-08-19,09:35:00,24916.15,24917.5,24900.55,24903.9,
NSE,NIFTY,2025-08-19,09:40:00,24902.5,24904.35,24889.85,24896.8,
NSE,NIFTY,2025-08-19,09:45:00,24897.8,24903.15,24874.8,24876.2,
NSE,NIFTY,2025-08-19,09:50:00,24877.1,24899,24874.05,24898.8,
NSE,NIFTY,2025-08-19,09:55:00,24899.45,24916.65,24898.2,24902.1,
NSE,NIFTY,2025-08-19,10:00:00,24901.65,24910.5,24899.45,24905.85,
NSE,NIFTY,2025-08-19,10:05:00,24907.45,24912.35,24896.85,24904.1,
NSE,NIFTY,2025-08-19,10:10:00,24904.15,24906.25,24897.9,24903.5,
NSE,NIFTY,2025-08-19,10:15:00,24903.55,24925.05,24903.55,24919.95,
NSE,NIFTY,2025-08-19,10:20:00,24919.1,24926.1,24902.85,24925.45,
NSE,NIFTY,2025-08-19,10:25:00,24925.8,24927.5,24918.6,24922.7,
NSE,NIFTY,2025-08-19,10:30:00,24922.8,24926.1,24909.55,24912.65,
NSE,NIFTY,2025-08-19,10:35:00,24913.45,24924.85,24911.2,24921.85,
NSE,NIFTY,2025-08-19,10:40:00,24921.65,24922.25,24902.2,24910.5,
NSE,NIFTY,2025-08-19,10:45:00,24911.35,24927.05,24909.2,24925.3,
NSE,NIFTY,2025-08-19,10:50:00,24925.9,24932.95,24907.65,24930.1,
NSE,NIFTY,2025-08-19,10:55:00,24930.45,24931.2,24920.7,24922.25,
NSE,NIFTY,2025-08-19,11:00:00,24922.35,24927.55,24920.5,24926.15,
NSE,NIFTY,2025-08-19,11:05:00,24926.25,24932.25,24924.35,24928.9,
NSE,NIFTY,2025-08-19,11:10:00,24928.5,24943.45,24927.1,24934.7,
NSE,NIFTY,2025-08-19,11:15:00,24935.8,24941.1,24931.35,24932.05,
NSE,NIFTY,2025-08-19,11:20:00,24932.4,24939.15,24930,24937.6,
NSE,NIFTY,2025-08-19,11:25:00,24937.5,24939.6,24933.4,24935.2,
NSE,NIFTY,2025-08-19,11:30:00,24935.6,24937.2,24927.3,24936.8,
NSE,NIFTY,2025-08-19,11:35:00,24936.95,24950.3,24936.6,24937.95,
NSE,NIFTY,2025-08-19,11:40:00,24938.25,24958.65,24937.8,24953.5,
NSE,NIFTY,2025-08-19,11:45:00,24954.15,24954.15,24945.75,24948.6,
NSE,NIFTY,2025-08-19,11:50:00,24949.4,24956.2,24949.2,24952.45,
NSE,NIFTY,2025-08-19,11:55:00,24951.9,24959.1,24951.4,24958.25,
NSE,NIFTY,2025-08-19,12:00:00,24958.35,24960.75,24953.55,24953.55,
NSE,NIFTY,2025-08-19,12:05:00,24954.35,24973.7,24951.9,24962.65,
NSE,NIFTY,2025-08-19,12:10:00,24963.05,24968.8,24960.75,24967.15,
NSE,NIFTY,2025-08-19,12:15:00,24967.5,24975.65,24965.4,24973.55,
NSE,NIFTY,2025-08-19,12:20:00,24973.05,24988.9,24971.65,24988.55,
NSE,NIFTY,2025-08-19,12:25:00,24989.35,25011.95,24988.75,24990.1,
NSE,NIFTY,2025-08-19,12:30:00,24990.3,25000.5,24989.75,24997.8,
NSE,NIFTY,2025-08-19,12:35:00,24997.7,25005.65,24997.15,25002.45,
NSE,NIFTY,2025-08-19,12:40:00,25001.9,25010.75,24998.2,25004.4,
NSE,NIFTY,2025-08-19,12:45:00,25003.5,25004.65,24970.9,24985.2,
NSE,NIFTY,2025-08-19,12:50:00,24983.9,24986.65,24978.3,24983.45,
NSE,NIFTY,2025-08-19,12:55:00,24983.15,24993.2,24980.95,24993.2,
NSE,NIFTY,2025-08-19,13:00:00,24991.95,25003.65,24987.3,24989.85,
NSE,NIFTY,2025-08-19,13:05:00,24988.25,24988.7,24982.75,24988.55,
NSE,NIFTY,2025-08-19,13:10:00,24988,24993.1,24980.9,24983.45,
NSE,NIFTY,2025-08-19,13:15:00,24983.4,24986.6,24982,24985.9,
NSE,NIFTY,2025-08-19,13:20:00,24985.45,25004.55,24985.45,24989.7,
NSE,NIFTY,2025-08-19,13:25:00,24989.25,24992.95,24982.15,24984.65,
NSE,NIFTY,2025-08-19,13:30:00,24983.8,24995.4,24978.55,24994.6,
NSE,NIFTY,2025-08-19,13:35:00,24993.15,24993.15,24969.9,24973.25,
NSE,NIFTY,2025-08-19,13:40:00,24972.7,24977.95,24965.05,24967.45,
NSE,NIFTY,2025-08-19,13:45:00,24967.85,24978.75,24956.65,24975.05,
NSE,NIFTY,2025-08-19,13:50:00,24975,24976.2,24958.65,24969.3,
NSE,NIFTY,2025-08-19,13:55:00,24969.3,24970.9,24939.55,24953.05,
NSE,NIFTY,2025-08-19,14:00:00,24953.8,24956.9,24944.5,24946.45,
NSE,NIFTY,2025-08-19,14:05:00,24946.4,24957.15,24946.3,24949.75,
NSE,NIFTY,2025-08-19,14:10:00,24949.25,24950,24919.4,24937.8,
NSE,NIFTY,2025-08-19,14:15:00,24938.35,24946.1,24935.05,24940.7,
NSE,NIFTY,2025-08-19,14:20:00,24940.4,24952.65,24922.55,24947.25,
NSE,NIFTY,2025-08-19,14:25:00,24948.7,24965.7,24948.6,24963.65,
NSE,NIFTY,2025-08-19,14:30:00,24964.4,24981.3,24961.7,24971.55,
NSE,NIFTY,2025-08-19,14:35:00,24971.8,24983.55,24970.2,24982.8,
NSE,NIFTY,2025-08-19,14:40:00,24983,24995.4,24981.5,24987.8,
NSE,NIFTY,2025-08-19,14:45:00,24988.4,24993.75,24970.05,24971.95,
NSE,NIFTY,2025-08-19,14:50:00,24972.2,24974.1,24950.35,24972.45,
NSE,NIFTY,2025-08-19,14:55:00,24973.4,24978.3,24953.6,24968.25,
NSE,NIFTY,2025-08-19,15:00:00,24969.2,24975.55,24966.8,24974.5,
NSE,NIFTY,2025-08-19,15:05:00,24974.3,24980.45,24968,24972.3,
NSE,NIFTY,2025-08-19,15:10:00,24972.75,24979.3,24969.4,24971,
NSE,NIFTY,2025-08-19,15:15:00,24970.75,24978.1,24970.15,24975.85,
NSE,NIFTY,2025-08-19,15:20:00,24975.85,24986.25,24973.05,24983.5,
NSE,NIFTY,2025-08-19,15:25:00,24984.85,24994.6,24983.25,24991.85,
NSE,NIFTY,2025-08-19,15:30:00,24991.65,24995.65,24983.9,24989.55,
NSE,NIFTY,2025-08-19,15:35:00,24989.55,24989.55,24980.65,24980.65,
NSE,NIFTY,2025-08-19,15:40:00,24980.65,24980.65,24980.65,24980.65,
NSE,NIFTY,2025-08-19,15:45:00,24980.65,24980.65,24980.65,24980.65,
NSE,NIFTY,2025-08-19,15:50:00,24980.65,24980.65,24980.65,24980.65,
NSE,NIFTY,2025-08-19,15:55:00,24980.65,24980.65,24980.65,24980.65,
NSE,NIFTY,2025-08-19,16:00:00,24980.65,24980.65,24980.65,24980.65,
NSE,NIFTY,2025-08-20,07:30:00,24980.65,24980.65,24980.65,24980.65,
NSE,NIFTY,2025-08-20,07:35:00,24980.65,24980.65,24980.65,24980.65,
NSE,NIFTY,2025-08-20,07:40:00,24980.65,24980.65,24980.65,24980.65,
NSE,NIFTY,2025-08-20,07:45:00,24980.65,24980.65,24980.65,24980.65,
NSE,NIFTY,2025-08-20,07:50:00,24980.65,24980.65,24980.65,24980.65,
NSE,NIFTY,2025-08-20,07:55:00,24980.65,24980.65,24980.65,24980.65,
NSE,NIFTY,2025-08-20,08:00:00,24980.65,24980.65,24980.65,24980.65,
NSE,NIFTY,2025-08-20,08:05:00,24980.65,24980.65,24980.65,24980.65,
NSE,NIFTY,2025-08-20,08:10:00,24980.65,24980.65,24980.65,24980.65,
NSE,NIFTY,2025-08-20,08:15:00,24980.65,24980.65,24980.65,24980.65,
NSE,NIFTY,2025-08-20,08:20:00,24980.65,24980.65,24980.65,24980.65,
NSE,NIFTY,2025-08-20,08:25:00,24980.65,24980.65,24980.65,24980.65,
NSE,NIFTY,2025-08-20,08:30:00,24980.65,24980.65,24980.65,24980.65,
NSE,NIFTY,2025-08-20,08:35:00,24980.65,24980.65,24980.65,24980.65,
NSE,NIFTY,2025-08-20,08:40:00,24980.65,24980.65,24980.65,24980.65,
NSE,NIFTY,2025-08-20,08:45:00,24980.65,24980.65,24980.65,24980.65,
NSE,NIFTY,2025-08-20,08:50:00,24980.65,24980.65,24980.65,24980.65,
NSE,NIFTY,2025-08-20,08:55:00,24980.65,24980.65,24980.65,24980.65,
NSE,NIFTY,2025-08-20,09:00:00,24980.65,24980.65,24430.8,24865.75,
NSE,NIFTY,2025-08-20,09:05:00,24866.2,24957.6,24861.15,24952.45,
NSE,NIFTY,2025-08-20,09:10:00,24952.9,24997.2,24952.4,24965.8,
NSE,NIFTY,2025-08-20,09:15:00,24965.8,24976.3,24946.2,24956.4,
NSE,NIFTY,2025-08-20,09:20:00,24953.85,24965.15,24934.2,24936.75,
NSE,NIFTY,2025-08-20,09:25:00,24935.75,24951.65,24933.95,24938.35,
NSE,NIFTY,2025-08-20,09:30:00,24938,24946.1,24933.2,24936.25,
NSE,NIFTY,2025-08-20,09:35:00,24935.65,24959.65,24930.05,24957.6,
NSE,NIFTY,2025-08-20,09:40:00,24957.9,24958.95,24942.55,24950.55,
NSE,NIFTY,2025-08-20,09:45:00,24950.8,24973.8,24945.35,24973.1,
NSE,NIFTY,2025-08-20,09:50:00,24972.65,24986.85,24970.2,24986.4,
NSE,NIFTY,2025-08-20,09:55:00,24987.65,24991.5,24968.05,24972.55,
NSE,NIFTY,2025-08-20,10:00:00,24970.9,24982.35,24947.35,24980.55,
NSE,NIFTY,2025-08-20,10:05:00,24979.15,24990.1,24973.7,24987.45,
NSE,NIFTY,2025-08-20,10:10:00,24986.85,24989.05,24979.4,24982.35,
NSE,NIFTY,2025-08-20,10:15:00,24982.5,24997.8,24976.7,24995.25,
NSE,NIFTY,2025-08-20,10:20:00,24993.9,25001.3,24985.95,24999.15,
NSE,NIFTY,2025-08-20,10:25:00,24999.1,25001.45,24988.3,24997.55,
NSE,NIFTY,2025-08-20,10:30:00,24997,25003.05,24992.35,25000,
NSE,NIFTY,2025-08-20,10:35:00,24999.55,25004.7,24992.8,25003.8,
NSE,NIFTY,2025-08-20,10:40:00,25003.5,25015,24995.6,24999.25,
NSE,NIFTY,2025-08-20,10:45:00,25001.25,25018.85,24999.05,25007.45,
NSE,NIFTY,2025-08-20,10:50:00,25008.25,25020,25006.15,25018.55,
NSE,NIFTY,2025-08-20,10:55:00,25017.7,25018.3,24999.1,24999.65,
NSE,NIFTY,2025-08-20,11:00:00,24999.5,25005.45,24990.8,24992.4,
NSE,NIFTY,2025-08-20,11:05:00,24991.65,25005.1,24987.2,25004.4,
NSE,NIFTY,2025-08-20,11:10:00,25004.95,25015.45,25003.8,25011,
NSE,NIFTY,2025-08-20,11:15:00,25011.65,25030.65,25009.1,25025.05,
NSE,NIFTY,2025-08-20,11:20:00,25025,25025,25012.45,25013.1,
NSE,NIFTY,2025-08-20,11:25:00,25012.2,25022.2,25009.35,25010.85,
NSE,NIFTY,2025-08-20,11:30:00,25011.1,25024.1,25008.7,25022.75,
NSE,NIFTY,2025-08-20,11:35:00,25024.1,25027.35,25018.65,25023.6,
NSE,NIFTY,2025-08-20,11:40:00,25023.2,25024.6,25015.9,25016.75,
NSE,NIFTY,2025-08-20,11:45:00,25017.25,25021.2,25013.05,25018.45,
NSE,NIFTY,2025-08-20,11:50:00,25018.75,25025.55,25015.3,25022.05,
NSE,NIFTY,2025-08-20,11:55:00,25021.75,25023.75,25015.9,25017.85,
NSE,NIFTY,2025-08-20,12:00:00,25017.75,25036.65,25017.75,25035.05,
NSE,NIFTY,2025-08-20,12:05:00,25035.75,25039.75,25029.45,25030.9,
NSE,NIFTY,2025-08-20,12:10:00,25030.95,25035.4,25025.55,25033.9,
NSE,NIFTY,2025-08-20,12:15:00,25033.4,25045.9,25032.45,25044.7,
NSE,NIFTY,2025-08-20,12:20:00,25044.1,25045,25029.9,25038.1,
NSE,NIFTY,2025-08-20,12:25:00,25036.6,25042.15,25034.3,25038.05,
NSE,NIFTY,2025-08-20,12:30:00,25037.25,25050.45,25032.1,25040.8,
NSE,NIFTY,2025-08-20,12:35:00,25039.35,25043.05,25035.95,25042.45,
NSE,NIFTY,2025-08-20,12:40:00,25042.15,25049.6,25040.65,25047.5,
NSE,NIFTY,2025-08-20,12:45:00,25047.5,25048.55,25041.1,25044.6,
NSE,NIFTY,2025-08-20,12:50:00,25043.7,25053.3,25041.5,25053.3,
NSE,NIFTY,2025-08-20,12:55:00,25051.75,25056.95,25050.3,25056.2,
NSE,NIFTY,2025-08-20,13:00:00,25055.6,25059.5,25051.45,25057.35,
NSE,NIFTY,2025-08-20,13:05:00,25055.65,25060,25052.25,25058.85,
NSE,NIFTY,2025-08-20,13:10:00,25060.05,25063.25,25042.7,25045.4,
NSE,NIFTY,2025-08-20,13:15:00,25045.8,25054.9,25042.9,25050.25,
NSE,NIFTY,2025-08-20,13:20:00,25047.9,25062.75,25047.1,25058.95,
NSE,NIFTY,2025-08-20,13:25:00,25058.85,25060.1,25031.35,25042.45,
NSE,NIFTY,2025-08-20,13:30:00,25042.4,25043.2,25031.85,25036.9,
NSE,NIFTY,2025-08-20,13:35:00,25036.05,25049.85,25036.05,25049.3,
NSE,NIFTY,2025-08-20,13:40:00,25049.75,25057.2,25048.25,25055.2,
NSE,NIFTY,2025-08-20,13:45:00,25054.5,25059.95,25044.6,25047.55,
NSE,NIFTY,2025-08-20,13:50:00,25045.85,25060.45,25045.55,25059.25,
NSE,NIFTY,2025-08-20,13:55:00,25058.85,25066.05,25057.15,25057.7,
NSE,NIFTY,2025-08-20,14:00:00,25058.05,25064.75,25052.2,25062.9,
NSE,NIFTY,2025-08-20,14:05:00,25062.35,25073.05,25061.35,25070.15,
NSE,NIFTY,2025-08-20,14:10:00,25069.7,25078.05,25069.15,25073.35,
NSE,NIFTY,2025-08-20,14:15:00,25073.3,25084.95,25069.3,25069.65,
NSE,NIFTY,2025-08-20,14:20:00,25069.9,25075.3,25067.7,25073.75,
NSE,NIFTY,2025-08-20,14:25:00,25075.3,25076.05,25064.4,25065.75,
NSE,NIFTY,2025-08-20,14:30:00,25064.95,25070.7,25060.5,25062.65,
NSE,NIFTY,2025-08-20,14:35:00,25062.55,25067.8,25044.65,25066.55,
NSE,NIFTY,2025-08-20,14:40:00,25067.7,25074.25,25064.75,25073.05,
NSE,NIFTY,2025-08-20,14:45:00,25074.1,25079.2,25070,25075.5,
NSE,NIFTY,2025-08-20,14:50:00,25075.25,25080.45,25067.85,25074.9,
NSE,NIFTY,2025-08-20,14:55:00,25077.1,25087.85,25071.35,25077.6,
NSE,NIFTY,2025-08-20,15:00:00,25076.6,25082.4,25063.3,25063.65,
NSE,NIFTY,2025-08-20,15:05:00,25062.85,25063.4,25052.4,25055.95,
NSE,NIFTY,2025-08-20,15:10:00,25055.1,25063.25,25054.25,25056.85,
NSE,NIFTY,2025-08-20,15:15:00,25056.1,25056.7,25045,25045.1,
NSE,NIFTY,2025-08-20,15:20:00,25045.05,25046.55,25038.55,25042.35,
NSE,NIFTY,2025-08-20,15:25:00,25043.5,25050.75,25038.2,25048.8,
NSE,NIFTY,2025-08-20,15:30:00,25048.3,25059.65,25039.05,25048.4,
NSE,NIFTY,2025-08-20,15:35:00,25048.4,25050.55,25048.4,25050.55,
NSE,NIFTY,2025-08-20,15:40:00,25050.55,25050.55,25050.55,25050.55,
NSE,NIFTY,2025-08-20,15:45:00,25050.55,25050.55,25050.55,25050.55,
NSE,NIFTY,2025-08-20,15:50:00,25050.55,25050.55,25050.55,25050.55,
NSE,NIFTY,2025-08-20,15:55:00,25050.55,25050.55,25050.55,25050.55,
NSE,NIFTY,2025-08-20,16:00:00,25050.55,25050.55,25050.55,25050.55,
NSE,NIFTY,2025-08-21,07:30:00,25050.55,25050.55,25050.55,25050.55,
NSE,NIFTY,2025-08-21,07:35:00,25050.55,25050.55,25050.55,25050.55,
NSE,NIFTY,2025-08-21,07:40:00,25050.55,25050.55,25050.55,25050.55,
NSE,NIFTY,2025-08-21,07:45:00,25050.55,25050.55,25050.55,25050.55,
NSE,NIFTY,2025-08-21,07:50:00,25050.55,25050.55,25050.55,25050.55,
NSE,NIFTY,2025-08-21,07:55:00,25050.55,25050.55,25050.55,25050.55,
NSE,NIFTY,2025-08-21,08:00:00,25050.55,25050.55,25050.55,25050.55,
NSE,NIFTY,2025-08-21,08:05:00,25050.55,25050.55,25050.55,25050.55,
NSE,NIFTY,2025-08-21,08:10:00,25050.55,25050.55,25050.55,25050.55,
NSE,NIFTY,2025-08-21,08:15:00,25050.55,25050.55,25050.55,25050.55,
NSE,NIFTY,2025-08-21,08:20:00,25050.55,25050.55,25050.55,25050.55,
NSE,NIFTY,2025-08-21,08:25:00,25050.55,25050.55,25050.55,25050.55,
NSE,NIFTY,2025-08-21,08:30:00,25050.55,25050.55,25050.55,25050.55,
NSE,NIFTY,2025-08-21,08:35:00,25050.55,25050.55,25050.55,25050.55,
NSE,NIFTY,2025-08-21,08:40:00,25050.55,25050.55,25050.55,25050.55,
NSE,NIFTY,2025-08-21,08:45:00,25050.55,25050.55,25050.55,25050.55,
NSE,NIFTY,2025-08-21,08:50:00,25050.55,25050.55,25050.55,25050.55,
NSE,NIFTY,2025-08-21,08:55:00,25050.55,25050.55,25050.55,25050.55,
NSE,NIFTY,2025-08-21,09:00:00,25050.55,25087.5,24930.2,25076.45,
NSE,NIFTY,2025-08-21,09:05:00,25078.5,25193.8,25012.45,25157.65,
NSE,NIFTY,2025-08-21,09:10:00,25155.7,25169.75,25114.25,25142,
NSE,NIFTY,2025-08-21,09:15:00,25142,25142,25099.05,25101.25,
NSE,NIFTY,2025-08-21,09:20:00,25098.7,25104.35,25069.55,25078.1,
NSE,NIFTY,2025-08-21,09:25:00,25078.5,25084,25059,25059.85,
NSE,NIFTY,2025-08-21,09:30:00,25059.05,25076.8,25059,25068.3,
NSE,NIFTY,2025-08-21,09:35:00,25068.75,25086.65,25064.55,25071.75,
NSE,NIFTY,2025-08-21,09:40:00,25071.4,25076.3,25055.5,25058.05,
NSE,NIFTY,2025-08-21,09:45:00,25058.1,25072,25054.9,25062.3,
NSE,NIFTY,2025-08-21,09:50:00,25062.4,25093.7,25058.5,25087.15,
NSE,NIFTY,2025-08-21,09:55:00,25086.55,25098.7,25085.9,25097.9,
NSE,NIFTY,2025-08-21,10:00:00,25098.05,25110.85,25092.1,25103.45,
NSE,NIFTY,2025-08-21,10:05:00,25102.85,25135.05,25102,25133.55,
NSE,NIFTY,2025-08-21,10:10:00,25133.45,25134.9,25117.05,25117.35,
NSE,NIFTY,2025-08-21,10:15:00,25117.45,25122.5,25113.25,25118.9,
NSE,NIFTY,2025-08-21,10:20:00,25118.15,25127.85,25113,25124.25,
NSE,NIFTY,2025-08-21,10:25:00,25124.7,25127.65,25119.05,25122.5,
NSE,NIFTY,2025-08-21,10:30:00,25123.1,25137.55,25122.35,25131.4,
NSE,NIFTY,2025-08-21,10:35:00,25131.95,25145.6,25131.95,25140.85,
NSE,NIFTY,2025-08-21,10:40:00,25140.3,25145.1,25135.15,25136.7,
NSE,NIFTY,2025-08-21,10:45:00,25136.7,25139.95,25121.45,25121.5,
NSE,NIFTY,2025-08-21,10:50:00,25122.8,25135.25,25117.9,25132.35,
NSE,NIFTY,2025-08-21,10:55:00,25133.3,25133.3,25122.95,25127.85,
NSE,NIFTY,2025-08-21,11:00:00,25127.35,25135.55,25126.1,25134.65,
NSE,NIFTY,2025-08-21,11:05:00,25135.45,25137.4,25114.6,25115.85,
NSE,NIFTY,2025-08-21,11:10:00,25115.25,25122.85,25113.85,25121.8,
NSE,NIFTY,2025-08-21,11:15:00,25122.15,25122.85,25117.95,25120.45,
NSE,NIFTY,2025-08-21,11:20:00,25120.85,25129,25115.85,25127,
NSE,NIFTY,2025-08-21,11:25:00,25128,25133.15,25126.6,25129.5,
NSE,NIFTY,2025-08-21,11:30:00,25128.7,25130.55,25117.3,25118.2,
NSE,NIFTY,2025-08-21,11:35:00,25118.8,25122.4,25112,25119.5,
NSE,NIFTY,2025-08-21,11:40:00,25119.95,25127.1,25117.2,25126.75,
NSE,NIFTY,2025-08-21,11:45:00,25126.95,25129.8,25124.5,25124.5,
NSE,NIFTY,2025-08-21,11:50:00,25125.35,25125.35,25112.35,25114.15,
NSE,NIFTY,2025-08-21,11:55:00,25114.2,25115.8,25105.35,25105.55,
NSE,NIFTY,2025-08-21,12:00:00,25105.65,25108.7,25100.9,25105.85,
NSE,NIFTY,2025-08-21,12:05:00,25105.3,25115.4,25096,25113.25,
NSE,NIFTY,2025-08-21,12:10:00,25113.9,25120.8,25109.5,25109.7,
NSE,NIFTY,2025-08-21,12:15:00,25110.6,25113.45,25104.8,25105.2,
NSE,NIFTY,2025-08-21,12:20:00,25105.05,25108.5,25098.15,25102.85,
NSE,NIFTY,2025-08-21,12:25:00,25102.95,25113.05,25102.65,25108.4,
NSE,NIFTY,2025-08-21,12:30:00,25109.75,25109.95,25093,25093.15,
NSE,NIFTY,2025-08-21,12:35:00,25093.65,25121.85,25090.85,25112.45,
NSE,NIFTY,2025-08-21,12:40:00,25113.2,25125.5,25112.75,25120.9,
NSE,NIFTY,2025-08-21,12:45:00,25121.1,25125.15,25118.4,25122.75,
NSE,NIFTY,2025-08-21,12:50:00,25123.45,25128.4,25121.1,25124.05,
NSE,NIFTY,2025-08-21,12:55:00,25123.3,25127.55,25101.65,25111.8,
NSE,NIFTY,2025-08-21,13:00:00,25111.9,25119.5,25107.1,25113.65,
NSE,NIFTY,2025-08-21,13:05:00,25114.35,25120.85,25106.25,25118.25,
NSE,NIFTY,2025-08-21,13:10:00,25118.25,25120.55,25113.25,25115.2,
NSE,NIFTY,2025-08-21,13:15:00,25116.6,25120.35,25113.65,25118.5,
NSE,NIFTY,2025-08-21,13:20:00,25118.9,25121.15,25114.65,25115.45,
NSE,NIFTY,2025-08-21,13:25:00,25116,25116.75,25106.15,25111.15,
NSE,NIFTY,2025-08-21,13:30:00,25111.4,25112.35,25097.75,25098.4,
NSE,NIFTY,2025-08-21,13:35:00,25098.9,25105.5,25084.35,25091.05,
NSE,NIFTY,2025-08-21,13:40:00,25091.3,25095.65,25083.55,25085.95,
NSE,NIFTY,2025-08-21,13:45:00,25085.65,25094.95,25075.25,25089.85,
NSE,NIFTY,2025-08-21,13:50:00,25090.5,25112.35,25089.95,25111,
NSE,NIFTY,2025-08-21,13:55:00,25110.6,25119.1,25107.65,25111.8,
NSE,NIFTY,2025-08-21,14:00:00,25111.05,25123,25101.15,25119.5,
NSE,NIFTY,2025-08-21,14:05:00,25119.2,25127.45,25114.3,25119,
NSE,NIFTY,2025-08-21,14:10:00,25118.15,25125.05,25115.4,25120.55,
NSE,NIFTY,2025-08-21,14:15:00,25121,25130.35,25116.25,25127.2,
NSE,NIFTY,2025-08-21,14:20:00,25127.7,25152.1,25124,25138.55,
NSE,NIFTY,2025-08-21,14:25:00,25138.15,25141,25129,25130.65,
NSE,NIFTY,2025-08-21,14:30:00,25130.55,25133.35,25120.4,25123.25,
NSE,NIFTY,2025-08-21,14:35:00,25123.45,25128.45,25120.5,25121.8,
NSE,NIFTY,2025-08-21,14:40:00,25121.75,25122.55,25095,25104.05,
NSE,NIFTY,2025-08-21,14:45:00,25104.3,25115.2,25100.15,25101.9,
NSE,NIFTY,2025-08-21,14:50:00,25102.3,25118.35,25099.1,25103.2,
NSE,NIFTY,2025-08-21,14:55:00,25103.5,25107.55,25100.55,25102.9,
NSE,NIFTY,2025-08-21,15:00:00,25102.75,25106,25095.75,25096.85,
NSE,NIFTY,2025-08-21,15:05:00,25096.75,25098.45,25083.15,25091,
NSE,NIFTY,2025-08-21,15:10:00,25092.05,25093.9,25078.9,25081,
NSE,NIFTY,2025-08-21,15:15:00,25080.4,25090.55,25079.1,25082.4,
NSE,NIFTY,2025-08-21,15:20:00,25083.4,25086.25,25074.15,25076.7,
NSE,NIFTY,2025-08-21,15:25:00,25075.45,25082.15,25068.55,25077.45,
NSE,NIFTY,2025-08-21,15:30:00,25077.9,25080.75,25071.45,25075.05,
NSE,NIFTY,2025-08-21,15:35:00,25075.05,25083.75,25075.05,25083.75,
NSE,NIFTY,2025-08-21,15:40:00,25083.75,25083.75,25083.75,25083.75,
NSE,NIFTY,2025-08-21,15:45:00,25083.75,25083.75,25083.75,25083.75,
NSE,NIFTY,2025-08-21,15:50:00,25083.75,25083.75,25083.75,25083.75,
NSE,NIFTY,2025-08-21,15:55:00,25083.75,25083.75,25083.75,25083.75,
NSE,NIFTY,2025-08-21,16:00:00,25083.75,25083.75,25083.75,25083.75,
NSE,NIFTY,2025-08-22,07:30:00,25083.75,25083.75,25083.75,25083.75,
NSE,NIFTY,2025-08-22,07:35:00,25083.75,25083.75,25083.75,25083.75,
NSE,NIFTY,2025-08-22,07:40:00,25083.75,25083.75,25083.75,25083.75,
NSE,NIFTY,2025-08-22,07:45:00,25083.75,25083.75,25083.75,25083.75,
NSE,NIFTY,2025-08-22,07:50:00,25083.75,25083.75,25083.75,25083.75,
NSE,NIFTY,2025-08-22,07:55:00,25083.75,25083.75,25083.75,25083.75,
NSE,NIFTY,2025-08-22,08:00:00,25083.75,25083.75,25083.75,25083.75,
NSE,NIFTY,2025-08-22,08:05:00,25083.75,25083.75,25083.75,25083.75,
NSE,NIFTY,2025-08-22,08:10:00,25083.75,25083.75,25083.75,25083.75,
NSE,NIFTY,2025-08-22,08:15:00,25083.75,25083.75,25083.75,25083.75,
NSE,NIFTY,2025-08-22,08:20:00,25083.75,25083.75,25083.75,25083.75,
NSE,NIFTY,2025-08-22,08:25:00,25083.75,25083.75,25083.75,25083.75,
NSE,NIFTY,2025-08-22,08:30:00,25083.75,25083.75,25083.75,25083.75,
NSE,NIFTY,2025-08-22,08:35:00,25083.75,25083.75,25083.75,25083.75,
NSE,NIFTY,2025-08-22,08:40:00,25083.75,25083.75,25083.75,25083.75,
NSE,NIFTY,2025-08-22,08:45:00,25083.75,25083.75,25083.75,25083.75,
NSE,NIFTY,2025-08-22,08:50:00,25083.75,25083.75,25083.75,25083.75,
NSE,NIFTY,2025-08-22,08:55:00,25083.75,25083.75,25083.75,25083.75,
NSE,NIFTY,2025-08-22,09:00:00,25083.75,25576.8,25083.75,25233.1,
NSE,NIFTY,2025-08-22,09:05:00,25232.4,25233.6,25054.95,25057.85,
NSE,NIFTY,2025-08-22,09:10:00,25058.3,25077.35,25051.6,25064.15,
NSE,NIFTY,2025-08-22,09:15:00,25064.15,25079.55,25048,25048.55,
NSE,NIFTY,2025-08-22,09:20:00,25049.4,25056.25,25008.8,25009.9,
NSE,NIFTY,2025-08-22,09:25:00,25009.35,25018.55,24993.7,24998.45,
NSE,NIFTY,2025-08-22,09:30:00,24999.35,25000.85,24979.05,24981.05,
NSE,NIFTY,2025-08-22,09:35:00,24981.25,24982.75,24951,24967.9,
NSE,NIFTY,2025-08-22,09:40:00,24967.15,24968.2,24956.15,24962.2,
NSE,NIFTY,2025-08-22,09:45:00,24962.3,24981.65,24962.2,24977.05,
NSE,NIFTY,2025-08-22,09:50:00,24978.15,24985.65,24970.35,24970.75,
NSE,NIFTY,2025-08-22,09:55:00,24970,24984.1,24959.7,24962.25,
NSE,NIFTY,2025-08-22,10:00:00,24960.95,24967.75,24953.2,24958.9,
NSE,NIFTY,2025-08-22,10:05:00,24958.85,24960.15,24946,24957.95,
NSE,NIFTY,2025-08-22,10:10:00,24957.95,24969.65,24957.2,24964.85,
NSE,NIFTY,2025-08-22,10:15:00,24964.15,24970.7,24956.2,24956.75,
NSE,NIFTY,2025-08-22,10:20:00,24956.65,24957.5,24928.75,24936.25,
NSE,NIFTY,2025-08-22,10:25:00,24936.05,24936.05,24910.1,24910.1,
NSE,NIFTY,2025-08-22,10:30:00,24910.6,24938.55,24904.3,24932.3,
NSE,NIFTY,2025-08-22,10:35:00,24932.15,24932.55,24920.95,24927.6,
NSE,NIFTY,2025-08-22,10:40:00,24927.05,24934.15,24918.1,24918.5,
NSE,NIFTY,2025-08-22,10:45:00,24918.95,24918.95,24909.3,24912.4,
NSE,NIFTY,2025-08-22,10:50:00,24911.9,24921.2,24906.15,24912.3,
NSE,NIFTY,2025-08-22,10:55:00,24912.2,24915.5,24906.2,24906.5,
NSE,NIFTY,2025-08-22,11:00:00,24906.85,24912.95,24905.1,24910.45,
NSE,NIFTY,2025-08-22,11:05:00,24908.65,24917.65,24897.9,24914.95,
NSE,NIFTY,2025-08-22,11:10:00,24914.85,24925.35,24913.1,24920.35,
NSE,NIFTY,2025-08-22,11:15:00,24919.9,24920.05,24906.15,24907.5,
NSE,NIFTY,2025-08-22,11:20:00,24907.6,24910.75,24893.6,24910.4,
NSE,NIFTY,2025-08-22,11:25:00,24910.95,24925.25,24909.55,24918.15,
NSE,NIFTY,2025-08-22,11:30:00,24918.3,24924.35,24914.35,24924.35,
NSE,NIFTY,2025-08-22,11:35:00,24924.4,24926.6,24913.35,24921.7,
NSE,NIFTY,2025-08-22,11:40:00,24921.7,24930.05,24919.8,24927.9,
NSE,NIFTY,2025-08-22,11:45:00,24928.2,24937.9,24926.05,24933.9,
NSE,NIFTY,2025-08-22,11:50:00,24933.75,24943.15,24933.1,24937.65,
NSE,NIFTY,2025-08-22,11:55:00,24937.7,24943.7,24935.15,24942.35,
NSE,NIFTY,2025-08-22,12:00:00,24942.25,24952.85,24935.9,24946.15,
NSE,NIFTY,2025-08-22,12:05:00,24947.55,24959.15,24933.95,24947.45,
NSE,NIFTY,2025-08-22,12:10:00,24947.8,24948.4,24931.55,24941.05,
NSE,NIFTY,2025-08-22,12:15:00,24941.45,24941.95,24921.3,24925.95,
NSE,NIFTY,2025-08-22,12:20:00,24925.2,24927.85,24914.45,24919.15,
NSE,NIFTY,2025-08-22,12:25:00,24918.65,24924.05,24914.95,24917.15,
NSE,NIFTY,2025-08-22,12:30:00,24916.7,24929.65,24914.4,24922.65,
NSE,NIFTY,2025-08-22,12:35:00,24923.05,24931.15,24920.15,24928.8,
NSE,NIFTY,2025-08-22,12:40:00,24928.9,24933.95,24920.7,24923.1,
NSE,NIFTY,2025-08-22,12:45:00,24922.7,24924.9,24916.5,24921.9,
NSE,NIFTY,2025-08-22,12:50:00,24922.75,24926.8,24918.65,24925.6,
NSE,NIFTY,2025-08-22,12:55:00,24926.15,24929.95,24922.75,24927.05,
NSE,NIFTY,2025-08-22,13:00:00,24927,24929.15,24916.45,24918.7,
NSE,NIFTY,2025-08-22,13:05:00,24918.85,24922.3,24913.3,24916.25,
NSE,NIFTY,2025-08-22,13:10:00,24916.95,24920.25,24912.65,24918.4,
NSE,NIFTY,2025-08-22,13:15:00,24919,24925.9,24916.55,24923.1,
NSE,NIFTY,2025-08-22,13:20:00,24923.1,24925.15,24917.4,24924,
NSE,NIFTY,2025-08-22,13:25:00,24923.8,24935.2,24919.85,24934.7,
NSE,NIFTY,2025-08-22,13:30:00,24934.75,24937.7,24930.5,24932.6,
NSE,NIFTY,2025-08-22,13:35:00,24932.05,24939.35,24929.3,24938.95,
NSE,NIFTY,2025-08-22,13:40:00,24938.65,24952.15,24938.35,24942.95,
NSE,NIFTY,2025-08-22,13:45:00,24942.55,24951.05,24939.85,24946.45,
NSE,NIFTY,2025-08-22,13:50:00,24946.4,24946.4,24936.55,24941.5,
NSE,NIFTY,2025-08-22,13:55:00,24942.3,24944.05,24937.45,24940.9,
NSE,NIFTY,2025-08-22,14:00:00,24942.15,24942.9,24926.15,24928.1,
NSE,NIFTY,2025-08-22,14:05:00,24928.5,24930.75,24923.25,24925.9,
NSE,NIFTY,2025-08-22,14:10:00,24921.7,24933.5,24921.7,24929.15,
NSE,NIFTY,2025-08-22,14:15:00,24927.8,24932.8,24916.95,24919.5,
NSE,NIFTY,2025-08-22,14:20:00,24920,24920.9,24904.1,24908.35,
NSE,NIFTY,2025-08-22,14:25:00,24907.8,24913.15,24892.15,24892.3,
NSE,NIFTY,2025-08-22,14:30:00,24891.55,24908.1,24890.25,24903.3,
NSE,NIFTY,2025-08-22,14:35:00,24903.2,24903.7,24874.2,24882.3,
NSE,NIFTY,2025-08-22,14:40:00,24882.6,24887.95,24875.65,24884.7,
NSE,NIFTY,2025-08-22,14:45:00,24884.75,24891.95,24882.65,24889.45,
NSE,NIFTY,2025-08-22,14:50:00,24889.4,24893.75,24880.65,24887.1,
NSE,NIFTY,2025-08-22,14:55:00,24886.2,24896.95,24884.8,24896.05,
NSE,NIFTY,2025-08-22,15:00:00,24895.8,24898.3,24879.95,24881.8,
NSE,NIFTY,2025-08-22,15:05:00,24881.4,24881.4,24866.55,24875.2,
NSE,NIFTY,2025-08-22,15:10:00,24875.2,24877.1,24870.5,24871.65,
NSE,NIFTY,2025-08-22,15:15:00,24871.35,24874.65,24865.85,24873.8,
NSE,NIFTY,2025-08-22,15:20:00,24873.15,24876.75,24869.15,24871.2,
NSE,NIFTY,2025-08-22,15:25:00,24870.9,24871.8,24865.4,24868,
NSE,NIFTY,2025-08-22,15:30:00,24868.35,24873,24860.5,24870.25,
NSE,NIFTY,2025-08-22,15:35:00,24870.25,24870.25,24867.95,24870.1,
NSE,NIFTY,2025-08-22,15:40:00,24870.1,24870.1,24870.1,24870.1,
NSE,NIFTY,2025-08-22,15:45:00,24870.1,24870.1,24870.1,24870.1,
NSE,NIFTY,2025-08-22,15:50:00,24870.1,24870.1,24870.1,24870.1,
NSE,NIFTY,2025-08-22,15:55:00,24870.1,24870.1,24870.1,24870.1,
NSE,NIFTY,2025-08-22,16:00:00,24870.1,24870.1,24870.1,24870.1,
NSE,NIFTY,2025-08-25,07:30:00,24870.1,24870.1,24870.1,24870.1,
NSE,NIFTY,2025-08-25,07:35:00,24870.1,24870.1,24870.1,24870.1,
NSE,NIFTY,2025-08-25,07:40:00,24870.1,24870.1,24870.1,24870.1,
NSE,NIFTY,2025-08-25,07:45:00,24870.1,24870.1,24870.1,24870.1,
NSE,NIFTY,2025-08-25,07:50:00,24870.1,24870.1,24870.1,24870.1,
NSE,NIFTY,2025-08-25,07:55:00,24870.1,24870.1,24870.1,24870.1,
NSE,NIFTY,2025-08-25,08:00:00,24870.1,24870.1,24870.1,24870.1,
NSE,NIFTY,2025-08-25,08:05:00,24870.1,24870.1,24870.1,24870.1,
NSE,NIFTY,2025-08-25,08:10:00,24870.1,24870.1,24870.1,24870.1,
NSE,NIFTY,2025-08-25,08:15:00,24870.1,24870.1,24870.1,24870.1,
NSE,NIFTY,2025-08-25,08:20:00,24870.1,24870.1,24870.1,24870.1,
NSE,NIFTY,2025-08-25,08:25:00,24870.1,24870.1,24870.1,24870.1,
NSE,NIFTY,2025-08-25,08:30:00,24870.1,24870.1,24870.1,24870.1,
NSE,NIFTY,2025-08-25,08:35:00,24870.1,24870.1,24870.1,24870.1,
NSE,NIFTY,2025-08-25,08:40:00,24870.1,24870.1,24870.1,24870.1,
NSE,NIFTY,2025-08-25,08:45:00,24870.1,24870.1,24870.1,24870.1,
NSE,NIFTY,2025-08-25,08:50:00,24870.1,24870.1,24870.1,24870.1,
NSE,NIFTY,2025-08-25,08:55:00,24870.1,24870.1,24870.1,24870.1,
NSE,NIFTY,2025-08-25,09:00:00,24870.1,24870.1,24547.65,24804.7,
NSE,NIFTY,2025-08-25,09:05:00,24803,24988.9,24796.5,24928,
NSE,NIFTY,2025-08-25,09:10:00,24928,24950.55,24912.85,24949.15,
NSE,NIFTY,2025-08-25,09:15:00,24949.15,24957.25,24928.3,24944.55,
NSE,NIFTY,2025-08-25,09:20:00,24944.95,24945.2,24915.6,24919.75,
NSE,NIFTY,2025-08-25,09:25:00,24920.8,24936.6,24917.4,24934.75,
NSE,NIFTY,2025-08-25,09:30:00,24934.8,24951.9,24925.15,24949.4,
NSE,NIFTY,2025-08-25,09:35:00,24949.55,24952.2,24944.05,24945.9,
NSE,NIFTY,2025-08-25,09:40:00,24945.55,24967.55,24944.1,24963.1,
NSE,NIFTY,2025-08-25,09:45:00,24962.9,24973.8,24962.65,24967.15,
NSE,NIFTY,2025-08-25,09:50:00,24966.5,24967.75,24947.9,24951.05,
NSE,NIFTY,2025-08-25,09:55:00,24952.55,24954.1,24941.1,24949.75,
NSE,NIFTY,2025-08-25,10:00:00,24949.1,24949.35,24924.5,24929.65,
NSE,NIFTY,2025-08-25,10:05:00,24927.95,24931.2,24913.75,24916.35,
NSE,NIFTY,2025-08-25,10:10:00,24916.3,24916.4,24903.75,24907.7,
NSE,NIFTY,2025-08-25,10:15:00,24908.05,24914.15,24899.05,24904.7,
NSE,NIFTY,2025-08-25,10:20:00,24904.4,24925.05,24894.5,24924.5,
NSE,NIFTY,2025-08-25,10:25:00,24924.9,24929.7,24916.9,24928.45,
NSE,NIFTY,2025-08-25,10:30:00,24928.65,24931.65,24911.65,24915.35,
NSE,NIFTY,2025-08-25,10:35:00,24914.75,24936.9,24913.9,24927.3,
NSE,NIFTY,2025-08-25,10:40:00,24927.7,24946.55,24927.05,24945,
NSE,NIFTY,2025-08-25,10:45:00,24945.1,24945.95,24934.7,24937.2,
NSE,NIFTY,2025-08-25,10:50:00,24936.95,24946.4,24934.55,24944.4,
NSE,NIFTY,2025-08-25,10:55:00,24944.2,24954.9,24943.4,24951.1,
NSE,NIFTY,2025-08-25,11:00:00,24950.6,24953.05,24946,24949.15,
NSE,NIFTY,2025-08-25,11:05:00,24948.8,24961.3,24944.3,24961.15,
NSE,NIFTY,2025-08-25,11:10:00,24961.25,24961.85,24951.25,24952.2,
NSE,NIFTY,2025-08-25,11:15:00,24951.75,24953.7,24945.1,24950.05,
NSE,NIFTY,2025-08-25,11:20:00,24950.4,24957.3,24946.1,24947,
NSE,NIFTY,2025-08-25,11:25:00,24947,24951.15,24941.7,24950,
NSE,NIFTY,2025-08-25,11:30:00,24950.7,24953.7,24947.9,24949.45,
NSE,NIFTY,2025-08-25,11:35:00,24948.85,24958.2,24946.8,24949.6,
NSE,NIFTY,2025-08-25,11:40:00,24949.65,24954.2,24944.45,24948.2,
NSE,NIFTY,2025-08-25,11:45:00,24949.5,24973.3,24948.05,24971.5,
NSE,NIFTY,2025-08-25,11:50:00,24971.85,24973.45,24950.9,24951.6,
NSE,NIFTY,2025-08-25,11:55:00,24952.45,24957.3,24948.3,24953.75,
NSE,NIFTY,2025-08-25,12:00:00,24955.05,24966.95,24952.25,24966.55,
NSE,NIFTY,2025-08-25,12:05:00,24966.7,24969.8,24961.2,24967.65,
NSE,NIFTY,2025-08-25,12:10:00,24967.25,24971.4,24963.9,24966.5,
NSE,NIFTY,2025-08-25,12:15:00,24968.25,24973.9,24962.8,24971.4,
NSE,NIFTY,2025-08-25,12:20:00,24971.7,24982,24969.75,24979.05,
NSE,NIFTY,2025-08-25,12:25:00,24980.2,24982.8,24971.75,24976.85,
NSE,NIFTY,2025-08-25,12:30:00,24975.7,24982.45,24972.8,24973.3,
NSE,NIFTY,2025-08-25,12:35:00,24974.65,24982.25,24969.95,24980.2,
NSE,NIFTY,2025-08-25,12:40:00,24980.6,24985.1,24976.7,24977.6,
NSE,NIFTY,2025-08-25,12:45:00,24978.5,24986.2,24976.65,24983.85,
NSE,NIFTY,2025-08-25,12:50:00,24984.55,24995.25,24983.6,24992.6,
NSE,NIFTY,2025-08-25,12:55:00,24993.2,24996.5,24987.4,24991.1,
NSE,NIFTY,2025-08-25,13:00:00,24992.5,24993.65,24986.3,24989.6,
NSE,NIFTY,2025-08-25,13:05:00,24990.3,24997.3,24988.35,24993.3,
NSE,NIFTY,2025-08-25,13:10:00,24995.05,24998.75,24989.8,24995.45,
NSE,NIFTY,2025-08-25,13:15:00,24995.55,25001.25,24994.1,25001.05,
NSE,NIFTY,2025-08-25,13:20:00,25000.9,25002.8,24994.1,24994.65,
NSE,NIFTY,2025-08-25,13:25:00,24994.4,24997.85,24986,24990.7,
NSE,NIFTY,2025-08-25,13:30:00,24989.45,24995.9,24986.05,24987.7,
NSE,NIFTY,2025-08-25,13:35:00,24988.15,24993.9,24986.5,24990.25,
NSE,NIFTY,2025-08-25,13:40:00,24990.05,24997.25,24989.1,24993.7,
NSE,NIFTY,2025-08-25,13:45:00,24993.2,24998.95,24989.9,24997.2,
NSE,NIFTY,2025-08-25,13:50:00,24996.9,25006.4,24993.7,25003.55,
NSE,NIFTY,2025-08-25,13:55:00,25004.25,25011.15,25003.65,25009.2,
NSE,NIFTY,2025-08-25,14:00:00,25010.1,25012.45,25003.9,25004.5,
NSE,NIFTY,2025-08-25,14:05:00,25004.95,25008.25,25001.55,25003.35,
NSE,NIFTY,2025-08-25,14:10:00,25003.95,25010.85,25003.7,25007.3,
NSE,NIFTY,2025-08-25,14:15:00,25008.5,25010.55,24995.25,24996.9,
NSE,NIFTY,2025-08-25,14:20:00,24997.8,25020.2,24994.35,24994.5,
NSE,NIFTY,2025-08-25,14:25:00,24995.9,24996.4,24980.2,24981.1,
NSE,NIFTY,2025-08-25,14:30:00,24981,24989.95,24980.55,24982.3,
NSE,NIFTY,2025-08-25,14:35:00,24982.2,24983.15,24972.05,24973,
NSE,NIFTY,2025-08-25,14:40:00,24973.45,24974.3,24949.2,24964.1,
NSE,NIFTY,2025-08-25,14:45:00,24965.05,24965.9,24957.1,24959.95,
NSE,NIFTY,2025-08-25,14:50:00,24960.7,24974.45,24957.55,24972.8,
NSE,NIFTY,2025-08-25,14:55:00,24973.75,24981.8,24972.25,24980.4,
NSE,NIFTY,2025-08-25,15:00:00,24981.15,24992.55,24980.15,24980.55,
NSE,NIFTY,2025-08-25,15:05:00,24982.4,24984.65,24966.5,24968.3,
NSE,NIFTY,2025-08-25,15:10:00,24968.15,24970.4,24958.25,24960.2,
NSE,NIFTY,2025-08-25,15:15:00,24960.35,24963.5,24952.9,24954.2,
NSE,NIFTY,2025-08-25,15:20:00,24954.6,24970.75,24954.4,24965.75,
NSE,NIFTY,2025-08-25,15:25:00,24966.75,24976.3,24962.8,24972.45,
NSE,NIFTY,2025-08-25,15:30:00,24973.8,24984.5,24969.5,24979.55,
NSE,NIFTY,2025-08-25,15:35:00,24979.55,24979.55,24967.75,24967.75,
NSE,NIFTY,2025-08-25,15:40:00,24967.75,24967.75,24967.75,24967.75,
NSE,NIFTY,2025-08-25,15:45:00,24967.75,24967.75,24967.75,24967.75,
NSE,NIFTY,2025-08-25,15:50:00,24967.75,24967.75,24967.75,24967.75,
NSE,NIFTY,2025-08-25,15:55:00,24967.75,24967.75,24967.75,24967.75,
NSE,NIFTY,2025-08-25,16:00:00,24967.75,24967.75,24967.75,24967.75,
NSE,NIFTY,2025-08-26,07:30:00,24967.75,24967.75,24967.75,24967.75,
NSE,NIFTY,2025-08-26,07:35:00,24967.75,24967.75,24967.75,24967.75,
NSE,NIFTY,2025-08-26,07:40:00,24967.75,24967.75,24967.75,24967.75,
NSE,NIFTY,2025-08-26,07:45:00,24967.75,24967.75,24967.75,24967.75,
NSE,NIFTY,2025-08-26,07:50:00,24967.75,24967.75,24967.75,24967.75,
NSE,NIFTY,2025-08-26,07:55:00,24967.75,24967.75,24967.75,24967.75,
NSE,NIFTY,2025-08-26,08:00:00,24967.75,24967.75,24967.75,24967.75,
NSE,NIFTY,2025-08-26,08:05:00,24967.75,24967.75,24967.75,24967.75,
NSE,NIFTY,2025-08-26,08:10:00,24967.75,24967.75,24967.75,24967.75,
NSE,NIFTY,2025-08-26,08:15:00,24967.75,24967.75,24967.75,24967.75,
NSE,NIFTY,2025-08-26,08:20:00,24967.75,24967.75,24967.75,24967.75,
NSE,NIFTY,2025-08-26,08:25:00,24967.75,24967.75,24967.75,24967.75,
NSE,NIFTY,2025-08-26,08:30:00,24967.75,24967.75,24967.75,24967.75,
NSE,NIFTY,2025-08-26,08:35:00,24967.75,24967.75,24967.75,24967.75,
NSE,NIFTY,2025-08-26,08:40:00,24967.75,24967.75,24967.75,24967.75,
NSE,NIFTY,2025-08-26,08:45:00,24967.75,24967.75,24967.75,24967.75,
NSE,NIFTY,2025-08-26,08:50:00,24967.75,24967.75,24967.75,24967.75,
NSE,NIFTY,2025-08-26,08:55:00,24967.75,24967.75,24967.75,24967.75,
NSE,NIFTY,2025-08-26,09:00:00,24967.75,25198.05,24711.4,24893.4,
NSE,NIFTY,2025-08-26,09:05:00,24893.9,25011.65,24886.6,24921.65,
NSE,NIFTY,2025-08-26,09:10:00,24922.25,24924.55,24899.05,24899.5,
NSE,NIFTY,2025-08-26,09:15:00,24899.5,24917.7,24886.95,24909.4,
NSE,NIFTY,2025-08-26,09:20:00,24906.35,24916,24832.4,24839.05,
NSE,NIFTY,2025-08-26,09:25:00,24838.7,24841.8,24797.7,24813.4,
NSE,NIFTY,2025-08-26,09:30:00,24812.05,24812.75,24787.65,24788.95,
NSE,NIFTY,2025-08-26,09:35:00,24789.45,24800.4,24782.35,24792.1,
NSE,NIFTY,2025-08-26,09:40:00,24791.95,24791.95,24758.9,24762.25,
NSE,NIFTY,2025-08-26,09:45:00,24761.5,24781.95,24758.7,24760.5,
NSE,NIFTY,2025-08-26,09:50:00,24760.15,24778,24755.8,24777.4,
NSE,NIFTY,2025-08-26,09:55:00,24776.6,24786.1,24767.2,24778.2,
NSE,NIFTY,2025-08-26,10:00:00,24778.55,24797.75,24778.55,24791.65,
NSE,NIFTY,2025-08-26,10:05:00,24791.3,24801.1,24777.6,24797.9,
NSE,NIFTY,2025-08-26,10:10:00,24797.95,24805.25,24789.15,24798.85,
NSE,NIFTY,2025-08-26,10:15:00,24799.15,24807.1,24785.3,24785.3,
NSE,NIFTY,2025-08-26,10:20:00,24785.95,24804.55,24778.05,24799.65,
NSE,NIFTY,2025-08-26,10:25:00,24798.85,24808.55,24797.75,24806.55,
NSE,NIFTY,2025-08-26,10:30:00,24806.35,24807.95,24792.85,24796.95,
NSE,NIFTY,2025-08-26,10:35:00,24797.4,24802.15,24784.4,24788,
NSE,NIFTY,2025-08-26,10:40:00,24787.85,24791,24781.6,24788.75,
NSE,NIFTY,2025-08-26,10:45:00,24790.8,24790.95,24777,24778.45,
NSE,NIFTY,2025-08-26,10:50:00,24778.85,24779.05,24766.9,24766.9,
NSE,NIFTY,2025-08-26,10:55:00,24767.55,24774.6,24765.15,24771.65,
NSE,NIFTY,2025-08-26,11:00:00,24771.25,24795.9,24770.9,24793.95,
NSE,NIFTY,2025-08-26,11:05:00,24793.9,24808.3,24793.1,24805.65,
NSE,NIFTY,2025-08-26,11:10:00,24805.5,24812.85,24793.3,24798.2,
NSE,NIFTY,2025-08-26,11:15:00,24797,24805.4,24795.7,24799.55,
NSE,NIFTY,2025-08-26,11:20:00,24799.55,24813.05,24798.3,24810.9,
NSE,NIFTY,2025-08-26,11:25:00,24811.2,24818.2,24807.2,24812.25,
NSE,NIFTY,2025-08-26,11:30:00,24811.45,24833.45,24809.7,24824,
NSE,NIFTY,2025-08-26,11:35:00,24824.8,24838.3,24819.65,24837.05,
NSE,NIFTY,2025-08-26,11:40:00,24836.15,24836.15,24806.35,24810.65,
NSE,NIFTY,2025-08-26,11:45:00,24810.7,24811.3,24798.4,24806.55,
NSE,NIFTY,2025-08-26,11:50:00,24806.5,24810.85,24803.3,24805.1,
NSE,NIFTY,2025-08-26,11:55:00,24805.2,24808,24798.75,24801.8,
NSE,NIFTY,2025-08-26,12:00:00,24801.85,24808.6,24798.8,24806.9,
NSE,NIFTY,2025-08-26,12:05:00,24806.35,24819,24801.95,24817.75,
NSE,NIFTY,2025-08-26,12:10:00,24815.85,24815.85,24796.95,24799.2,
NSE,NIFTY,2025-08-26,12:15:00,24798.75,24803.65,24794.75,24803.15,
NSE,NIFTY,2025-08-26,12:20:00,24802.6,24809.6,24796.3,24808.2,
NSE,NIFTY,2025-08-26,12:25:00,24808.1,24811.3,24805.25,24809.8,
NSE,NIFTY,2025-08-26,12:30:00,24809.9,24810.3,24800.55,24802.2,
NSE,NIFTY,2025-08-26,12:35:00,24802.7,24802.85,24783.2,24792.6,
NSE,NIFTY,2025-08-26,12:40:00,24791.85,24793.4,24783.05,24788.95,
NSE,NIFTY,2025-08-26,12:45:00,24789,24793.05,24775.2,24784.4,
NSE,NIFTY,2025-08-26,12:50:00,24785.6,24791.5,24781.85,24790.6,
NSE,NIFTY,2025-08-26,12:55:00,24791.4,24797.1,24785.85,24786.2,
NSE,NIFTY,2025-08-26,13:00:00,24787.05,24798.5,24784.3,24794.7,
NSE,NIFTY,2025-08-26,13:05:00,24795.6,24809.15,24794.1,24804.9,
NSE,NIFTY,2025-08-26,13:10:00,24805.25,24812,24800.65,24808.5,
NSE,NIFTY,2025-08-26,13:15:00,24807.85,24811,24797.2,24802.15,
NSE,NIFTY,2025-08-26,13:20:00,24799.6,24801.95,24790.85,24800.1,
NSE,NIFTY,2025-08-26,13:25:00,24799.25,24810.8,24794.85,24808.9,
NSE,NIFTY,2025-08-26,13:30:00,24809.2,24824.7,24802,24805.85,
NSE,NIFTY,2025-08-26,13:35:00,24806.45,24816.15,24805.7,24814.8,
NSE,NIFTY,2025-08-26,13:40:00,24814.45,24816.55,24798.55,24805.15,
NSE,NIFTY,2025-08-26,13:45:00,24804.8,24816.05,24802.5,24809.2,
NSE,NIFTY,2025-08-26,13:50:00,24810.15,24812.15,24798.7,24805.5,
NSE,NIFTY,2025-08-26,13:55:00,24804.6,24813.55,24798.15,24806.2,
NSE,NIFTY,2025-08-26,14:00:00,24806.8,24810.2,24800.65,24803.75,
NSE,NIFTY,2025-08-26,14:05:00,24803.45,24807.6,24798.8,24803.2,
NSE,NIFTY,2025-08-26,14:10:00,24805,24811.1,24795.25,24796.15,
NSE,NIFTY,2025-08-26,14:15:00,24795.75,24797,24765.25,24772.9,
NSE,NIFTY,2025-08-26,14:20:00,24773.75,24774.25,24759.35,24765.6,
NSE,NIFTY,2025-08-26,14:25:00,24765,24766.3,24757.7,24760.55,
NSE,NIFTY,2025-08-26,14:30:00,24760.2,24789.7,24742.8,24788.35,
NSE,NIFTY,2025-08-26,14:35:00,24786.9,24786.9,24765.25,24771.45,
NSE,NIFTY,2025-08-26,14:40:00,24771.05,24791.55,24766.35,24785.9,
NSE,NIFTY,2025-08-26,14:45:00,24786.6,24786.6,24774.85,24779.4,
NSE,NIFTY,2025-08-26,14:50:00,24779,24781.9,24760.2,24774.6,
NSE,NIFTY,2025-08-26,14:55:00,24773.25,24774.7,24756.85,24765.45,
NSE,NIFTY,2025-08-26,15:00:00,24765.55,24767.55,24754.65,24759.95,
NSE,NIFTY,2025-08-26,15:05:00,24760.55,24760.55,24711.7,24719.8,
NSE,NIFTY,2025-08-26,15:10:00,24721.3,24730.5,24711.75,24717.9,
NSE,NIFTY,2025-08-26,15:15:00,24718.6,24719.45,24690.05,24702.15,
NSE,NIFTY,2025-08-26,15:20:00,24701.9,24707.15,24694.9,24697.5,
NSE,NIFTY,2025-08-26,15:25:00,24697.8,24705.85,24692.6,24701.45,
NSE,NIFTY,2025-08-26,15:30:00,24701.3,24717.7,24697.55,24710.35,
NSE,NIFTY,2025-08-26,15:35:00,24710.35,24712.05,24710.35,24712.05,
NSE,NIFTY,2025-08-26,15:40:00,24712.05,24712.05,24712.05,24712.05,
NSE,NIFTY,2025-08-26,15:45:00,24712.05,24712.05,24712.05,24712.05,
NSE,NIFTY,2025-08-26,15:50:00,24712.05,24712.05,24712.05,24712.05,
NSE,NIFTY,2025-08-26,15:55:00,24712.05,24712.05,24712.05,24712.05,
NSE,NIFTY,2025-08-26,16:00:00,24712.05,24712.05,24712.05,24712.05,
NSE,NIFTY,2025-08-28,07:30:00,24712.05,24712.05,24712.05,24712.05,
NSE,NIFTY,2025-08-28,07:35:00,24712.05,24712.05,24712.05,24712.05,
NSE,NIFTY,2025-08-28,07:40:00,24712.05,24712.05,24712.05,24712.05,
NSE,NIFTY,2025-08-28,07:45:00,24712.05,24712.05,24712.05,24712.05,
NSE,NIFTY,2025-08-28,07:50:00,24712.05,24712.05,24712.05,24712.05,
NSE,NIFTY,2025-08-28,07:55:00,24712.05,24712.05,24712.05,24712.05,
NSE,NIFTY,2025-08-28,08:00:00,24712.05,24712.05,24712.05,24712.05,
NSE,NIFTY,2025-08-28,08:05:00,24712.05,24712.05,24712.05,24712.05,
NSE,NIFTY,2025-08-28,08:10:00,24712.05,24712.05,24712.05,24712.05,
NSE,NIFTY,2025-08-28,08:15:00,24712.05,24712.05,24712.05,24712.05,
NSE,NIFTY,2025-08-28,08:20:00,24712.05,24712.05,24712.05,24712.05,
NSE,NIFTY,2025-08-28,08:25:00,24712.05,24712.05,24712.05,24712.05,
NSE,NIFTY,2025-08-28,08:30:00,24712.05,24712.05,24712.05,24712.05,
NSE,NIFTY,2025-08-28,08:35:00,24712.05,24712.05,24712.05,24712.05,
NSE,NIFTY,2025-08-28,08:40:00,24712.05,24712.05,24712.05,24712.05,
NSE,NIFTY,2025-08-28,08:45:00,24712.05,24712.05,24712.05,24712.05,
NSE,NIFTY,2025-08-28,08:50:00,24712.05,24712.05,24712.05,24712.05,
NSE,NIFTY,2025-08-28,08:55:00,24712.05,24712.05,24712.05,24712.05,
NSE,NIFTY,2025-08-28,09:00:00,24712.05,25028.65,24563.45,24833.25,
NSE,NIFTY,2025-08-28,09:05:00,24821.15,24955.35,24631.55,24687.25,
NSE,NIFTY,2025-08-28,09:10:00,24685.55,24745.75,24671.45,24695.8,
NSE,NIFTY,2025-08-28,09:15:00,24695.8,24699.35,24637.8,24641.25,
NSE,NIFTY,2025-08-28,09:20:00,24634.45,24636.5,24566.7,24570.5,
NSE,NIFTY,2025-08-28,09:25:00,24569.85,24579.9,24515.4,24522.05,
NSE,NIFTY,2025-08-28,09:30:00,24521.35,24543.3,24520.05,24528.55,
NSE,NIFTY,2025-08-28,09:35:00,24529.1,24529.3,24507.6,24510.9,
NSE,NIFTY,2025-08-28,09:40:00,24511.4,24576.9,24511.4,24562.9,
NSE,NIFTY,2025-08-28,09:45:00,24561.55,24577.95,24549.45,24577,
NSE,NIFTY,2025-08-28,09:50:00,24577.15,24581.95,24549.75,24559.45,
NSE,NIFTY,2025-08-28,09:55:00,24559.1,24597.55,24557.3,24588.75,
NSE,NIFTY,2025-08-28,10:00:00,24588.45,24599.55,24578.1,24595.4,
NSE,NIFTY,2025-08-28,10:05:00,24596.2,24611.8,24580.35,24609.85,
NSE,NIFTY,2025-08-28,10:10:00,24610.1,24613.85,24585.7,24587.55,
NSE,NIFTY,2025-08-28,10:15:00,24588.9,24598.65,24574.25,24578.7,
NSE,NIFTY,2025-08-28,10:20:00,24577.35,24587.9,24558.5,24561.2,
NSE,NIFTY,2025-08-28,10:25:00,24560.8,24576.7,24554.8,24572.35,
NSE,NIFTY,2025-08-28,10:30:00,24572.95,24594.6,24572.55,24591.1,
NSE,NIFTY,2025-08-28,10:35:00,24589.85,24622.4,24587.7,24618.7,
NSE,NIFTY,2025-08-28,10:40:00,24619.3,24629.1,24607.15,24609.45,
NSE,NIFTY,2025-08-28,10:45:00,24609.1,24616.05,24603.35,24610.65,
NSE,NIFTY,2025-08-28,10:50:00,24609.7,24645.9,24609.7,24644.65,
NSE,NIFTY,2025-08-28,10:55:00,24643.75,24648.5,24633.35,24635.5,
NSE,NIFTY,2025-08-28,11:00:00,24635.3,24669.9,24633.65,24659.7,
NSE,NIFTY,2025-08-28,11:05:00,24659.3,24660.8,24647.05,24656.9,
NSE,NIFTY,2025-08-28,11:10:00,24657.25,24677.9,24651.85,24652.1,
NSE,NIFTY,2025-08-28,11:15:00,24651.15,24657.15,24642.45,24656.95,
NSE,NIFTY,2025-08-28,11:20:00,24657.05,24660.2,24645.7,24653.15,
NSE,NIFTY,2025-08-28,11:25:00,24653.05,24664.2,24647.85,24659.75,
NSE,NIFTY,2025-08-28,11:30:00,24660.65,24661.8,24646.45,24647.35,
NSE,NIFTY,2025-08-28,11:35:00,24647.15,24673.4,24646.6,24671.25,
NSE,NIFTY,2025-08-28,11:40:00,24671.4,24671.4,24655.5,24662.65,
NSE,NIFTY,2025-08-28,11:45:00,24661.65,24662.95,24651.75,24653.4,
NSE,NIFTY,2025-08-28,11:50:00,24652.9,24658.9,24647.35,24657.65,
NSE,NIFTY,2025-08-28,11:55:00,24657.35,24658.4,24630.4,24630.55,
NSE,NIFTY,2025-08-28,12:00:00,24629.6,24633.7,24620.25,24623.7,
NSE,NIFTY,2025-08-28,12:05:00,24622.9,24625.8,24611.8,24623.85,
NSE,NIFTY,2025-08-28,12:10:00,24623.7,24635.35,24623.7,24626.25,
NSE,NIFTY,2025-08-28,12:15:00,24625.25,24634.35,24624,24629.55,
NSE,NIFTY,2025-08-28,12:20:00,24631.1,24631.65,24605.95,24609.45,
NSE,NIFTY,2025-08-28,12:25:00,24609.55,24611.15,24580.2,24584.65,
NSE,NIFTY,2025-08-28,12:30:00,24584.55,24596.65,24581.8,24592,
NSE,NIFTY,2025-08-28,12:35:00,24593.35,24599.2,24588.85,24593.8,
NSE,NIFTY,2025-08-28,12:40:00,24590.35,24596.15,24587.3,24591.9,
NSE,NIFTY,2025-08-28,12:45:00,24591.25,24592.2,24583.25,24589.9,
NSE,NIFTY,2025-08-28,12:50:00,24588.8,24596.05,24587.85,24592.15,
NSE,NIFTY,2025-08-28,12:55:00,24592.5,24595.3,24586.1,24595.05,
NSE,NIFTY,2025-08-28,13:00:00,24594.65,24595.85,24570.15,24571.3,
NSE,NIFTY,2025-08-28,13:05:00,24570.85,24571.05,24557.8,24566,
NSE,NIFTY,2025-08-28,13:10:00,24565.05,24566.35,24543.55,24549.75,
NSE,NIFTY,2025-08-28,13:15:00,24549.3,24561.95,24547.75,24561.8,
NSE,NIFTY,2025-08-28,13:20:00,24561.95,24566.05,24554.05,24557.2,
NSE,NIFTY,2025-08-28,13:25:00,24556.3,24557.2,24548.75,24551.6,
NSE,NIFTY,2025-08-28,13:30:00,24551.35,24562.9,24551,24555.75,
NSE,NIFTY,2025-08-28,13:35:00,24555.3,24557.55,24534.85,24536.25,
NSE,NIFTY,2025-08-28,13:40:00,24537,24560.2,24533.65,24557.9,
NSE,NIFTY,2025-08-28,13:45:00,24558.1,24558.9,24544.3,24554.05,
NSE,NIFTY,2025-08-28,13:50:00,24553.75,24553.75,24537.6,24547.35,
NSE,NIFTY,2025-08-28,13:55:00,24546.9,24548.95,24534.1,24541.1,
NSE,NIFTY,2025-08-28,14:00:00,24540.75,24547.15,24533.7,24546.85,
NSE,NIFTY,2025-08-28,14:05:00,24546.75,24550.7,24532.45,24532.85,
NSE,NIFTY,2025-08-28,14:10:00,24535.4,24565.05,24531.5,24564.2,
NSE,NIFTY,2025-08-28,14:15:00,24563.55,24588.05,24560.65,24571.45,
NSE,NIFTY,2025-08-28,14:20:00,24572.7,24581,24571.55,24575.3,
NSE,NIFTY,2025-08-28,14:25:00,24575.5,24592.1,24573.4,24584.35,
NSE,NIFTY,2025-08-28,14:30:00,24584.75,24586.35,24542.35,24567.35,
NSE,NIFTY,2025-08-28,14:35:00,24566.1,24568.45,24535.9,24540.65,
NSE,NIFTY,2025-08-28,14:40:00,24540.2,24558.1,24531.05,24545.9,
NSE,NIFTY,2025-08-28,14:45:00,24546.2,24546.45,24521.6,24522.25,
NSE,NIFTY,2025-08-28,14:50:00,24521.1,24527.15,24494.05,24512.1,
NSE,NIFTY,2025-08-28,14:55:00,24511.7,24531.05,24504.3,24523.6,
NSE,NIFTY,2025-08-28,15:00:00,24524.75,24527.65,24508.75,24509.9,
NSE,NIFTY,2025-08-28,15:05:00,24509.2,24510.2,24491.2,24504.3,
NSE,NIFTY,2025-08-28,15:10:00,24503.15,24507.35,24485.35,24487.4,
NSE,NIFTY,2025-08-28,15:15:00,24487.85,24503.55,24482.25,24502.75,
NSE,NIFTY,2025-08-28,15:20:00,24503.4,24504.4,24488.75,24489.5,
NSE,NIFTY,2025-08-28,15:25:00,24490.6,24518.05,24489.75,24514.1,
NSE,NIFTY,2025-08-28,15:30:00,24514.25,24545.6,24510.85,24541.2,
NSE,NIFTY,2025-08-28,15:35:00,24541.2,24541.2,24500.9,24500.9,
NSE,NIFTY,2025-08-28,15:40:00,24500.9,24500.9,24500.9,24500.9,
NSE,NIFTY,2025-08-28,15:45:00,24500.9,24500.9,24500.9,24500.9,
NSE,NIFTY,2025-08-28,15:50:00,24500.9,24500.9,24500.9,24500.9,
NSE,NIFTY,2025-08-28,15:55:00,24500.9,24500.9,24500.9,24500.9,
NSE,NIFTY,2025-08-28,16:00:00,24500.9,24500.9,24500.9,24500.9,
NSE,NIFTY,2025-08-29,07:30:00,24500.9,24500.9,24500.9,24500.9,
NSE,NIFTY,2025-08-29,07:35:00,24500.9,24500.9,24500.9,24500.9,
NSE,NIFTY,2025-08-29,07:40:00,24500.9,24500.9,24500.9,24500.9,
NSE,NIFTY,2025-08-29,07:45:00,24500.9,24500.9,24500.9,24500.9,
NSE,NIFTY,2025-08-29,07:50:00,24500.9,24500.9,24500.9,24500.9,
NSE,NIFTY,2025-08-29,07:55:00,24500.9,24500.9,24500.9,24500.9,
NSE,NIFTY,2025-08-29,08:00:00,24500.9,24500.9,24500.9,24500.9,
NSE,NIFTY,2025-08-29,08:05:00,24500.9,24500.9,24500.9,24500.9,
NSE,NIFTY,2025-08-29,08:10:00,24500.9,24500.9,24500.9,24500.9,
NSE,NIFTY,2025-08-29,08:15:00,24500.9,24500.9,24500.9,24500.9,
NSE,NIFTY,2025-08-29,08:20:00,24500.9,24500.9,24500.9,24500.9,
NSE,NIFTY,2025-08-29,08:25:00,24500.9,24500.9,24500.9,24500.9,
NSE,NIFTY,2025-08-29,08:30:00,24500.9,24500.9,24500.9,24500.9,
NSE,NIFTY,2025-08-29,08:35:00,24500.9,24500.9,24500.9,24500.9,
NSE,NIFTY,2025-08-29,08:40:00,24500.9,24500.9,24500.9,24500.9,
NSE,NIFTY,2025-08-29,08:45:00,24500.9,24500.9,24500.9,24500.9,
NSE,NIFTY,2025-08-29,08:50:00,24500.9,24500.9,24500.9,24500.9,
NSE,NIFTY,2025-08-29,08:55:00,24500.9,24500.9,24500.9,24500.9,
NSE,NIFTY,2025-08-29,09:00:00,24500.9,24543.4,24213.45,24213.45,
NSE,NIFTY,2025-08-29,09:05:00,24219.9,24479.9,24202.1,24479.9,
NSE,NIFTY,2025-08-29,09:10:00,24479.35,24499.05,24453.55,24466.7,
NSE,NIFTY,2025-08-29,09:15:00,24466.7,24518.1,24466.7,24518.05,
NSE,NIFTY,2025-08-29,09:20:00,24522.4,24563.9,24501.5,24512.5,
NSE,NIFTY,2025-08-29,09:25:00,24513.65,24555.8,24512.2,24549.9,
NSE,NIFTY,2025-08-29,09:30:00,24548.6,24550.9,24521.55,24522.95,
NSE,NIFTY,2025-08-29,09:35:00,24521.55,24527.9,24494.55,24495.7,
NSE,NIFTY,2025-08-29,09:40:00,24496.5,24526.5,24481.8,24524.35,
NSE,NIFTY,2025-08-29,09:45:00,24524.4,24531.2,24504.45,24510.05,
NSE,NIFTY,2025-08-29,09:50:00,24508.65,24510.1,24482,24486.8,
NSE,NIFTY,2025-08-29,09:55:00,24487.1,24496.75,24484.35,24490.85,
NSE,NIFTY,2025-08-29,10:00:00,24491.9,24507.85,24489.3,24489.9,
NSE,NIFTY,2025-08-29,10:05:00,24490,24491.4,24471,24476.6,
NSE,NIFTY,2025-08-29,10:10:00,24476.05,24482.35,24464.45,24480.55,
NSE,NIFTY,2025-08-29,10:15:00,24481.45,24483.9,24466.25,24469.8,
NSE,NIFTY,2025-08-29,10:20:00,24470.45,24499.9,24469.8,24499.25,
NSE,NIFTY,2025-08-29,10:25:00,24497.9,24518.1,24494.35,24515.3,
NSE,NIFTY,2025-08-29,10:30:00,24515.2,24516.05,24499.7,24514.1,
NSE,NIFTY,2025-08-29,10:35:00,24514.45,24528.05,24510.05,24526.25,
NSE,NIFTY,2025-08-29,10:40:00,24525.3,24548.15,24522.85,24547.1,
NSE,NIFTY,2025-08-29,10:45:00,24547.1,24552.8,24538.6,24540.75,
NSE,NIFTY,2025-08-29,10:50:00,24539.95,24547.6,24532.7,24539.4,
NSE,NIFTY,2025-08-29,10:55:00,24539.6,24546.25,24535.45,24535.45,
NSE,NIFTY,2025-08-29,11:00:00,24535.55,24535.55,24522.05,24525.95,
NSE,NIFTY,2025-08-29,11:05:00,24527.15,24553.2,24525.8,24549.7,
NSE,NIFTY,2025-08-29,11:10:00,24550.15,24550.3,24535.25,24539.45,
NSE,NIFTY,2025-08-29,11:15:00,24540.25,24564,24539.35,24555.45,
NSE,NIFTY,2025-08-29,11:20:00,24555.75,24556.9,24544.5,24548.35,
NSE,NIFTY,2025-08-29,11:25:00,24548.1,24548.1,24536.55,24542.5,
NSE,NIFTY,2025-08-29,11:30:00,24542.35,24559.35,24540.3,24558.45,
NSE,NIFTY,2025-08-29,11:35:00,24559.7,24565.85,24557.25,24565.2,
NSE,NIFTY,2025-08-29,11:40:00,24565.6,24567.05,24554.55,24565.55,
NSE,NIFTY,2025-08-29,11:45:00,24565.55,24570.05,24558.6,24569.1,
NSE,NIFTY,2025-08-29,11:50:00,24568.75,24572.45,24564,24571.85,
NSE,NIFTY,2025-08-29,11:55:00,24571.95,24572.25,24556.6,24558.2,
NSE,NIFTY,2025-08-29,12:00:00,24558.7,24559.55,24540.9,24543.25,
NSE,NIFTY,2025-08-29,12:05:00,24543.4,24544.35,24533.5,24542.55,
NSE,NIFTY,2025-08-29,12:10:00,24542.45,24553.75,24538.8,24541.3,
NSE,NIFTY,2025-08-29,12:15:00,24540.95,24555.55,24537.9,24553.6,
NSE,NIFTY,2025-08-29,12:20:00,24553.95,24553.95,24542.55,24542.7,
NSE,NIFTY,2025-08-29,12:25:00,24542.85,24543,24530.95,24536.4,
NSE,NIFTY,2025-08-29,12:30:00,24536.9,24543.15,24523.25,24526.9,
NSE,NIFTY,2025-08-29,12:35:00,24526.2,24529.95,24518.35,24526.85,
NSE,NIFTY,2025-08-29,12:40:00,24527.05,24541.3,24524.4,24532.1,
NSE,NIFTY,2025-08-29,12:45:00,24532.65,24544.6,24531.4,24540.7,
NSE,NIFTY,2025-08-29,12:50:00,24541.15,24549.6,24535.75,24542.55,
NSE,NIFTY,2025-08-29,12:55:00,24542.45,24546.2,24528.95,24532.95,
NSE,NIFTY,2025-08-29,13:00:00,24531.55,24537.9,24516,24523,
NSE,NIFTY,2025-08-29,13:05:00,24522.75,24524.05,24508.25,24516.05,
NSE,NIFTY,2025-08-29,13:10:00,24516.7,24524.4,24503.05,24505.45,
NSE,NIFTY,2025-08-29,13:15:00,24506.3,24509.55,24495.15,24502.35,
NSE,NIFTY,2025-08-29,13:20:00,24501.2,24518.7,24496.9,24516.9,
NSE,NIFTY,2025-08-29,13:25:00,24516.05,24520.3,24507.4,24515.75,
NSE,NIFTY,2025-08-29,13:30:00,24514.95,24522,24506.6,24518,
NSE,NIFTY,2025-08-29,13:35:00,24518.45,24519.8,24511.75,24513.25,
NSE,NIFTY,2025-08-29,13:40:00,24512.45,24517,24507.1,24511.8,
NSE,NIFTY,2025-08-29,13:45:00,24512.05,24513.95,24502.5,24505.3,
NSE,NIFTY,2025-08-29,13:50:00,24503.85,24508.1,24499.95,24506.4,
NSE,NIFTY,2025-08-29,13:55:00,24505.95,24517.05,24495.95,24497.8,
NSE,NIFTY,2025-08-29,14:00:00,24496.8,24498,24479.45,24483.05,
NSE,NIFTY,2025-08-29,14:05:00,24484.55,24490.65,24476.75,24484.95,
NSE,NIFTY,2025-08-29,14:10:00,24484.75,24501.9,24479.2,24501.6,
NSE,NIFTY,2025-08-29,14:15:00,24501.55,24516,24500.55,24511.6,
NSE,NIFTY,2025-08-29,14:20:00,24512.1,24517.45,24509.35,24516.9,
NSE,NIFTY,2025-08-29,14:25:00,24516.15,24552.5,24512.05,24520.9,
NSE,NIFTY,2025-08-29,14:30:00,24520.75,24523.05,24470.05,24484.35,
NSE,NIFTY,2025-08-29,14:35:00,24483.7,24485.75,24469.45,24477.5,
NSE,NIFTY,2025-08-29,14:40:00,24477.8,24480.55,24450.45,24453.85,
NSE,NIFTY,2025-08-29,14:45:00,24453.4,24463.1,24442,24460.7,
NSE,NIFTY,2025-08-29,14:50:00,24461.45,24475.65,24458,24470.45,
NSE,NIFTY,2025-08-29,14:55:00,24470.35,24472.45,24449.55,24472.45,
NSE,NIFTY,2025-08-29,15:00:00,24472.55,24490.85,24465,24467.45,
NSE,NIFTY,2025-08-29,15:05:00,24467.1,24467.6,24445,24447.4,
NSE,NIFTY,2025-08-29,15:10:00,24446.7,24450.8,24426.1,24428.55,
NSE,NIFTY,2025-08-29,15:15:00,24428.35,24428.6,24406.55,24409.45,
NSE,NIFTY,2025-08-29,15:20:00,24409.7,24418.05,24405.45,24412.5,
NSE,NIFTY,2025-08-29,15:25:00,24413.4,24425,24407.75,24420.75,
NSE,NIFTY,2025-08-29,15:30:00,24420.65,24444.9,24414.25,24434.85,
NSE,NIFTY,2025-08-29,15:35:00,24434.85,24434.85,24426.85,24426.85,
NSE,NIFTY,2025-08-29,15:40:00,24426.85,24426.85,24426.85,24426.85,
NSE,NIFTY,2025-08-29,15:45:00,24426.85,24426.85,24426.85,24426.85,
NSE,NIFTY,2025-08-29,15:50:00,24426.85,24426.85,24426.85,24426.85,
NSE,NIFTY,2025-08-29,15:55:00,24426.85,24426.85,24426.85,24426.85,
NSE,NIFTY,2025-08-29,16:00:00,24426.85,24426.85,24426.85,24426.85,
NSE,NIFTY,2025-09-01,07:30:00,24426.85,24426.85,24426.85,24426.85,
NSE,NIFTY,2025-09-01,07:35:00,24426.85,24426.85,24426.85,24426.85,
NSE,NIFTY,2025-09-01,07:40:00,24426.85,24426.85,24426.85,24426.85,
NSE,NIFTY,2025-09-01,07:45:00,24426.85,24426.85,24426.85,24426.85,
NSE,NIFTY,2025-09-01,07:50:00,24426.85,24426.85,24426.85,24426.85,
NSE,NIFTY,2025-09-01,07:55:00,24426.85,24426.85,24426.85,24426.85,
NSE,NIFTY,2025-09-01,08:00:00,24426.85,24426.85,24426.85,24426.85,
NSE,NIFTY,2025-09-01,08:05:00,24426.85,24426.85,24426.85,24426.85,
NSE,NIFTY,2025-09-01,08:10:00,24426.85,24426.85,24426.85,24426.85,
NSE,NIFTY,2025-09-01,08:15:00,24426.85,24426.85,24426.85,24426.85,
NSE,NIFTY,2025-09-01,08:20:00,24426.85,24426.85,24426.85,24426.85,
NSE,NIFTY,2025-09-01,08:25:00,24426.85,24426.85,24426.85,24426.85,
NSE,NIFTY,2025-09-01,08:30:00,24426.85,24426.85,24426.85,24426.85,
NSE,NIFTY,2025-09-01,08:35:00,24426.85,24426.85,24426.85,24426.85,
NSE,NIFTY,2025-09-01,08:40:00,24426.85,24426.85,24426.85,24426.85,
NSE,NIFTY,2025-09-01,08:45:00,24426.85,24426.85,24426.85,24426.85,
NSE,NIFTY,2025-09-01,08:50:00,24426.85,24426.85,24426.85,24426.85,
NSE,NIFTY,2025-09-01,08:55:00,24426.85,24426.85,24426.85,24426.85,
NSE,NIFTY,2025-09-01,09:00:00,24426.85,24702.5,24269.3,24279.15,
NSE,NIFTY,2025-09-01,09:05:00,24281.95,24416.45,24252.35,24416.45,
NSE,NIFTY,2025-09-01,09:10:00,24417.05,24441.6,24402.95,24432.7,
NSE,NIFTY,2025-09-01,09:15:00,24432.7,24508.5,24432.7,24489.7,
NSE,NIFTY,2025-09-01,09:20:00,24493.8,24528.8,24493.8,24526.45,
NSE,NIFTY,2025-09-01,09:25:00,24526.45,24532.55,24502.6,24526.85,
NSE,NIFTY,2025-09-01,09:30:00,24526.7,24533.25,24512.5,24528.05,
NSE,NIFTY,2025-09-01,09:35:00,24527.9,24542.3,24520.25,24537.95,
NSE,NIFTY,2025-09-01,09:40:00,24536.8,24546.55,24530,24530.25,
NSE,NIFTY,2025-09-01,09:45:00,24529.5,24539.5,24523.9,24536.2,
NSE,NIFTY,2025-09-01,09:50:00,24537.15,24547.9,24533.8,24538.4,
NSE,NIFTY,2025-09-01,09:55:00,24538.2,24560.75,24533.95,24555.7,
NSE,NIFTY,2025-09-01,10:00:00,24555.65,24555.65,24540.1,24545.05,
NSE,NIFTY,2025-09-01,10:05:00,24544.15,24549.5,24534.65,24536.8,
NSE,NIFTY,2025-09-01,10:10:00,24536.55,24537.35,24525.9,24526.1,
NSE,NIFTY,2025-09-01,10:15:00,24526.7,24534.15,24521.85,24523.2,
NSE,NIFTY,2025-09-01,10:20:00,24523.7,24534.35,24512.65,24513.9,
NSE,NIFTY,2025-09-01,10:25:00,24514.65,24519,24502.85,24519,
NSE,NIFTY,2025-09-01,10:30:00,24518.35,24533.45,24514.8,24525.15,
NSE,NIFTY,2025-09-01,10:35:00,24524.55,24526.85,24509.05,24513.6,
NSE,NIFTY,2025-09-01,10:40:00,24513.75,24517.65,24508.05,24514.6,
NSE,NIFTY,2025-09-01,10:45:00,24515.35,24533.8,24513.5,24532.2,
NSE,NIFTY,2025-09-01,10:50:00,24532.8,24543.25,24531.9,24539.25,
NSE,NIFTY,2025-09-01,10:55:00,24538.75,24542.2,24525.65,24527.5,
NSE,NIFTY,2025-09-01,11:00:00,24526.55,24552.75,24523.55,24552.65,
NSE,NIFTY,2025-09-01,11:05:00,24552.4,24553.3,24541.65,24548.8,
NSE,NIFTY,2025-09-01,11:10:00,24548.8,24549.55,24537.45,24546.05,
NSE,NIFTY,2025-09-01,11:15:00,24545.8,24550.5,24541.85,24541.95,
NSE,NIFTY,2025-09-01,11:20:00,24540.7,24550.2,24539.1,24544.9,
NSE,NIFTY,2025-09-01,11:25:00,24544.4,24548.3,24539.75,24547.65,
NSE,NIFTY,2025-09-01,11:30:00,24547.9,24553.45,24543.05,24547.95,
NSE,NIFTY,2025-09-01,11:35:00,24547.05,24556,24537.45,24545.3,
NSE,NIFTY,2025-09-01,11:40:00,24546.15,24547.7,24540.65,24544.1,
NSE,NIFTY,2025-09-01,11:45:00,24543.8,24545.95,24537.6,24540.65,
NSE,NIFTY,2025-09-01,11:50:00,24540.8,24540.85,24522.15,24524.95,
NSE,NIFTY,2025-09-01,11:55:00,24524.7,24529.35,24519.25,24523.15,
NSE,NIFTY,2025-09-01,12:00:00,24523.75,24527.5,24517.95,24525.85,
NSE,NIFTY,2025-09-01,12:05:00,24525.8,24541.75,24525.8,24540.65,
NSE,NIFTY,2025-09-01,12:10:00,24540,24545.25,24538.1,24542.75,
NSE,NIFTY,2025-09-01,12:15:00,24542.85,24551,24540.85,24546.35,
NSE,NIFTY,2025-09-01,12:20:00,24546.4,24553.45,24543.6,24543.95,
NSE,NIFTY,2025-09-01,12:25:00,24544,24562.8,24540.25,24560.9,
NSE,NIFTY,2025-09-01,12:30:00,24560.7,24574.35,24558.3,24573.15,
NSE,NIFTY,2025-09-01,12:35:00,24571.65,24574.65,24563.15,24568.35,
NSE,NIFTY,2025-09-01,12:40:00,24568.3,24575.8,24558.9,24566.8,
NSE,NIFTY,2025-09-01,12:45:00,24567.75,24575.45,24559.6,24563.35,
NSE,NIFTY,2025-09-01,12:50:00,24562.45,24570.85,24559.85,24564.7,
NSE,NIFTY,2025-09-01,12:55:00,24564.4,24571.35,24557.25,24559,
NSE,NIFTY,2025-09-01,13:00:00,24559,24571.25,24556.55,24570.25,
NSE,NIFTY,2025-09-01,13:05:00,24570.65,24579.8,24566.5,24578.3,
NSE,NIFTY,2025-09-01,13:10:00,24578.85,24592.2,24577.2,24591.3,
NSE,NIFTY,2025-09-01,13:15:00,24590.1,24593.15,24581.05,24591.1,
NSE,NIFTY,2025-09-01,13:20:00,24591.15,24594.75,24588.1,24592.1,
NSE,NIFTY,2025-09-01,13:25:00,24591.95,24595.7,24587.1,24587.8,
NSE,NIFTY,2025-09-01,13:30:00,24587.05,24595.9,24581.5,24594.1,
NSE,NIFTY,2025-09-01,13:35:00,24593.75,24606.6,24593.4,24602.45,
NSE,NIFTY,2025-09-01,13:40:00,24602.4,24605.3,24597.25,24601.6,
NSE,NIFTY,2025-09-01,13:45:00,24600.95,24603,24588.2,24593.35,
NSE,NIFTY,2025-09-01,13:50:00,24592.9,24600.45,24591.1,24599.6,
NSE,NIFTY,2025-09-01,13:55:00,24599.75,24606.75,24591.45,24598.5,
NSE,NIFTY,2025-09-01,14:00:00,24598.2,24602.65,24593.9,24600.85,
NSE,NIFTY,2025-09-01,14:05:00,24600.35,24609.55,24598.65,24608.75,
NSE,NIFTY,2025-09-01,14:10:00,24607.9,24615.95,24602,24613.1,
NSE,NIFTY,2025-09-01,14:15:00,24612.9,24620.35,24610.2,24615.25,
NSE,NIFTY,2025-09-01,14:20:00,24614.95,24617.95,24608.45,24612.7,
NSE,NIFTY,2025-09-01,14:25:00,24612.2,24614.05,24607.15,24610.25,
NSE,NIFTY,2025-09-01,14:30:00,24610.5,24611.55,24598.8,24605.55,
NSE,NIFTY,2025-09-01,14:35:00,24605.45,24619.1,24604.15,24617.4,
NSE,NIFTY,2025-09-01,14:40:00,24617.55,24619.4,24611.65,24619.3,
NSE,NIFTY,2025-09-01,14:45:00,24618.65,24623,24610.1,24616.65,
NSE,NIFTY,2025-09-01,14:50:00,24616.95,24619.55,24613.9,24618.8,
NSE,NIFTY,2025-09-01,14:55:00,24619.05,24619.9,24614,24618.5,
NSE,NIFTY,2025-09-01,15:00:00,24618.85,24635,24618.35,24625.3,
NSE,NIFTY,2025-09-01,15:05:00,24624.35,24627.2,24613.5,24626.6,
NSE,NIFTY,2025-09-01,15:10:00,24627.45,24631.75,24622.95,24628.7,
NSE,NIFTY,2025-09-01,15:15:00,24628.1,24631.35,24620.9,24623.95,
NSE,NIFTY,2025-09-01,15:20:00,24624.05,24630.6,24620.65,24629.35,
NSE,NIFTY,2025-09-01,15:25:00,24629.15,24631.3,24623.45,24627.3,
NSE,NIFTY,2025-09-01,15:30:00,24627,24629.3,24619.85,24624.3,
NSE,NIFTY,2025-09-01,15:35:00,24624.3,24625.05,24624.3,24625.05,
NSE,NIFTY,2025-09-01,15:40:00,24625.05,24625.05,24625.05,24625.05,
NSE,NIFTY,2025-09-01,15:45:00,24625.05,24625.05,24625.05,24625.05,
NSE,NIFTY,2025-09-01,15:50:00,24625.05,24625.05,24625.05,24625.05,
NSE,NIFTY,2025-09-01,15:55:00,24625.05,24625.05,24625.05,24625.05,
NSE,NIFTY,2025-09-01,16:00:00,24625.05,24625.05,24625.05,24625.05,
NSE,NIFTY,2025-09-02,07:30:00,24625.05,24625.05,24625.05,24625.05,
NSE,NIFTY,2025-09-02,07:35:00,24625.05,24625.05,24625.05,24625.05,
NSE,NIFTY,2025-09-02,07:40:00,24625.05,24625.05,24625.05,24625.05,
NSE,NIFTY,2025-09-02,07:45:00,24625.05,24625.05,24625.05,24625.05,
NSE,NIFTY,2025-09-02,07:50:00,24625.05,24625.05,24625.05,24625.05,
NSE,NIFTY,2025-09-02,07:55:00,24625.05,24625.05,24625.05,24625.05,
NSE,NIFTY,2025-09-02,08:00:00,24625.05,24625.05,24625.05,24625.05,
NSE,NIFTY,2025-09-02,08:05:00,24625.05,24625.05,24625.05,24625.05,
NSE,NIFTY,2025-09-02,08:10:00,24625.05,24625.05,24625.05,24625.05,
NSE,NIFTY,2025-09-02,08:15:00,24625.05,24625.05,24625.05,24625.05,
NSE,NIFTY,2025-09-02,08:20:00,24625.05,24625.05,24625.05,24625.05,
NSE,NIFTY,2025-09-02,08:25:00,24625.05,24625.05,24625.05,24625.05,
NSE,NIFTY,2025-09-02,08:30:00,24625.05,24625.05,24625.05,24625.05,
NSE,NIFTY,2025-09-02,08:35:00,24625.05,24625.05,24625.05,24625.05,
NSE,NIFTY,2025-09-02,08:40:00,24625.05,24625.05,24625.05,24625.05,
NSE,NIFTY,2025-09-02,08:45:00,24625.05,24625.05,24625.05,24625.05,
NSE,NIFTY,2025-09-02,08:50:00,24625.05,24625.05,24625.05,24625.05,
NSE,NIFTY,2025-09-02,08:55:00,24625.05,24625.05,24625.05,24625.05,
NSE,NIFTY,2025-09-02,09:00:00,24625.05,24966.8,24625.05,24689.95,
NSE,NIFTY,2025-09-02,09:05:00,24687.8,24789.75,24619.6,24627.75,
NSE,NIFTY,2025-09-02,09:10:00,24627.65,24655.2,24627.1,24653,
NSE,NIFTY,2025-09-02,09:15:00,24653,24683.25,24651.85,24677,
NSE,NIFTY,2025-09-02,09:20:00,24678,24685.3,24653.5,24658.55,
NSE,NIFTY,2025-09-02,09:25:00,24657.45,24660.4,24633.2,24649.3,
NSE,NIFTY,2025-09-02,09:30:00,24649.6,24656.1,24631.65,24655.55,
NSE,NIFTY,2025-09-02,09:35:00,24655.15,24679.75,24655.15,24676.95,
NSE,NIFTY,2025-09-02,09:40:00,24677.25,24694.95,24676.25,24689.35,
NSE,NIFTY,2025-09-02,09:45:00,24690.2,24695.75,24676.1,24694,
NSE,NIFTY,2025-09-02,09:50:00,24694.25,24702.25,24690.05,24698.05,
NSE,NIFTY,2025-09-02,09:55:00,24697.25,24719.45,24697.25,24711.7,
NSE,NIFTY,2025-09-02,10:00:00,24711.65,24730.15,24706.6,24728.4,
NSE,NIFTY,2025-09-02,10:05:00,24728.7,24747.2,24724.75,24739.4,
NSE,NIFTY,2025-09-02,10:10:00,24739.75,24747.3,24734.3,24736.15,
NSE,NIFTY,2025-09-02,10:15:00,24734.65,24742.35,24723.6,24731.15,
NSE,NIFTY,2025-09-02,10:20:00,24730.6,24732.7,24718.85,24731.4,
NSE,NIFTY,2025-09-02,10:25:00,24730.75,24737.85,24718.95,24723.9,
NSE,NIFTY,2025-09-02,10:30:00,24723.25,24740.95,24719.4,24736.7,
NSE,NIFTY,2025-09-02,10:35:00,24736.7,24741.4,24714.65,24714.7,
NSE,NIFTY,2025-09-02,10:40:00,24714.2,24729.75,24708.8,24726.7,
NSE,NIFTY,2025-09-02,10:45:00,24727.05,24738.7,24725.75,24736,
NSE,NIFTY,2025-09-02,10:50:00,24735.6,24736.65,24727.55,24730.45,
NSE,NIFTY,2025-09-02,10:55:00,24729.85,24737.15,24723.65,24734.8,
NSE,NIFTY,2025-09-02,11:00:00,24733.55,24740.95,24732.6,24738,
NSE,NIFTY,2025-09-02,11:05:00,24737.55,24744.65,24727.95,24728.85,
NSE,NIFTY,2025-09-02,11:10:00,24728,24744.8,24726.3,24742.3,
NSE,NIFTY,2025-09-02,11:15:00,24742.15,24749.05,24724.55,24728.65,
NSE,NIFTY,2025-09-02,11:20:00,24728.15,24731.15,24722.15,24728.2,
NSE,NIFTY,2025-09-02,11:25:00,24728.3,24729.75,24715.35,24724.3,
NSE,NIFTY,2025-09-02,11:30:00,24724.85,24731.85,24717.8,24725.65,
NSE,NIFTY,2025-09-02,11:35:00,24726,24738,24722.2,24735.05,
NSE,NIFTY,2025-09-02,11:40:00,24734.7,24740.85,24732.2,24739.3,
NSE,NIFTY,2025-09-02,11:45:00,24739.8,24741.4,24729.55,24731.35,
NSE,NIFTY,2025-09-02,11:50:00,24731.65,24739.9,24724.7,24731.4,
NSE,NIFTY,2025-09-02,11:55:00,24731.8,24733.65,24726.85,24727.9,
NSE,NIFTY,2025-09-02,12:00:00,24728.25,24735.1,24722.95,24733.3,
NSE,NIFTY,2025-09-02,12:05:00,24732.95,24738.45,24725.1,24733.2,
NSE,NIFTY,2025-09-02,12:10:00,24733.35,24735.4,24724.7,24729.2,
NSE,NIFTY,2025-09-02,12:15:00,24729.3,24729.75,24721.55,24727,
NSE,NIFTY,2025-09-02,12:20:00,24726.7,24728.35,24710.9,24716.05,
NSE,NIFTY,2025-09-02,12:25:00,24716.35,24730.9,24714.8,24729.2,
NSE,NIFTY,2025-09-02,12:30:00,24730.2,24738.9,24728.95,24736.75,
NSE,NIFTY,2025-09-02,12:35:00,24737.15,24750.45,24731.95,24744.55,
NSE,NIFTY,2025-09-02,12:40:00,24744.35,24755.4,24736.25,24746.65,
NSE,NIFTY,2025-09-02,12:45:00,24748.5,24752.5,24736.5,24738.8,
NSE,NIFTY,2025-09-02,12:50:00,24740.5,24747.4,24734.15,24743.1,
NSE,NIFTY,2025-09-02,12:55:00,24742.55,24743.95,24736.75,24741.35,
NSE,NIFTY,2025-09-02,13:00:00,24741.3,24743.1,24738.5,24743.1,
NSE,NIFTY,2025-09-02,13:05:00,24742.75,24746.75,24734.2,24737.75,
NSE,NIFTY,2025-09-02,13:10:00,24737.25,24739.8,24730.05,24732.85,
NSE,NIFTY,2025-09-02,13:15:00,24732.5,24733.15,24712.85,24720.25,
NSE,NIFTY,2025-09-02,13:20:00,24720.7,24726.65,24701.8,24704.65,
NSE,NIFTY,2025-09-02,13:25:00,24705,24706.05,24677.25,24680,
NSE,NIFTY,2025-09-02,13:30:00,24679.65,24698.85,24677.2,24683.85,
NSE,NIFTY,2025-09-02,13:35:00,24684.05,24705.55,24681.9,24698.7,
NSE,NIFTY,2025-09-02,13:40:00,24698.5,24705.55,24686.2,24687.4,
NSE,NIFTY,2025-09-02,13:45:00,24686.75,24687.7,24647.7,24654.95,
NSE,NIFTY,2025-09-02,13:50:00,24654.85,24662.15,24644.05,24654.25,
NSE,NIFTY,2025-09-02,13:55:00,24654.85,24663.7,24612.95,24613.65,
NSE,NIFTY,2025-09-02,14:00:00,24613.9,24613.9,24582.6,24593.7,
NSE,NIFTY,2025-09-02,14:05:00,24593.5,24595.35,24555.4,24563.75,
NSE,NIFTY,2025-09-02,14:10:00,24562,24574.45,24537.4,24567.05,
NSE,NIFTY,2025-09-02,14:15:00,24567.5,24587.3,24552.55,24563.55,
NSE,NIFTY,2025-09-02,14:20:00,24561.8,24590.55,24559.4,24590.45,
NSE,NIFTY,2025-09-02,14:25:00,24590.15,24605.2,24546.25,24551.1,
NSE,NIFTY,2025-09-02,14:30:00,24551.2,24553.9,24524.8,24539.65,
NSE,NIFTY,2025-09-02,14:35:00,24539.05,24564.1,24531.75,24561.5,
NSE,NIFTY,2025-09-02,14:40:00,24562.4,24604.9,24560.85,24578.55,
NSE,NIFTY,2025-09-02,14:45:00,24579.4,24607,24578.75,24604.9,
NSE,NIFTY,2025-09-02,14:50:00,24605.6,24617.25,24588.15,24593,
NSE,NIFTY,2025-09-02,14:55:00,24592.45,24597.75,24556.75,24570.85,
NSE,NIFTY,2025-09-02,15:00:00,24571.35,24586.45,24567.65,24584,
NSE,NIFTY,2025-09-02,15:05:00,24584.75,24585.8,24562.3,24568.9,
NSE,NIFTY,2025-09-02,15:10:00,24569.85,24591.95,24569.1,24587.05,
NSE,NIFTY,2025-09-02,15:15:00,24584.1,24596.15,24584.05,24584.6,
NSE,NIFTY,2025-09-02,15:20:00,24586.75,24591.75,24570.45,24583.1,
NSE,NIFTY,2025-09-02,15:25:00,24584.75,24585.35,24570.55,24575.25,
NSE,NIFTY,2025-09-02,15:30:00,24576.35,24578.6,24567.3,24574.95,
NSE,NIFTY,2025-09-02,15:35:00,24574.95,24579.6,24573.2,24579.6,
NSE,NIFTY,2025-09-02,15:40:00,24579.6,24579.6,24579.6,24579.6,
NSE,NIFTY,2025-09-02,15:45:00,24579.6,24579.6,24579.6,24579.6,
NSE,NIFTY,2025-09-02,15:50:00,24579.6,24579.6,24579.6,24579.6,
NSE,NIFTY,2025-09-02,15:55:00,24579.6,24579.6,24579.6,24579.6,
NSE,NIFTY,2025-09-02,16:00:00,24579.6,24579.6,24579.6,24579.6,
NSE,NIFTY,2025-09-03,07:30:00,24579.6,24579.6,24579.6,24579.6,
NSE,NIFTY,2025-09-03,07:35:00,24579.6,24579.6,24579.6,24579.6,
NSE,NIFTY,2025-09-03,07:40:00,24579.6,24579.6,24579.6,24579.6,
NSE,NIFTY,2025-09-03,07:45:00,24579.6,24579.6,24579.6,24579.6,
NSE,NIFTY,2025-09-03,07:50:00,24579.6,24579.6,24579.6,24579.6,
NSE,NIFTY,2025-09-03,07:55:00,24579.6,24579.6,24579.6,24579.6,
NSE,NIFTY,2025-09-03,08:00:00,24579.6,24579.6,24579.6,24579.6,
NSE,NIFTY,2025-09-03,08:05:00,24579.6,24579.6,24579.6,24579.6,
NSE,NIFTY,2025-09-03,08:10:00,24579.6,24579.6,24579.6,24579.6,
NSE,NIFTY,2025-09-03,08:15:00,24579.6,24579.6,24579.6,24579.6,
NSE,NIFTY,2025-09-03,08:20:00,24579.6,24579.6,24579.6,24579.6,
NSE,NIFTY,2025-09-03,08:25:00,24579.6,24579.6,24579.6,24579.6,
NSE,NIFTY,2025-09-03,08:30:00,24579.6,24579.6,24579.6,24579.6,
NSE,NIFTY,2025-09-03,08:35:00,24579.6,24579.6,24579.6,24579.6,
NSE,NIFTY,2025-09-03,08:40:00,24579.6,24579.6,24579.6,24579.6,
NSE,NIFTY,2025-09-03,08:45:00,24579.6,24579.6,24579.6,24579.6,
NSE,NIFTY,2025-09-03,08:50:00,24579.6,24579.6,24579.6,24579.6,
NSE,NIFTY,2025-09-03,08:55:00,24579.6,24579.6,24579.6,24579.6,
NSE,NIFTY,2025-09-03,09:00:00,24579.6,25526.65,24579.6,25166.9,
NSE,NIFTY,2025-09-03,09:05:00,25166.85,25170.55,24589.65,24642.75,
NSE,NIFTY,2025-09-03,09:10:00,24641,24641,24605.55,24616.5,
NSE,NIFTY,2025-09-03,09:15:00,24616.5,24623.75,24584.7,24611.75,
NSE,NIFTY,2025-09-03,09:20:00,24612.35,24613,24533.3,24540.25,
NSE,NIFTY,2025-09-03,09:25:00,24542.3,24568.35,24540.3,24566.85,
NSE,NIFTY,2025-09-03,09:30:00,24568.75,24599.75,24568,24597.85,
NSE,NIFTY,2025-09-03,09:35:00,24595.2,24596.55,24561.3,24581.75,
NSE,NIFTY,2025-09-03,09:40:00,24581.9,24593.2,24550.7,24555.45,
NSE,NIFTY,2025-09-03,09:45:00,24555.35,24563.6,24548.4,24554.05,
NSE,NIFTY,2025-09-03,09:50:00,24555.2,24572.15,24552.55,24570.15,
NSE,NIFTY,2025-09-03,09:55:00,24570.55,24580.65,24568.4,24579.2,
NSE,NIFTY,2025-09-03,10:00:00,24577.85,24584.5,24569.7,24583.5,
NSE,NIFTY,2025-09-03,10:05:00,24583.6,24602.25,24576.2,24600.5,
NSE,NIFTY,2025-09-03,10:10:00,24599.7,24613.95,24599.3,24608.75,
NSE,NIFTY,2025-09-03,10:15:00,24608.75,24612.9,24601.05,24604.05,
NSE,NIFTY,2025-09-03,10:20:00,24603.15,24603.6,24586.4,24591.35,
NSE,NIFTY,2025-09-03,10:25:00,24591.65,24600.8,24585.5,24597.15,
NSE,NIFTY,2025-09-03,10:30:00,24597.65,24602.7,24589.95,24590.3,
NSE,NIFTY,2025-09-03,10:35:00,24589.85,24591.35,24581.95,24583.7,
NSE,NIFTY,2025-09-03,10:40:00,24582.35,24583.4,24561.05,24563,
NSE,NIFTY,2025-09-03,10:45:00,24562.9,24570.65,24559.35,24560.1,
NSE,NIFTY,2025-09-03,10:50:00,24560.9,24568.4,24556.9,24568,
NSE,NIFTY,2025-09-03,10:55:00,24567,24569.3,24553.7,24560.3,
NSE,NIFTY,2025-09-03,11:00:00,24560.2,24577,24559.5,24576.65,
NSE,NIFTY,2025-09-03,11:05:00,24576.3,24578.15,24564.75,24569.45,
NSE,NIFTY,2025-09-03,11:10:00,24568.5,24584,24554.45,24582.3,
NSE,NIFTY,2025-09-03,11:15:00,24582.5,24587.65,24572.95,24573.5,
NSE,NIFTY,2025-09-03,11:20:00,24573.15,24589.05,24562.15,24588.25,
NSE,NIFTY,2025-09-03,11:25:00,24588.9,24597.35,24557.9,24561.75,
NSE,NIFTY,2025-09-03,11:30:00,24561.95,24574.4,24557.55,24572.75,
NSE,NIFTY,2025-09-03,11:35:00,24573.15,24574.75,24563.5,24572.7,
NSE,NIFTY,2025-09-03,11:40:00,24572.7,24587.5,24570.9,24587.1,
NSE,NIFTY,2025-09-03,11:45:00,24586.8,24589.55,24582.15,24584.9,
NSE,NIFTY,2025-09-03,11:50:00,24585.15,24587.85,24579.5,24580.1,
NSE,NIFTY,2025-09-03,11:55:00,24580.55,24591,24573.35,24590.95,
NSE,NIFTY,2025-09-03,12:00:00,24589.75,24603.2,24589.65,24600.1,
NSE,NIFTY,2025-09-03,12:05:00,24600,24608.4,24598.3,24608.25,
NSE,NIFTY,2025-09-03,12:10:00,24607.65,24612.8,24602.3,24611.75,
NSE,NIFTY,2025-09-03,12:15:00,24610.75,24633.4,24609.75,24631.1,
NSE,NIFTY,2025-09-03,12:20:00,24632.4,24636.55,24628.9,24634.05,
NSE,NIFTY,2025-09-03,12:25:00,24634,24648.4,24631.85,24641.05,
NSE,NIFTY,2025-09-03,12:30:00,24641.5,24644.6,24632.4,24638.05,
NSE,NIFTY,2025-09-03,12:35:00,24638.3,24643.3,24635.5,24642.8,
NSE,NIFTY,2025-09-03,12:40:00,24642.15,24647.15,24638,24644.6,
NSE,NIFTY,2025-09-03,12:45:00,24644.75,24648.7,24624.85,24628.4,
NSE,NIFTY,2025-09-03,12:50:00,24628.3,24634.35,24613.5,24616.7,
NSE,NIFTY,2025-09-03,12:55:00,24616.5,24622.85,24602.3,24612.55,
NSE,NIFTY,2025-09-03,13:00:00,24610.15,24611.55,24593.1,24598.85,
NSE,NIFTY,2025-09-03,13:05:00,24598.45,24605.5,24595.65,24601.55,
NSE,NIFTY,2025-09-03,13:10:00,24601.5,24614.75,24599.65,24601.5,
NSE,NIFTY,2025-09-03,13:15:00,24602.55,24610.05,24598.95,24605.95,
NSE,NIFTY,2025-09-03,13:20:00,24606.55,24623.3,24605.5,24619.5,
NSE,NIFTY,2025-09-03,13:25:00,24618.9,24622.45,24607.95,24612.9,
NSE,NIFTY,2025-09-03,13:30:00,24613.1,24618.1,24606,24617.2,
NSE,NIFTY,2025-09-03,13:35:00,24617.25,24623.5,24601.3,24602.6,
NSE,NIFTY,2025-09-03,13:40:00,24602.45,24611.9,24598.2,24611.55,
NSE,NIFTY,2025-09-03,13:45:00,24610.4,24632.65,24610.4,24632.35,
NSE,NIFTY,2025-09-03,13:50:00,24632.75,24641.65,24630.55,24639.25,
NSE,NIFTY,2025-09-03,13:55:00,24639.6,24648.55,24638.95,24644.75,
NSE,NIFTY,2025-09-03,14:00:00,24644.4,24655.4,24642.8,24651.15,
NSE,NIFTY,2025-09-03,14:05:00,24650.9,24652.8,24642.35,24652.55,
NSE,NIFTY,2025-09-03,14:10:00,24652.45,24666.6,24649.1,24665.85,
NSE,NIFTY,2025-09-03,14:15:00,24665.95,24673.5,24655.75,24660.5,
NSE,NIFTY,2025-09-03,14:20:00,24660.45,24667.1,24656.55,24664.3,
NSE,NIFTY,2025-09-03,14:25:00,24664.25,24667.8,24657.05,24667.4,
NSE,NIFTY,2025-09-03,14:30:00,24666.85,24671.65,24662.6,24670.25,
NSE,NIFTY,2025-09-03,14:35:00,24670.45,24680,24668.8,24671.4,
NSE,NIFTY,2025-09-03,14:40:00,24672.5,24678.3,24667.6,24668.8,
NSE,NIFTY,2025-09-03,14:45:00,24667.5,24669.45,24656.2,24662.85,
NSE,NIFTY,2025-09-03,14:50:00,24663.4,24676.9,24658.9,24669.25,
NSE,NIFTY,2025-09-03,14:55:00,24668.15,24685.3,24668.05,24682.25,
NSE,NIFTY,2025-09-03,15:00:00,24682.15,24689.1,24670.1,24684.15,
NSE,NIFTY,2025-09-03,15:05:00,24684.75,24703.7,24684,24703.4,
NSE,NIFTY,2025-09-03,15:10:00,24703.7,24719.2,24700.3,24718.95,
NSE,NIFTY,2025-09-03,15:15:00,24719.7,24736.6,24714.7,24715.65,
NSE,NIFTY,2025-09-03,15:20:00,24715.85,24728.8,24710.6,24724.75,
NSE,NIFTY,2025-09-03,15:25:00,24727.05,24728.05,24713.75,24716.5,
NSE,NIFTY,2025-09-03,15:30:00,24715.9,24720.15,24705.05,24716.55,
NSE,NIFTY,2025-09-03,15:35:00,24716.55,24716.55,24715.05,24715.05,
NSE,NIFTY,2025-09-03,15:40:00,24715.05,24715.05,24715.05,24715.05,
NSE,NIFTY,2025-09-03,15:45:00,24715.05,24715.05,24715.05,24715.05,
NSE,NIFTY,2025-09-03,15:50:00,24715.05,24715.05,24715.05,24715.05,
NSE,NIFTY,2025-09-03,15:55:00,24715.05,24715.05,24715.05,24715.05,
NSE,NIFTY,2025-09-03,16:00:00,24715.05,24715.05,24715.05,24715.05,
NSE,NIFTY,2025-09-04,07:30:00,24715.05,24715.05,24715.05,24715.05,
NSE,NIFTY,2025-09-04,07:35:00,24715.05,24715.05,24715.05,24715.05,
NSE,NIFTY,2025-09-04,07:40:00,24715.05,24715.05,24715.05,24715.05,
NSE,NIFTY,2025-09-04,07:45:00,24715.05,24715.05,24715.05,24715.05,
NSE,NIFTY,2025-09-04,07:50:00,24715.05,24715.05,24715.05,24715.05,
NSE,NIFTY,2025-09-04,07:55:00,24715.05,24715.05,24715.05,24715.05,
NSE,NIFTY,2025-09-04,08:00:00,24715.05,24715.05,24715.05,24715.05,
NSE,NIFTY,2025-09-04,08:05:00,24715.05,24715.05,24715.05,24715.05,
NSE,NIFTY,2025-09-04,08:10:00,24715.05,24715.05,24715.05,24715.05,
NSE,NIFTY,2025-09-04,08:15:00,24715.05,24715.05,24715.05,24715.05,
NSE,NIFTY,2025-09-04,08:20:00,24715.05,24715.05,24715.05,24715.05,
NSE,NIFTY,2025-09-04,08:25:00,24715.05,24715.05,24715.05,24715.05,
NSE,NIFTY,2025-09-04,08:30:00,24715.05,24715.05,24715.05,24715.05,
NSE,NIFTY,2025-09-04,08:35:00,24715.05,24715.05,24715.05,24715.05,
NSE,NIFTY,2025-09-04,08:40:00,24715.05,24715.05,24715.05,24715.05,
NSE,NIFTY,2025-09-04,08:45:00,24715.05,24715.05,24715.05,24715.05,
NSE,NIFTY,2025-09-04,08:50:00,24715.05,24715.05,24715.05,24715.05,
NSE,NIFTY,2025-09-04,08:55:00,24715.05,24715.05,24715.05,24715.05,
NSE,NIFTY,2025-09-04,09:00:00,24715.05,24715.05,24715.05,24715.05,
NSE,NIFTY,2025-09-04,09:05:00,24715.05,25470.55,24703.65,24992.3,
NSE,NIFTY,2025-09-04,09:10:00,24998.05,25017.05,24894.6,24980.75,
NSE,NIFTY,2025-09-04,09:15:00,24980.75,24980.75,24980.75,24980.75,
NSE,NIFTY,2025-09-04,09:20:00,24980.75,24980.75,24866.6,24878.55,
NSE,NIFTY,2025-09-04,09:25:00,24879.7,24879.7,24849.5,24864.2,
NSE,NIFTY,2025-09-04,09:30:00,24863.8,24881.6,24862.55,24875.7,
NSE,NIFTY,2025-09-04,09:35:00,24877.1,24916.2,24874.9,24913.65,
NSE,NIFTY,2025-09-04,09:40:00,24914.9,24931.8,24906.65,24906.8,
NSE,NIFTY,2025-09-04,09:55:00,24905.9,24919.1,24902.4,24917.8,
NSE,NIFTY,2025-09-04,10:00:00,24916.6,24916.8,24906.75,24910.45,
NSE,NIFTY,2025-09-04,10:05:00,24910.75,24914.35,24898.4,24900.7,
NSE,NIFTY,2025-09-04,10:10:00,24901.05,24901.85,24864.6,24866.4,
NSE,NIFTY,2025-09-04,10:15:00,24866.05,24873.3,24831,24831.85,
NSE,NIFTY,2025-09-04,10:20:00,24830.75,24861.4,24830.2,24860.25,
NSE,NIFTY,2025-09-04,10:25:00,24860.65,24877,24856.25,24873.5,
NSE,NIFTY,2025-09-04,10:30:00,24872.55,24874.9,24845.95,24851.25,
NSE,NIFTY,2025-09-04,10:35:00,24850.5,24853.35,24837.55,24843.05,
NSE,NIFTY,2025-09-04,10:40:00,24844.75,24847.5,24824.25,24825.35,
NSE,NIFTY,2025-09-04,10:45:00,24824.15,24828.05,24804.75,24816.45,
NSE,NIFTY,2025-09-04,10:50:00,24816.25,24839.2,24810.1,24837.55,
NSE,NIFTY,2025-09-04,10:55:00,24839,24845,24825.65,24827.2,
NSE,NIFTY,2025-09-04,11:00:00,24829.05,24843.3,24822,24841.85,
NSE,NIFTY,2025-09-04,11:05:00,24841.3,24848.85,24826.5,24830.5,
NSE,NIFTY,2025-09-04,11:10:00,24830,24840.4,24817.45,24819.75,
NSE,NIFTY,2025-09-04,11:15:00,24819.05,24822.6,24812.7,24816.9,
NSE,NIFTY,2025-09-04,11:20:00,24816.9,24825.9,24813.25,24819.3,
NSE,NIFTY,2025-09-04,11:25:00,24819.65,24821.2,24799.35,24803.55,
NSE,NIFTY,2025-09-04,11:30:00,24802.75,24827.3,24802.2,24825.55,
NSE,NIFTY,2025-09-04,11:35:00,24825.7,24832.8,24817.05,24818.3,
NSE,NIFTY,2025-09-04,11:40:00,24818.3,24821.4,24809.6,24815.5,
NSE,NIFTY,2025-09-04,11:45:00,24814.8,24828.55,24814.2,24816.3,
NSE,NIFTY,2025-09-04,11:50:00,24816.7,24822.35,24806.85,24811.5,
NSE,NIFTY,2025-09-04,11:55:00,24812.7,24823.75,24806.55,24816.5,
NSE,NIFTY,2025-09-04,12:00:00,24815.2,24816.8,24809.75,24812.6,
NSE,NIFTY,2025-09-04,12:05:00,24812,24827.15,24811.55,24820.95,
NSE,NIFTY,2025-09-04,12:10:00,24821.3,24837.7,24807.8,24808.45,
NSE,NIFTY,2025-09-04,12:15:00,24809.1,24809.1,24788.1,24802.55,
NSE,NIFTY,2025-09-04,12:20:00,24803.9,24807.5,24780.9,24787.85,
NSE,NIFTY,2025-09-04,12:25:00,24787.6,24788.75,24768.6,24769.85,
NSE,NIFTY,2025-09-04,12:30:00,24769.65,24779.05,24767.2,24778,
NSE,NIFTY,2025-09-04,12:35:00,24778.55,24794.15,24777.15,24787.35,
NSE,NIFTY,2025-09-04,12:40:00,24787.75,24806.65,24787.3,24802.35,
NSE,NIFTY,2025-09-04,12:45:00,24803.25,24816.25,24797.7,24814.85,
NSE,NIFTY,2025-09-04,12:50:00,24815.2,24832.5,24815.15,24824.6,
NSE,NIFTY,2025-09-04,12:55:00,24824.4,24825.5,24811.35,24817.95,
NSE,NIFTY,2025-09-04,13:00:00,24820.65,24838.75,24817,24838,
NSE,NIFTY,2025-09-04,13:05:00,24837.6,24838.2,24820.65,24834.1,
NSE,NIFTY,2025-09-04,13:10:00,24835.6,24837.4,24822.95,24830,
NSE,NIFTY,2025-09-04,13:15:00,24831.35,24833.3,24806.65,24810.45,
NSE,NIFTY,2025-09-04,13:20:00,24812.05,24827.9,24804.8,24808.45,
NSE,NIFTY,2025-09-04,13:25:00,24809.3,24824,24803.55,24816.75,
NSE,NIFTY,2025-09-04,13:30:00,24815,24820.15,24809.35,24818.8,
NSE,NIFTY,2025-09-04,13:35:00,24819.45,24823.95,24809.95,24815.05,
NSE,NIFTY,2025-09-04,13:40:00,24815.05,24817.4,24802.85,24806.1,
NSE,NIFTY,2025-09-04,13:45:00,24804.8,24805.9,24782.2,24788.3,
NSE,NIFTY,2025-09-04,13:50:00,24788.45,24788.65,24757.9,24757.9,
NSE,NIFTY,2025-09-04,13:55:00,24761.05,24791.6,24757.8,24780.25,
NSE,NIFTY,2025-09-04,14:00:00,24780.65,24786.65,24772.85,24781.5,
NSE,NIFTY,2025-09-04,14:05:00,24780.45,24790.7,24774.35,24778.9,
NSE,NIFTY,2025-09-04,14:10:00,24779.9,24779.9,24770.5,24773.05,
NSE,NIFTY,2025-09-04,14:15:00,24774,24775.35,24758.85,24762.85,
NSE,NIFTY,2025-09-04,14:20:00,24762.9,24766.65,24750.2,24756.7,
NSE,NIFTY,2025-09-04,14:25:00,24757.7,24764.6,24715.45,24716.95,
NSE,NIFTY,2025-09-04,14:30:00,24717.7,24726.2,24713.55,24723.65,
NSE,NIFTY,2025-09-04,14:35:00,24723.9,24764.75,24723.9,24747.45,
NSE,NIFTY,2025-09-04,14:40:00,24747.85,24751.65,24730.25,24731.2,
NSE,NIFTY,2025-09-04,14:45:00,24731,24779.55,24729.3,24759.95,
NSE,NIFTY,2025-09-04,14:50:00,24758.8,24769.6,24751.85,24764.1,
NSE,NIFTY,2025-09-04,14:55:00,24765.7,24771.7,24736.55,24740.05,
NSE,NIFTY,2025-09-04,15:00:00,24738.85,24777.1,24731.4,24745.15,
NSE,NIFTY,2025-09-04,15:05:00,24744.85,24757.15,24730.75,24731.3,
NSE,NIFTY,2025-09-04,15:10:00,24730.35,24746.8,24728.25,24728.25,
NSE,NIFTY,2025-09-04,15:15:00,24728.7,24743.25,24714.6,24719.15,
NSE,NIFTY,2025-09-04,15:20:00,24718.3,24726.55,24708.75,24724.25,
NSE,NIFTY,2025-09-04,15:25:00,24724.45,24751.75,24724.1,24748.5,
NSE,NIFTY,2025-09-04,15:30:00,24748.8,24749.75,24731.55,24739.75,
NSE,NIFTY,2025-09-04,15:35:00,24739.75,24739.75,24734.3,24734.3,
NSE,NIFTY,2025-09-04,15:40:00,24734.3,24734.3,24734.3,24734.3,
NSE,NIFTY,2025-09-04,15:45:00,24734.3,24734.3,24734.3,24734.3,
NSE,NIFTY,2025-09-04,15:50:00,24734.3,24734.3,24734.3,24734.3,
NSE,NIFTY,2025-09-04,15:55:00,24734.3,24734.3,24734.3,24734.3,
NSE,NIFTY,2025-09-04,16:00:00,24734.3,24734.3,24734.3,24734.3,
NSE,NIFTY,2025-09-05,07:30:00,24734.3,24734.3,24734.3,24734.3,
NSE,NIFTY,2025-09-05,07:35:00,24734.3,24734.3,24734.3,24734.3,
NSE,NIFTY,2025-09-05,07:40:00,24734.3,24734.3,24734.3,24734.3,
NSE,NIFTY,2025-09-05,07:45:00,24734.3,24734.3,24734.3,24734.3,
NSE,NIFTY,2025-09-05,07:50:00,24734.3,24734.3,24734.3,24734.3,
NSE,NIFTY,2025-09-05,07:55:00,24734.3,24734.3,24734.3,24734.3,
NSE,NIFTY,2025-09-05,08:00:00,24734.3,24734.3,24734.3,24734.3,
NSE,NIFTY,2025-09-05,08:05:00,24734.3,24734.3,24734.3,24734.3,
NSE,NIFTY,2025-09-05,08:10:00,24734.3,24734.3,24734.3,24734.3,
NSE,NIFTY,2025-09-05,08:15:00,24734.3,24734.3,24734.3,24734.3,
NSE,NIFTY,2025-09-05,08:20:00,24734.3,24734.3,24734.3,24734.3,
NSE,NIFTY,2025-09-05,08:25:00,24734.3,24734.3,24734.3,24734.3,
NSE,NIFTY,2025-09-05,08:30:00,24734.3,24734.3,24734.3,24734.3,
NSE,NIFTY,2025-09-05,08:35:00,24734.3,24734.3,24734.3,24734.3,
NSE,NIFTY,2025-09-05,08:40:00,24734.3,24734.3,24734.3,24734.3,
NSE,NIFTY,2025-09-05,08:45:00,24734.3,24734.3,24734.3,24734.3,
NSE,NIFTY,2025-09-05,08:50:00,24734.3,24734.3,24734.3,24734.3,
NSE,NIFTY,2025-09-05,08:55:00,24734.3,24734.3,24734.3,24734.3,
NSE,NIFTY,2025-09-05,09:00:00,24734.3,24941.55,24654.2,24941.55,
NSE,NIFTY,2025-09-05,09:05:00,24939.7,24980.3,24753.8,24819.95,
NSE,NIFTY,2025-09-05,09:10:00,24815.25,24835.85,24805.5,24818.85,
NSE,NIFTY,2025-09-05,09:15:00,24818.85,24820.6,24800.2,24818.9,
NSE,NIFTY,2025-09-05,09:20:00,24820.05,24829.6,24791.35,24828.85,
NSE,NIFTY,2025-09-05,09:25:00,24828,24831.65,24791.85,24794.2,
NSE,NIFTY,2025-09-05,09:30:00,24793.6,24798.65,24781.4,24784.3,
NSE,NIFTY,2025-09-05,09:35:00,24785.65,24812.9,24780,24805.55,
NSE,NIFTY,2025-09-05,09:40:00,24804.8,24805.75,24777.3,24780.05,
NSE,NIFTY,2025-09-05,09:45:00,24779.9,24783.2,24775.6,24778.3,
NSE,NIFTY,2025-09-05,09:50:00,24777.4,24795.95,24772.85,24793.75,
NSE,NIFTY,2025-09-05,09:55:00,24794.2,24803.6,24790,24799.3,
NSE,NIFTY,2025-09-05,10:00:00,24798.7,24800.75,24775.3,24777.5,
NSE,NIFTY,2025-09-05,10:05:00,24777.05,24793.05,24769.6,24771.3,
NSE,NIFTY,2025-09-05,10:10:00,24770.95,24775,24733.65,24733.65,
NSE,NIFTY,2025-09-05,10:15:00,24732.2,24734.55,24660.55,24661.55,
NSE,NIFTY,2025-09-05,10:20:00,24661.1,24676.7,24646.7,24649.1,
NSE,NIFTY,2025-09-05,10:25:00,24648.8,24682.05,24632.3,24674.9,
NSE,NIFTY,2025-09-05,10:30:00,24675,24737.75,24669.85,24723,
NSE,NIFTY,2025-09-05,10:35:00,24724.15,24726.3,24685.75,24685.9,
NSE,NIFTY,2025-09-05,10:40:00,24686.3,24711.3,24681.85,24706.2,
NSE,NIFTY,2025-09-05,10:45:00,24706.85,24709.3,24691.1,24700.95,
NSE,NIFTY,2025-09-05,10:50:00,24700.6,24714.2,24690.8,24694.5,
NSE,NIFTY,2025-09-05,10:55:00,24695,24697.5,24664.45,24674.9,
NSE,NIFTY,2025-09-05,11:00:00,24676.9,24687.3,24663.75,24686.45,
NSE,NIFTY,2025-09-05,11:05:00,24686.25,24698.55,24676.8,24694.35,
NSE,NIFTY,2025-09-05,11:10:00,24693.6,24694,24677.25,24678.8,
NSE,NIFTY,2025-09-05,11:15:00,24678.65,24697.55,24677.75,24687.55,
NSE,NIFTY,2025-09-05,11:20:00,24688,24689.9,24676.05,24689.1,
NSE,NIFTY,2025-09-05,11:25:00,24690.3,24696.35,24681.6,24683.45,
NSE,NIFTY,2025-09-05,11:30:00,24683.4,24705.4,24681,24705.1,
NSE,NIFTY,2025-09-05,11:35:00,24704.9,24708.3,24691.9,24692.55,
NSE,NIFTY,2025-09-05,11:40:00,24693.8,24706.4,24689.35,24694.25,
NSE,NIFTY,2025-09-05,11:45:00,24694,24696.05,24672.8,24674.85,
NSE,NIFTY,2025-09-05,11:50:00,24674.4,24677.95,24661.4,24664.95,
NSE,NIFTY,2025-09-05,11:55:00,24664.05,24674.25,24662.9,24669.1,
NSE,NIFTY,2025-09-05,12:00:00,24668.55,24669.35,24657.7,24662.4,
NSE,NIFTY,2025-09-05,12:05:00,24662.85,24663.75,24654,24660.8,
NSE,NIFTY,2025-09-05,12:10:00,24660.95,24673,24660.45,24668.55,
NSE,NIFTY,2025-09-05,12:15:00,24668.2,24669.85,24648.5,24649.55,
NSE,NIFTY,2025-09-05,12:20:00,24649.35,24655.8,24642.3,24647.25,
NSE,NIFTY,2025-09-05,12:25:00,24647.25,24662.95,24646.55,24657.15,
NSE,NIFTY,2025-09-05,12:30:00,24657.8,24659.8,24653.5,24658.6,
NSE,NIFTY,2025-09-05,12:35:00,24658.95,24664.9,24629.7,24630.95,
NSE,NIFTY,2025-09-05,12:40:00,24630.75,24642.6,24627.2,24642.6,
NSE,NIFTY,2025-09-05,12:45:00,24642.35,24643.95,24633.8,24637.45,
NSE,NIFTY,2025-09-05,12:50:00,24636.7,24637.3,24623.55,24629.9,
NSE,NIFTY,2025-09-05,12:55:00,24629.1,24635.25,24626,24633.85,
NSE,NIFTY,2025-09-05,13:00:00,24634.35,24648.4,24632.7,24645.35,
NSE,NIFTY,2025-09-05,13:05:00,24645.6,24659.3,24637.85,24643.85,
NSE,NIFTY,2025-09-05,13:10:00,24644.9,24653.55,24643.6,24652.55,
NSE,NIFTY,2025-09-05,13:15:00,24652.55,24677.15,24652.15,24676.6,
NSE,NIFTY,2025-09-05,13:20:00,24677.35,24686.3,24674.8,24679.5,
NSE,NIFTY,2025-09-05,13:25:00,24680.05,24680.55,24667.9,24677.5,
NSE,NIFTY,2025-09-05,13:30:00,24677.35,24698.1,24676.1,24686.35,
NSE,NIFTY,2025-09-05,13:35:00,24686.3,24696.15,24681.45,24694.2,
NSE,NIFTY,2025-09-05,13:40:00,24693.6,24706.05,24687.25,24700.15,
NSE,NIFTY,2025-09-05,13:45:00,24701.55,24718.25,24696.15,24717.8,
NSE,NIFTY,2025-09-05,13:50:00,24718.6,24760.7,24716,24738.15,
NSE,NIFTY,2025-09-05,13:55:00,24738.35,24754.1,24728.5,24753.05,
NSE,NIFTY,2025-09-05,14:00:00,24753.3,24777.25,24750.9,24776.9,
NSE,NIFTY,2025-09-05,14:05:00,24777.5,24790.75,24768.65,24770.8,
NSE,NIFTY,2025-09-05,14:10:00,24770.65,24772.7,24750.65,24755.65,
NSE,NIFTY,2025-09-05,14:15:00,24755.5,24762.45,24741.75,24742.9,
NSE,NIFTY,2025-09-05,14:20:00,24743.35,24765.35,24741.55,24765.2,
NSE,NIFTY,2025-09-05,14:25:00,24764.1,24764.55,24755.3,24758.75,
NSE,NIFTY,2025-09-05,14:30:00,24758.9,24760.4,24749.7,24759.5,
NSE,NIFTY,2025-09-05,14:35:00,24759.6,24764.75,24746.6,24746.7,
NSE,NIFTY,2025-09-05,14:40:00,24747.45,24748.4,24720.75,24734.65,
NSE,NIFTY,2025-09-05,14:45:00,24733.6,24744.9,24726.3,24729.65,
NSE,NIFTY,2025-09-05,14:50:00,24728.95,24735.65,24728.25,24735.65,
NSE,NIFTY,2025-09-05,14:55:00,24734.55,24742.6,24734.3,24739.4,
NSE,NIFTY,2025-09-05,15:00:00,24739.95,24750.9,24739.55,24744,
NSE,NIFTY,2025-09-05,15:05:00,24744.55,24746.2,24724.75,24731.65,
NSE,NIFTY,2025-09-05,15:10:00,24730.7,24752.6,24727.4,24747.45,
NSE,NIFTY,2025-09-05,15:15:00,24747,24759,24734.95,24734.95,
NSE,NIFTY,2025-09-05,15:20:00,24735.5,24744.8,24733.75,24737.8,
NSE,NIFTY,2025-09-05,15:25:00,24737.6,24749.55,24735.7,24744.65,
NSE,NIFTY,2025-09-05,15:30:00,24743.7,24749.5,24734.55,24743.5,
NSE,NIFTY,2025-09-05,15:35:00,24743.5,24743.5,24740.25,24741,
NSE,NIFTY,2025-09-05,15:40:00,24741,24741,24741,24741,
NSE,NIFTY,2025-09-05,15:45:00,24741,24741,24741,24741,
NSE,NIFTY,2025-09-05,15:50:00,24741,24741,24741,24741,
NSE,NIFTY,2025-09-05,15:55:00,24741,24741,24741,24741,
NSE,NIFTY,2025-09-05,16:00:00,24741,24741,24741,24741,
NSE,NIFTY,2025-09-08,07:30:00,24741,24741,24741,24741,
NSE,NIFTY,2025-09-08,07:35:00,24741,24741,24741,24741,
NSE,NIFTY,2025-09-08,07:40:00,24741,24741,24741,24741,
NSE,NIFTY,2025-09-08,07:45:00,24741,24741,24741,24741,
NSE,NIFTY,2025-09-08,07:50:00,24741,24741,24741,24741,
NSE,NIFTY,2025-09-08,07:55:00,24741,24741,24741,24741,
NSE,NIFTY,2025-09-08,08:00:00,24741,24741,24741,24741,
NSE,NIFTY,2025-09-08,08:05:00,24741,24741,24741,24741,
NSE,NIFTY,2025-09-08,08:10:00,24741,24741,24741,24741,
NSE,NIFTY,2025-09-08,08:15:00,24741,24741,24741,24741,
NSE,NIFTY,2025-09-08,08:20:00,24741,24741,24741,24741,
NSE,NIFTY,2025-09-08,08:25:00,24741,24741,24741,24741,
NSE,NIFTY,2025-09-08,08:30:00,24741,24741,24741,24741,
NSE,NIFTY,2025-09-08,08:35:00,24741,24741,24741,24741,
NSE,NIFTY,2025-09-08,08:40:00,24741,24741,24741,24741,
NSE,NIFTY,2025-09-08,08:45:00,24741,24741,24741,24741,
NSE,NIFTY,2025-09-08,08:50:00,24741,24741,24741,24741,
NSE,NIFTY,2025-09-08,08:55:00,24741,24741,24741,24741,
NSE,NIFTY,2025-09-08,09:00:00,24741,24803.95,24088.05,24691,
NSE,NIFTY,2025-09-08,09:05:00,24690.6,24876.3,24690.6,24809.15,
NSE,NIFTY,2025-09-08,09:10:00,24808.55,24820.3,24795.5,24802.6,
NSE,NIFTY,2025-09-08,09:15:00,24802.6,24831.15,24802.5,24817.85,
NSE,NIFTY,2025-09-08,09:20:00,24816,24816,24783.2,24785,
NSE,NIFTY,2025-09-08,09:25:00,24783.15,24808.65,24758.5,24772.85,
NSE,NIFTY,2025-09-08,09:30:00,24772.1,24796.65,24767.85,24791.35,
NSE,NIFTY,2025-09-08,09:35:00,24791.45,24827.5,24791.45,24826.7,
NSE,NIFTY,2025-09-08,09:40:00,24824.65,24840.9,24821.8,24839.65,
NSE,NIFTY,2025-09-08,09:45:00,24839.85,24845.45,24822.45,24829.9,
NSE,NIFTY,2025-09-08,09:50:00,24830.05,24835.55,24823,24823.3,
NSE,NIFTY,2025-09-08,09:55:00,24823.2,24830.1,24809.05,24811.15,
NSE,NIFTY,2025-09-08,10:00:00,24810.65,24821.55,24801.95,24814.75,
NSE,NIFTY,2025-09-08,10:05:00,24814.8,24830.75,24813.15,24829.25,
NSE,NIFTY,2025-09-08,10:10:00,24828.4,24831.75,24809.45,24819.55,
NSE,NIFTY,2025-09-08,10:15:00,24819.65,24830.35,24796.2,24796.2,
NSE,NIFTY,2025-09-08,10:20:00,24796.15,24815.65,24792.5,24805.05,
NSE,NIFTY,2025-09-08,10:25:00,24804,24805.3,24792.45,24793.05,
NSE,NIFTY,2025-09-08,10:30:00,24792.65,24806.55,24786.6,24786.65,
NSE,NIFTY,2025-09-08,10:35:00,24786.35,24787.1,24768.55,24775.45,
NSE,NIFTY,2025-09-08,10:40:00,24778.4,24795.4,24764.95,24795.1,
NSE,NIFTY,2025-09-08,10:45:00,24794.85,24809.2,24794.85,24805.65,
NSE,NIFTY,2025-09-08,10:50:00,24805.35,24812.05,24790.25,24794.1,
NSE,NIFTY,2025-09-08,10:55:00,24793.95,24799.35,24783.3,24784.15,
NSE,NIFTY,2025-09-08,11:00:00,24784.4,24792.9,24781.15,24787.45,
NSE,NIFTY,2025-09-08,11:05:00,24786.75,24790.7,24778.9,24783.1,
NSE,NIFTY,2025-09-08,11:10:00,24783.7,24798.1,24782.2,24798.1,
NSE,NIFTY,2025-09-08,11:15:00,24798.05,24813.3,24796.85,24812.2,
NSE,NIFTY,2025-09-08,11:20:00,24812.35,24818.5,24805.5,24811.75,
NSE,NIFTY,2025-09-08,11:25:00,24811.35,24812.25,24800.5,24803.6,
NSE,NIFTY,2025-09-08,11:30:00,24803.55,24821.85,24797.75,24821.35,
NSE,NIFTY,2025-09-08,11:35:00,24820.6,24826.95,24812.55,24824.45,
NSE,NIFTY,2025-09-08,11:40:00,24825.05,24825.05,24813.6,24816.3,
NSE,NIFTY,2025-09-08,11:45:00,24816.75,24828.6,24816.5,24826.45,
NSE,NIFTY,2025-09-08,11:50:00,24826.35,24827.55,24817.7,24817.7,
NSE,NIFTY,2025-09-08,11:55:00,24817.65,24821.75,24813.65,24816.5,
NSE,NIFTY,2025-09-08,12:00:00,24816.4,24818.7,24807.55,24816.6,
NSE,NIFTY,2025-09-08,12:05:00,24817.75,24834.1,24816.15,24832.8,
NSE,NIFTY,2025-09-08,12:10:00,24833.25,24836.85,24822.4,24825.4,
NSE,NIFTY,2025-09-08,12:15:00,24825.5,24833.95,24822.65,24833.55,
NSE,NIFTY,2025-09-08,12:20:00,24832.95,24838.15,24829.9,24833.45,
NSE,NIFTY,2025-09-08,12:25:00,24833.7,24839.1,24829.35,24829.85,
NSE,NIFTY,2025-09-08,12:30:00,24829.5,24831.95,24821.25,24829.95,
NSE,NIFTY,2025-09-08,12:35:00,24830.35,24834.3,24821,24833.6,
NSE,NIFTY,2025-09-08,12:40:00,24834.5,24855.9,24833.35,24855.45,
NSE,NIFTY,2025-09-08,12:45:00,24855.85,24866.4,24852.2,24859.05,
NSE,NIFTY,2025-09-08,12:50:00,24858.9,24861.15,24852.1,24854.9,
NSE,NIFTY,2025-09-08,12:55:00,24854.8,24860.85,24848,24859.25,
NSE,NIFTY,2025-09-08,13:00:00,24859.45,24864.55,24855.8,24862.15,
NSE,NIFTY,2025-09-08,13:05:00,24862.95,24865.55,24853.85,24859.3,
NSE,NIFTY,2025-09-08,13:10:00,24859.3,24867.6,24858.35,24866.45,
NSE,NIFTY,2025-09-08,13:15:00,24865.8,24870.3,24858.85,24870.3,
NSE,NIFTY,2025-09-08,13:20:00,24869.95,24870.6,24849.75,24851.4,
NSE,NIFTY,2025-09-08,13:25:00,24851.3,24858.25,24847.1,24848.75,
NSE,NIFTY,2025-09-08,13:30:00,24848.85,24861.4,24845.4,24860.55,
NSE,NIFTY,2025-09-08,13:35:00,24861.85,24865.2,24851.7,24859.1,
NSE,NIFTY,2025-09-08,13:40:00,24859.2,24859.2,24850.75,24852.95,
NSE,NIFTY,2025-09-08,13:45:00,24853.45,24855.5,24844.3,24849.4,
NSE,NIFTY,2025-09-08,13:50:00,24850.65,24850.7,24835.05,24839.7,
NSE,NIFTY,2025-09-08,13:55:00,24840.1,24845,24838.7,24844.4,
NSE,NIFTY,2025-09-08,14:00:00,24844.7,24854.65,24839.2,24850.2,
NSE,NIFTY,2025-09-08,14:05:00,24849.45,24849.95,24849.45,24849.85,
NSE,NIFTY,2025-09-08,14:10:00,24849.55,24856.05,24828.95,24847.45,
NSE,NIFTY,2025-09-08,14:15:00,24847.5,24858.25,24840.8,24855.5,
NSE,NIFTY,2025-09-08,14:20:00,24856.25,24865.2,24855.65,24863.4,
NSE,NIFTY,2025-09-08,14:25:00,24862.45,24867.35,24855.1,24855.55,
NSE,NIFTY,2025-09-08,14:30:00,24856.1,24864.2,24856,24863.35,
NSE,NIFTY,2025-09-08,14:35:00,24863.75,24883.75,24861.7,24882.35,
NSE,NIFTY,2025-09-08,14:40:00,24881.85,24885.3,24870.9,24876.25,
NSE,NIFTY,2025-09-08,14:45:00,24876.35,24880.3,24873,24873,
NSE,NIFTY,2025-09-08,14:50:00,24873.85,24876.25,24873.85,24876.25,
NSE,NIFTY,2025-09-08,14:55:00,24876.55,24877.5,24771.55,24809.7,
NSE,NIFTY,2025-09-08,15:00:00,24810.5,24811.85,24805.15,24808.75,
NSE,NIFTY,2025-09-08,15:05:00,24808.95,24808.95,24796.5,24802.25,
NSE,NIFTY,2025-09-08,15:10:00,24803.85,24811.4,24760.75,24760.9,
NSE,NIFTY,2025-09-08,15:15:00,24762.05,24772.6,24751.85,24767.4,
NSE,NIFTY,2025-09-08,15:20:00,24767.05,24781.2,24762.95,24771.25,
NSE,NIFTY,2025-09-08,15:25:00,24770.6,24789.15,24767.65,24786.1,
NSE,NIFTY,2025-09-08,15:30:00,24785.25,24800.8,24769.65,24792.2,
NSE,NIFTY,2025-09-08,15:35:00,24792.2,24792.2,24773.15,24773.15,
NSE,NIFTY,2025-09-08,15:40:00,24773.15,24773.15,24773.15,24773.15,
NSE,NIFTY,2025-09-08,15:45:00,24773.15,24773.15,24773.15,24773.15,
NSE,NIFTY,2025-09-08,15:50:00,24773.15,24773.15,24773.15,24773.15,
NSE,NIFTY,2025-09-08,15:55:00,24773.15,24773.15,24773.15,24773.15,
NSE,NIFTY,2025-09-08,16:00:00,24773.15,24773.15,24773.15,24773.15,
NSE,NIFTY,2025-09-09,07:30:00,24773.15,24773.15,24773.15,24773.15,
NSE,NIFTY,2025-09-09,07:35:00,24773.15,24773.15,24773.15,24773.15,
NSE,NIFTY,2025-09-09,07:40:00,24773.15,24773.15,24773.15,24773.15,
NSE,NIFTY,2025-09-09,07:45:00,24773.15,24773.15,24773.15,24773.15,
NSE,NIFTY,2025-09-09,07:50:00,24773.15,24773.15,24773.15,24773.15,
NSE,NIFTY,2025-09-09,07:55:00,24773.15,24773.15,24773.15,24773.15,
NSE,NIFTY,2025-09-09,08:00:00,24773.15,24773.15,24773.15,24773.15,
NSE,NIFTY,2025-09-09,08:05:00,24773.15,24773.15,24773.15,24773.15,
NSE,NIFTY,2025-09-09,08:10:00,24773.15,24773.15,24773.15,24773.15,
NSE,NIFTY,2025-09-09,08:15:00,24773.15,24773.15,24773.15,24773.15,
NSE,NIFTY,2025-09-09,08:20:00,24773.15,24773.15,24773.15,24773.15,
NSE,NIFTY,2025-09-09,08:25:00,24773.15,24773.15,24773.15,24773.15,
NSE,NIFTY,2025-09-09,08:30:00,24773.15,24773.15,24773.15,24773.15,
NSE,NIFTY,2025-09-09,08:35:00,24773.15,24773.15,24773.15,24773.15,
NSE,NIFTY,2025-09-09,08:40:00,24773.15,24773.15,24773.15,24773.15,
NSE,NIFTY,2025-09-09,08:45:00,24773.15,24773.15,24773.15,24773.15,
NSE,NIFTY,2025-09-09,08:50:00,24773.15,24773.15,24773.15,24773.15,
NSE,NIFTY,2025-09-09,08:55:00,24773.15,24773.15,24773.15,24773.15,
NSE,NIFTY,2025-09-09,09:00:00,24773.15,25189.65,24773.15,24824.6,
NSE,NIFTY,2025-09-09,09:05:00,24824.25,24923.75,24795.3,24855.2,
NSE,NIFTY,2025-09-09,09:10:00,24856,24871.15,24829.15,24864.1,
NSE,NIFTY,2025-09-09,09:15:00,24864.1,24867.15,24852.7,24858.3,
NSE,NIFTY,2025-09-09,09:20:00,24856.25,24870.65,24841.3,24859.75,
NSE,NIFTY,2025-09-09,09:25:00,24859.1,24878.8,24843,24850.7,
NSE,NIFTY,2025-09-09,09:30:00,24851.5,24865.05,24842.35,24859.1,
NSE,NIFTY,2025-09-09,09:35:00,24859.95,24862.5,24831.9,24835.75,
NSE,NIFTY,2025-09-09,09:40:00,24835.4,24858.55,24832.7,24843.6,
NSE,NIFTY,2025-09-09,09:45:00,24843.45,24859.35,24837.9,24856.8,
NSE,NIFTY,2025-09-09,09:50:00,24855.45,24861.2,24847.9,24850.05,
NSE,NIFTY,2025-09-09,09:55:00,24850.6,24859.55,24847.4,24858.3,
NSE,NIFTY,2025-09-09,10:00:00,24857.9,24858.55,24845.85,24848.05,
NSE,NIFTY,2025-09-09,10:05:00,24848.6,24851.7,24838.05,24845.1,
NSE,NIFTY,2025-09-09,10:10:00,24844.6,24847.85,24836.8,24838.95,
NSE,NIFTY,2025-09-09,10:15:00,24838.9,24842.15,24820.05,24823.65,
NSE,NIFTY,2025-09-09,10:20:00,24823.35,24834.05,24820.15,24825.7,
NSE,NIFTY,2025-09-09,10:25:00,24825.65,24830.45,24816.65,24826.2,
NSE,NIFTY,2025-09-09,10:30:00,24826.65,24832.45,24821.65,24831.4,
NSE,NIFTY,2025-09-09,10:35:00,24831.2,24835.6,24823.2,24830.3,
NSE,NIFTY,2025-09-09,10:40:00,24830.9,24833.85,24814.95,24815.6,
NSE,NIFTY,2025-09-09,10:45:00,24816.7,24826.65,24814.9,24820.9,
NSE,NIFTY,2025-09-09,10:50:00,24821.75,24826.25,24816.4,24823.95,
NSE,NIFTY,2025-09-09,10:55:00,24824.4,24829.15,24817.6,24820.6,
NSE,NIFTY,2025-09-09,11:00:00,24820.45,24836.05,24819.1,24835.55,
NSE,NIFTY,2025-09-09,11:05:00,24835.1,24847,24835,24837.7,
NSE,NIFTY,2025-09-09,11:10:00,24838.35,24844.85,24836.45,24841.2,
NSE,NIFTY,2025-09-09,11:15:00,24841.2,24845.55,24829.65,24838.55,
NSE,NIFTY,2025-09-09,11:20:00,24838.75,24840.55,24833.6,24837.45,
NSE,NIFTY,2025-09-09,11:25:00,24836,24855.8,24835.75,24850.5,
NSE,NIFTY,2025-09-09,11:30:00,24851.1,24851.95,24836.35,24836.35,
NSE,NIFTY,2025-09-09,11:35:00,24836.3,24841.5,24832.25,24841.5,
NSE,NIFTY,2025-09-09,11:40:00,24841.5,24851.75,24836.65,24845.3,
NSE,NIFTY,2025-09-09,11:45:00,24846.05,24848.85,24842.4,24844.45,
NSE,NIFTY,2025-09-09,11:50:00,24844.95,24846.85,24839.6,24840.4,
NSE,NIFTY,2025-09-09,11:55:00,24840.8,24849.25,24837.1,24841.2,
NSE,NIFTY,2025-09-09,12:00:00,24841.35,24849.3,24840.25,24847.7,
NSE,NIFTY,2025-09-09,12:05:00,24847.6,24848.1,24831.25,24831.25,
NSE,NIFTY,2025-09-09,12:10:00,24831.2,24833.25,24814.15,24820.45,
NSE,NIFTY,2025-09-09,12:15:00,24819.9,24843.65,24819.5,24841.7,
NSE,NIFTY,2025-09-09,12:20:00,24841.4,24851.6,24840.3,24850.2,
NSE,NIFTY,2025-09-09,12:25:00,24850.5,24860.6,24848.65,24851.05,
NSE,NIFTY,2025-09-09,12:30:00,24850.5,24857.45,24838.45,24840,
NSE,NIFTY,2025-09-09,12:35:00,24840,24856.75,24838.25,24848.55,
NSE,NIFTY,2025-09-09,12:40:00,24848.85,24854.8,24843.65,24848.1,
NSE,NIFTY,2025-09-09,12:45:00,24847.8,24855.7,24845.5,24855.1,
NSE,NIFTY,2025-09-09,12:50:00,24854.2,24868.2,24853.95,24862.95,
NSE,NIFTY,2025-09-09,12:55:00,24862.3,24869.3,24846.45,24847,
NSE,NIFTY,2025-09-09,13:00:00,24847.95,24860.6,24836.95,24858.8,
NSE,NIFTY,2025-09-09,13:05:00,24858.2,24861.25,24849.2,24861.25,
NSE,NIFTY,2025-09-09,13:10:00,24859.35,24866.4,24855.05,24858.7,
NSE,NIFTY,2025-09-09,13:15:00,24858.95,24862.95,24848.5,24856.6,
NSE,NIFTY,2025-09-09,13:20:00,24856.1,24860.9,24848.4,24859.6,
NSE,NIFTY,2025-09-09,13:25:00,24860.25,24861.15,24854.5,24859.1,
NSE,NIFTY,2025-09-09,13:30:00,24857.85,24865,24857.05,24862.55,
NSE,NIFTY,2025-09-09,13:35:00,24862.35,24872.65,24861.8,24870.3,
NSE,NIFTY,2025-09-09,13:40:00,24869.95,24874,24860.75,24862.95,
NSE,NIFTY,2025-09-09,13:45:00,24862.75,24869.1,24852.95,24858.3,
NSE,NIFTY,2025-09-09,13:50:00,24859.3,24862.15,24853.65,24858.95,
NSE,NIFTY,2025-09-09,13:55:00,24858.45,24864.25,24855.7,24860.4,
NSE,NIFTY,2025-09-09,14:00:00,24860.3,24866.6,24843.6,24851.1,
NSE,NIFTY,2025-09-09,14:05:00,24851.75,24870.7,24847.2,24868.95,
NSE,NIFTY,2025-09-09,14:10:00,24868.85,24876.35,24860.25,24870.45,
NSE,NIFTY,2025-09-09,14:15:00,24870.55,24877.95,24863.05,24877.9,
NSE,NIFTY,2025-09-09,14:20:00,24876.6,24878.85,24862.85,24868.85,
NSE,NIFTY,2025-09-09,14:25:00,24867.85,24870.4,24855.45,24860,
NSE,NIFTY,2025-09-09,14:30:00,24858.75,24891.1,24858.75,24880.65,
NSE,NIFTY,2025-09-09,14:35:00,24879.25,24889.4,24848.5,24851,
NSE,NIFTY,2025-09-09,14:40:00,24850.6,24863.3,24825.6,24857.3,
NSE,NIFTY,2025-09-09,14:45:00,24856.2,24864.25,24836.95,24837.15,
NSE,NIFTY,2025-09-09,14:50:00,24836.75,24861.5,24831.35,24860.45,
NSE,NIFTY,2025-09-09,14:55:00,24860.2,24880.15,24851.95,24880.15,
NSE,NIFTY,2025-09-09,15:00:00,24879.4,24884,24856.2,24868.85,
NSE,NIFTY,2025-09-09,15:05:00,24868.5,24871.25,24859.35,24861.7,
NSE,NIFTY,2025-09-09,15:10:00,24861.65,24869.15,24855,24865.05,
NSE,NIFTY,2025-09-09,15:15:00,24865.3,24877.25,24853,24869.85,
NSE,NIFTY,2025-09-09,15:20:00,24870.45,24875.2,24860.9,24869.45,
NSE,NIFTY,2025-09-09,15:25:00,24869.3,24882,24867.05,24880.2,
NSE,NIFTY,2025-09-09,15:30:00,24880,24883.05,24865.25,24876.95,
NSE,NIFTY,2025-09-09,15:35:00,24876.95,24876.95,24868.6,24868.6,
NSE,NIFTY,2025-09-09,15:40:00,24868.6,24868.6,24868.6,24868.6,
NSE,NIFTY,2025-09-09,15:45:00,24868.6,24868.6,24868.6,24868.6,
NSE,NIFTY,2025-09-09,15:50:00,24868.6,24868.6,24868.6,24868.6,
NSE,NIFTY,2025-09-09,15:55:00,24868.6,24868.6,24868.6,24868.6,
NSE,NIFTY,2025-09-09,16:00:00,24868.6,24868.6,24868.6,24868.6,
NSE,NIFTY,2025-09-10,07:30:00,24868.6,24868.6,24868.6,24868.6,
NSE,NIFTY,2025-09-10,07:35:00,24868.6,24868.6,24868.6,24868.6,
NSE,NIFTY,2025-09-10,07:40:00,24868.6,24868.6,24868.6,24868.6,
NSE,NIFTY,2025-09-10,07:45:00,24868.6,24868.6,24868.6,24868.6,
NSE,NIFTY,2025-09-10,07:50:00,24868.6,24868.6,24868.6,24868.6,
NSE,NIFTY,2025-09-10,07:55:00,24868.6,24868.6,24868.6,24868.6,
NSE,NIFTY,2025-09-10,08:00:00,24868.6,24868.6,24868.6,24868.6,
NSE,NIFTY,2025-09-10,08:05:00,24868.6,24868.6,24868.6,24868.6,
NSE,NIFTY,2025-09-10,08:10:00,24868.6,24868.6,24868.6,24868.6,
NSE,NIFTY,2025-09-10,08:15:00,24868.6,24868.6,24868.6,24868.6,
NSE,NIFTY,2025-09-10,08:20:00,24868.6,24868.6,24868.6,24868.6,
NSE,NIFTY,2025-09-10,08:25:00,24868.6,24868.6,24868.6,24868.6,
NSE,NIFTY,2025-09-10,08:30:00,24868.6,24868.6,24868.6,24868.6,
NSE,NIFTY,2025-09-10,08:35:00,24868.6,24868.6,24868.6,24868.6,
NSE,NIFTY,2025-09-10,08:40:00,24868.6,24868.6,24868.6,24868.6,
NSE,NIFTY,2025-09-10,08:45:00,24868.6,24868.6,24868.6,24868.6,
NSE,NIFTY,2025-09-10,08:50:00,24868.6,24868.6,24868.6,24868.6,
NSE,NIFTY,2025-09-10,08:55:00,24868.6,24868.6,24868.6,24868.6,
NSE,NIFTY,2025-09-10,09:00:00,24868.6,25340.05,24868.6,25136.5,
NSE,NIFTY,2025-09-10,09:05:00,25136.05,25151.2,24924.8,24957.95,
NSE,NIFTY,2025-09-10,09:10:00,24957.4,25029.2,24954.8,24991,
NSE,NIFTY,2025-09-10,09:15:00,24991,24991,24958.85,24973.6,
NSE,NIFTY,2025-09-10,09:20:00,24973.65,24982.95,24962.45,24968.9,
NSE,NIFTY,2025-09-10,09:25:00,24967.9,24979.9,24959.75,24965.1,
NSE,NIFTY,2025-09-10,09:30:00,24965.1,24991.4,24962.8,24986.45,
NSE,NIFTY,2025-09-10,09:35:00,24987.15,24994.8,24981.15,24990.5,
NSE,NIFTY,2025-09-10,09:40:00,24991.5,25000.2,24985.95,24993.2,
NSE,NIFTY,2025-09-10,09:45:00,24994.15,25013.85,24992.65,25009.5,
NSE,NIFTY,2025-09-10,09:50:00,25009,25017.1,24992.7,25003.95,
NSE,NIFTY,2025-09-10,09:55:00,25004.25,25006.35,24989.95,24995.9,
NSE,NIFTY,2025-09-10,10:00:00,24997.05,25007.05,24995,25005.15,
NSE,NIFTY,2025-09-10,10:05:00,25005.45,25010.65,25003.15,25007.9,
NSE,NIFTY,2025-09-10,10:10:00,25007.7,25013.75,25002.25,25006.3,
NSE,NIFTY,2025-09-10,10:15:00,25007.15,25007.8,24999.9,25003.65,
NSE,NIFTY,2025-09-10,10:20:00,25002.8,25012.05,25002.5,25009.85,
NSE,NIFTY,2025-09-10,10:25:00,25011,25015.1,25006.95,25014.05,
NSE,NIFTY,2025-09-10,10:30:00,25014.35,25032.95,25013.8,25025.05,
NSE,NIFTY,2025-09-10,10:35:00,25025.65,25035.35,25017,25021.9,
NSE,NIFTY,2025-09-10,10:40:00,25022.45,25023.15,25008.05,25011,
NSE,NIFTY,2025-09-10,10:45:00,25011.75,25012.6,24996.6,24997.3,
NSE,NIFTY,2025-09-10,10:50:00,24997.5,25002.7,24990.35,25001.75,
NSE,NIFTY,2025-09-10,10:55:00,25002,25011.35,24992.55,25007.85,
NSE,NIFTY,2025-09-10,11:00:00,25008.45,25015.95,25004.3,25015.45,
NSE,NIFTY,2025-09-10,11:05:00,25016,25020.5,25012.35,25018.4,
NSE,NIFTY,2025-09-10,11:10:00,25018.8,25027.85,25016.25,25025.8,
NSE,NIFTY,2025-09-10,11:15:00,25025.55,25026.15,25010.85,25013.55,
NSE,NIFTY,2025-09-10,11:20:00,25013.35,25013.4,24977,24977.4,
NSE,NIFTY,2025-09-10,11:25:00,24978.1,24994.05,24967.95,24992.75,
NSE,NIFTY,2025-09-10,11:30:00,24993.2,24995.6,24986.65,24987.7,
NSE,NIFTY,2025-09-10,11:35:00,24988.35,24993.85,24982.2,24993.2,
NSE,NIFTY,2025-09-10,11:40:00,24993.45,24997.85,24988.95,24996.3,
NSE,NIFTY,2025-09-10,11:45:00,24996.55,25000.4,24984.55,24986.25,
NSE,NIFTY,2025-09-10,11:50:00,24985.2,24985.8,24976.3,24979.85,
NSE,NIFTY,2025-09-10,11:55:00,24978.85,24986.3,24972.65,24982.25,
NSE,NIFTY,2025-09-10,12:00:00,24982.6,24986.15,24969.75,24972.3,
NSE,NIFTY,2025-09-10,12:05:00,24972.35,24981.7,24970.25,24972.7,
NSE,NIFTY,2025-09-10,12:10:00,24972.9,24992.95,24971.85,24990.65,
NSE,NIFTY,2025-09-10,12:15:00,24990.3,24995.7,24987.25,24992.8,
NSE,NIFTY,2025-09-10,12:20:00,24993.1,24998,24990.2,24991.55,
NSE,NIFTY,2025-09-10,12:25:00,24991.45,24993.7,24982.75,24990.95,
NSE,NIFTY,2025-09-10,12:30:00,24990.8,24998.5,24990.55,24997.55,
NSE,NIFTY,2025-09-10,12:35:00,24997.8,25000.9,24987.65,24988.3,
NSE,NIFTY,2025-09-10,12:40:00,24988.2,24988.8,24983.55,24984.15,
NSE,NIFTY,2025-09-10,12:45:00,24984.4,24986.75,24976.25,24985.7,
NSE,NIFTY,2025-09-10,12:50:00,24984.65,24987.95,24978.2,24978.7,
NSE,NIFTY,2025-09-10,12:55:00,24979.1,24981.4,24970.25,24970.85,
NSE,NIFTY,2025-09-10,13:00:00,24971.45,24980.45,24970.9,24972.55,
NSE,NIFTY,2025-09-10,13:05:00,24972.55,24974.55,24967.7,24972.9,
NSE,NIFTY,2025-09-10,13:10:00,24972.75,24980.15,24971.65,24972.95,
NSE,NIFTY,2025-09-10,13:15:00,24972.7,24976.85,24957.85,24959.7,
NSE,NIFTY,2025-09-10,13:20:00,24959.4,24961.8,24946.7,24951.65,
NSE,NIFTY,2025-09-10,13:25:00,24951.7,24961.5,24946.7,24958.85,
NSE,NIFTY,2025-09-10,13:30:00,24959.5,24968.9,24958.55,24967.15,
NSE,NIFTY,2025-09-10,13:35:00,24966.35,24968,24953.55,24956.05,
NSE,NIFTY,2025-09-10,13:40:00,24956.25,24958.55,24949,24957.1,
NSE,NIFTY,2025-09-10,13:45:00,24957.15,24965.6,24955.9,24964.25,
NSE,NIFTY,2025-09-10,13:50:00,24963.75,24965.95,24958,24959.1,
NSE,NIFTY,2025-09-10,13:55:00,24959.2,24963.85,24954.7,24957.85,
NSE,NIFTY,2025-09-10,14:00:00,24958.35,24967.8,24953.55,24955.4,
NSE,NIFTY,2025-09-10,14:05:00,24955.6,24959.4,24954.1,24957.45,
NSE,NIFTY,2025-09-10,14:10:00,24957.7,24978.65,24955.45,24968.95,
NSE,NIFTY,2025-09-10,14:15:00,24968.9,24974.75,24961.55,24963.3,
NSE,NIFTY,2025-09-10,14:20:00,24963.35,24966,24942.7,24945,
NSE,NIFTY,2025-09-10,14:25:00,24945.7,24955.9,24940.05,24942.8,
NSE,NIFTY,2025-09-10,14:30:00,24942.75,24950.55,24937.5,24945.05,
NSE,NIFTY,2025-09-10,14:35:00,24945.6,24951.25,24939.4,24945.05,
NSE,NIFTY,2025-09-10,14:40:00,24946.6,24953.6,24945.3,24947.9,
NSE,NIFTY,2025-09-10,14:45:00,24949.05,24949.7,24926,24927.55,
NSE,NIFTY,2025-09-10,14:50:00,24927.85,24928.25,24923.9,24923.9,
NSE,NIFTY,2025-09-10,14:55:00,24925.2,24956.45,24917.3,24950.1,
NSE,NIFTY,2025-09-10,15:00:00,24950.4,24957.2,24935,24943.55,
NSE,NIFTY,2025-09-10,15:05:00,24944,24965.2,24937.4,24964.3,
NSE,NIFTY,2025-09-10,15:10:00,24964.35,24974.65,24964.15,24973.3,
NSE,NIFTY,2025-09-10,15:15:00,24972.85,24978.7,24969.35,24977.9,
NSE,NIFTY,2025-09-10,15:20:00,24977.7,24986.05,24976.65,24985.05,
NSE,NIFTY,2025-09-10,15:25:00,24987.85,24987.85,24974.75,24980.8,
NSE,NIFTY,2025-09-10,15:30:00,24980.55,24982.05,24973.55,24975,
NSE,NIFTY,2025-09-10,15:35:00,24973.4,24980.45,24972.35,24973.1,
NSE,NIFTY,2025-09-10,15:40:00,24973.1,24973.1,24973.1,24973.1,
NSE,NIFTY,2025-09-10,15:45:00,24973.1,24973.1,24973.1,24973.1,
NSE,NIFTY,2025-09-10,15:50:00,24973.1,24973.1,24973.1,24973.1,
NSE,NIFTY,2025-09-10,15:55:00,24973.1,24973.1,24973.1,24973.1,
NSE,NIFTY,2025-09-10,16:00:00,24973.1,24973.1,24973.1,24973.1,
NSE,NIFTY,2025-09-11,07:30:00,24973.1,24973.1,24973.1,24973.1,
NSE,NIFTY,2025-09-11,07:35:00,24973.1,24973.1,24973.1,24973.1,
NSE,NIFTY,2025-09-11,07:40:00,24973.1,24973.1,24973.1,24973.1,
NSE,NIFTY,2025-09-11,07:45:00,24973.1,24973.1,24973.1,24973.1,
NSE,NIFTY,2025-09-11,07:50:00,24973.1,24973.1,24973.1,24973.1,
NSE,NIFTY,2025-09-11,07:55:00,24973.1,24973.1,24973.1,24973.1,
NSE,NIFTY,2025-09-11,08:00:00,24973.1,24973.1,24973.1,24973.1,
NSE,NIFTY,2025-09-11,08:05:00,24973.1,24973.1,24973.1,24973.1,
NSE,NIFTY,2025-09-11,08:10:00,24973.1,24973.1,24973.1,24973.1,
NSE,NIFTY,2025-09-11,08:15:00,24973.1,24973.1,24973.1,24973.1,
NSE,NIFTY,2025-09-11,08:20:00,24973.1,24973.1,24973.1,24973.1,
NSE,NIFTY,2025-09-11,08:25:00,24973.1,24973.1,24973.1,24973.1,
NSE,NIFTY,2025-09-11,08:30:00,24973.1,24973.1,24973.1,24973.1,
NSE,NIFTY,2025-09-11,08:35:00,24973.1,24973.1,24973.1,24973.1,
NSE,NIFTY,2025-09-11,08:40:00,24973.1,24973.1,24973.1,24973.1,
NSE,NIFTY,2025-09-11,08:45:00,24973.1,24973.1,24973.1,24973.1,
NSE,NIFTY,2025-09-11,08:50:00,24973.1,24973.1,24973.1,24973.1,
NSE,NIFTY,2025-09-11,08:55:00,24973.1,24973.1,24973.1,24973.1,
NSE,NIFTY,2025-09-11,09:00:00,24973.1,24983.1,24815.65,24849.25,
NSE,NIFTY,2025-09-11,09:05:00,24848.15,24950.95,24846.7,24950.4,
NSE,NIFTY,2025-09-11,09:10:00,24955.3,24993.25,24932.5,24945.5,
NSE,NIFTY,2025-09-11,09:15:00,24945.5,24945.5,24945.5,24945.5,
NSE,NIFTY,2025-09-11,09:20:00,24957.9,24979.75,24945.7,24978.5,
NSE,NIFTY,2025-09-11,09:25:00,24978.7,25006.7,24978.7,24999.95,
NSE,NIFTY,2025-09-11,09:30:00,25000.65,25008.75,24976.7,24977.2,
NSE,NIFTY,2025-09-11,09:35:00,24974.35,24993.25,24972.35,24983,
NSE,NIFTY,2025-09-11,09:40:00,24983.1,24994.9,24977.45,24981.5,
NSE,NIFTY,2025-09-11,09:45:00,24981.45,24984.95,24971.2,24978.15,
NSE,NIFTY,2025-09-11,09:50:00,24978.35,24984.35,24967.4,24984.35,
NSE,NIFTY,2025-09-11,09:55:00,24984.25,24991.65,24979.85,24980.95,
NSE,NIFTY,2025-09-11,10:00:00,24981.55,24982.45,24974.8,24981.15,
NSE,NIFTY,2025-09-11,10:05:00,24981,24984.65,24959.1,24965,
NSE,NIFTY,2025-09-11,10:10:00,24964.75,24970.9,24957.5,24959.05,
NSE,NIFTY,2025-09-11,10:15:00,24958.3,24966.55,24958.3,24961.85,
NSE,NIFTY,2025-09-11,10:20:00,24961.65,24973.65,24960.9,24971.6,
NSE,NIFTY,2025-09-11,10:25:00,24970.65,24979.7,24970.45,24971.4,
NSE,NIFTY,2025-09-11,10:30:00,24970.75,24978.7,24966.3,24976.65,
NSE,NIFTY,2025-09-11,10:35:00,24976.3,24988.6,24975.75,24988.35,
NSE,NIFTY,2025-09-11,10:40:00,24988.2,24989.05,24979.55,24986.4,
NSE,NIFTY,2025-09-11,10:45:00,24986.6,24989.2,24984.55,24986.45,
NSE,NIFTY,2025-09-11,10:50:00,24985.7,24987.55,24974.95,24978.35,
NSE,NIFTY,2025-09-11,10:55:00,24978.95,24987.45,24976.7,24979.05,
NSE,NIFTY,2025-09-11,11:00:00,24978.55,24983.2,24975.2,24975.2,
NSE,NIFTY,2025-09-11,11:05:00,24975.2,24991.8,24971.6,24986.65,
NSE,NIFTY,2025-09-11,11:10:00,24988.75,24989.6,24981.65,24983.15,
NSE,NIFTY,2025-09-11,11:15:00,24983.1,24988.2,24982.15,24983.4,
NSE,NIFTY,2025-09-11,11:20:00,24982.45,24987.45,24980.2,24986.35,
NSE,NIFTY,2025-09-11,11:25:00,24986.65,24989,24982.7,24983.85,
NSE,NIFTY,2025-09-11,11:30:00,24984.35,24984.95,24973.7,24977.7,
NSE,NIFTY,2025-09-11,11:35:00,24977.05,24979.5,24973.15,24973.8,
NSE,NIFTY,2025-09-11,11:40:00,24973.95,24976.85,24963.7,24965.5,
NSE,NIFTY,2025-09-11,11:45:00,24965.55,24971.2,24957,24959.35,
NSE,NIFTY,2025-09-11,11:50:00,24958.2,24971.35,24956.85,24968.1,
NSE,NIFTY,2025-09-11,11:55:00,24968.95,24972.05,24961.4,24968.3,
NSE,NIFTY,2025-09-11,12:00:00,24967.05,24972.05,24963,24971.2,
NSE,NIFTY,2025-09-11,12:05:00,24971.4,24983.3,24971.3,24979.55,
NSE,NIFTY,2025-09-11,12:10:00,24979.55,24985.65,24978.8,24983.45,
NSE,NIFTY,2025-09-11,12:15:00,24983.6,24987.6,24980.75,24984.25,
NSE,NIFTY,2025-09-11,12:20:00,24983.85,24995.05,24982.9,24990.85,
NSE,NIFTY,2025-09-11,12:25:00,24990.7,24998.05,24989.45,24990.35,
NSE,NIFTY,2025-09-11,12:30:00,24990.65,25008.65,24986.7,25007.75,
NSE,NIFTY,2025-09-11,12:35:00,25007.65,25012.45,24997.3,25008.35,
NSE,NIFTY,2025-09-11,12:40:00,25008.85,25011.6,25000.35,25002.35,
NSE,NIFTY,2025-09-11,12:45:00,25002.55,25007.1,24998.25,25006.95,
NSE,NIFTY,2025-09-11,12:50:00,25006.85,25007.75,24993.6,24998,
NSE,NIFTY,2025-09-11,12:55:00,24997.4,25004.65,24995.3,25002.65,
NSE,NIFTY,2025-09-11,13:00:00,25003.15,25012.1,24995,25008.75,
NSE,NIFTY,2025-09-11,13:05:00,25009.05,25010.15,25002.2,25008.05,
NSE,NIFTY,2025-09-11,13:10:00,25008.7,25014.65,25006.15,25011.9,
NSE,NIFTY,2025-09-11,13:15:00,25013.1,25013.75,25005.25,25007.45,
NSE,NIFTY,2025-09-11,13:20:00,25008.05,25008.25,24996.35,24998.85,
NSE,NIFTY,2025-09-11,13:25:00,24997.65,25001.1,24991.25,24995,
NSE,NIFTY,2025-09-11,13:30:00,24995.7,25012.25,24993.5,25011.05,
NSE,NIFTY,2025-09-11,13:35:00,25011.15,25011.85,24997.15,25002.75,
NSE,NIFTY,2025-09-11,13:40:00,25002.45,25011.9,25001.7,25010.05,
NSE,NIFTY,2025-09-11,13:45:00,25009.4,25014.85,25007.05,25012,
NSE,NIFTY,2025-09-11,13:50:00,25011.85,25020.95,25005.2,25015.75,
NSE,NIFTY,2025-09-11,13:55:00,25016.2,25026.3,25003.65,25014.95,
NSE,NIFTY,2025-09-11,14:00:00,25014.5,25020.9,24994.65,24994.65,
NSE,NIFTY,2025-09-11,14:05:00,24994.15,25013.5,24994.15,25011.3,
NSE,NIFTY,2025-09-11,14:10:00,25011.3,25013.35,25007.7,25012.45,
NSE,NIFTY,2025-09-11,14:15:00,25011.95,25014.05,25007.3,25013.3,
NSE,NIFTY,2025-09-11,14:20:00,25013.6,25022.3,25005.95,25021.9,
NSE,NIFTY,2025-09-11,14:25:00,25021.15,25022.85,25011.45,25021.85,
NSE,NIFTY,2025-09-11,14:30:00,25020.1,25024.95,25002.9,25005.75,
NSE,NIFTY,2025-09-11,14:35:00,25004.7,25011.85,24986.9,25010.45,
NSE,NIFTY,2025-09-11,14:40:00,25010.05,25024.6,24993.1,25017.35,
NSE,NIFTY,2025-09-11,14:45:00,25017.1,25018.35,25010.3,25012.65,
NSE,NIFTY,2025-09-11,14:50:00,25012.75,25036.95,25011.5,25016.15,
NSE,NIFTY,2025-09-11,14:55:00,25016.45,25022.75,25002.4,25005.3,
NSE,NIFTY,2025-09-11,15:00:00,25005.35,25018.15,24991.45,25018.1,
NSE,NIFTY,2025-09-11,15:05:00,25017,25017,24998.8,25011.55,
NSE,NIFTY,2025-09-11,15:10:00,25010.3,25018.45,24992.4,25006.5,
NSE,NIFTY,2025-09-11,15:15:00,25006.9,25017.95,24993.3,25000.05,
NSE,NIFTY,2025-09-11,15:20:00,25000.85,25016.15,25000.85,25007.3,
NSE,NIFTY,2025-09-11,15:25:00,25005.3,25010,24992.8,25003.9,
NSE,NIFTY,2025-09-11,15:30:00,25001.7,25007.55,24997.8,25006.15,
NSE,NIFTY,2025-09-11,15:35:00,25005.3,25010.35,24998.1,25005.5,
NSE,NIFTY,2025-09-11,15:40:00,25005.5,25005.5,25005.5,25005.5,
NSE,NIFTY,2025-09-11,15:45:00,25005.5,25005.5,25005.5,25005.5,
NSE,NIFTY,2025-09-11,15:50:00,25005.5,25005.5,25005.5,25005.5,
NSE,NIFTY,2025-09-11,15:55:00,25005.5,25005.5,25005.5,25005.5,
NSE,NIFTY,2025-09-11,16:00:00,25005.5,25005.5,25005.5,25005.5,
NSE,NIFTY,2025-09-12,07:30:00,25005.5,25005.5,25005.5,25005.5,
NSE,NIFTY,2025-09-12,07:35:00,25005.5,25005.5,25005.5,25005.5,
NSE,NIFTY,2025-09-12,07:40:00,25005.5,25005.5,25005.5,25005.5,
NSE,NIFTY,2025-09-12,07:45:00,25005.5,25005.5,25005.5,25005.5,
NSE,NIFTY,2025-09-12,07:50:00,25005.5,25005.5,25005.5,25005.5,
NSE,NIFTY,2025-09-12,07:55:00,25005.5,25005.5,25005.5,25005.5,
NSE,NIFTY,2025-09-12,08:00:00,25005.5,25005.5,25005.5,25005.5,
NSE,NIFTY,2025-09-12,08:05:00,25005.5,25005.5,25005.5,25005.5,
NSE,NIFTY,2025-09-12,08:10:00,25005.5,25005.5,25005.5,25005.5,
NSE,NIFTY,2025-09-12,08:15:00,25005.5,25005.5,25005.5,25005.5,
NSE,NIFTY,2025-09-12,08:20:00,25005.5,25005.5,25005.5,25005.5,
NSE,NIFTY,2025-09-12,08:25:00,25005.5,25005.5,25005.5,25005.5,
NSE,NIFTY,2025-09-12,08:30:00,25005.5,25005.5,25005.5,25005.5,
NSE,NIFTY,2025-09-12,08:35:00,25005.5,25005.5,25005.5,25005.5,
NSE,NIFTY,2025-09-12,08:40:00,25005.5,25005.5,25005.5,25005.5,
NSE,NIFTY,2025-09-12,08:45:00,25005.5,25005.5,25005.5,25005.5,
NSE,NIFTY,2025-09-12,08:50:00,25005.5,25005.5,25005.5,25005.5,
NSE,NIFTY,2025-09-12,08:55:00,25005.5,25005.5,25005.5,25005.5,
NSE,NIFTY,2025-09-12,09:00:00,25005.5,25064.25,24836.1,24977.55,
NSE,NIFTY,2025-09-12,09:05:00,24978.95,25123.1,24948.45,25068.9,
NSE,NIFTY,2025-09-12,09:10:00,25068.9,25082.65,25068.9,25074.45,
NSE,NIFTY,2025-09-12,09:15:00,25074.45,25085.4,25065.05,25071.45,
NSE,NIFTY,2025-09-12,09:20:00,25071.7,25079.95,25052.75,25057.25,
NSE,NIFTY,2025-09-12,09:25:00,25056.05,25060.3,25038.65,25042.25,
NSE,NIFTY,2025-09-12,09:30:00,25042.9,25061.15,25042.9,25056.15,
NSE,NIFTY,2025-09-12,09:35:00,25055.45,25056.85,25050.85,25051.7,
NSE,NIFTY,2025-09-12,09:40:00,25052,25052.7,25048.7,25049.9,
NSE,NIFTY,2025-09-12,09:45:00,25049.55,25058.15,25043.8,25058.15,
NSE,NIFTY,2025-09-12,09:50:00,25057.5,25059.25,25039.95,25043.55,
NSE,NIFTY,2025-09-12,09:55:00,25044,25060.6,25042.4,25057.75,
NSE,NIFTY,2025-09-12,10:00:00,25057.7,25064.7,25054,25057.55,
NSE,NIFTY,2025-09-12,10:05:00,25056.65,25067.15,25046.65,25066.45,
NSE,NIFTY,2025-09-12,10:10:00,25066.75,25076.6,25064.6,25075.05,
NSE,NIFTY,2025-09-12,10:15:00,25075.2,25076.1,25070.45,25072.55,
NSE,NIFTY,2025-09-12,10:20:00,25072.3,25078.2,25066.85,25068.1,
NSE,NIFTY,2025-09-12,10:25:00,25067.55,25079.15,25064.2,25076.1,
NSE,NIFTY,2025-09-12,10:30:00,25075.3,25075.3,25068.35,25069.05,
NSE,NIFTY,2025-09-12,10:35:00,25068.5,25074.95,25068.5,25073.5,
NSE,NIFTY,2025-09-12,10:40:00,25073.7,25077.25,25071.4,25076.15,
NSE,NIFTY,2025-09-12,10:45:00,25076.8,25088.5,25074.85,25087.95,
NSE,NIFTY,2025-09-12,10:50:00,25087.3,25089.35,25084.7,25087.75,
NSE,NIFTY,2025-09-12,10:55:00,25086.85,25090.1,25084.9,25089.75,
NSE,NIFTY,2025-09-12,11:00:00,25089.8,25093.35,25081.65,25081.65,
NSE,NIFTY,2025-09-12,11:05:00,25082.35,25089.55,25078.65,25088.75,
NSE,NIFTY,2025-09-12,11:10:00,25090.45,25099.35,25087,25097.85,
NSE,NIFTY,2025-09-12,11:15:00,25098.3,25103.95,25097.15,25101,
NSE,NIFTY,2025-09-12,11:20:00,25101.35,25112.65,25097.7,25112.35,
NSE,NIFTY,2025-09-12,11:25:00,25111.4,25122.8,25109.7,25120.65,
NSE,NIFTY,2025-09-12,11:30:00,25121.75,25131.3,25116.55,25130.3,
NSE,NIFTY,2025-09-12,11:35:00,25128.75,25139.3,25127.35,25127.35,
NSE,NIFTY,2025-09-12,11:40:00,25128.9,25131.25,25124.75,25128.05,
NSE,NIFTY,2025-09-12,11:45:00,25129.2,25131.1,25122.9,25126.05,
NSE,NIFTY,2025-09-12,11:50:00,25126.15,25127.85,25119.45,25125,
NSE,NIFTY,2025-09-12,11:55:00,25125.2,25128.55,25122,25125.7,
NSE,NIFTY,2025-09-12,12:00:00,25125.3,25125.8,25116.2,25119.35,
NSE,NIFTY,2025-09-12,12:05:00,25120.75,25126.35,25118.55,25124.9,
NSE,NIFTY,2025-09-12,12:10:00,25124.85,25126.4,25117.25,25120.4,
NSE,NIFTY,2025-09-12,12:15:00,25119.35,25126.05,25119.35,25121.65,
NSE,NIFTY,2025-09-12,12:20:00,25121.2,25125.3,25116.85,25121.8,
NSE,NIFTY,2025-09-12,12:25:00,25123.95,25125,25117.7,25122.35,
NSE,NIFTY,2025-09-12,12:30:00,25121.35,25124.05,25117.6,25121.05,
NSE,NIFTY,2025-09-12,12:35:00,25120.75,25121.4,25114.1,25118.05,
NSE,NIFTY,2025-09-12,12:40:00,25117.3,25120.85,25114.7,25120.05,
NSE,NIFTY,2025-09-12,12:45:00,25119.4,25122.35,25114.05,25114.55,
NSE,NIFTY,2025-09-12,12:50:00,25114.35,25116.05,25108,25112.75,
NSE,NIFTY,2025-09-12,12:55:00,25112.3,25113.95,25101.9,25105.95,
NSE,NIFTY,2025-09-12,13:00:00,25105.15,25114.5,25104.35,25109.55,
NSE,NIFTY,2025-09-12,13:05:00,25109.25,25112.6,25107.4,25110.8,
NSE,NIFTY,2025-09-12,13:10:00,25110.45,25118.3,25106.5,25118.25,
NSE,NIFTY,2025-09-12,13:15:00,25117.75,25120.1,25111.75,25119.15,
NSE,NIFTY,2025-09-12,13:20:00,25119.2,25123.95,25117.35,25120.4,
NSE,NIFTY,2025-09-12,13:25:00,25120.7,25123.35,25117.45,25121.25,
NSE,NIFTY,2025-09-12,13:30:00,25120.65,25122.15,25116.45,25119.55,
NSE,NIFTY,2025-09-12,13:35:00,25119.55,25123.95,25117.6,25120.6,
NSE,NIFTY,2025-09-12,13:40:00,25120.3,25125.05,25118.05,25121.55,
NSE,NIFTY,2025-09-12,13:45:00,25121.95,25123.2,25106,25107.1,
NSE,NIFTY,2025-09-12,13:50:00,25107.55,25110.9,25099.65,25100.3,
NSE,NIFTY,2025-09-12,13:55:00,25099.6,25113.3,25097.25,25111.35,
NSE,NIFTY,2025-09-12,14:00:00,25110.7,25125,25109.7,25122.5,
NSE,NIFTY,2025-09-12,14:05:00,25122.25,25129.65,25119.1,25126.1,
NSE,NIFTY,2025-09-12,14:10:00,25125.95,25126.7,25114.2,25117.3,
NSE,NIFTY,2025-09-12,14:15:00,25117.9,25121.7,25114.8,25119.8,
NSE,NIFTY,2025-09-12,14:20:00,25120.15,25120.15,25109.3,25116.3,
NSE,NIFTY,2025-09-12,14:25:00,25116.05,25118.4,25111.45,25116.95,
NSE,NIFTY,2025-09-12,14:30:00,25118.15,25120.7,25116.3,25118.05,
NSE,NIFTY,2025-09-12,14:35:00,25117.75,25119,25106.9,25111.1,
NSE,NIFTY,2025-09-12,14:40:00,25112.35,25112.8,25103.75,25107.85,
NSE,NIFTY,2025-09-12,14:45:00,25107.95,25114.9,25105.6,25111.6,
NSE,NIFTY,2025-09-12,14:50:00,25113.05,25114.4,25102.5,25106.35,
NSE,NIFTY,2025-09-12,14:55:00,25105.55,25108,25102.35,25104.2,
NSE,NIFTY,2025-09-12,15:00:00,25104.7,25109.4,25099.5,25107.45,
NSE,NIFTY,2025-09-12,15:05:00,25106.45,25116.15,25106.15,25109.9,
NSE,NIFTY,2025-09-12,15:10:00,25109.95,25115.45,25109.4,25113,
NSE,NIFTY,2025-09-12,15:15:00,25112.55,25117.1,25111.1,25116.25,
NSE,NIFTY,2025-09-12,15:20:00,25116.1,25120.1,25114.2,25117.45,
NSE,NIFTY,2025-09-12,15:25:00,25117.15,25117.25,25107.2,25109.15,
NSE,NIFTY,2025-09-12,15:30:00,25108.4,25114.95,25102.4,25107.85,
NSE,NIFTY,2025-09-12,15:35:00,25107.85,25114,25107.1,25114,
NSE,NIFTY,2025-09-12,15:40:00,25114,25114,25114,25114,
NSE,NIFTY,2025-09-12,15:45:00,25114,25114,25114,25114,
NSE,NIFTY,2025-09-12,15:50:00,25114,25114,25114,25114,
NSE,NIFTY,2025-09-12,15:55:00,25114,25114,25114,25114,
NSE,NIFTY,2025-09-12,16:00:00,25114,25114,25114,25114,
NSE,NIFTY,2025-09-12,16:05:00,25114,25114,25114,25114,
NSE,NIFTY,2025-09-15,07:30:00,25114,25114,25114,25114,
NSE,NIFTY,2025-09-15,07:35:00,25114,25114,25114,25114,
NSE,NIFTY,2025-09-15,07:40:00,25114,25114,25114,25114,
NSE,NIFTY,2025-09-15,07:45:00,25114,25114,25114,25114,
NSE,NIFTY,2025-09-15,07:50:00,25114,25114,25114,25114,
NSE,NIFTY,2025-09-15,07:55:00,25114,25114,25114,25114,
NSE,NIFTY,2025-09-15,08:00:00,25114,25114,25114,25114,
NSE,NIFTY,2025-09-15,08:05:00,25114,25114,25114,25114,
NSE,NIFTY,2025-09-15,08:10:00,25114,25114,25114,25114,
NSE,NIFTY,2025-09-15,08:15:00,25114,25114,25114,25114,
NSE,NIFTY,2025-09-15,08:20:00,25114,25114,25114,25114,
NSE,NIFTY,2025-09-15,08:25:00,25114,25114,25114,25114,
NSE,NIFTY,2025-09-15,08:30:00,25114,25114,25114,25114,
NSE,NIFTY,2025-09-15,08:35:00,25114,25114,25114,25114,
NSE,NIFTY,2025-09-15,08:40:00,25114,25114,25114,25114,
NSE,NIFTY,2025-09-15,08:45:00,25114,25114,25114,25114,
NSE,NIFTY,2025-09-15,08:50:00,25114,25114,25114,25114,
NSE,NIFTY,2025-09-15,08:55:00,25114,25114,25114,25114,
NSE,NIFTY,2025-09-15,09:00:00,25114,25114,24856.85,25073.35,
NSE,NIFTY,2025-09-15,09:05:00,25071.4,25162,25059.9,25132.85,
NSE,NIFTY,2025-09-15,09:10:00,25131.05,25142.9,25104.65,25118.9,
NSE,NIFTY,2025-09-15,09:15:00,25118.9,25137.45,25114.45,25125.45,
NSE,NIFTY,2025-09-15,09:20:00,25122.45,25125.25,25085.95,25087.4,
NSE,NIFTY,2025-09-15,09:25:00,25087.15,25104.05,25085.3,25102.05,
NSE,NIFTY,2025-09-15,09:30:00,25102.3,25122.15,25102.2,25110.85,
NSE,NIFTY,2025-09-15,09:35:00,25109.1,25111.05,25081.95,25088.3,
NSE,NIFTY,2025-09-15,09:40:00,25087.9,25092.3,25082.35,25088.3,
NSE,NIFTY,2025-09-15,09:45:00,25087.8,25094.25,25087,25090.8,
NSE,NIFTY,2025-09-15,09:50:00,25090.95,25105.15,25089.55,25105.15,
NSE,NIFTY,2025-09-15,09:55:00,25106,25111.95,25103,25105.7,
NSE,NIFTY,2025-09-15,10:00:00,25106.15,25107.9,25099.25,25099.25,
NSE,NIFTY,2025-09-15,10:05:00,25099.15,25099.75,25098.2,25098.2,
NSE,NIFTY,2025-09-15,10:10:00,25097,25099.7,25070,25070.8,
NSE,NIFTY,2025-09-15,10:15:00,25070.3,25087.35,25070.3,25086.45,
NSE,NIFTY,2025-09-15,10:20:00,25086.25,25088.2,25080.5,25085.1,
NSE,NIFTY,2025-09-15,10:25:00,25083.3,25092.9,25082.9,25091.35,
NSE,NIFTY,2025-09-15,10:30:00,25091.9,25095.25,25087.9,25092.35,
NSE,NIFTY,2025-09-15,10:35:00,25092.2,25099.8,25091.75,25098.3,
NSE,NIFTY,2025-09-15,10:40:00,25098,25102.75,25091.95,25094.75,
NSE,NIFTY,2025-09-15,10:45:00,25094.65,25094.85,25075.65,25076.65,
NSE,NIFTY,2025-09-15,10:50:00,25076.85,25078.4,25065.1,25077.4,
NSE,NIFTY,2025-09-15,10:55:00,25078.4,25079.7,25068.15,25076.7,
NSE,NIFTY,2025-09-15,11:00:00,25077.55,25082.75,25074.45,25078.2,
NSE,NIFTY,2025-09-15,11:05:00,25077.85,25085.7,25074.5,25084.9,
NSE,NIFTY,2025-09-15,11:10:00,25084.4,25090.05,25080,25081.55,
NSE,NIFTY,2025-09-15,11:15:00,25081.2,25083.15,25075,25075.85,
NSE,NIFTY,2025-09-15,11:20:00,25076.1,25076.85,25068.75,25074.15,
NSE,NIFTY,2025-09-15,11:25:00,25074.5,25087.05,25074.05,25086.7,
NSE,NIFTY,2025-09-15,11:30:00,25086.7,25089.15,25081.75,25086.65,
NSE,NIFTY,2025-09-15,11:35:00,25088.5,25097.05,25082.25,25095.6,
NSE,NIFTY,2025-09-15,11:40:00,25095.7,25095.85,25085.8,25090.15,
NSE,NIFTY,2025-09-15,11:45:00,25090.6,25091.5,25081.5,25085.7,
NSE,NIFTY,2025-09-15,11:50:00,25083.7,25096.65,25083.5,25095.75,
NSE,NIFTY,2025-09-15,11:55:00,25096.2,25108.5,25096.15,25104.55,
NSE,NIFTY,2025-09-15,12:00:00,25103.35,25108.45,25099.85,25108.2,
NSE,NIFTY,2025-09-15,12:05:00,25109.9,25118,25104.95,25105.2,
NSE,NIFTY,2025-09-15,12:10:00,25105.6,25108.15,25094,25098.1,
NSE,NIFTY,2025-09-15,12:15:00,25099,25104.2,25095.5,25101,
NSE,NIFTY,2025-09-15,12:20:00,25101.7,25108.25,25100.25,25101.8,
NSE,NIFTY,2025-09-15,12:25:00,25103.3,25107.1,25100.1,25105.15,
NSE,NIFTY,2025-09-15,12:30:00,25104.15,25111.65,25103.95,25110.3,
NSE,NIFTY,2025-09-15,12:35:00,25110.1,25112.1,25104.5,25109.2,
NSE,NIFTY,2025-09-15,12:40:00,25109.05,25111.2,25102.75,25102.75,
NSE,NIFTY,2025-09-15,12:45:00,25103.65,25105.15,25092.15,25092.65,
NSE,NIFTY,2025-09-15,12:50:00,25092.75,25099.45,25089.4,25097.9,
NSE,NIFTY,2025-09-15,12:55:00,25100.5,25101.4,25093,25093.3,
NSE,NIFTY,2025-09-15,13:00:00,25090.75,25103.15,25090.75,25099.9,
NSE,NIFTY,2025-09-15,13:05:00,25099.35,25100.6,25092.7,25100,
NSE,NIFTY,2025-09-15,13:10:00,25100.05,25113.3,25098.35,25111.8,
NSE,NIFTY,2025-09-15,13:15:00,25111,25112.2,25103.85,25106.7,
NSE,NIFTY,2025-09-15,13:20:00,25106.8,25111.7,25091.55,25099.4,
NSE,NIFTY,2025-09-15,13:25:00,25099.3,25116.9,25098.9,25111.45,
NSE,NIFTY,2025-09-15,13:30:00,25111.3,25114.3,25100.6,25110.85,
NSE,NIFTY,2025-09-15,13:35:00,25110.75,25111.35,25101.1,25105.8,
NSE,NIFTY,2025-09-15,13:40:00,25103.85,25106.55,25099.55,25100.85,
NSE,NIFTY,2025-09-15,13:45:00,25101.6,25103.4,25049,25069.8,
NSE,NIFTY,2025-09-15,13:50:00,25069.5,25088.65,25069.5,25077,
NSE,NIFTY,2025-09-15,13:55:00,25076.95,25089,25072.05,25086.05,
NSE,NIFTY,2025-09-15,14:00:00,25087.2,25088.85,25080.7,25080.9,
NSE,NIFTY,2025-09-15,14:05:00,25081.45,25084.5,25077.2,25082.8,
NSE,NIFTY,2025-09-15,14:10:00,25083.6,25088.85,25073.8,25076.6,
NSE,NIFTY,2025-09-15,14:15:00,25076.7,25076.9,25069.35,25072.7,
NSE,NIFTY,2025-09-15,14:20:00,25072.55,25074.05,25066.1,25073.15,
NSE,NIFTY,2025-09-15,14:25:00,25072.85,25077.25,25063.2,25071.95,
NSE,NIFTY,2025-09-15,14:30:00,25071.3,25075.5,25069.15,25073.85,
NSE,NIFTY,2025-09-15,14:35:00,25074,25083.2,25072.05,25082.85,
NSE,NIFTY,2025-09-15,14:40:00,25083.05,25083.6,25076.3,25080.2,
NSE,NIFTY,2025-09-15,14:45:00,25080,25114.2,25078.75,25095.2,
NSE,NIFTY,2025-09-15,14:50:00,25094.45,25097,25083.25,25091.25,
NSE,NIFTY,2025-09-15,14:55:00,25090.2,25092.75,25086.5,25090.9,
NSE,NIFTY,2025-09-15,15:00:00,25090.75,25090.8,25080.7,25089.5,
NSE,NIFTY,2025-09-15,15:05:00,25089.2,25091.05,25074.85,25078.6,
NSE,NIFTY,2025-09-15,15:10:00,25077.85,25079.2,25073.5,25074.95,
NSE,NIFTY,2025-09-15,15:15:00,25074.55,25075.9,25064.75,25067.2,
NSE,NIFTY,2025-09-15,15:20:00,25067,25068,25060.7,25063.1,
NSE,NIFTY,2025-09-15,15:25:00,25063.8,25068.1,25061.55,25065.85,
NSE,NIFTY,2025-09-15,15:30:00,25065.3,25072.65,25064.8,25069.2,
NSE,NIFTY,2025-09-15,15:35:00,25070.2,25073.15,25065.7,25069.2,
NSE,NIFTY,2025-09-15,15:40:00,25069.2,25069.2,25069.2,25069.2,
NSE,NIFTY,2025-09-15,15:45:00,25069.2,25069.2,25069.2,25069.2,
NSE,NIFTY,2025-09-15,15:50:00,25069.2,25069.2,25069.2,25069.2,
NSE,NIFTY,2025-09-15,15:55:00,25069.2,25069.2,25069.2,25069.2,
NSE,NIFTY,2025-09-15,16:00:00,25069.2,25069.2,25069.2,25069.2,
NSE,NIFTY,2025-09-16,07:30:00,25069.2,25069.2,25069.2,25069.2,
NSE,NIFTY,2025-09-16,07:35:00,25069.2,25069.2,25069.2,25069.2,
NSE,NIFTY,2025-09-16,07:40:00,25069.2,25069.2,25069.2,25069.2,
NSE,NIFTY,2025-09-16,07:45:00,25069.2,25069.2,25069.2,25069.2,
NSE,NIFTY,2025-09-16,07:50:00,25069.2,25069.2,25069.2,25069.2,
NSE,NIFTY,2025-09-16,07:55:00,25069.2,25069.2,25069.2,25069.2,
NSE,NIFTY,2025-09-16,08:00:00,25069.2,25069.2,25069.2,25069.2,
NSE,NIFTY,2025-09-16,08:05:00,25069.2,25069.2,25069.2,25069.2,
NSE,NIFTY,2025-09-16,08:10:00,25069.2,25069.2,25069.2,25069.2,
NSE,NIFTY,2025-09-16,08:15:00,25069.2,25069.2,25069.2,25069.2,
NSE,NIFTY,2025-09-16,08:20:00,25069.2,25069.2,25069.2,25069.2,
NSE,NIFTY,2025-09-16,08:25:00,25069.2,25069.2,25069.2,25069.2,
NSE,NIFTY,2025-09-16,08:30:00,25069.2,25069.2,25069.2,25069.2,
NSE,NIFTY,2025-09-16,08:35:00,25069.2,25069.2,25069.2,25069.2,
NSE,NIFTY,2025-09-16,08:40:00,25069.2,25069.2,25069.2,25069.2,
NSE,NIFTY,2025-09-16,08:45:00,25069.2,25069.2,25069.2,25069.2,
NSE,NIFTY,2025-09-16,08:50:00,25069.2,25069.2,25069.2,25069.2,
NSE,NIFTY,2025-09-16,08:55:00,25069.2,25069.2,25069.2,25069.2,
NSE,NIFTY,2025-09-16,09:00:00,25069.2,25091.2,24884.25,25088.75,
NSE,NIFTY,2025-09-16,09:05:00,25079.3,25090.75,24993.3,25076.7,
NSE,NIFTY,2025-09-16,09:10:00,25073.75,25103.7,25063.85,25073.6,
NSE,NIFTY,2025-09-16,09:15:00,25073.6,25110.25,25073.6,25105.9,
NSE,NIFTY,2025-09-16,09:20:00,25103.45,25112.8,25072.25,25110.6,
NSE,NIFTY,2025-09-16,09:25:00,25110.85,25121.9,25109.2,25118.45,
NSE,NIFTY,2025-09-16,09:30:00,25118,25119,25103.7,25114.65,
NSE,NIFTY,2025-09-16,09:35:00,25114.95,25131.4,25109.95,25128.2,
NSE,NIFTY,2025-09-16,09:40:00,25127.4,25140.1,25125.4,25134.8,
NSE,NIFTY,2025-09-16,09:45:00,25133.8,25138.1,25125.1,25135.25,
NSE,NIFTY,2025-09-16,09:50:00,25135.4,25137.05,25131.45,25135.2,
NSE,NIFTY,2025-09-16,09:55:00,25134.55,25153.2,25134.55,25151.5,
NSE,NIFTY,2025-09-16,10:00:00,25150.75,25159.95,25145.25,25158.85,
NSE,NIFTY,2025-09-16,10:05:00,25158.95,25181.05,25156.95,25171.75,
NSE,NIFTY,2025-09-16,10:10:00,25171.65,25175.6,25166.95,25171.3,
NSE,NIFTY,2025-09-16,10:15:00,25170.8,25172.2,25163.55,25167.4,
NSE,NIFTY,2025-09-16,10:20:00,25169.2,25172.05,25164.4,25165,
NSE,NIFTY,2025-09-16,10:25:00,25165.45,25169.9,25158.95,25167.05,
NSE,NIFTY,2025-09-16,10:30:00,25166.25,25173,25164.4,25166.45,
NSE,NIFTY,2025-09-16,10:35:00,25166.2,25172.05,25164.4,25171.05,
NSE,NIFTY,2025-09-16,10:40:00,25171.2,25174.7,25168.7,25171.75,
NSE,NIFTY,2025-09-16,10:45:00,25172.15,25173.25,25161.9,25162.5,
NSE,NIFTY,2025-09-16,10:50:00,25162.1,25162.95,25150.95,25151.35,
NSE,NIFTY,2025-09-16,10:55:00,25151.75,25159.25,25147.8,25159.05,
NSE,NIFTY,2025-09-16,11:00:00,25158.4,25160.2,25152.85,25156.05,
NSE,NIFTY,2025-09-16,11:05:00,25156.25,25160.85,25152.25,25152.95,
NSE,NIFTY,2025-09-16,11:10:00,25153.05,25156.4,25149.6,25154.6,
NSE,NIFTY,2025-09-16,11:15:00,25154.75,25161.05,25154.1,25160.6,
NSE,NIFTY,2025-09-16,11:20:00,25160.5,25163,25157.7,25163,
NSE,NIFTY,2025-09-16,11:25:00,25162.45,25168.15,25159.8,25167.6,
NSE,NIFTY,2025-09-16,11:30:00,25168,25169.1,25162.65,25167.1,
NSE,NIFTY,2025-09-16,11:35:00,25167.3,25168,25166.2,25166.75,
NSE,NIFTY,2025-09-16,11:40:00,25167,25170.35,25165.45,25169.55,
NSE,NIFTY,2025-09-16,11:45:00,25169.5,25175.35,25168.75,25173.15,
NSE,NIFTY,2025-09-16,11:50:00,25173.3,25178.05,25165.35,25174.45,
NSE,NIFTY,2025-09-16,11:55:00,25174.95,25177.2,25170.3,25174.55,
NSE,NIFTY,2025-09-16,12:00:00,25174.4,25176.3,25164,25164.45,
NSE,NIFTY,2025-09-16,12:05:00,25165,25175.1,25161.85,25173.1,
NSE,NIFTY,2025-09-16,12:10:00,25173.6,25174.9,25171.9,25174,
NSE,NIFTY,2025-09-16,12:15:00,25174,25176.55,25167.65,25171.2,
NSE,NIFTY,2025-09-16,12:20:00,25171.25,25178.35,25170.05,25177.4,
NSE,NIFTY,2025-09-16,12:25:00,25177.35,25191.2,25174.2,25189.5,
NSE,NIFTY,2025-09-16,12:30:00,25189.15,25197.8,25184.5,25191.2,
NSE,NIFTY,2025-09-16,12:35:00,25190.85,25200.7,25189.3,25196.85,
NSE,NIFTY,2025-09-16,12:40:00,25196.3,25202.4,25194.05,25195.25,
NSE,NIFTY,2025-09-16,12:45:00,25195.15,25199.35,25191.3,25198.45,
NSE,NIFTY,2025-09-16,12:50:00,25198.2,25200.35,25195.55,25197.4,
NSE,NIFTY,2025-09-16,12:55:00,25197.85,25199.05,25192.3,25194.8,
NSE,NIFTY,2025-09-16,13:00:00,25195,25199.15,25190,25197.6,
NSE,NIFTY,2025-09-16,13:05:00,25197.5,25200.75,25193.05,25193.05,
NSE,NIFTY,2025-09-16,13:10:00,25194,25197.2,25187.35,25195.45,
NSE,NIFTY,2025-09-16,13:15:00,25195.4,25195.55,25176.25,25188.1,
NSE,NIFTY,2025-09-16,13:20:00,25186.8,25187.25,25175.4,25177.35,
NSE,NIFTY,2025-09-16,13:25:00,25177.15,25185.15,25167.25,25175,
NSE,NIFTY,2025-09-16,13:30:00,25175.4,25182.85,25175.15,25178.3,
NSE,NIFTY,2025-09-16,13:35:00,25178.1,25180,25168.7,25176.3,
NSE,NIFTY,2025-09-16,13:40:00,25175.6,25182.15,25174.55,25179,
NSE,NIFTY,2025-09-16,13:45:00,25179.6,25181.65,25175.4,25177.55,
NSE,NIFTY,2025-09-16,13:50:00,25177.95,25180.7,25174.05,25174.95,
NSE,NIFTY,2025-09-16,13:55:00,25176.1,25176.85,25169.3,25172.15,
NSE,NIFTY,2025-09-16,14:00:00,25171.6,25179.15,25169.95,25179.15,
NSE,NIFTY,2025-09-16,14:05:00,25178.8,25185.7,25177.9,25179.85,
NSE,NIFTY,2025-09-16,14:10:00,25179.8,25182.5,25155.5,25156.55,
NSE,NIFTY,2025-09-16,14:15:00,25156.45,25178.1,25152.7,25177.6,
NSE,NIFTY,2025-09-16,14:20:00,25178.2,25187.75,25176.6,25187.75,
NSE,NIFTY,2025-09-16,14:25:00,25187.55,25211.05,25185.65,25202.6,
NSE,NIFTY,2025-09-16,14:30:00,25202.65,25206.6,25192.55,25200.35,
NSE,NIFTY,2025-09-16,14:35:00,25200.1,25211.35,25195.3,25206.05,
NSE,NIFTY,2025-09-16,14:40:00,25204.55,25229.4,25200.35,25222.5,
NSE,NIFTY,2025-09-16,14:45:00,25222.1,25223.5,25209.4,25210.45,
NSE,NIFTY,2025-09-16,14:50:00,25210.9,25211.95,25204.65,25210.9,
NSE,NIFTY,2025-09-16,14:55:00,25211.65,25214.4,25190.1,25199.55,
NSE,NIFTY,2025-09-16,15:00:00,25198.6,25215.75,25198.6,25202.75,
NSE,NIFTY,2025-09-16,15:05:00,25203.4,25237.45,25199,25236.5,
NSE,NIFTY,2025-09-16,15:10:00,25235.5,25253.95,25220.85,25249.75,
NSE,NIFTY,2025-09-16,15:15:00,25249.2,25254.75,25222.5,25244,
NSE,NIFTY,2025-09-16,15:20:00,25244.1,25252.25,25230.25,25243,
NSE,NIFTY,2025-09-16,15:25:00,25242.7,25256.35,25236.15,25251.85,
NSE,NIFTY,2025-09-16,15:30:00,25252,25260.5,25249.2,25255.4,
NSE,NIFTY,2025-09-16,15:35:00,25255.4,25255.4,25239.1,25239.1,
NSE,NIFTY,2025-09-16,15:40:00,25239.1,25239.1,25239.1,25239.1,
NSE,NIFTY,2025-09-16,15:45:00,25239.1,25239.1,25239.1,25239.1,
NSE,NIFTY,2025-09-16,15:50:00,25239.1,25239.1,25239.1,25239.1,
NSE,NIFTY,2025-09-16,15:55:00,25239.1,25239.1,25239.1,25239.1,
NSE,NIFTY,2025-09-16,16:00:00,25239.1,25239.1,25239.1,25239.1,
NSE,NIFTY,2025-09-17,07:30:00,25239.1,25239.1,25239.1,25239.1,
NSE,NIFTY,2025-09-17,07:35:00,25239.1,25239.1,25239.1,25239.1,
NSE,NIFTY,2025-09-17,07:40:00,25239.1,25239.1,25239.1,25239.1,
NSE,NIFTY,2025-09-17,07:45:00,25239.1,25239.1,25239.1,25239.1,
NSE,NIFTY,2025-09-17,07:50:00,25239.1,25239.1,25239.1,25239.1,
NSE,NIFTY,2025-09-17,07:55:00,25239.1,25239.1,25239.1,25239.1,
NSE,NIFTY,2025-09-17,08:00:00,25239.1,25239.1,25239.1,25239.1,
NSE,NIFTY,2025-09-17,08:05:00,25239.1,25239.1,25239.1,25239.1,
NSE,NIFTY,2025-09-17,08:10:00,25239.1,25239.1,25239.1,25239.1,
NSE,NIFTY,2025-09-17,08:15:00,25239.1,25239.1,25239.1,25239.1,
NSE,NIFTY,2025-09-17,08:20:00,25239.1,25239.1,25239.1,25239.1,
NSE,NIFTY,2025-09-17,08:25:00,25239.1,25239.1,25239.1,25239.1,
NSE,NIFTY,2025-09-17,08:30:00,25239.1,25239.1,25239.1,25239.1,
NSE,NIFTY,2025-09-17,08:35:00,25239.1,25239.1,25239.1,25239.1,
NSE,NIFTY,2025-09-17,08:40:00,25239.1,25239.1,25239.1,25239.1,
NSE,NIFTY,2025-09-17,08:45:00,25239.1,25239.1,25239.1,25239.1,
NSE,NIFTY,2025-09-17,08:50:00,25239.1,25239.1,25239.1,25239.1,
NSE,NIFTY,2025-09-17,08:55:00,25239.1,25239.1,25239.1,25239.1,
NSE,NIFTY,2025-09-17,09:00:00,25239.1,25460.3,25193.15,25219.2,
NSE,NIFTY,2025-09-17,09:05:00,25217.95,25291.75,25215.3,25289.45,
NSE,NIFTY,2025-09-17,09:10:00,25289.75,25295.45,25256.1,25276.6,
NSE,NIFTY,2025-09-17,09:15:00,25276.6,25313.15,25276.6,25304.05,
NSE,NIFTY,2025-09-17,09:20:00,25303.25,25310.15,25282.05,25296.85,
NSE,NIFTY,2025-09-17,09:25:00,25296.8,25324,25295.2,25312.95,
NSE,NIFTY,2025-09-17,09:30:00,25312.25,25313.2,25282.95,25297.9,
NSE,NIFTY,2025-09-17,09:35:00,25298.5,25319.7,25297.05,25319.7,
NSE,NIFTY,2025-09-17,09:40:00,25319.55,25338.35,25317.75,25334.05,
NSE,NIFTY,2025-09-17,09:45:00,25333.1,25342.15,25328.9,25329.5,
NSE,NIFTY,2025-09-17,09:50:00,25329.05,25329.15,25311.4,25314.95,
NSE,NIFTY,2025-09-17,09:55:00,25315.75,25319.7,25310.45,25316.5,
NSE,NIFTY,2025-09-17,10:00:00,25314.8,25323.95,25313.45,25313.85,
NSE,NIFTY,2025-09-17,10:05:00,25313.95,25328.95,25312.25,25328.25,
NSE,NIFTY,2025-09-17,10:10:00,25328.55,25328.75,25320,25320.35,
NSE,NIFTY,2025-09-17,10:15:00,25320.75,25324.8,25313.75,25314.75,
NSE,NIFTY,2025-09-17,10:20:00,25315.4,25316.8,25305.45,25308.7,
NSE,NIFTY,2025-09-17,10:25:00,25309.25,25327.2,25308.05,25324.35,
NSE,NIFTY,2025-09-17,10:30:00,25324.6,25325.3,25317.15,25322.95,
NSE,NIFTY,2025-09-17,10:35:00,25322.8,25326.95,25321.55,25324.95,
NSE,NIFTY,2025-09-17,10:40:00,25324.65,25330.35,25321.45,25330.35,
NSE,NIFTY,2025-09-17,10:45:00,25329.5,25330.2,25310.4,25312.1,
NSE,NIFTY,2025-09-17,10:50:00,25312.5,25312.8,25311.25,25311.25,
NSE,NIFTY,2025-09-17,10:55:00,25310.95,25316.65,25308.2,25314.65,
NSE,NIFTY,2025-09-17,11:00:00,25316.15,25330.55,25308.45,25328.4,
NSE,NIFTY,2025-09-17,11:05:00,25328.85,25338.6,25327.65,25334.7,
NSE,NIFTY,2025-09-17,11:10:00,25334.15,25336.35,25327.3,25331.3,
NSE,NIFTY,2025-09-17,11:15:00,25331.05,25333.55,25326.3,25328.85,
NSE,NIFTY,2025-09-17,11:20:00,25329.05,25339.5,25329,25333.25,
NSE,NIFTY,2025-09-17,11:25:00,25332.5,25333,25324.4,25330.65,
NSE,NIFTY,2025-09-17,11:30:00,25330.7,25332.2,25324,25327.6,
NSE,NIFTY,2025-09-17,11:35:00,25327.25,25328.25,25321.8,25327.5,
NSE,NIFTY,2025-09-17,11:40:00,25327.55,25328.45,25318.5,25324.4,
NSE,NIFTY,2025-09-17,11:45:00,25324.15,25327.1,25318,25324.7,
NSE,NIFTY,2025-09-17,11:50:00,25324.8,25329.1,25319.6,25323.9,
NSE,NIFTY,2025-09-17,11:55:00,25324.6,25336.95,25319.45,25333.7,
NSE,NIFTY,2025-09-17,12:00:00,25333.2,25334.5,25329.5,25332.25,
NSE,NIFTY,2025-09-17,12:05:00,25332.15,25335.35,25328.05,25330.95,
NSE,NIFTY,2025-09-17,12:10:00,25330.7,25330.75,25323.15,25325.2,
NSE,NIFTY,2025-09-17,12:15:00,25325.45,25327.95,25319.35,25324.9,
NSE,NIFTY,2025-09-17,12:20:00,25324.5,25327.45,25320.7,25323.45,
NSE,NIFTY,2025-09-17,12:25:00,25322.95,25333.15,25319,25329,
NSE,NIFTY,2025-09-17,12:30:00,25328.75,25334,25324.8,25332.7,
NSE,NIFTY,2025-09-17,12:35:00,25333.15,25345.4,25326.55,25340.5,
NSE,NIFTY,2025-09-17,12:40:00,25337.9,25341.7,25332.45,25337.35,
NSE,NIFTY,2025-09-17,12:45:00,25337.1,25337.7,25331.65,25332.6,
NSE,NIFTY,2025-09-17,12:50:00,25333.25,25335.5,25328.9,25333.9,
NSE,NIFTY,2025-09-17,12:55:00,25333.95,25335.25,25326.65,25327.3,
NSE,NIFTY,2025-09-17,13:00:00,25328.3,25336.3,25325.9,25329.75,
NSE,NIFTY,2025-09-17,13:05:00,25329.25,25340.6,25326.5,25338,
NSE,NIFTY,2025-09-17,13:10:00,25337.9,25342.1,25333.85,25335.45,
NSE,NIFTY,2025-09-17,13:15:00,25336.6,25337.65,25330.45,25336.25,
NSE,NIFTY,2025-09-17,13:20:00,25336.05,25343.05,25332.3,25340.9,
NSE,NIFTY,2025-09-17,13:25:00,25341.05,25346.25,25336.2,25339.1,
NSE,NIFTY,2025-09-17,13:30:00,25338,25340.1,25331.75,25333.3,
NSE,NIFTY,2025-09-17,13:35:00,25332.9,25337.25,25331.1,25334.35,
NSE,NIFTY,2025-09-17,13:40:00,25334.35,25335.4,25324.45,25325.75,
NSE,NIFTY,2025-09-17,13:45:00,25325.25,25326.65,25317.3,25321.05,
NSE,NIFTY,2025-09-17,13:50:00,25320,25328.35,25308.75,25315.2,
NSE,NIFTY,2025-09-17,13:55:00,25314.35,25319.95,25311.15,25317.05,
NSE,NIFTY,2025-09-17,14:00:00,25317.1,25320.6,25312.7,25316.6,
NSE,NIFTY,2025-09-17,14:05:00,25316.45,25317.55,25297.05,25300.1,
NSE,NIFTY,2025-09-17,14:10:00,25299.5,25306.85,25294.35,25305.1,
NSE,NIFTY,2025-09-17,14:15:00,25305.6,25309.4,25294.85,25305.05,
NSE,NIFTY,2025-09-17,14:20:00,25304.15,25315.1,25303.65,25311.3,
NSE,NIFTY,2025-09-17,14:25:00,25311.1,25312.2,25303.6,25306.55,
NSE,NIFTY,2025-09-17,14:30:00,25306.2,25306.7,25304.85,25306.25,
NSE,NIFTY,2025-09-17,14:35:00,25305.85,25308.9,25280.6,25296.15,
NSE,NIFTY,2025-09-17,14:40:00,25295.6,25313.3,25294.7,25312.55,
NSE,NIFTY,2025-09-17,14:45:00,25311.7,25315.75,25302.3,25313.8,
NSE,NIFTY,2025-09-17,14:50:00,25314.05,25316.1,25308.55,25313.1,
NSE,NIFTY,2025-09-17,14:55:00,25312.75,25325.5,25308.85,25320.4,
NSE,NIFTY,2025-09-17,15:00:00,25320.8,25328.6,25319.65,25325.75,
NSE,NIFTY,2025-09-17,15:05:00,25325.8,25337.1,25323.7,25328.3,
NSE,NIFTY,2025-09-17,15:10:00,25328.95,25330.6,25325.7,25328.15,
NSE,NIFTY,2025-09-17,15:15:00,25327.7,25335.6,25326.2,25332.15,
NSE,NIFTY,2025-09-17,15:20:00,25331.35,25332.15,25324.2,25325.75,
NSE,NIFTY,2025-09-17,15:25:00,25326,25331.65,25321.3,25322.8,
NSE,NIFTY,2025-09-17,15:30:00,25323.3,25335.15,25322.15,25332.5,
NSE,NIFTY,2025-09-17,15:35:00,25330.9,25333.45,25326.1,25330.25,
NSE,NIFTY,2025-09-17,15:40:00,25330.25,25330.25,25330.25,25330.25,
NSE,NIFTY,2025-09-17,15:45:00,25330.25,25330.25,25330.25,25330.25,
NSE,NIFTY,2025-09-17,15:50:00,25330.25,25330.25,25330.25,25330.25,
NSE,NIFTY,2025-09-17,15:55:00,25330.25,25330.25,25330.25,25330.25,
NSE,NIFTY,2025-09-17,16:00:00,25330.25,25330.25,25330.25,25330.25,
NSE,NIFTY,2025-09-18,07:30:00,25330.25,25330.25,25330.25,25330.25,
NSE,NIFTY,2025-09-18,07:35:00,25330.25,25330.25,25330.25,25330.25,
NSE,NIFTY,2025-09-18,07:40:00,25330.25,25330.25,25330.25,25330.25,
NSE,NIFTY,2025-09-18,07:45:00,25330.25,25330.25,25330.25,25330.25,
NSE,NIFTY,2025-09-18,07:50:00,25330.25,25330.25,25330.25,25330.25,
NSE,NIFTY,2025-09-18,07:55:00,25330.25,25330.25,25330.25,25330.25,
NSE,NIFTY,2025-09-18,08:00:00,25330.25,25330.25,25330.25,25330.25,
NSE,NIFTY,2025-09-18,08:05:00,25330.25,25330.25,25330.25,25330.25,
NSE,NIFTY,2025-09-18,08:10:00,25330.25,25330.25,25330.25,25330.25,
NSE,NIFTY,2025-09-18,08:15:00,25330.25,25330.25,25330.25,25330.25,
NSE,NIFTY,2025-09-18,08:20:00,25330.25,25330.25,25330.25,25330.25,
NSE,NIFTY,2025-09-18,08:25:00,25330.25,25330.25,25330.25,25330.25,
NSE,NIFTY,2025-09-18,08:30:00,25330.25,25330.25,25330.25,25330.25,
NSE,NIFTY,2025-09-18,08:35:00,25330.25,25330.25,25330.25,25330.25,
NSE,NIFTY,2025-09-18,08:40:00,25330.25,25330.25,25330.25,25330.25,
NSE,NIFTY,2025-09-18,08:45:00,25330.25,25330.25,25330.25,25330.25,
NSE,NIFTY,2025-09-18,08:50:00,25330.25,25330.25,25330.25,25330.25,
NSE,NIFTY,2025-09-18,08:55:00,25330.25,25330.25,25330.25,25330.25,
NSE,NIFTY,2025-09-18,09:00:00,25330.25,25330.25,24669.6,25056.9,
NSE,NIFTY,2025-09-18,09:05:00,25050.4,25415.6,25047.05,25414.2,
NSE,NIFTY,2025-09-18,09:10:00,25414,25447.25,25414,25441.05,
NSE,NIFTY,2025-09-18,09:15:00,25441.05,25441.05,25416.8,25417.4,
NSE,NIFTY,2025-09-18,09:20:00,25418.05,25427.3,25393.9,25394.6,
NSE,NIFTY,2025-09-18,09:25:00,25396.9,25431.35,25396.5,25429.45,
NSE,NIFTY,2025-09-18,09:30:00,25430.05,25437.1,25416.65,25423.4,
NSE,NIFTY,2025-09-18,09:35:00,25422.7,25427.25,25415.8,25418,
NSE,NIFTY,2025-09-18,09:40:00,25418,25422.25,25403.9,25410.1,
NSE,NIFTY,2025-09-18,09:45:00,25410.75,25428.6,25409.55,25425.8,
NSE,NIFTY,2025-09-18,09:50:00,25426.25,25427.7,25416.2,25422.6,
NSE,NIFTY,2025-09-18,09:55:00,25422.3,25423.15,25411,25414.95,
NSE,NIFTY,2025-09-18,10:00:00,25414.5,25420.3,25410.75,25415.4,
NSE,NIFTY,2025-09-18,10:05:00,25415.1,25420.15,25411.35,25415.6,
NSE,NIFTY,2025-09-18,10:10:00,25416.45,25425.85,25413.05,25425.55,
NSE,NIFTY,2025-09-18,10:15:00,25425.65,25425.7,25402.55,25405.15,
NSE,NIFTY,2025-09-18,10:20:00,25404.75,25411.65,25402.95,25407.95,
NSE,NIFTY,2025-09-18,10:25:00,25409.9,25415.45,25405.05,25412.6,
NSE,NIFTY,2025-09-18,10:30:00,25412.3,25420.95,25410.5,25419.5,
NSE,NIFTY,2025-09-18,10:35:00,25419.15,25420.6,25412.45,25415.65,
NSE,NIFTY,2025-09-18,10:40:00,25415.4,25421.45,25412.3,25420.6,
NSE,NIFTY,2025-09-18,10:45:00,25421.55,25429.8,25417.45,25425.85,
NSE,NIFTY,2025-09-18,10:50:00,25427.7,25431.8,25426.85,25429.15,
NSE,NIFTY,2025-09-18,10:55:00,25429.05,25430,25423.05,25427.5,
NSE,NIFTY,2025-09-18,11:00:00,25428.7,25437.2,25426,25436.45,
NSE,NIFTY,2025-09-18,11:05:00,25435.8,25439.55,25435.8,25438,
NSE,NIFTY,2025-09-18,11:10:00,25438.85,25439.15,25436.65,25436.9,
NSE,NIFTY,2025-09-18,11:15:00,25437.8,25441.45,25422.15,25424.9,
NSE,NIFTY,2025-09-18,11:20:00,25426.2,25427.3,25420.3,25427.3,
NSE,NIFTY,2025-09-18,11:25:00,25426.8,25430.1,25423.15,25424.65,
NSE,NIFTY,2025-09-18,11:30:00,25424.75,25431.75,25423.1,25430.45,
NSE,NIFTY,2025-09-18,11:35:00,25430.25,25430.65,25421.35,25425.3,
NSE,NIFTY,2025-09-18,11:40:00,25425.8,25434.45,25419.25,25421,
NSE,NIFTY,2025-09-18,11:45:00,25421.1,25422.45,25418.5,25418.85,
NSE,NIFTY,2025-09-18,11:50:00,25419.8,25422.6,25411.75,25413.9,
NSE,NIFTY,2025-09-18,11:55:00,25415.7,25418.1,25409.5,25414.95,
NSE,NIFTY,2025-09-18,12:00:00,25415,25419,25412.1,25417.65,
NSE,NIFTY,2025-09-18,12:05:00,25417.65,25421.5,25412.6,25415.8,
NSE,NIFTY,2025-09-18,12:10:00,25416.15,25426.55,25414,25423,
NSE,NIFTY,2025-09-18,12:15:00,25423.2,25424.9,25413.9,25422.7,
NSE,NIFTY,2025-09-18,12:20:00,25421.65,25427.1,25416.2,25418.15,
NSE,NIFTY,2025-09-18,12:25:00,25418.3,25420.5,25413.05,25415.4,
NSE,NIFTY,2025-09-18,12:30:00,25416.4,25418,25409.15,25413.8,
NSE,NIFTY,2025-09-18,12:35:00,25413.35,25414.7,25394.3,25397.1,
NSE,NIFTY,2025-09-18,12:40:00,25396.6,25413.65,25383.45,25387.8,
NSE,NIFTY,2025-09-18,12:45:00,25388.1,25388.7,25369.25,25384.9,
NSE,NIFTY,2025-09-18,12:50:00,25384.5,25394.95,25371,25376.55,
NSE,NIFTY,2025-09-18,12:55:00,25376.4,25387.35,25372.6,25382.6,
NSE,NIFTY,2025-09-18,13:00:00,25380.9,25394.25,25377.85,25383.9,
NSE,NIFTY,2025-09-18,13:05:00,25381.75,25382.95,25349.6,25351.25,
NSE,NIFTY,2025-09-18,13:10:00,25351.65,25374.45,25350.6,25357.4,
NSE,NIFTY,2025-09-18,13:15:00,25358.25,25368,25351.55,25353.6,
NSE,NIFTY,2025-09-18,13:20:00,25353,25362.7,25350.85,25356.7,
NSE,NIFTY,2025-09-18,13:25:00,25356,25371.4,25354.3,25371.4,
NSE,NIFTY,2025-09-18,13:30:00,25370.95,25382.95,25368.2,25381.4,
NSE,NIFTY,2025-09-18,13:35:00,25382.45,25388.35,25367.3,25387.4,
NSE,NIFTY,2025-09-18,13:40:00,25386.65,25387.9,25372.8,25377.95,
NSE,NIFTY,2025-09-18,13:45:00,25377.7,25384.2,25374.8,25383.2,
NSE,NIFTY,2025-09-18,13:50:00,25383.35,25389.3,25372.05,25381.35,
NSE,NIFTY,2025-09-18,13:55:00,25380,25381.2,25361.75,25365,
NSE,NIFTY,2025-09-18,14:00:00,25364.7,25365.3,25355.8,25362.1,
NSE,NIFTY,2025-09-18,14:05:00,25361.25,25365.7,25359.4,25361,
NSE,NIFTY,2025-09-18,14:10:00,25360.75,25366.4,25342.95,25366.4,
NSE,NIFTY,2025-09-18,14:15:00,25366.75,25374.85,25358.05,25366.25,
NSE,NIFTY,2025-09-18,14:20:00,25366.85,25367.35,25357.6,25361.8,
NSE,NIFTY,2025-09-18,14:25:00,25361.6,25363.3,25338.4,25338.5,
NSE,NIFTY,2025-09-18,14:30:00,25337.7,25360.5,25335.9,25355.8,
NSE,NIFTY,2025-09-18,14:35:00,25356.7,25360.9,25333.75,25334,
NSE,NIFTY,2025-09-18,14:40:00,25333.35,25350.9,25330.45,25346.35,
NSE,NIFTY,2025-09-18,14:45:00,25346.65,25358,25341.65,25358,
NSE,NIFTY,2025-09-18,14:50:00,25358,25387.75,25351.55,25375.6,
NSE,NIFTY,2025-09-18,14:55:00,25375.95,25394.85,25373.05,25391.4,
NSE,NIFTY,2025-09-18,15:00:00,25391.7,25402.05,25389.75,25391.45,
NSE,NIFTY,2025-09-18,15:05:00,25390.15,25422.05,25389.6,25419.95,
NSE,NIFTY,2025-09-18,15:10:00,25420,25434.7,25417.75,25430.3,
NSE,NIFTY,2025-09-18,15:15:00,25430,25436.75,25420.9,25425.3,
NSE,NIFTY,2025-09-18,15:20:00,25425.95,25431.45,25422.45,25431.45,
NSE,NIFTY,2025-09-18,15:25:00,25429.85,25434.8,25426,25430.65,
NSE,NIFTY,2025-09-18,15:30:00,25430.4,25434.25,25429.5,25432.2,
NSE,NIFTY,2025-09-18,15:35:00,25431.25,25432.6,25415.25,25423.6,
NSE,NIFTY,2025-09-18,15:40:00,25423.6,25423.6,25423.6,25423.6,
NSE,NIFTY,2025-09-18,15:45:00,25423.6,25423.6,25423.6,25423.6,
NSE,NIFTY,2025-09-18,15:50:00,25423.6,25423.6,25423.6,25423.6,
NSE,NIFTY,2025-09-18,15:55:00,25423.6,25423.6,25423.6,25423.6,
NSE,NIFTY,2025-09-18,16:00:00,25423.6,25423.6,25423.6,25423.6,
NSE,NIFTY,2025-09-19,07:30:00,25423.6,25423.6,25423.6,25423.6,
NSE,NIFTY,2025-09-19,07:35:00,25423.6,25423.6,25423.6,25423.6,
NSE,NIFTY,2025-09-19,07:40:00,25423.6,25423.6,25423.6,25423.6,
NSE,NIFTY,2025-09-19,07:45:00,25423.6,25423.6,25423.6,25423.6,
NSE,NIFTY,2025-09-19,07:50:00,25423.6,25423.6,25423.6,25423.6,
NSE,NIFTY,2025-09-19,07:55:00,25423.6,25423.6,25423.6,25423.6,
NSE,NIFTY,2025-09-19,08:00:00,25423.6,25423.6,25423.6,25423.6,
NSE,NIFTY,2025-09-19,08:05:00,25423.6,25423.6,25423.6,25423.6,
NSE,NIFTY,2025-09-19,08:10:00,25423.6,25423.6,25423.6,25423.6,
NSE,NIFTY,2025-09-19,08:15:00,25423.6,25423.6,25423.6,25423.6,
NSE,NIFTY,2025-09-19,08:20:00,25423.6,25423.6,25423.6,25423.6,
NSE,NIFTY,2025-09-19,08:25:00,25423.6,25423.6,25423.6,25423.6,
NSE,NIFTY,2025-09-19,08:30:00,25423.6,25423.6,25423.6,25423.6,
NSE,NIFTY,2025-09-19,08:35:00,25423.6,25423.6,25423.6,25423.6,
NSE,NIFTY,2025-09-19,08:40:00,25423.6,25423.6,25423.6,25423.6,
NSE,NIFTY,2025-09-19,08:45:00,25423.6,25423.6,25423.6,25423.6,
NSE,NIFTY,2025-09-19,08:50:00,25423.6,25423.6,25423.6,25423.6,
NSE,NIFTY,2025-09-19,08:55:00,25423.6,25423.6,25423.6,25423.6,
NSE,NIFTY,2025-09-19,09:00:00,25423.6,25423.6,25186.1,25267,
NSE,NIFTY,2025-09-19,09:05:00,25272.05,25462.65,25210.6,25427.25,
NSE,NIFTY,2025-09-19,09:10:00,25424.35,25427.9,25382.85,25410.2,
NSE,NIFTY,2025-09-19,09:15:00,25410.2,25424.65,25401.85,25407.95,
NSE,NIFTY,2025-09-19,09:20:00,25407.05,25410.15,25358.65,25384.05,
NSE,NIFTY,2025-09-19,09:25:00,25382.9,25386.05,25358.3,25359.3,
NSE,NIFTY,2025-09-19,09:30:00,25359.5,25368.85,25356.85,25360.85,
NSE,NIFTY,2025-09-19,09:35:00,25361,25361.8,25332,25337.35,
NSE,NIFTY,2025-09-19,09:40:00,25336.15,25347.4,25323.6,25333.7,
NSE,NIFTY,2025-09-19,09:45:00,25333.65,25347.3,25332.1,25337.35,
NSE,NIFTY,2025-09-19,09:50:00,25335.8,25340.75,25326.7,25337.8,
NSE,NIFTY,2025-09-19,09:55:00,25338.1,25346.15,25337.55,25339.4,
NSE,NIFTY,2025-09-19,10:00:00,25339.4,25340.55,25311.65,25312.1,
NSE,NIFTY,2025-09-19,10:05:00,25312.4,25317.3,25297.45,25315.2,
NSE,NIFTY,2025-09-19,10:10:00,25314.2,25325.05,25313.75,25318.2,
NSE,NIFTY,2025-09-19,10:15:00,25317.75,25325.7,25317.5,25320.5,
NSE,NIFTY,2025-09-19,10:20:00,25320.1,25322.4,25310.1,25314.55,
NSE,NIFTY,2025-09-19,10:25:00,25313.05,25329.3,25311.75,25328.05,
NSE,NIFTY,2025-09-19,10:30:00,25329,25339.5,25326.6,25337.65,
NSE,NIFTY,2025-09-19,10:35:00,25336.8,25345.25,25320.05,25320.35,
NSE,NIFTY,2025-09-19,10:40:00,25320.2,25326.95,25317.7,25321.2,
NSE,NIFTY,2025-09-19,10:45:00,25320.2,25324.5,25315.65,25318,
NSE,NIFTY,2025-09-19,10:50:00,25318.95,25321.9,25312.6,25320.05,
NSE,NIFTY,2025-09-19,10:55:00,25320,25322.65,25318,25320.65,
NSE,NIFTY,2025-09-19,11:00:00,25320.7,25324.5,25315.2,25316.75,
NSE,NIFTY,2025-09-19,11:05:00,25316,25317.8,25306,25309,
NSE,NIFTY,2025-09-19,11:10:00,25308.45,25323.45,25301.6,25312.9,
NSE,NIFTY,2025-09-19,11:15:00,25312.8,25319.35,25311.15,25312.3,
NSE,NIFTY,2025-09-19,11:20:00,25312,25312.5,25304.75,25307.6,
NSE,NIFTY,2025-09-19,11:25:00,25307.3,25311.85,25302.85,25309.05,
NSE,NIFTY,2025-09-19,11:30:00,25309.2,25319.2,25308.9,25313.8,
NSE,NIFTY,2025-09-19,11:35:00,25314.25,25318.6,25311.35,25314.35,
NSE,NIFTY,2025-09-19,11:40:00,25313.75,25322.45,25306.55,25322.2,
NSE,NIFTY,2025-09-19,11:45:00,25321.65,25328.3,25300.45,25303.95,
NSE,NIFTY,2025-09-19,11:50:00,25304.25,25306.3,25290.9,25293.95,
NSE,NIFTY,2025-09-19,11:55:00,25295.15,25300.1,25289.75,25298.8,
NSE,NIFTY,2025-09-19,12:00:00,25298.7,25302,25294.9,25298.25,
NSE,NIFTY,2025-09-19,12:05:00,25297.95,25298.65,25287.8,25288.4,
NSE,NIFTY,2025-09-19,12:10:00,25287.65,25296.05,25286.55,25295.25,
NSE,NIFTY,2025-09-19,12:15:00,25295.15,25307.45,25294,25306.6,
NSE,NIFTY,2025-09-19,12:20:00,25306,25310.55,25289.2,25290,
NSE,NIFTY,2025-09-19,12:25:00,25291.35,25310.1,25289.9,25302.45,
NSE,NIFTY,2025-09-19,12:30:00,25302.95,25305.15,25294.25,25295.5,
NSE,NIFTY,2025-09-19,12:35:00,25295.15,25300,25290.4,25292.3,
NSE,NIFTY,2025-09-19,12:40:00,25293.05,25295.95,25292.7,25292.95,
NSE,NIFTY,2025-09-19,12:45:00,25293.8,25299.6,25291.35,25297.45,
NSE,NIFTY,2025-09-19,12:50:00,25296.9,25300.55,25292.35,25295.2,
NSE,NIFTY,2025-09-19,12:55:00,25293.7,25311.65,25290.8,25292.05,
NSE,NIFTY,2025-09-19,13:00:00,25291.7,25314,25287.9,25311.8,
NSE,NIFTY,2025-09-19,13:05:00,25311.1,25323.15,25310.65,25323.15,
NSE,NIFTY,2025-09-19,13:10:00,25323.2,25328.85,25321.25,25322,
NSE,NIFTY,2025-09-19,13:15:00,25322.95,25332.85,25320.75,25331.35,
NSE,NIFTY,2025-09-19,13:20:00,25332,25336.15,25329.85,25333.7,
NSE,NIFTY,2025-09-19,13:25:00,25333.75,25336.5,25329.65,25335.95,
NSE,NIFTY,2025-09-19,13:30:00,25334.4,25346,25332.2,25343.6,
NSE,NIFTY,2025-09-19,13:35:00,25344.25,25349.5,25338.5,25349.4,
NSE,NIFTY,2025-09-19,13:40:00,25349.55,25359.05,25327.65,25339.3,
NSE,NIFTY,2025-09-19,13:45:00,25339.15,25345.35,25337.1,25343.5,
NSE,NIFTY,2025-09-19,13:50:00,25343.6,25344.7,25332.75,25339.35,
NSE,NIFTY,2025-09-19,13:55:00,25340.05,25348.2,25338.25,25345.2,
NSE,NIFTY,2025-09-19,14:00:00,25345.95,25345.95,25334.7,25344.85,
NSE,NIFTY,2025-09-19,14:05:00,25344.55,25359.55,25342.5,25342.5,
NSE,NIFTY,2025-09-19,14:10:00,25341.4,25348.4,25341.2,25348.1,
NSE,NIFTY,2025-09-19,14:15:00,25346.8,25355.85,25345.55,25353.85,
NSE,NIFTY,2025-09-19,14:20:00,25353.3,25360,25330,25330.65,
NSE,NIFTY,2025-09-19,14:25:00,25329.55,25339.8,25329.55,25332.25,
NSE,NIFTY,2025-09-19,14:30:00,25332.95,25335.8,25326.3,25328.15,
NSE,NIFTY,2025-09-19,14:35:00,25328.2,25341.1,25323.7,25337.5,
NSE,NIFTY,2025-09-19,14:40:00,25337.3,25343.35,25334.5,25342.25,
NSE,NIFTY,2025-09-19,14:45:00,25342,25350.65,25340.25,25342.9,
NSE,NIFTY,2025-09-19,14:50:00,25346.5,25351.4,25342.2,25347.8,
NSE,NIFTY,2025-09-19,14:55:00,25347.6,25359.1,25344.75,25355.6,
NSE,NIFTY,2025-09-19,15:00:00,25355.25,25360.4,25343.5,25344.9,
NSE,NIFTY,2025-09-19,15:05:00,25344.95,25345.95,25316.1,25316.65,
NSE,NIFTY,2025-09-19,15:10:00,25315.75,25324.85,25308.85,25310.2,
NSE,NIFTY,2025-09-19,15:15:00,25309.45,25320.2,25306.1,25316.7,
NSE,NIFTY,2025-09-19,15:20:00,25317.15,25334.55,25315.05,25331.95,
NSE,NIFTY,2025-09-19,15:25:00,25331.65,25336.8,25328.35,25334.65,
NSE,NIFTY,2025-09-19,15:30:00,25334.45,25359,25329.85,25353,
NSE,NIFTY,2025-09-19,15:35:00,25353,25353,25327.05,25327.05,
NSE,NIFTY,2025-09-19,15:40:00,25327.05,25327.05,25327.05,25327.05,
NSE,NIFTY,2025-09-19,15:45:00,25327.05,25327.05,25327.05,25327.05,
NSE,NIFTY,2025-09-19,15:50:00,25327.05,25327.05,25327.05,25327.05,
NSE,NIFTY,2025-09-19,15:55:00,25327.05,25327.05,25327.05,25327.05,
NSE,NIFTY,2025-09-19,16:00:00,25327.05,25327.05,25327.05,25327.05,
NSE,NIFTY,2025-09-22,07:30:00,25327.05,25327.05,25327.05,25327.05,
NSE,NIFTY,2025-09-22,07:35:00,25327.05,25327.05,25327.05,25327.05,
NSE,NIFTY,2025-09-22,07:40:00,25327.05,25327.05,25327.05,25327.05,
NSE,NIFTY,2025-09-22,07:45:00,25327.05,25327.05,25327.05,25327.05,
NSE,NIFTY,2025-09-22,07:50:00,25327.05,25327.05,25327.05,25327.05,
NSE,NIFTY,2025-09-22,07:55:00,25327.05,25327.05,25327.05,25327.05,
NSE,NIFTY,2025-09-22,08:00:00,25327.05,25327.05,25327.05,25327.05,
NSE,NIFTY,2025-09-22,08:05:00,25327.05,25327.05,25327.05,25327.05,
NSE,NIFTY,2025-09-22,08:10:00,25327.05,25327.05,25327.05,25327.05,
NSE,NIFTY,2025-09-22,08:15:00,25327.05,25327.05,25327.05,25327.05,
NSE,NIFTY,2025-09-22,08:20:00,25327.05,25327.05,25327.05,25327.05,
NSE,NIFTY,2025-09-22,08:25:00,25327.05,25327.05,25327.05,25327.05,
NSE,NIFTY,2025-09-22,08:30:00,25327.05,25327.05,25327.05,25327.05,
NSE,NIFTY,2025-09-22,08:35:00,25327.05,25327.05,25327.05,25327.05,
NSE,NIFTY,2025-09-22,08:40:00,25327.05,25327.05,25327.05,25327.05,
NSE,NIFTY,2025-09-22,08:45:00,25327.05,25327.05,25327.05,25327.05,
NSE,NIFTY,2025-09-22,08:50:00,25327.05,25327.05,25327.05,25327.05,
NSE,NIFTY,2025-09-22,08:55:00,25327.05,25327.05,25327.05,25327.05,
NSE,NIFTY,2025-09-22,09:00:00,25327.05,25327.05,24723,25133.45,
NSE,NIFTY,2025-09-22,09:05:00,25130.4,25267.7,25113.45,25232.95,
NSE,NIFTY,2025-09-22,09:10:00,25232.95,25273.85,25223.2,25238.1,
NSE,NIFTY,2025-09-22,09:15:00,25238.1,25262.9,25238.1,25258.9,
NSE,NIFTY,2025-09-22,09:20:00,25262.3,25262.55,25212.35,25251.95,
NSE,NIFTY,2025-09-22,09:25:00,25252.05,25281.15,25251,25278.55,
NSE,NIFTY,2025-09-22,09:30:00,25279,25290.9,25267.45,25287.4,
NSE,NIFTY,2025-09-22,09:35:00,25286.35,25301.4,25283.15,25301,
NSE,NIFTY,2025-09-22,09:40:00,25301.5,25315.6,25298.75,25313.1,
NSE,NIFTY,2025-09-22,09:45:00,25313.7,25321.45,25306.85,25317.85,
NSE,NIFTY,2025-09-22,09:50:00,25318.2,25330.6,25311.25,25315.6,
NSE,NIFTY,2025-09-22,09:55:00,25314.7,25317.35,25285.2,25293.1,
NSE,NIFTY,2025-09-22,10:00:00,25293.35,25318.9,25293.15,25316.8,
NSE,NIFTY,2025-09-22,10:05:00,25316.6,25319.75,25309.15,25311.95,
NSE,NIFTY,2025-09-22,10:10:00,25312.3,25324.45,25312.3,25315.1,
NSE,NIFTY,2025-09-22,10:15:00,25315.6,25322.1,25314.25,25315.85,
NSE,NIFTY,2025-09-22,10:20:00,25314.2,25318.65,25309.8,25313.3,
NSE,NIFTY,2025-09-22,10:25:00,25313.9,25314.4,25298.05,25305.45,
NSE,NIFTY,2025-09-22,10:30:00,25304.7,25314.4,25301.25,25312.35,
NSE,NIFTY,2025-09-22,10:35:00,25312.2,25322.25,25311.25,25315.75,
NSE,NIFTY,2025-09-22,10:40:00,25315.85,25320.7,25314.35,25316.3,
NSE,NIFTY,2025-09-22,10:45:00,25316.25,25317.7,25307.9,25314.3,
NSE,NIFTY,2025-09-22,10:50:00,25312.4,25315.15,25306.15,25307.6,
NSE,NIFTY,2025-09-22,10:55:00,25306.9,25311,25298.4,25308.5,
NSE,NIFTY,2025-09-22,11:00:00,25308.5,25312.65,25304.4,25311.75,
NSE,NIFTY,2025-09-22,11:05:00,25311.6,25314.15,25298.6,25299.5,
NSE,NIFTY,2025-09-22,11:10:00,25298.8,25301.15,25294.75,25296.35,
NSE,NIFTY,2025-09-22,11:15:00,25296.45,25297.6,25291.3,25296.15,
NSE,NIFTY,2025-09-22,11:20:00,25295.9,25297.4,25285.7,25288.4,
NSE,NIFTY,2025-09-22,11:25:00,25288.55,25288.55,25272.3,25282.1,
NSE,NIFTY,2025-09-22,11:30:00,25282.05,25286.1,25276.45,25281.75,
NSE,NIFTY,2025-09-22,11:35:00,25280.35,25282.45,25268.2,25271.7,
NSE,NIFTY,2025-09-22,11:40:00,25272,25275.95,25266.9,25274.35,
NSE,NIFTY,2025-09-22,11:45:00,25274.5,25293.6,25271.55,25291.8,
NSE,NIFTY,2025-09-22,11:50:00,25292.5,25294.9,25286.05,25289.7,
NSE,NIFTY,2025-09-22,11:55:00,25289.05,25298.4,25286.6,25291.05,
NSE,NIFTY,2025-09-22,12:00:00,25290.35,25299.45,25287.65,25292.25,
NSE,NIFTY,2025-09-22,12:05:00,25290.7,25292.2,25277.85,25287.9,
NSE,NIFTY,2025-09-22,12:10:00,25286.7,25300.05,25278.95,25280.25,
NSE,NIFTY,2025-09-22,12:15:00,25280.55,25293.25,25276.65,25287,
NSE,NIFTY,2025-09-22,12:20:00,25288.25,25298.2,25286.25,25291.1,
NSE,NIFTY,2025-09-22,12:25:00,25292.1,25297.55,25288.35,25290.15,
NSE,NIFTY,2025-09-22,12:30:00,25290.65,25295.7,25283.35,25288.6,
NSE,NIFTY,2025-09-22,12:35:00,25288.6,25291.1,25285.4,25287.45,
NSE,NIFTY,2025-09-22,12:40:00,25287.15,25297.6,25286.9,25292.7,
NSE,NIFTY,2025-09-22,12:45:00,25293.2,25307.7,25290.5,25306.45,
NSE,NIFTY,2025-09-22,12:50:00,25305.35,25310.5,25302.2,25303.3,
NSE,NIFTY,2025-09-22,12:55:00,25302.8,25309,25294.3,25301.9,
NSE,NIFTY,2025-09-22,13:00:00,25301.4,25307.9,25297.15,25302.25,
NSE,NIFTY,2025-09-22,13:05:00,25303.55,25317.3,25300.55,25307,
NSE,NIFTY,2025-09-22,13:10:00,25307.7,25312.9,25302.55,25306.4,
NSE,NIFTY,2025-09-22,13:15:00,25305.9,25308.8,25299.75,25304.65,
NSE,NIFTY,2025-09-22,13:20:00,25304.5,25306.25,25283.15,25285.4,
NSE,NIFTY,2025-09-22,13:25:00,25283.75,25292.15,25276.45,25277.1,
NSE,NIFTY,2025-09-22,13:30:00,25277.75,25286.85,25274.2,25283.65,
NSE,NIFTY,2025-09-22,13:35:00,25283.2,25289.65,25268.15,25275.45,
NSE,NIFTY,2025-09-22,13:40:00,25275.85,25283.85,25273.8,25278.55,
NSE,NIFTY,2025-09-22,13:45:00,25279.35,25284.1,25274.1,25274.3,
NSE,NIFTY,2025-09-22,13:50:00,25274.75,25288.8,25274,25284.75,
NSE,NIFTY,2025-09-22,13:55:00,25283.35,25285.5,25269.4,25270.2,
NSE,NIFTY,2025-09-22,14:00:00,25271.15,25274.4,25252.2,25257.35,
NSE,NIFTY,2025-09-22,14:05:00,25258.05,25264.35,25255.7,25259.5,
NSE,NIFTY,2025-09-22,14:10:00,25259.7,25289.25,25256.9,25270.5,
NSE,NIFTY,2025-09-22,14:15:00,25269.65,25276.7,25269.5,25273.85,
NSE,NIFTY,2025-09-22,14:20:00,25274.4,25278.6,25269.9,25270.3,
NSE,NIFTY,2025-09-22,14:25:00,25270,25273.05,25264.45,25265.2,
NSE,NIFTY,2025-09-22,14:30:00,25263.5,25265.05,25248.5,25250.75,
NSE,NIFTY,2025-09-22,14:35:00,25251.4,25251.6,25226.95,25229.95,
NSE,NIFTY,2025-09-22,14:40:00,25230.7,25232.5,25205.9,25208.75,
NSE,NIFTY,2025-09-22,14:45:00,25208.3,25208.3,25181.3,25184.05,
NSE,NIFTY,2025-09-22,14:50:00,25182.2,25183.6,25151.6,25176.9,
NSE,NIFTY,2025-09-22,14:55:00,25176.7,25200.05,25176.6,25196.4,
NSE,NIFTY,2025-09-22,15:00:00,25196.8,25201.85,25174.4,25192.95,
NSE,NIFTY,2025-09-22,15:05:00,25192.35,25221.9,25191.2,25206.25,
NSE,NIFTY,2025-09-22,15:10:00,25207.05,25214.45,25194.95,25195.85,
NSE,NIFTY,2025-09-22,15:15:00,25196.45,25203.8,25191.1,25199.75,
NSE,NIFTY,2025-09-22,15:20:00,25200.7,25200.7,25190.65,25192.5,
NSE,NIFTY,2025-09-22,15:25:00,25192.05,25212.85,25190.8,25211,
NSE,NIFTY,2025-09-22,15:30:00,25211.5,25211.7,25201.7,25201.7,
NSE,NIFTY,2025-09-22,15:35:00,25203.8,25208,25198.5,25202.35,
NSE,NIFTY,2025-09-22,15:40:00,25202.35,25202.35,25202.35,25202.35,
NSE,NIFTY,2025-09-22,15:45:00,25202.35,25202.35,25202.35,25202.35,
NSE,NIFTY,2025-09-22,15:50:00,25202.35,25202.35,25202.35,25202.35,
NSE,NIFTY,2025-09-22,15:55:00,25202.35,25202.35,25202.35,25202.35,
NSE,NIFTY,2025-09-22,16:00:00,25202.35,25202.35,25202.35,25202.35,
NSE,NIFTY,2025-09-23,07:30:00,25202.35,25202.35,25202.35,25202.35,
NSE,NIFTY,2025-09-23,07:35:00,25202.35,25202.35,25202.35,25202.35,
NSE,NIFTY,2025-09-23,07:40:00,25202.35,25202.35,25202.35,25202.35,
NSE,NIFTY,2025-09-23,07:45:00,25202.35,25202.35,25202.35,25202.35,
NSE,NIFTY,2025-09-23,07:50:00,25202.35,25202.35,25202.35,25202.35,
NSE,NIFTY,2025-09-23,07:55:00,25202.35,25202.35,25202.35,25202.35,
NSE,NIFTY,2025-09-23,08:00:00,25202.35,25202.35,25202.35,25202.35,
NSE,NIFTY,2025-09-23,08:05:00,25202.35,25202.35,25202.35,25202.35,
NSE,NIFTY,2025-09-23,08:10:00,25202.35,25202.35,25202.35,25202.35,
NSE,NIFTY,2025-09-23,08:15:00,25202.35,25202.35,25202.35,25202.35,
NSE,NIFTY,2025-09-23,08:20:00,25202.35,25202.35,25202.35,25202.35,
NSE,NIFTY,2025-09-23,08:25:00,25202.35,25202.35,25202.35,25202.35,
NSE,NIFTY,2025-09-23,08:30:00,25202.35,25202.35,25202.35,25202.35,
NSE,NIFTY,2025-09-23,08:35:00,25202.35,25202.35,25202.35,25202.35,
NSE,NIFTY,2025-09-23,08:40:00,25202.35,25202.35,25202.35,25202.35,
NSE,NIFTY,2025-09-23,08:45:00,25202.35,25202.35,25202.35,25202.35,
NSE,NIFTY,2025-09-23,08:50:00,25202.35,25202.35,25202.35,25202.35,
NSE,NIFTY,2025-09-23,08:55:00,25202.35,25202.35,25202.35,25202.35,
NSE,NIFTY,2025-09-23,09:00:00,25202.35,25202.35,24932.3,24963.75,
NSE,NIFTY,2025-09-23,09:05:00,24978,25213.55,24975.15,25209.1,
NSE,NIFTY,2025-09-23,09:10:00,25212.8,25241.25,25209,25209,
NSE,NIFTY,2025-09-23,09:15:00,25209,25248.6,25209,25234.95,
NSE,NIFTY,2025-09-23,09:20:00,25235.45,25246.4,25212.1,25235.6,
NSE,NIFTY,2025-09-23,09:25:00,25235.75,25247.2,25202.6,25204.6,
NSE,NIFTY,2025-09-23,09:30:00,25206,25222.05,25172.6,25172.6,
NSE,NIFTY,2025-09-23,09:35:00,25173.2,25175.55,25161.1,25168.7,
NSE,NIFTY,2025-09-23,09:40:00,25168.85,25176,25155,25175.45,
NSE,NIFTY,2025-09-23,09:45:00,25176.3,25178.75,25134.3,25144.25,
NSE,NIFTY,2025-09-23,09:50:00,25143.1,25143.55,25116.5,25117.9,
NSE,NIFTY,2025-09-23,09:55:00,25118.05,25133.7,25110.3,25127.6,
NSE,NIFTY,2025-09-23,10:00:00,25127.25,25148.85,25123.9,25138.15,
NSE,NIFTY,2025-09-23,10:05:00,25137.75,25153.25,25136.8,25151.65,
NSE,NIFTY,2025-09-23,10:10:00,25150.9,25163.9,25144.45,25157.4,
NSE,NIFTY,2025-09-23,10:15:00,25157.5,25159.05,25145.7,25152.65,
NSE,NIFTY,2025-09-23,10:20:00,25152.45,25154.35,25127.85,25128.45,
NSE,NIFTY,2025-09-23,10:25:00,25128.45,25130.1,25111,25113.35,
NSE,NIFTY,2025-09-23,10:30:00,25112.9,25131.4,25111.5,25129.05,
NSE,NIFTY,2025-09-23,10:35:00,25128.85,25132.6,25117.65,25121.55,
NSE,NIFTY,2025-09-23,10:40:00,25121.65,25138.7,25118.8,25136.3,
NSE,NIFTY,2025-09-23,10:45:00,25136,25137.45,25127.85,25136.7,
NSE,NIFTY,2025-09-23,10:50:00,25136.45,25137.4,25123.2,25125.9,
NSE,NIFTY,2025-09-23,10:55:00,25126.25,25130.15,25119.6,25121.7,
NSE,NIFTY,2025-09-23,11:00:00,25121.8,25131.8,25117,25119.65,
NSE,NIFTY,2025-09-23,11:05:00,25120.05,25139.15,25120.05,25127.55,
NSE,NIFTY,2025-09-23,11:10:00,25127.75,25132.65,25117.35,25124.05,
NSE,NIFTY,2025-09-23,11:15:00,25123.8,25124.55,25100.35,25100.65,
NSE,NIFTY,2025-09-23,11:20:00,25101.15,25102.6,25084.85,25088.9,
NSE,NIFTY,2025-09-23,11:25:00,25089.15,25101.75,25088.6,25101.65,
NSE,NIFTY,2025-09-23,11:30:00,25101.05,25107.75,25096.2,25098.8,
NSE,NIFTY,2025-09-23,11:35:00,25098.85,25101.2,25094.75,25097.35,
NSE,NIFTY,2025-09-23,11:40:00,25097.2,25101.3,25090.8,25091.4,
NSE,NIFTY,2025-09-23,11:45:00,25091.4,25105.15,25084.8,25105.15,
NSE,NIFTY,2025-09-23,11:50:00,25104.75,25112.8,25104,25108.1,
NSE,NIFTY,2025-09-23,11:55:00,25107.85,25117.75,25104.9,25112.55,
NSE,NIFTY,2025-09-23,12:00:00,25112.15,25127.1,25109.6,25114.9,
NSE,NIFTY,2025-09-23,12:05:00,25114.7,25121.7,25111.35,25118.55,
NSE,NIFTY,2025-09-23,12:10:00,25118.25,25132.85,25113.8,25128.95,
NSE,NIFTY,2025-09-23,12:15:00,25129.05,25133.55,25126.15,25132.35,
NSE,NIFTY,2025-09-23,12:20:00,25132.25,25148.45,25131.9,25135.25,
NSE,NIFTY,2025-09-23,12:25:00,25134.85,25144.6,25132,25141.1,
NSE,NIFTY,2025-09-23,12:30:00,25145.15,25159.35,25136.5,25158.15,
NSE,NIFTY,2025-09-23,12:35:00,25157.25,25189.5,25154.7,25188.1,
NSE,NIFTY,2025-09-23,12:40:00,25187.9,25221.75,25185.45,25216.5,
NSE,NIFTY,2025-09-23,12:45:00,25216.2,25223.8,25195.25,25206.25,
NSE,NIFTY,2025-09-23,12:50:00,25202.45,25203.5,25173.85,25190.1,
NSE,NIFTY,2025-09-23,12:55:00,25189.75,25194.85,25178.3,25192.05,
NSE,NIFTY,2025-09-23,13:00:00,25191.6,25193.4,25183.3,25186.05,
NSE,NIFTY,2025-09-23,13:05:00,25185.85,25209.9,25178.8,25203.4,
NSE,NIFTY,2025-09-23,13:10:00,25203.05,25209.8,25195.1,25203.6,
NSE,NIFTY,2025-09-23,13:15:00,25202.4,25204.1,25187.95,25194.25,
NSE,NIFTY,2025-09-23,13:20:00,25195.1,25201.4,25191.05,25198.35,
NSE,NIFTY,2025-09-23,13:25:00,25198.45,25202.25,25192.1,25194.8,
NSE,NIFTY,2025-09-23,13:30:00,25195.25,25216.65,25190.95,25215.25,
NSE,NIFTY,2025-09-23,13:35:00,25215.1,25244.25,25212.45,25233.85,
NSE,NIFTY,2025-09-23,13:40:00,25233.05,25235.3,25209.2,25225.2,
NSE,NIFTY,2025-09-23,13:45:00,25225.65,25227.6,25214.8,25218.35,
NSE,NIFTY,2025-09-23,13:50:00,25217.55,25230.5,25214.55,25226.4,
NSE,NIFTY,2025-09-23,13:55:00,25226.65,25237.55,25219.45,25221.6,
NSE,NIFTY,2025-09-23,14:00:00,25222.05,25224.2,25205.2,25205.9,
NSE,NIFTY,2025-09-23,14:05:00,25205.45,25231.65,25202.15,25226.05,
NSE,NIFTY,2025-09-23,14:10:00,25226.2,25261.6,25225.3,25252.3,
NSE,NIFTY,2025-09-23,14:15:00,25251.7,25254.7,25209.35,25214.15,
NSE,NIFTY,2025-09-23,14:20:00,25212.95,25220.65,25179.6,25211,
NSE,NIFTY,2025-09-23,14:25:00,25212.15,25225.55,25190.4,25221.2,
NSE,NIFTY,2025-09-23,14:30:00,25221.55,25222.15,25203.8,25207.45,
NSE,NIFTY,2025-09-23,14:35:00,25207.5,25212.8,25196.95,25206.4,
NSE,NIFTY,2025-09-23,14:40:00,25207.6,25236.25,25196.85,25203.25,
NSE,NIFTY,2025-09-23,14:45:00,25207.5,25224.2,25204.2,25220.9,
NSE,NIFTY,2025-09-23,14:50:00,25221.8,25221.8,25182.4,25195.85,
NSE,NIFTY,2025-09-23,14:55:00,25193,25204.9,25173.95,25194.1,
NSE,NIFTY,2025-09-23,15:00:00,25191.35,25195.25,25173.5,25194.3,
NSE,NIFTY,2025-09-23,15:05:00,25193.4,25195.4,25169.1,25169.1,
NSE,NIFTY,2025-09-23,15:10:00,25172.2,25184.35,25159.3,25167.4,
NSE,NIFTY,2025-09-23,15:15:00,25167.45,25170.85,25151,25170.85,
NSE,NIFTY,2025-09-23,15:20:00,25169.35,25184.9,25163.3,25164.15,
NSE,NIFTY,2025-09-23,15:25:00,25166.85,25169.15,25161.6,25166.85,
NSE,NIFTY,2025-09-23,15:30:00,25166.6,25175.65,25164.45,25173.65,
NSE,NIFTY,2025-09-23,15:35:00,25174.25,25185.8,25168.5,25169.5,
NSE,NIFTY,2025-09-23,15:40:00,25169.5,25169.5,25169.5,25169.5,
NSE,NIFTY,2025-09-23,15:45:00,25169.5,25169.5,25169.5,25169.5,
NSE,NIFTY,2025-09-23,15:50:00,25169.5,25169.5,25169.5,25169.5,
NSE,NIFTY,2025-09-23,15:55:00,25169.5,25169.5,25169.5,25169.5,
NSE,NIFTY,2025-09-23,16:00:00,25169.5,25169.5,25169.5,25169.5,
NSE,NIFTY,2025-09-24,07:30:00,25169.5,25169.5,25169.5,25169.5,
NSE,NIFTY,2025-09-24,07:35:00,25169.5,25169.5,25169.5,25169.5,
NSE,NIFTY,2025-09-24,07:40:00,25169.5,25169.5,25169.5,25169.5,
NSE,NIFTY,2025-09-24,07:45:00,25169.5,25169.5,25169.5,25169.5,
NSE,NIFTY,2025-09-24,07:50:00,25169.5,25169.5,25169.5,25169.5,
NSE,NIFTY,2025-09-24,07:55:00,25169.5,25169.5,25169.5,25169.5,
NSE,NIFTY,2025-09-24,08:00:00,25169.5,25169.5,25169.5,25169.5,
NSE,NIFTY,2025-09-24,08:05:00,25169.5,25169.5,25169.5,25169.5,
NSE,NIFTY,2025-09-24,08:10:00,25169.5,25169.5,25169.5,25169.5,
NSE,NIFTY,2025-09-24,08:15:00,25169.5,25169.5,25169.5,25169.5,
NSE,NIFTY,2025-09-24,08:20:00,25169.5,25169.5,25169.5,25169.5,
NSE,NIFTY,2025-09-24,08:25:00,25169.5,25169.5,25169.5,25169.5,
NSE,NIFTY,2025-09-24,08:30:00,25169.5,25169.5,25169.5,25169.5,
NSE,NIFTY,2025-09-24,08:35:00,25169.5,25169.5,25169.5,25169.5,
NSE,NIFTY,2025-09-24,08:40:00,25169.5,25169.5,25169.5,25169.5,
NSE,NIFTY,2025-09-24,08:45:00,25169.5,25169.5,25169.5,25169.5,
NSE,NIFTY,2025-09-24,08:50:00,25169.5,25169.5,25169.5,25169.5,
NSE,NIFTY,2025-09-24,08:55:00,25169.5,25169.5,25169.5,25169.5,
NSE,NIFTY,2025-09-24,09:00:00,25169.5,25169.5,24788.55,24943.5,
NSE,NIFTY,2025-09-24,09:05:00,24941.5,25153.6,24932.1,25105.75,
NSE,NIFTY,2025-09-24,09:10:00,25107.75,25118.8,25093.45,25108.75,
NSE,NIFTY,2025-09-24,09:15:00,25108.75,25146.25,25108.75,25118.75,
NSE,NIFTY,2025-09-24,09:20:00,25119.65,25121.55,25088.25,25092.9,
NSE,NIFTY,2025-09-24,09:25:00,25092.7,25099.6,25063.8,25079.25,
NSE,NIFTY,2025-09-24,09:30:00,25077.85,25084.05,25062.6,25062.6,
NSE,NIFTY,2025-09-24,09:35:00,25063.2,25083.8,25054.7,25067.55,
NSE,NIFTY,2025-09-24,09:40:00,25067.6,25077.65,25062.15,25073.5,
NSE,NIFTY,2025-09-24,09:45:00,25073.1,25077.65,25050.55,25056.05,
NSE,NIFTY,2025-09-24,09:50:00,25056.75,25076.8,25051.45,25075,
NSE,NIFTY,2025-09-24,09:55:00,25075.35,25082.5,25069.25,25082.35,
NSE,NIFTY,2025-09-24,10:00:00,25083.7,25092.9,25080,25089.75,
NSE,NIFTY,2025-09-24,10:05:00,25090.75,25104.05,25084.5,25103.25,
NSE,NIFTY,2025-09-24,10:10:00,25103.95,25107.95,25097.45,25098.15,
NSE,NIFTY,2025-09-24,10:15:00,25098.15,25108.35,25090.3,25095.8,
NSE,NIFTY,2025-09-24,10:20:00,25095.2,25112.65,25093.7,25107.15,
NSE,NIFTY,2025-09-24,10:25:00,25106.55,25114.1,25098,25102.7,
NSE,NIFTY,2025-09-24,10:30:00,25103.45,25108.75,25094,25094.45,
NSE,NIFTY,2025-09-24,10:35:00,25096.15,25104.35,25090.25,25094.5,
NSE,NIFTY,2025-09-24,10:40:00,25094.7,25097.9,25088.85,25095.2,
NSE,NIFTY,2025-09-24,10:45:00,25094.7,25095.9,25072.4,25075.7,
NSE,NIFTY,2025-09-24,10:50:00,25076.35,25076.35,25068.65,25071.15,
NSE,NIFTY,2025-09-24,10:55:00,25070.9,25075.85,25067.6,25073.45,
NSE,NIFTY,2025-09-24,11:00:00,25073.6,25076.75,25066.05,25075.75,
NSE,NIFTY,2025-09-24,11:05:00,25075.85,25078.05,25050.95,25050.95,
NSE,NIFTY,2025-09-24,11:10:00,25051.15,25057,25029,25029.5,
NSE,NIFTY,2025-09-24,11:15:00,25027.95,25048.75,25027.9,25048.7,
NSE,NIFTY,2025-09-24,11:20:00,25050.05,25062.45,25049.15,25056.65,
NSE,NIFTY,2025-09-24,11:25:00,25056.3,25058,25051.8,25055,
NSE,NIFTY,2025-09-24,11:30:00,25055.2,25061.4,25052.6,25061.15,
NSE,NIFTY,2025-09-24,11:35:00,25061.75,25069.4,25060.95,25067.4,
NSE,NIFTY,2025-09-24,11:40:00,25067.5,25071.05,25062.85,25063.35,
NSE,NIFTY,2025-09-24,11:45:00,25063.65,25078,25062.4,25070.55,
NSE,NIFTY,2025-09-24,11:50:00,25070.7,25077.45,25066.3,25076.15,
NSE,NIFTY,2025-09-24,11:55:00,25075.9,25082.1,25071.65,25071.95,
NSE,NIFTY,2025-09-24,12:00:00,25072.45,25081.15,25069.45,25075.8,
NSE,NIFTY,2025-09-24,12:05:00,25075.25,25080.65,25072.35,25073.35,
NSE,NIFTY,2025-09-24,12:10:00,25072,25072.15,25058.65,25067.65,
NSE,NIFTY,2025-09-24,12:15:00,25067.8,25088.5,25065.25,25088.5,
NSE,NIFTY,2025-09-24,12:20:00,25088.35,25096.45,25086.75,25095.1,
NSE,NIFTY,2025-09-24,12:25:00,25095.15,25104.3,25092.5,25104.3,
NSE,NIFTY,2025-09-24,12:30:00,25104,25104.65,25090.95,25095.65,
NSE,NIFTY,2025-09-24,12:35:00,25095.7,25105.65,25089.1,25091.95,
NSE,NIFTY,2025-09-24,12:40:00,25092,25111.5,25092,25098.7,
NSE,NIFTY,2025-09-24,12:45:00,25098.65,25104.05,25093.3,25093.6,
NSE,NIFTY,2025-09-24,12:50:00,25094.3,25096.6,25085.6,25088.65,
NSE,NIFTY,2025-09-24,12:55:00,25088,25103.8,25087.25,25102.25,
NSE,NIFTY,2025-09-24,13:00:00,25100.95,25114,25100.85,25114,
NSE,NIFTY,2025-09-24,13:05:00,25113.6,25125.45,25112.9,25121.4,
NSE,NIFTY,2025-09-24,13:10:00,25121.2,25124.85,25117.75,25123,
NSE,NIFTY,2025-09-24,13:15:00,25122.5,25134.7,25116.25,25132.15,
NSE,NIFTY,2025-09-24,13:20:00,25132,25142.05,25125.8,25133.2,
NSE,NIFTY,2025-09-24,13:25:00,25136.6,25136.6,25125.35,25132.15,
NSE,NIFTY,2025-09-24,13:30:00,25131.65,25138.85,25125.25,25135.2,
NSE,NIFTY,2025-09-24,13:35:00,25135.05,25139.05,25127.55,25132.95,
NSE,NIFTY,2025-09-24,13:40:00,25133.35,25140.65,25130.4,25135.1,
NSE,NIFTY,2025-09-24,13:45:00,25136.3,25138.45,25126.5,25128.95,
NSE,NIFTY,2025-09-24,13:50:00,25128.5,25131.65,25116.3,25116.65,
NSE,NIFTY,2025-09-24,13:55:00,25115.9,25135.8,25113.05,25132.7,
NSE,NIFTY,2025-09-24,14:00:00,25132.8,25136.1,25110.4,25114.35,
NSE,NIFTY,2025-09-24,14:05:00,25113.7,25119.45,25111.7,25114.75,
NSE,NIFTY,2025-09-24,14:10:00,25114.1,25117.3,25105.45,25105.45,
NSE,NIFTY,2025-09-24,14:15:00,25106.75,25112.5,25096,25103.7,
NSE,NIFTY,2025-09-24,14:20:00,25102.85,25116.4,25097.55,25102.65,
NSE,NIFTY,2025-09-24,14:25:00,25103.4,25103.6,25084.95,25088,
NSE,NIFTY,2025-09-24,14:30:00,25087.45,25093.35,25084.35,25085.3,
NSE,NIFTY,2025-09-24,14:35:00,25088.45,25091.05,25071.8,25077,
NSE,NIFTY,2025-09-24,14:40:00,25077.4,25101.85,25077.4,25092.15,
NSE,NIFTY,2025-09-24,14:45:00,25091.6,25096.85,25051.15,25069.8,
NSE,NIFTY,2025-09-24,14:50:00,25069.05,25071.95,25061.1,25069.95,
NSE,NIFTY,2025-09-24,14:55:00,25068.85,25071.5,25064.1,25068.9,
NSE,NIFTY,2025-09-24,15:00:00,25068.8,25071.3,25047,25047.45,
NSE,NIFTY,2025-09-24,15:05:00,25045.3,25055.25,25039.55,25052.15,
NSE,NIFTY,2025-09-24,15:10:00,25051.25,25070.2,25051.15,25061.55,
NSE,NIFTY,2025-09-24,15:15:00,25060.35,25064.4,25050.8,25051.7,
NSE,NIFTY,2025-09-24,15:20:00,25052.25,25061.85,25051.5,25057.45,
NSE,NIFTY,2025-09-24,15:25:00,25057.2,25066.35,25054,25063.5,
NSE,NIFTY,2025-09-24,15:30:00,25063.1,25067.25,25058.5,25060.55,
NSE,NIFTY,2025-09-24,15:35:00,25060.55,25060.55,25056.9,25056.9,
NSE,NIFTY,2025-09-24,15:40:00,25056.9,25056.9,25056.9,25056.9,
NSE,NIFTY,2025-09-24,15:45:00,25056.9,25056.9,25056.9,25056.9,
NSE,NIFTY,2025-09-24,15:50:00,25056.9,25056.9,25056.9,25056.9,
NSE,NIFTY,2025-09-24,15:55:00,25056.9,25056.9,25056.9,25056.9,
NSE,NIFTY,2025-09-24,16:00:00,25056.9,25056.9,25056.9,25056.9,
NSE,NIFTY,2025-09-25,07:30:00,25056.9,25056.9,25056.9,25056.9,
NSE,NIFTY,2025-09-25,07:35:00,25056.9,25056.9,25056.9,25056.9,
NSE,NIFTY,2025-09-25,07:40:00,25056.9,25056.9,25056.9,25056.9,
NSE,NIFTY,2025-09-25,07:45:00,25056.9,25056.9,25056.9,25056.9,
NSE,NIFTY,2025-09-25,07:50:00,25056.9,25056.9,25056.9,25056.9,
NSE,NIFTY,2025-09-25,07:55:00,25056.9,25056.9,25056.9,25056.9,
NSE,NIFTY,2025-09-25,08:00:00,25056.9,25056.9,25056.9,25056.9,
NSE,NIFTY,2025-09-25,08:05:00,25056.9,25056.9,25056.9,25056.9,
NSE,NIFTY,2025-09-25,08:10:00,25056.9,25056.9,25056.9,25056.9,
NSE,NIFTY,2025-09-25,08:15:00,25056.9,25056.9,25056.9,25056.9,
NSE,NIFTY,2025-09-25,08:20:00,25056.9,25056.9,25056.9,25056.9,
NSE,NIFTY,2025-09-25,08:25:00,25056.9,25056.9,25056.9,25056.9,
NSE,NIFTY,2025-09-25,08:30:00,25056.9,25056.9,25056.9,25056.9,
NSE,NIFTY,2025-09-25,08:35:00,25056.9,25056.9,25056.9,25056.9,
NSE,NIFTY,2025-09-25,08:40:00,25056.9,25056.9,25056.9,25056.9,
NSE,NIFTY,2025-09-25,08:45:00,25056.9,25056.9,25056.9,25056.9,
NSE,NIFTY,2025-09-25,08:50:00,25056.9,25056.9,25056.9,25056.9,
NSE,NIFTY,2025-09-25,08:55:00,25056.9,25056.9,25056.9,25056.9,
NSE,NIFTY,2025-09-25,09:00:00,25056.9,25056.9,24728.25,24850.65,
NSE,NIFTY,2025-09-25,09:05:00,24875,25006.5,24869.1,24999.9,
NSE,NIFTY,2025-09-25,09:10:00,25000.05,25059.1,24997.5,25034.5,
NSE,NIFTY,2025-09-25,09:15:00,25034.5,25041.55,25016.35,25018.5,
NSE,NIFTY,2025-09-25,09:20:00,25016.25,25056.45,25004.9,25052.9,
NSE,NIFTY,2025-09-25,09:25:00,25052.9,25086.9,25050,25084.1,
NSE,NIFTY,2025-09-25,09:30:00,25088.25,25092,25052.9,25052.9,
NSE,NIFTY,2025-09-25,09:35:00,25052.8,25081.3,25048.45,25056.2,
NSE,NIFTY,2025-09-25,09:40:00,25056.5,25074.9,25045,25070.6,
NSE,NIFTY,2025-09-25,09:45:00,25071.35,25082.6,25039.85,25040.25,
NSE,NIFTY,2025-09-25,09:50:00,25040.3,25046.4,25032.05,25036.55,
NSE,NIFTY,2025-09-25,09:55:00,25037.1,25055.9,25035.55,25052.85,
NSE,NIFTY,2025-09-25,10:00:00,25051.7,25060.2,25049.2,25054.55,
NSE,NIFTY,2025-09-25,10:05:00,25054.8,25054.8,25036.35,25039.6,
NSE,NIFTY,2025-09-25,10:10:00,25038.9,25040.45,25030.4,25035.45,
NSE,NIFTY,2025-09-25,10:15:00,25035.35,25044.05,25035.35,25042.1,
NSE,NIFTY,2025-09-25,10:20:00,25041.8,25048.6,25030.05,25044.2,
NSE,NIFTY,2025-09-25,10:25:00,25044.15,25048.8,25034.05,25039.55,
NSE,NIFTY,2025-09-25,10:30:00,25039.6,25047,25037.25,25043.85,
NSE,NIFTY,2025-09-25,10:35:00,25044.85,25053.8,25031.7,25031.9,
NSE,NIFTY,2025-09-25,10:40:00,25031.3,25032.05,25006.2,25012.25,
NSE,NIFTY,2025-09-25,10:45:00,25012,25019.3,25004.1,25005.9,
NSE,NIFTY,2025-09-25,10:50:00,25006.1,25011.5,25000,25008.9,
NSE,NIFTY,2025-09-25,10:55:00,25009.05,25018.65,25006.9,25014.4,
NSE,NIFTY,2025-09-25,11:00:00,25013.95,25018.7,25004.4,25018.7,
NSE,NIFTY,2025-09-25,11:05:00,25018.6,25018.6,25004.3,25005.75,
NSE,NIFTY,2025-09-25,11:10:00,25007,25018.35,25005.5,25015.3,
NSE,NIFTY,2025-09-25,11:15:00,25015.85,25033,25014.3,25026.85,
NSE,NIFTY,2025-09-25,11:20:00,25028.65,25031.45,25023.2,25025.85,
NSE,NIFTY,2025-09-25,11:25:00,25025.95,25044.9,25025.05,25036.1,
NSE,NIFTY,2025-09-25,11:30:00,25035.75,25036.95,25015.65,25030.1,
NSE,NIFTY,2025-09-25,11:35:00,25028.35,25029.75,25018.2,25020.7,
NSE,NIFTY,2025-09-25,11:40:00,25020,25021.7,25010.7,25011.5,
NSE,NIFTY,2025-09-25,11:45:00,25011.65,25013.75,24985.65,24992.8,
NSE,NIFTY,2025-09-25,11:50:00,24992.9,24996.95,24985.35,24990.35,
NSE,NIFTY,2025-09-25,11:55:00,24990.6,24991.4,24974.05,24986.95,
NSE,NIFTY,2025-09-25,12:00:00,24984.95,24998.85,24979.15,24985.75,
NSE,NIFTY,2025-09-25,12:05:00,24985,24988.55,24976,24984.55,
NSE,NIFTY,2025-09-25,12:10:00,24980.2,24982.7,24965.55,24973.2,
NSE,NIFTY,2025-09-25,12:15:00,24973.7,24988.45,24971.6,24978.75,
NSE,NIFTY,2025-09-25,12:20:00,24980.25,24990.45,24976.9,24987.2,
NSE,NIFTY,2025-09-25,12:25:00,24987.2,24999.4,24974.05,24980.6,
NSE,NIFTY,2025-09-25,12:30:00,24980.35,24993.6,24977.65,24978.6,
NSE,NIFTY,2025-09-25,12:35:00,24977.8,24985.3,24973.45,24977.65,
NSE,NIFTY,2025-09-25,12:40:00,24976.85,24987.8,24976.25,24987.25,
NSE,NIFTY,2025-09-25,12:45:00,24987.75,24988.8,24959.9,24964.05,
NSE,NIFTY,2025-09-25,12:50:00,24964.55,24979,24962.1,24967.85,
NSE,NIFTY,2025-09-25,12:55:00,24969.25,24981.2,24967.45,24979.15,
NSE,NIFTY,2025-09-25,13:00:00,24978.6,24986.65,24972.7,24985.65,
NSE,NIFTY,2025-09-25,13:05:00,24986.45,24996.05,24978.05,24994.85,
NSE,NIFTY,2025-09-25,13:10:00,24995.75,25010.4,24990.05,25008.85,
NSE,NIFTY,2025-09-25,13:15:00,25009.1,25009.1,24987.5,24989.5,
NSE,NIFTY,2025-09-25,13:20:00,24988.65,24999.15,24973.1,24987.4,
NSE,NIFTY,2025-09-25,13:25:00,24986.7,24988,24964.95,24967.2,
NSE,NIFTY,2025-09-25,13:30:00,24966.95,24978.95,24966.95,24976.6,
NSE,NIFTY,2025-09-25,13:35:00,24978.15,24991.75,24969.35,24971.85,
NSE,NIFTY,2025-09-25,13:40:00,24971.65,24986.55,24970.6,24982.45,
NSE,NIFTY,2025-09-25,13:45:00,24982.25,24995.1,24980.15,24994.1,
NSE,NIFTY,2025-09-25,13:50:00,24992.85,25004.05,24992,25001.3,
NSE,NIFTY,2025-09-25,13:55:00,25000.35,25003.5,24988.25,24995.15,
NSE,NIFTY,2025-09-25,14:00:00,24996.8,25000.6,24974.15,24987.3,
NSE,NIFTY,2025-09-25,14:05:00,24986.65,24986.65,24967.4,24974,
NSE,NIFTY,2025-09-25,14:10:00,24974.15,24980.55,24964.05,24967.7,
NSE,NIFTY,2025-09-25,14:15:00,24967.05,24968.4,24949.7,24966.6,
NSE,NIFTY,2025-09-25,14:20:00,24966,24973.05,24958.35,24963.75,
NSE,NIFTY,2025-09-25,14:25:00,24964.4,24971.25,24955.55,24957.3,
NSE,NIFTY,2025-09-25,14:30:00,24957.35,24984.75,24950.7,24953.45,
NSE,NIFTY,2025-09-25,14:35:00,24952.85,24959.7,24941,24942.7,
NSE,NIFTY,2025-09-25,14:40:00,24942.2,24965.3,24933.4,24949.25,
NSE,NIFTY,2025-09-25,14:45:00,24948.55,24954.4,24933.2,24938.95,
NSE,NIFTY,2025-09-25,14:50:00,24939.45,24949.75,24932.35,24940.45,
NSE,NIFTY,2025-09-25,14:55:00,24940.7,24943.7,24919.9,24934.7,
NSE,NIFTY,2025-09-25,15:00:00,24934.8,24935.8,24914.55,24917.45,
NSE,NIFTY,2025-09-25,15:05:00,24918.45,24921.15,24884.8,24887.75,
NSE,NIFTY,2025-09-25,15:10:00,24888,24889.6,24878.7,24885.95,
NSE,NIFTY,2025-09-25,15:15:00,24884.2,24900.2,24882.75,24889.1,
NSE,NIFTY,2025-09-25,15:20:00,24889.85,24905.35,24888.95,24900.45,
NSE,NIFTY,2025-09-25,15:25:00,24901.85,24902.6,24881.8,24890.85,
NSE,NIFTY,2025-09-25,15:30:00,24892.45,24905.75,24887.9,24904.8,
NSE,NIFTY,2025-09-25,15:35:00,24904.8,24904.8,24890.85,24890.85,
NSE,NIFTY,2025-09-25,15:40:00,24890.85,24890.85,24890.85,24890.85,
NSE,NIFTY,2025-09-25,15:45:00,24890.85,24890.85,24890.85,24890.85,
NSE,NIFTY,2025-09-25,15:50:00,24890.85,24890.85,24890.85,24890.85,
NSE,NIFTY,2025-09-25,15:55:00,24890.85,24890.85,24890.85,24890.85,
NSE,NIFTY,2025-09-25,16:00:00,24890.85,24890.85,24890.85,24890.85,
NSE,NIFTY,2025-09-26,07:30:00,24890.85,24890.85,24890.85,24890.85,
NSE,NIFTY,2025-09-26,07:35:00,24890.85,24890.85,24890.85,24890.85,
NSE,NIFTY,2025-09-26,07:40:00,24890.85,24890.85,24890.85,24890.85,
NSE,NIFTY,2025-09-26,07:45:00,24890.85,24890.85,24890.85,24890.85,
NSE,NIFTY,2025-09-26,07:50:00,24890.85,24890.85,24890.85,24890.85,
NSE,NIFTY,2025-09-26,07:55:00,24890.85,24890.85,24890.85,24890.85,
NSE,NIFTY,2025-09-26,08:00:00,24890.85,24890.85,24890.85,24890.85,
NSE,NIFTY,2025-09-26,08:05:00,24890.85,24890.85,24890.85,24890.85,
NSE,NIFTY,2025-09-26,08:10:00,24890.85,24890.85,24890.85,24890.85,
NSE,NIFTY,2025-09-26,08:15:00,24890.85,24890.85,24890.85,24890.85,
NSE,NIFTY,2025-09-26,08:20:00,24890.85,24890.85,24890.85,24890.85,
NSE,NIFTY,2025-09-26,08:25:00,24890.85,24890.85,24890.85,24890.85,
NSE,NIFTY,2025-09-26,08:30:00,24890.85,24890.85,24890.85,24890.85,
NSE,NIFTY,2025-09-26,08:35:00,24890.85,24890.85,24890.85,24890.85,
NSE,NIFTY,2025-09-26,08:40:00,24890.85,24890.85,24890.85,24890.85,
NSE,NIFTY,2025-09-26,08:45:00,24890.85,24890.85,24890.85,24890.85,
NSE,NIFTY,2025-09-26,08:50:00,24890.85,24890.85,24890.85,24890.85,
NSE,NIFTY,2025-09-26,08:55:00,24890.85,24890.85,24890.85,24890.85,
NSE,NIFTY,2025-09-26,09:00:00,24890.85,24890.85,24433.85,24719.9,
NSE,NIFTY,2025-09-26,09:05:00,24733.05,24828.4,24644.35,24805.2,
NSE,NIFTY,2025-09-26,09:10:00,24805.65,24829.15,24800,24818.55,
NSE,NIFTY,2025-09-26,09:15:00,24818.55,24855.5,24818.55,24831.2,
NSE,NIFTY,2025-09-26,09:20:00,24832.5,24841.45,24808.7,24810.35,
NSE,NIFTY,2025-09-26,09:25:00,24809.65,24825.6,24786.35,24821.8,
NSE,NIFTY,2025-09-26,09:30:00,24824.05,24826.85,24781.6,24781.95,
NSE,NIFTY,2025-09-26,09:35:00,24782.85,24786.1,24769.15,24775.2,
NSE,NIFTY,2025-09-26,09:40:00,24775.1,24784.65,24759.25,24781.35,
NSE,NIFTY,2025-09-26,09:45:00,24780.6,24787.05,24776.45,24782.5,
NSE,NIFTY,2025-09-26,09:50:00,24783.5,24817,24776.3,24816.25,
NSE,NIFTY,2025-09-26,09:55:00,24817.15,24817.8,24796.1,24807.65,
NSE,NIFTY,2025-09-26,10:00:00,24806.85,24826.2,24801.45,24809.95,
NSE,NIFTY,2025-09-26,10:05:00,24809,24809,24795.05,24798.15,
NSE,NIFTY,2025-09-26,10:10:00,24797.7,24799.7,24778.45,24781.9,
NSE,NIFTY,2025-09-26,10:15:00,24781.5,24785.15,24774.75,24779.95,
NSE,NIFTY,2025-09-26,10:20:00,24781.15,24791.95,24771.05,24779.3,
NSE,NIFTY,2025-09-26,10:25:00,24779,24799.75,24772.15,24799.5,
NSE,NIFTY,2025-09-26,10:30:00,24800.05,24808.25,24795.75,24797.1,
NSE,NIFTY,2025-09-26,10:35:00,24796.1,24797.25,24784,24793.6,
NSE,NIFTY,2025-09-26,10:40:00,24793.05,24796.25,24787.1,24795.9,
NSE,NIFTY,2025-09-26,10:45:00,24795.7,24803.8,24792.6,24803.6,
NSE,NIFTY,2025-09-26,10:50:00,24802.8,24805.25,24789.35,24795.85,
NSE,NIFTY,2025-09-26,10:55:00,24795.85,24805.7,24785.95,24786.55,
NSE,NIFTY,2025-09-26,11:00:00,24786.85,24789.05,24776.6,24778.05,
NSE,NIFTY,2025-09-26,11:05:00,24777.85,24778.6,24767.65,24769.05,
NSE,NIFTY,2025-09-26,11:10:00,24769.95,24785.7,24763.5,24782.55,
NSE,NIFTY,2025-09-26,11:15:00,24780.75,24784.15,24764.75,24767.65,
NSE,NIFTY,2025-09-26,11:20:00,24767.9,24768.05,24754.15,24754.4,
NSE,NIFTY,2025-09-26,11:25:00,24755.05,24766.45,24751.2,24763.6,
NSE,NIFTY,2025-09-26,11:30:00,24763.85,24769.5,24756.1,24765.6,
NSE,NIFTY,2025-09-26,11:35:00,24765.3,24767.45,24748.1,24754.25,
NSE,NIFTY,2025-09-26,11:40:00,24753.85,24758.95,24742.8,24747,
NSE,NIFTY,2025-09-26,11:45:00,24746.65,24758,24742.3,24757.9,
NSE,NIFTY,2025-09-26,11:50:00,24755,24759.75,24739.95,24755.5,
NSE,NIFTY,2025-09-26,11:55:00,24755,24774.75,24754.55,24773.3,
NSE,NIFTY,2025-09-26,12:00:00,24773.5,24780.85,24764.55,24766.1,
NSE,NIFTY,2025-09-26,12:05:00,24765.05,24775.15,24753.5,24755.4,
NSE,NIFTY,2025-09-26,12:10:00,24755.75,24766.75,24749.05,24763.45,
NSE,NIFTY,2025-09-26,12:15:00,24764.25,24768.35,24759.3,24763.2,
NSE,NIFTY,2025-09-26,12:20:00,24763.95,24764.9,24754.2,24757.5,
NSE,NIFTY,2025-09-26,12:25:00,24757,24780.45,24756.85,24778.6,
NSE,NIFTY,2025-09-26,12:30:00,24777.7,24782.1,24756.7,24757,
NSE,NIFTY,2025-09-26,12:35:00,24757.1,24759.4,24753.3,24759.1,
NSE,NIFTY,2025-09-26,12:40:00,24758.9,24764.25,24755.65,24762.75,
NSE,NIFTY,2025-09-26,12:45:00,24762.9,24775.75,24761.4,24773.8,
NSE,NIFTY,2025-09-26,12:50:00,24772.85,24778.95,24767.65,24777.3,
NSE,NIFTY,2025-09-26,12:55:00,24776.95,24791.85,24776.35,24788.55,
NSE,NIFTY,2025-09-26,13:00:00,24790.95,24795,24771.45,24773.45,
NSE,NIFTY,2025-09-26,13:05:00,24773.05,24788,24772.75,24778.2,
NSE,NIFTY,2025-09-26,13:10:00,24778.5,24786.8,24775.9,24776.65,
NSE,NIFTY,2025-09-26,13:15:00,24776.45,24778,24757.2,24757.2,
NSE,NIFTY,2025-09-26,13:20:00,24757.1,24760.5,24744.9,24750.4,
NSE,NIFTY,2025-09-26,13:25:00,24749.95,24759.9,24736.5,24745.8,
NSE,NIFTY,2025-09-26,13:30:00,24745.15,24745.6,24727.3,24728.6,
NSE,NIFTY,2025-09-26,13:35:00,24728.25,24731.1,24704.2,24708.7,
NSE,NIFTY,2025-09-26,13:40:00,24708.75,24723.15,24708.65,24714.5,
NSE,NIFTY,2025-09-26,13:45:00,24715.45,24722.95,24710.6,24712.8,
NSE,NIFTY,2025-09-26,13:50:00,24712.45,24725.15,24712.3,24717.1,
NSE,NIFTY,2025-09-26,13:55:00,24717.2,24718.7,24677.35,24688.1,
NSE,NIFTY,2025-09-26,14:00:00,24687.35,24695.35,24659.55,24670.2,
NSE,NIFTY,2025-09-26,14:05:00,24669.3,24671.25,24646.65,24650.15,
NSE,NIFTY,2025-09-26,14:10:00,24650.3,24662.6,24638.45,24660.5,
NSE,NIFTY,2025-09-26,14:15:00,24661.95,24666.45,24652.75,24655.4,
NSE,NIFTY,2025-09-26,14:20:00,24654.55,24656.8,24637.5,24646.4,
NSE,NIFTY,2025-09-26,14:25:00,24646.1,24651.75,24629.65,24636.4,
NSE,NIFTY,2025-09-26,14:30:00,24636.05,24652.6,24635.05,24650.6,
NSE,NIFTY,2025-09-26,14:35:00,24650.8,24654.85,24638.6,24641,
NSE,NIFTY,2025-09-26,14:40:00,24642.9,24660.7,24635.8,24655.95,
NSE,NIFTY,2025-09-26,14:45:00,24657.65,24666.65,24649.55,24665.9,
NSE,NIFTY,2025-09-26,14:50:00,24666.8,24668.1,24647.55,24668.1,
NSE,NIFTY,2025-09-26,14:55:00,24665.9,24674.65,24630.35,24641.35,
NSE,NIFTY,2025-09-26,15:00:00,24640.05,24653.25,24634.8,24642.5,
NSE,NIFTY,2025-09-26,15:05:00,24641.75,24660.85,24638.75,24652.05,
NSE,NIFTY,2025-09-26,15:10:00,24653.6,24659.8,24644.9,24646.05,
NSE,NIFTY,2025-09-26,15:15:00,24646.5,24653.45,24641.5,24644.35,
NSE,NIFTY,2025-09-26,15:20:00,24645.05,24655.9,24643.6,24651.85,
NSE,NIFTY,2025-09-26,15:25:00,24652.1,24667.7,24651.3,24662,
NSE,NIFTY,2025-09-26,15:30:00,24662.2,24669.2,24657.35,24667.7,
NSE,NIFTY,2025-09-26,15:35:00,24666.3,24674.55,24654.7,24654.7,
NSE,NIFTY,2025-09-26,15:40:00,24654.7,24654.7,24654.7,24654.7,
NSE,NIFTY,2025-09-26,15:45:00,24654.7,24654.7,24654.7,24654.7,
NSE,NIFTY,2025-09-26,15:50:00,24654.7,24654.7,24654.7,24654.7,
NSE,NIFTY,2025-09-26,15:55:00,24654.7,24654.7,24654.7,24654.7,
NSE,NIFTY,2025-09-26,16:00:00,24654.7,24654.7,24654.7,24654.7,
NSE,NIFTY,2025-09-29,07:30:00,24654.7,24654.7,24654.7,24654.7,
NSE,NIFTY,2025-09-29,07:35:00,24654.7,24654.7,24654.7,24654.7,
NSE,NIFTY,2025-09-29,07:40:00,24654.7,24654.7,24654.7,24654.7,
NSE,NIFTY,2025-09-29,07:45:00,24654.7,24654.7,24654.7,24654.7,
NSE,NIFTY,2025-09-29,07:50:00,24654.7,24654.7,24654.7,24654.7,
NSE,NIFTY,2025-09-29,07:55:00,24654.7,24654.7,24654.7,24654.7,
NSE,NIFTY,2025-09-29,08:00:00,24654.7,24654.7,24654.7,24654.7,
NSE,NIFTY,2025-09-29,08:05:00,24654.7,24654.7,24654.7,24654.7,
NSE,NIFTY,2025-09-29,08:10:00,24654.7,24654.7,24654.7,24654.7,
NSE,NIFTY,2025-09-29,08:15:00,24654.7,24654.7,24654.7,24654.7,
NSE,NIFTY,2025-09-29,08:20:00,24654.7,24654.7,24654.7,24654.7,
NSE,NIFTY,2025-09-29,08:25:00,24654.7,24654.7,24654.7,24654.7,
NSE,NIFTY,2025-09-29,08:30:00,24654.7,24654.7,24654.7,24654.7,
NSE,NIFTY,2025-09-29,08:35:00,24654.7,24654.7,24654.7,24654.7,
NSE,NIFTY,2025-09-29,08:40:00,24654.7,24654.7,24654.7,24654.7,
NSE,NIFTY,2025-09-29,08:45:00,24654.7,24654.7,24654.7,24654.7,
NSE,NIFTY,2025-09-29,08:50:00,24654.7,24654.7,24654.7,24654.7,
NSE,NIFTY,2025-09-29,08:55:00,24654.7,24654.7,24654.7,24654.7,
NSE,NIFTY,2025-09-29,09:00:00,24654.7,24900.2,24543.95,24763.25,
NSE,NIFTY,2025-09-29,09:05:00,24733.3,24776.9,24606.95,24714,
NSE,NIFTY,2025-09-29,09:10:00,24713.75,24738.3,24703.15,24728.55,
NSE,NIFTY,2025-09-29,09:15:00,24728.55,24736.65,24720.8,24728.1,
NSE,NIFTY,2025-09-29,09:20:00,24722.85,24728.3,24668.7,24686.3,
NSE,NIFTY,2025-09-29,09:25:00,24687.65,24713.35,24684.55,24705.35,
NSE,NIFTY,2025-09-29,09:30:00,24704.55,24716.2,24684.8,24715.25,
NSE,NIFTY,2025-09-29,09:35:00,24716.2,24732.25,24704.2,24731.15,
NSE,NIFTY,2025-09-29,09:40:00,24731.85,24740.3,24727.85,24735.45,
NSE,NIFTY,2025-09-29,09:45:00,24735.5,24754.85,24730,24753.8,
NSE,NIFTY,2025-09-29,09:50:00,24754.15,24755.65,24738.45,24742.55,
NSE,NIFTY,2025-09-29,09:55:00,24742.45,24762.95,24735,24760.35,
NSE,NIFTY,2025-09-29,10:00:00,24761.1,24765.15,24756.7,24761.6,
NSE,NIFTY,2025-09-29,10:05:00,24761.6,24766.95,24751.85,24755.05,
NSE,NIFTY,2025-09-29,10:10:00,24754.8,24756.25,24742.1,24747.3,
NSE,NIFTY,2025-09-29,10:15:00,24746.65,24762.05,24745.2,24759.85,
NSE,NIFTY,2025-09-29,10:20:00,24759.9,24788.75,24756.7,24785.65,
NSE,NIFTY,2025-09-29,10:25:00,24785.9,24791.15,24777.05,24786.2,
NSE,NIFTY,2025-09-29,10:30:00,24786,24787.2,24765.5,24772.7,
NSE,NIFTY,2025-09-29,10:35:00,24773.15,24775.65,24761.25,24772.2,
NSE,NIFTY,2025-09-29,10:40:00,24771.8,24774.9,24751.8,24753.25,
NSE,NIFTY,2025-09-29,10:45:00,24753.55,24765.6,24749.7,24762.5,
NSE,NIFTY,2025-09-29,10:50:00,24761.45,24766.9,24745.45,24749.95,
NSE,NIFTY,2025-09-29,10:55:00,24749.95,24756.6,24730.25,24731.2,
NSE,NIFTY,2025-09-29,11:00:00,24731.3,24748,24725.1,24746.25,
NSE,NIFTY,2025-09-29,11:05:00,24746.25,24761.15,24742.5,24760.55,
NSE,NIFTY,2025-09-29,11:10:00,24760.35,24764.4,24754.35,24755.6,
NSE,NIFTY,2025-09-29,11:15:00,24755.15,24757.7,24740.9,24743.2,
NSE,NIFTY,2025-09-29,11:20:00,24743.2,24743.2,24733.35,24738.65,
NSE,NIFTY,2025-09-29,11:25:00,24738.85,24742.65,24735.8,24738.9,
NSE,NIFTY,2025-09-29,11:30:00,24739.6,24740.95,24730.85,24731,
NSE,NIFTY,2025-09-29,11:35:00,24731.25,24731.45,24704.75,24704.75,
NSE,NIFTY,2025-09-29,11:40:00,24705.7,24705.7,24655.2,24657.85,
NSE,NIFTY,2025-09-29,11:45:00,24657.55,24674.1,24656.2,24665.4,
NSE,NIFTY,2025-09-29,11:50:00,24665.55,24666,24644.95,24647.25,
NSE,NIFTY,2025-09-29,11:55:00,24648.35,24670.35,24644.25,24658.55,
NSE,NIFTY,2025-09-29,12:00:00,24657.95,24676.15,24657.95,24664.4,
NSE,NIFTY,2025-09-29,12:05:00,24664.3,24668,24644.7,24658.25,
NSE,NIFTY,2025-09-29,12:10:00,24657.9,24665.5,24635.25,24637.6,
NSE,NIFTY,2025-09-29,12:15:00,24639.5,24646.45,24633.95,24644.55,
NSE,NIFTY,2025-09-29,12:20:00,24645.05,24667.75,24639.4,24663.25,
NSE,NIFTY,2025-09-29,12:25:00,24661.45,24663.4,24641.65,24652.95,
NSE,NIFTY,2025-09-29,12:30:00,24653.6,24664.35,24650.95,24657.75,
NSE,NIFTY,2025-09-29,12:35:00,24656.85,24658.75,24639.2,24650.25,
NSE,NIFTY,2025-09-29,12:40:00,24649.85,24650.75,24614.75,24616.65,
NSE,NIFTY,2025-09-29,12:45:00,24616.8,24622.1,24609.8,24613.6,
NSE,NIFTY,2025-09-29,12:50:00,24612.55,24633.05,24606.2,24613.05,
NSE,NIFTY,2025-09-29,12:55:00,24614.8,24632.5,24613.7,24631.35,
NSE,NIFTY,2025-09-29,13:00:00,24633.55,24644.75,24631.75,24634.55,
NSE,NIFTY,2025-09-29,13:05:00,24633.9,24682.4,24633.3,24664.8,
NSE,NIFTY,2025-09-29,13:10:00,24665.1,24670.4,24630.9,24663.25,
NSE,NIFTY,2025-09-29,13:15:00,24662.35,24688.75,24661.35,24682.25,
NSE,NIFTY,2025-09-29,13:20:00,24680.95,24681.55,24656.8,24674.6,
NSE,NIFTY,2025-09-29,13:25:00,24675.15,24698.1,24674.85,24695.5,
NSE,NIFTY,2025-09-29,13:30:00,24696.95,24706.1,24676.8,24703.6,
NSE,NIFTY,2025-09-29,13:35:00,24703.65,24718.9,24703.2,24710.6,
NSE,NIFTY,2025-09-29,13:40:00,24711.4,24720.25,24707.6,24708.7,
NSE,NIFTY,2025-09-29,13:45:00,24709.3,24712.8,24673.25,24692.9,
NSE,NIFTY,2025-09-29,13:50:00,24693.1,24709.35,24683.65,24696.15,
NSE,NIFTY,2025-09-29,13:55:00,24695.1,24706.85,24688.7,24688.7,
NSE,NIFTY,2025-09-29,14:00:00,24689.15,24720,24685.95,24718.6,
NSE,NIFTY,2025-09-29,14:05:00,24718.25,24738.35,24718,24734.15,
NSE,NIFTY,2025-09-29,14:10:00,24734.5,24736.15,24719.55,24721.7,
NSE,NIFTY,2025-09-29,14:15:00,24723,24732.35,24719.4,24727.8,
NSE,NIFTY,2025-09-29,14:20:00,24727.55,24737.6,24713.35,24736.8,
NSE,NIFTY,2025-09-29,14:25:00,24737.4,24745.9,24729.8,24730.8,
NSE,NIFTY,2025-09-29,14:30:00,24730.45,24731.7,24717.65,24728.4,
NSE,NIFTY,2025-09-29,14:35:00,24728.65,24730.2,24709.75,24727.75,
NSE,NIFTY,2025-09-29,14:40:00,24727.85,24731.5,24714.4,24714.7,
NSE,NIFTY,2025-09-29,14:45:00,24714.3,24716.45,24686.05,24691.3,
NSE,NIFTY,2025-09-29,14:50:00,24690.3,24692,24675.2,24678.7,
NSE,NIFTY,2025-09-29,14:55:00,24678.35,24687.7,24672.4,24687.25,
NSE,NIFTY,2025-09-29,15:00:00,24687.65,24692.35,24649.8,24653.65,
NSE,NIFTY,2025-09-29,15:05:00,24649.2,24652.25,24614.15,24619.75,
NSE,NIFTY,2025-09-29,15:10:00,24617,24630.7,24617,24626.35,
NSE,NIFTY,2025-09-29,15:15:00,24627.05,24642.45,24625.1,24637.8,
NSE,NIFTY,2025-09-29,15:20:00,24637.9,24641,24622.35,24634,
NSE,NIFTY,2025-09-29,15:25:00,24632.7,24657.75,24619.45,24657.5,
NSE,NIFTY,2025-09-29,15:30:00,24657.95,24691.45,24652.55,24683.2,
NSE,NIFTY,2025-09-29,15:35:00,24683.2,24683.2,24634.9,24634.9,
NSE,NIFTY,2025-09-29,15:40:00,24634.9,24634.9,24634.9,24634.9,
NSE,NIFTY,2025-09-29,15:45:00,24634.9,24634.9,24634.9,24634.9,
NSE,NIFTY,2025-09-29,15:50:00,24634.9,24634.9,24634.9,24634.9,
NSE,NIFTY,2025-09-29,15:55:00,24634.9,24634.9,24634.9,24634.9,
NSE,NIFTY,2025-09-29,16:00:00,24634.9,24634.9,24634.9,24634.9,
NSE,NIFTY,2025-09-30,07:30:00,24634.9,24634.9,24634.9,24634.9,
NSE,NIFTY,2025-09-30,07:35:00,24634.9,24634.9,24634.9,24634.9,
NSE,NIFTY,2025-09-30,07:40:00,24634.9,24634.9,24634.9,24634.9,
NSE,NIFTY,2025-09-30,07:45:00,24634.9,24634.9,24634.9,24634.9,
NSE,NIFTY,2025-09-30,07:50:00,24634.9,24634.9,24634.9,24634.9,
NSE,NIFTY,2025-09-30,07:55:00,24634.9,24634.9,24634.9,24634.9,
NSE,NIFTY,2025-09-30,08:00:00,24634.9,24634.9,24634.9,24634.9,
NSE,NIFTY,2025-09-30,08:05:00,24634.9,24634.9,24634.9,24634.9,
NSE,NIFTY,2025-09-30,08:10:00,24634.9,24634.9,24634.9,24634.9,
NSE,NIFTY,2025-09-30,08:15:00,24634.9,24634.9,24634.9,24634.9,
NSE,NIFTY,2025-09-30,08:20:00,24634.9,24634.9,24634.9,24634.9,
NSE,NIFTY,2025-09-30,08:25:00,24634.9,24634.9,24634.9,24634.9,
NSE,NIFTY,2025-09-30,08:30:00,24634.9,24634.9,24634.9,24634.9,
NSE,NIFTY,2025-09-30,08:35:00,24634.9,24634.9,24634.9,24634.9,
NSE,NIFTY,2025-09-30,08:40:00,24634.9,24634.9,24634.9,24634.9,
NSE,NIFTY,2025-09-30,08:45:00,24634.9,24634.9,24634.9,24634.9,
NSE,NIFTY,2025-09-30,08:50:00,24634.9,24634.9,24634.9,24634.9,
NSE,NIFTY,2025-09-30,08:55:00,24634.9,24634.9,24634.9,24634.9,
NSE,NIFTY,2025-09-30,09:00:00,24634.9,25231.85,24634.9,24879.1,
NSE,NIFTY,2025-09-30,09:05:00,24885.65,24890.85,24665.75,24694.25,
NSE,NIFTY,2025-09-30,09:10:00,24693.55,24700.2,24683.3,24691.95,
NSE,NIFTY,2025-09-30,09:15:00,24691.95,24710.55,24683.35,24698.75,
NSE,NIFTY,2025-09-30,09:20:00,24700.55,24718.95,24691.1,24717.65,
NSE,NIFTY,2025-09-30,09:25:00,24716.8,24731.55,24691.95,24706.3,
NSE,NIFTY,2025-09-30,09:30:00,24707.3,24718.1,24665.65,24666.3,
NSE,NIFTY,2025-09-30,09:35:00,24664.8,24687.7,24653.9,24672.55,
NSE,NIFTY,2025-09-30,09:40:00,24671.1,24672.45,24650.05,24652.1,
NSE,NIFTY,2025-09-30,09:45:00,24652.9,24669.05,24637.35,24637.65,
NSE,NIFTY,2025-09-30,09:50:00,24637.4,24667.95,24636.95,24664.3,
NSE,NIFTY,2025-09-30,09:55:00,24663.5,24664.85,24652.7,24657.65,
NSE,NIFTY,2025-09-30,10:00:00,24657.95,24665.5,24650.35,24664.75,
NSE,NIFTY,2025-09-30,10:05:00,24664.8,24679,24655.75,24668.7,
NSE,NIFTY,2025-09-30,10:10:00,24667.65,24667.65,24650.7,24651.8,
NSE,NIFTY,2025-09-30,10:15:00,24651.9,24651.9,24634.1,24634.1,
NSE,NIFTY,2025-09-30,10:20:00,24633.95,24651.35,24633.65,24648.15,
NSE,NIFTY,2025-09-30,10:25:00,24649.3,24655.7,24642.8,24655.7,
NSE,NIFTY,2025-09-30,10:30:00,24655.45,24655.55,24619.45,24624.4,
NSE,NIFTY,2025-09-30,10:35:00,24624.4,24627.45,24622,24626.9,
NSE,NIFTY,2025-09-30,10:40:00,24626.75,24627.6,24594.35,24602.45,
NSE,NIFTY,2025-09-30,10:45:00,24602.9,24623.15,24595.55,24623.1,
NSE,NIFTY,2025-09-30,10:50:00,24622.95,24623.25,24607.85,24612.55,
NSE,NIFTY,2025-09-30,10:55:00,24613.8,24632.45,24612.95,24628.6,
NSE,NIFTY,2025-09-30,11:00:00,24629.05,24645.05,24628.4,24639.45,
NSE,NIFTY,2025-09-30,11:05:00,24641.1,24658.85,24639.5,24657.25,
NSE,NIFTY,2025-09-30,11:10:00,24657.3,24665.25,24653.75,24664.7,
NSE,NIFTY,2025-09-30,11:15:00,24664.85,24670.7,24663.2,24664.35,
NSE,NIFTY,2025-09-30,11:20:00,24664.1,24676.25,24656.9,24676.05,
NSE,NIFTY,2025-09-30,11:25:00,24675.9,24683.5,24638.75,24639.2,
NSE,NIFTY,2025-09-30,11:30:00,24638.65,24650.75,24636.95,24647.15,
NSE,NIFTY,2025-09-30,11:35:00,24647.1,24659.45,24645,24658.65,
NSE,NIFTY,2025-09-30,11:40:00,24658.7,24674.35,24651.95,24651.95,
NSE,NIFTY,2025-09-30,11:45:00,24652.05,24652.05,24640.4,24641.85,
NSE,NIFTY,2025-09-30,11:50:00,24643.05,24651.9,24640.8,24647.25,
NSE,NIFTY,2025-09-30,11:55:00,24648.25,24648.75,24632.6,24633,
NSE,NIFTY,2025-09-30,12:00:00,24632.45,24635.85,24626.65,24626.85,
NSE,NIFTY,2025-09-30,12:05:00,24627.15,24651.5,24625.6,24651.5,
NSE,NIFTY,2025-09-30,12:10:00,24651.65,24657.55,24639.4,24649.55,
NSE,NIFTY,2025-09-30,12:15:00,24649.9,24656.15,24641.6,24646.4,
NSE,NIFTY,2025-09-30,12:20:00,24646.15,24667.8,24642.6,24666.9,
NSE,NIFTY,2025-09-30,12:25:00,24666.7,24679.4,24662.35,24671.2,
NSE,NIFTY,2025-09-30,12:30:00,24670.7,24677.55,24665.95,24674.25,
NSE,NIFTY,2025-09-30,12:35:00,24674.4,24682.7,24664.25,24677.15,
NSE,NIFTY,2025-09-30,12:40:00,24677.15,24683.45,24658.8,24671.95,
NSE,NIFTY,2025-09-30,12:45:00,24671.55,24672.35,24655.85,24662,
NSE,NIFTY,2025-09-30,12:50:00,24662.45,24666,24651.55,24655.4,
NSE,NIFTY,2025-09-30,12:55:00,24655.7,24664,24653.55,24661.45,
NSE,NIFTY,2025-09-30,13:00:00,24661.4,24662.3,24646.25,24653.8,
NSE,NIFTY,2025-09-30,13:05:00,24653.2,24658.5,24645.1,24649.8,
NSE,NIFTY,2025-09-30,13:10:00,24649.8,24664.75,24648.65,24664.2,
NSE,NIFTY,2025-09-30,13:15:00,24664.05,24674.9,24658.55,24672.45,
NSE,NIFTY,2025-09-30,13:20:00,24671.05,24680.05,24657.5,24662.6,
NSE,NIFTY,2025-09-30,13:25:00,24662.3,24664.15,24647.25,24650.25,
NSE,NIFTY,2025-09-30,13:30:00,24650.4,24654,24636.1,24646,
NSE,NIFTY,2025-09-30,13:35:00,24645.55,24649.6,24627.4,24638.75,
NSE,NIFTY,2025-09-30,13:40:00,24639.55,24653.45,24634.35,24638.45,
NSE,NIFTY,2025-09-30,13:45:00,24639,24640.35,24630.45,24634.65,
NSE,NIFTY,2025-09-30,13:50:00,24634.7,24647,24633.55,24645,
NSE,NIFTY,2025-09-30,13:55:00,24645.4,24650.6,24623.75,24632.7,
NSE,NIFTY,2025-09-30,14:00:00,24632.45,24640.5,24631.75,24636.25,
NSE,NIFTY,2025-09-30,14:05:00,24635.9,24640.45,24625.15,24636.95,
NSE,NIFTY,2025-09-30,14:10:00,24636.75,24645.45,24625.1,24628.1,
NSE,NIFTY,2025-09-30,14:15:00,24628.35,24629.75,24600.4,24610.55,
NSE,NIFTY,2025-09-30,14:20:00,24611.25,24617.85,24592.95,24596.9,
NSE,NIFTY,2025-09-30,14:25:00,24597,24632.65,24588,24607.25,
NSE,NIFTY,2025-09-30,14:30:00,24606.4,24615.75,24602,24614.5,
NSE,NIFTY,2025-09-30,14:35:00,24614.75,24638.8,24600.75,24638,
NSE,NIFTY,2025-09-30,14:40:00,24636.25,24652.8,24623.35,24635.45,
NSE,NIFTY,2025-09-30,14:45:00,24636.65,24646.65,24633.55,24641.8,
NSE,NIFTY,2025-09-30,14:50:00,24640.1,24654,24603.65,24622.3,
NSE,NIFTY,2025-09-30,14:55:00,24621.3,24638.85,24616.7,24625.9,
NSE,NIFTY,2025-09-30,15:00:00,24624.6,24640.95,24623.15,24628.75,
NSE,NIFTY,2025-09-30,15:05:00,24631.4,24632.8,24611.85,24612.6,
NSE,NIFTY,2025-09-30,15:10:00,24612.85,24617.95,24598.15,24611.15,
NSE,NIFTY,2025-09-30,15:15:00,24611.35,24615.85,24603.95,24612.1,
NSE,NIFTY,2025-09-30,15:20:00,24611.1,24612.4,24603.3,24607.1,
NSE,NIFTY,2025-09-30,15:25:00,24607.15,24617,24605.15,24617,
NSE,NIFTY,2025-09-30,15:30:00,24617.7,24636.9,24614.35,24636.9,
NSE,NIFTY,2025-09-30,15:35:00,24636.9,24636.9,24611.1,24611.1,
NSE,NIFTY,2025-09-30,15:40:00,24611.1,24611.1,24611.1,24611.1,
NSE,NIFTY,2025-09-30,15:45:00,24611.1,24611.1,24611.1,24611.1,
NSE,NIFTY,2025-09-30,15:50:00,24611.1,24611.1,24611.1,24611.1,
NSE,NIFTY,2025-09-30,15:55:00,24611.1,24611.1,24611.1,24611.1,
NSE,NIFTY,2025-09-30,16:00:00,24611.1,24611.1,24611.1,24611.1,
NSE,NIFTY,2025-10-01,07:30:00,24611.1,24611.1,24611.1,24611.1,
NSE,NIFTY,2025-10-01,07:35:00,24611.1,24611.1,24611.1,24611.1,
NSE,NIFTY,2025-10-01,07:40:00,24611.1,24611.1,24611.1,24611.1,
NSE,NIFTY,2025-10-01,07:45:00,24611.1,24611.1,24611.1,24611.1,
NSE,NIFTY,2025-10-01,07:50:00,24611.1,24611.1,24611.1,24611.1,
NSE,NIFTY,2025-10-01,07:55:00,24611.1,24611.1,24611.1,24611.1,
NSE,NIFTY,2025-10-01,08:00:00,24611.1,24611.1,24611.1,24611.1,
NSE,NIFTY,2025-10-01,08:05:00,24611.1,24611.1,24611.1,24611.1,
NSE,NIFTY,2025-10-01,08:10:00,24611.1,24611.1,24611.1,24611.1,
NSE,NIFTY,2025-10-01,08:15:00,24611.1,24611.1,24611.1,24611.1,
NSE,NIFTY,2025-10-01,08:20:00,24611.1,24611.1,24611.1,24611.1,
NSE,NIFTY,2025-10-01,08:25:00,24611.1,24611.1,24611.1,24611.1,
NSE,NIFTY,2025-10-01,08:30:00,24611.1,24611.1,24611.1,24611.1,
NSE,NIFTY,2025-10-01,08:35:00,24611.1,24611.1,24611.1,24611.1,
NSE,NIFTY,2025-10-01,08:40:00,24611.1,24611.1,24611.1,24611.1,
NSE,NIFTY,2025-10-01,08:45:00,24611.1,24611.1,24611.1,24611.1,
NSE,NIFTY,2025-10-01,08:50:00,24611.1,24611.1,24611.1,24611.1,
NSE,NIFTY,2025-10-01,08:55:00,24611.1,24611.1,24611.1,24611.1,
NSE,NIFTY,2025-10-01,09:00:00,24611.1,25136.7,24611.1,24772.55,
NSE,NIFTY,2025-10-01,09:05:00,24776.25,24780.45,24577.35,24603.8,
NSE,NIFTY,2025-10-01,09:10:00,24604.95,24639.5,24595.9,24620.55,
NSE,NIFTY,2025-10-01,09:15:00,24620.55,24660.2,24620.55,24643.3,
NSE,NIFTY,2025-10-01,09:20:00,24644.8,24651.3,24606.15,24608.65,
NSE,NIFTY,2025-10-01,09:25:00,24611.6,24643.7,24611.1,24641.8,
NSE,NIFTY,2025-10-01,09:30:00,24642.05,24657.95,24630.5,24655.15,
NSE,NIFTY,2025-10-01,09:35:00,24656.15,24668.45,24651.8,24666.75,
NSE,NIFTY,2025-10-01,09:40:00,24666.55,24672.75,24659.45,24667.45,
NSE,NIFTY,2025-10-01,09:45:00,24668.7,24686.5,24663.95,24683.65,
NSE,NIFTY,2025-10-01,09:50:00,24682.15,24693.25,24675.15,24682.4,
NSE,NIFTY,2025-10-01,09:55:00,24682.3,24683.8,24656.6,24677.55,
NSE,NIFTY,2025-10-01,10:00:00,24678.95,24680.75,24668.15,24675.7,
NSE,NIFTY,2025-10-01,10:05:00,24675.3,24685.1,24634.2,24634.65,
NSE,NIFTY,2025-10-01,10:10:00,24634.65,24657.45,24617.7,24648.75,
NSE,NIFTY,2025-10-01,10:15:00,24648,24664.95,24647.1,24663.35,
NSE,NIFTY,2025-10-01,10:20:00,24663.4,24669.85,24650.9,24669.85,
NSE,NIFTY,2025-10-01,10:25:00,24670.25,24671.4,24646.9,24651.1,
NSE,NIFTY,2025-10-01,10:30:00,24651.2,24666.35,24649.65,24664.45,
NSE,NIFTY,2025-10-01,10:35:00,24665.4,24689.8,24662.65,24688.35,
NSE,NIFTY,2025-10-01,10:40:00,24687.3,24694.85,24668.65,24673.7,
NSE,NIFTY,2025-10-01,10:45:00,24673,24683.05,24652.6,24652.8,
NSE,NIFTY,2025-10-01,10:50:00,24653.3,24672.75,24649.4,24668.95,
NSE,NIFTY,2025-10-01,10:55:00,24669.65,24675.55,24663.7,24674.8,
NSE,NIFTY,2025-10-01,11:00:00,24674.95,24682.15,24674.1,24676.2,
NSE,NIFTY,2025-10-01,11:05:00,24675.6,24690.3,24674.45,24682.05,
NSE,NIFTY,2025-10-01,11:10:00,24682.15,24693.2,24678.95,24692.5,
NSE,NIFTY,2025-10-01,11:15:00,24691.5,24713.25,24689.35,24713.25,
NSE,NIFTY,2025-10-01,11:20:00,24713.75,24730.2,24711.85,24725.25,
NSE,NIFTY,2025-10-01,11:25:00,24725.3,24729.05,24709.95,24716.6,
NSE,NIFTY,2025-10-01,11:30:00,24716.6,24726.3,24715.1,24724.25,
NSE,NIFTY,2025-10-01,11:35:00,24724.7,24747.9,24724.5,24744.9,
NSE,NIFTY,2025-10-01,11:40:00,24745.8,24754.05,24736.2,24744.4,
NSE,NIFTY,2025-10-01,11:45:00,24743.9,24776.05,24739.3,24772.9,
NSE,NIFTY,2025-10-01,11:50:00,24772.65,24782.65,24769.75,24779.45,
NSE,NIFTY,2025-10-01,11:55:00,24779.25,24786.1,24770.7,24778.75,
NSE,NIFTY,2025-10-01,12:00:00,24778.9,24797.9,24774.25,24792.25,
NSE,NIFTY,2025-10-01,12:05:00,24791.5,24808.6,24785.05,24806.7,
NSE,NIFTY,2025-10-01,12:10:00,24806.9,24809.1,24793.3,24795.3,
NSE,NIFTY,2025-10-01,12:15:00,24796.6,24811.8,24796.05,24805.25,
NSE,NIFTY,2025-10-01,12:20:00,24804.25,24808.35,24786.15,24788.2,
NSE,NIFTY,2025-10-01,12:25:00,24788.25,24788.45,24762.7,24763.75,
NSE,NIFTY,2025-10-01,12:30:00,24762.3,24782.05,24757.5,24772.3,
NSE,NIFTY,2025-10-01,12:35:00,24772.55,24777.65,24760.9,24766.4,
NSE,NIFTY,2025-10-01,12:40:00,24766.3,24778.2,24762,24775.3,
NSE,NIFTY,2025-10-01,12:45:00,24774.45,24781.25,24757.1,24759.2,
NSE,NIFTY,2025-10-01,12:50:00,24758.9,24774.95,24747.05,24765.85,
NSE,NIFTY,2025-10-01,12:55:00,24766.85,24769.9,24762.5,24764.4,
NSE,NIFTY,2025-10-01,13:00:00,24765,24772.55,24747.45,24747.45,
NSE,NIFTY,2025-10-01,13:05:00,24748.15,24768.9,24748.15,24754.2,
NSE,NIFTY,2025-10-01,13:10:00,24753.6,24766.5,24751.3,24761.75,
NSE,NIFTY,2025-10-01,13:15:00,24762.6,24774.4,24754.8,24772.65,
NSE,NIFTY,2025-10-01,13:20:00,24773.3,24773.75,24755.05,24770.1,
NSE,NIFTY,2025-10-01,13:25:00,24769.6,24776.05,24768.65,24775.85,
NSE,NIFTY,2025-10-01,13:30:00,24774.9,24788.75,24770.7,24786.8,
NSE,NIFTY,2025-10-01,13:35:00,24787.45,24788.9,24773.35,24774.85,
NSE,NIFTY,2025-10-01,13:40:00,24775.8,24791.15,24774.7,24786.25,
NSE,NIFTY,2025-10-01,13:45:00,24785.7,24792.95,24775.35,24778.15,
NSE,NIFTY,2025-10-01,13:50:00,24779.55,24783.95,24766.35,24768,
NSE,NIFTY,2025-10-01,13:55:00,24767.75,24785.3,24763,24780.6,
NSE,NIFTY,2025-10-01,14:00:00,24780.15,24785.75,24774.25,24785.3,
NSE,NIFTY,2025-10-01,14:05:00,24785.1,24791.3,24779.2,24790.45,
NSE,NIFTY,2025-10-01,14:10:00,24790.75,24811.5,24790.6,24809.7,
NSE,NIFTY,2025-10-01,14:15:00,24809.6,24810.7,24790.5,24791.55,
NSE,NIFTY,2025-10-01,14:20:00,24791.6,24812.85,24775.75,24811.55,
NSE,NIFTY,2025-10-01,14:25:00,24812.4,24822.4,24811.55,24820.5,
NSE,NIFTY,2025-10-01,14:30:00,24821,24837.5,24808.4,24828.1,
NSE,NIFTY,2025-10-01,14:35:00,24828.3,24845.05,24816.55,24844.7,
NSE,NIFTY,2025-10-01,14:40:00,24843.4,24850.45,24835.3,24839,
NSE,NIFTY,2025-10-01,14:45:00,24838.95,24860.2,24830.6,24849,
NSE,NIFTY,2025-10-01,14:50:00,24848.9,24867.85,24843.3,24857.75,
NSE,NIFTY,2025-10-01,14:55:00,24857.3,24858.7,24847.45,24853.45,
NSE,NIFTY,2025-10-01,15:00:00,24852.65,24852.95,24816.2,24830.5,
NSE,NIFTY,2025-10-01,15:05:00,24830.3,24848.8,24830.3,24842.9,
NSE,NIFTY,2025-10-01,15:10:00,24844.05,24844.65,24826.45,24826.85,
NSE,NIFTY,2025-10-01,15:15:00,24826.9,24836.05,24820.3,24823.05,
NSE,NIFTY,2025-10-01,15:20:00,24822.95,24841.7,24822.55,24833.35,
NSE,NIFTY,2025-10-01,15:25:00,24833.1,24845.3,24830.8,24845.1,
NSE,NIFTY,2025-10-01,15:30:00,24842.35,24854.25,24842.35,24854.25,
NSE,NIFTY,2025-10-01,15:35:00,24854.25,24854.25,24836.3,24836.3,
NSE,NIFTY,2025-10-01,15:40:00,24836.3,24836.3,24836.3,24836.3,
NSE,NIFTY,2025-10-01,15:45:00,24836.3,24836.3,24836.3,24836.3,
NSE,NIFTY,2025-10-01,15:50:00,24836.3,24836.3,24836.3,24836.3,
NSE,NIFTY,2025-10-01,15:55:00,24836.3,24836.3,24836.3,24836.3,
NSE,NIFTY,2025-10-01,16:00:00,24836.3,24836.3,24836.3,24836.3,
